# Blender 5.0.1
# www.blender.org
mtllib classic.mtl
o _gltfNode_0
v 0.013757 0.051835 0.076048
v 0.013270 0.041930 0.074228
v 0.013757 0.044366 0.073866
v 0.013270 0.041775 0.070156
v 0.012952 0.041478 0.074800
v 0.012359 0.040655 0.076460
v 0.012806 0.055473 0.079361
v 0.012952 0.055253 0.078838
v 0.012806 0.055473 0.069787
v 0.013511 0.054417 0.069787
v 0.013511 0.054417 0.065819
v 0.013757 0.053175 0.065819
v 0.013757 0.053175 0.069787
v 0.013511 0.054417 0.077352
v 0.013757 0.053175 0.076439
v 0.013757 0.051835 0.069787
v 0.013757 0.044211 0.069787
v 0.013270 0.041624 0.066188
v 0.011881 0.039556 0.066502
v 0.011898 0.038461 0.061851
v 0.009812 0.037151 0.062409
v 0.009812 0.034733 0.058657
v 0.007338 0.034362 0.058992
v 0.007338 0.030974 0.056356
v 0.007338 0.036685 0.062604
v 0.009799 0.038172 0.066711
v 0.011881 0.039711 0.070470
v 0.012001 0.040189 0.078287
v 0.012359 0.055770 0.080888
v 0.011752 0.056175 0.069787
v 0.012806 0.055468 0.065819
v 0.013511 0.054412 0.028757
v 0.013757 0.053167 0.028757
v 0.013757 0.051835 0.065819
v 0.013757 0.044055 0.065826
v 0.013275 0.040400 0.061021
v 0.011898 0.035784 0.057695
v 0.009812 0.031211 0.055910
v 0.007329 0.025069 0.054209
v 0.009805 0.025824 0.053790
v 0.009037 -0.001248 0.045311
v 0.011242 -0.000446 0.044195
v 0.008438 -0.005097 0.044628
v 0.007203 -0.001709 0.045994
v 0.005897 -0.005049 0.045799
v -0.009465 -0.005127 0.045799
v -0.008442 -0.011316 0.045576
v 0.004852 -0.011316 0.045576
v -0.008442 -0.017329 0.047263
v 0.004852 -0.017329 0.047263
v -0.008442 -0.019281 0.046671
v 0.004852 -0.019281 0.046671
v -0.008442 -0.022859 0.042020
v 0.004852 -0.022859 0.042020
v -0.008442 -0.027789 0.039377
v 0.004852 -0.027789 0.039377
v -0.008442 -0.033746 0.038721
v 0.004852 -0.033746 0.038721
v -0.008442 -0.040129 0.040297
v 0.004852 -0.040129 0.040297
v -0.008442 -0.041107 0.040004
v 0.004852 -0.041107 0.040004
v -0.008442 -0.041672 0.039830
v 0.004852 -0.041672 0.039830
v 0.008002 -0.041297 0.038596
v 0.007951 -0.040801 0.038770
v 0.010990 -0.040676 0.036553
v 0.010990 -0.040176 0.036706
v 0.013402 -0.040112 0.034719
v 0.013402 -0.039616 0.034872
v 0.013757 -0.039659 0.032466
v 0.013757 -0.039090 0.032641
v 0.013869 -0.036884 0.023241
v 0.013869 -0.036073 0.023485
v 0.013946 -0.026988 -0.007894
v 0.013946 -0.026035 -0.008152
v 0.013931 -0.028087 -0.010990
v 0.013931 -0.027233 -0.011590
v 0.014244 -0.037496 -0.018075
v 0.014241 -0.036582 -0.018542
v 0.014270 -0.036246 -0.022816
v 0.014292 -0.038349 -0.021073
v 0.013651 -0.035746 -0.025362
v 0.014224 -0.031854 -0.026470
v 0.010878 -0.029987 -0.029371
v 0.010878 -0.034397 -0.028395
v 0.007894 -0.029440 -0.030452
v 0.007894 -0.033767 -0.029490
v 0.004740 -0.029044 -0.031233
v 0.004740 -0.033332 -0.030285
v 0.001475 -0.028806 -0.031707
v 0.001475 -0.033026 -0.030773
v -0.001370 -0.032970 -0.030905
v -0.001370 -0.028738 -0.031840
v -0.005067 -0.028806 -0.031707
v -0.005067 -0.033026 -0.030773
v -0.008333 -0.033332 -0.030285
v -0.008333 -0.029044 -0.031233
v -0.005067 -0.021885 -0.029866
v -0.008333 -0.022126 -0.029392
v -0.005067 -0.012743 -0.025187
v -0.008333 -0.012980 -0.024706
v -0.005067 -0.004618 -0.018458
v -0.008333 -0.004842 -0.017984
v -0.005067 0.003385 -0.013507
v -0.008333 0.003278 -0.012991
v -0.005067 0.016669 -0.007761
v -0.008333 0.016505 -0.007252
v -0.005067 0.024837 -0.006478
v -0.008333 0.024837 -0.005955
v -0.005067 0.032927 -0.007796
v -0.008333 0.033091 -0.007287
v -0.005067 0.040206 -0.011471
v -0.008333 0.040512 -0.011046
v -0.005067 0.044741 -0.015927
v -0.008333 0.045137 -0.015571
v -0.005067 0.046956 -0.020989
v -0.008333 0.047439 -0.020787
v -0.005067 0.047590 -0.027488
v -0.008333 0.048085 -0.027293
v -0.005067 0.048430 -0.030340
v -0.008333 0.048921 -0.030145
v -0.005067 0.049559 -0.032042
v -0.008333 0.050051 -0.031847
v -0.004933 0.050887 -0.033060
v -0.008069 0.051365 -0.032851
v -0.004787 0.052206 -0.033374
v -0.007772 0.052714 -0.033178
v 0.007338 0.037685 0.066788
v -0.010899 -0.001709 0.046043
v -0.001370 0.049417 -0.032098
v -0.001370 0.050749 -0.033123
v -0.001370 0.048284 -0.030396
v -0.001370 0.047447 -0.027551
v -0.001370 0.046814 -0.021045
v -0.001370 0.044629 -0.016032
v -0.001370 0.040116 -0.011590
v -0.001370 0.032884 -0.007943
v -0.001370 0.024837 -0.006632
v -0.001370 0.016712 -0.007908
v -0.001370 0.003416 -0.013654
v -0.001370 -0.004554 -0.018598
v -0.001370 -0.012674 -0.025327
v -0.001370 -0.021816 -0.030006
v 0.001475 -0.021885 -0.029866
v 0.004740 -0.022126 -0.029392
v 0.007894 -0.022522 -0.028611
v 0.010878 -0.023065 -0.027537
v 0.013651 -0.024729 -0.024581
v 0.014239 -0.034677 -0.019511
v 0.013929 -0.025453 -0.012845
v 0.013737 -0.015471 -0.019874
v 0.010878 -0.013894 -0.022816
v 0.007894 -0.013363 -0.023911
v 0.004740 -0.012980 -0.024706
v 0.001475 -0.012743 -0.025187
v 0.001475 -0.004618 -0.018458
v 0.001475 0.003385 -0.013507
v 0.001475 0.016669 -0.007761
v 0.001475 0.024837 -0.006478
v 0.001475 0.032927 -0.007796
v 0.001477 0.040206 -0.011471
v 0.001477 0.044741 -0.015927
v 0.001477 0.046956 -0.020989
v 0.001477 0.047590 -0.027488
v 0.001477 0.048430 -0.030340
v 0.001477 0.049559 -0.032042
v 0.001343 0.050887 -0.033060
v 0.001194 0.052206 -0.033374
v -0.001370 0.052063 -0.033429
v -0.012475 0.056162 -0.031728
v -0.010650 0.053550 -0.032858
v 0.004740 -0.004842 -0.017984
v -0.001370 0.056162 -0.031728
v 0.008484 0.056162 -0.031728
v 0.004178 0.052714 -0.033178
v 0.004479 0.051365 -0.032851
v 0.004740 0.050051 -0.031847
v 0.004740 0.048921 -0.030145
v 0.004740 0.048085 -0.027293
v 0.004740 0.047439 -0.020787
v 0.004740 0.045137 -0.015571
v 0.004740 0.040512 -0.011046
v 0.004740 0.033091 -0.007287
v 0.004740 0.024837 -0.005955
v 0.004740 0.016505 -0.007252
v 0.004740 0.003278 -0.012991
v 0.007894 -0.005217 -0.017203
v 0.010878 -0.005730 -0.016122
v 0.013757 -0.007265 -0.013214
v 0.013946 -0.024035 -0.008696
v 0.013869 -0.034371 0.024008
v 0.013757 -0.037901 0.033003
v 0.013402 -0.038569 0.035193
v 0.010990 -0.039129 0.037027
v 0.007951 -0.039758 0.039091
v 0.007951 -0.033293 0.037494
v 0.013757 -0.031436 0.031414
v 0.013402 -0.032099 0.033596
v 0.010990 -0.032664 0.035430
v 0.010990 -0.026824 0.036086
v 0.008002 -0.027410 0.038143
v 0.008002 -0.022497 0.040764
v 0.013402 -0.026268 0.034245
v 0.013402 -0.021316 0.036894
v 0.010990 -0.021876 0.038728
v 0.013757 -0.025595 0.032062
v 0.013757 -0.020648 0.034705
v 0.013869 -0.024096 0.027146
v 0.013786 -0.011471 -0.003124
v 0.013757 0.002067 -0.007817
v 0.010878 0.002851 -0.010955
v 0.007894 0.003097 -0.012134
v 0.007894 0.016238 -0.006416
v 0.007894 0.024832 -0.005098
v 0.007894 0.033358 -0.006457
v 0.007894 0.041017 -0.010348
v 0.007894 0.045788 -0.014993
v 0.007894 0.048240 -0.020459
v 0.007894 0.048900 -0.026965
v 0.007894 0.049736 -0.029817
v 0.007894 0.050870 -0.031519
v 0.007513 0.052158 -0.032509
v 0.007057 0.053550 -0.032858
v 0.009779 0.054701 -0.032418
v 0.010395 0.053249 -0.032042
v 0.010878 0.051990 -0.031066
v 0.010878 0.050857 -0.029371
v 0.010878 0.050020 -0.026519
v 0.010878 0.049344 -0.020006
v 0.010878 0.015872 -0.005272
v 0.013757 0.052417 -0.025578
v 0.013757 0.053163 -0.028283
v 0.013511 0.054404 -0.029824
v 0.012806 0.055455 -0.031017
v 0.011752 0.056162 -0.031728
v 0.010509 0.056162 -0.031728
v 0.011752 0.056167 -0.019016
v 0.010509 0.056167 -0.019016
v 0.008423 0.056167 -0.019016
v 0.012806 0.055460 -0.019016
v 0.013511 0.054404 -0.019016
v 0.013757 0.053163 -0.019016
v 0.013757 0.051822 -0.019016
v 0.013757 0.048827 -0.012308
v 0.010878 0.046689 -0.014198
v 0.010878 0.041715 -0.009393
v 0.010878 0.033728 -0.005307
v 0.013757 0.043508 -0.006980
v 0.013757 0.046340 -0.003215
v 0.013757 0.049878 -0.006576
v 0.013757 0.051826 0.004072
v 0.013757 0.042336 0.000585
v 0.013757 0.034789 -0.002183
v 0.013757 0.034879 0.006234
v 0.013757 0.037138 0.011066
v 0.013757 0.035746 0.012384
v 0.013757 0.033741 0.008102
v 0.013757 0.031940 0.002531
v 0.013757 0.031134 0.004818
v 0.013757 0.028509 0.000202
v 0.011388 0.029496 0.015076
v 0.011459 0.030703 0.017160
v 0.011538 0.031565 0.019768
v 0.013757 0.037004 0.017370
v 0.011571 0.031892 0.022725
v 0.013757 0.037431 0.022725
v 0.013757 0.038556 0.016693
v 0.010807 0.024837 0.022725
v 0.011334 0.028065 0.013548
v 0.013757 0.028095 0.002754
v 0.011302 0.026487 0.012614
v 0.011294 0.024837 0.012300
v 0.011302 0.023186 0.012614
v 0.013757 0.021574 0.002754
v 0.014611 0.018540 0.004818
v 0.011334 0.021608 0.013548
v 0.015455 0.015928 0.008109
v 0.011388 0.020178 0.015076
v 0.016175 0.013928 0.012391
v 0.011459 0.018966 0.017167
v 0.016513 0.012674 0.017377
v 0.011538 0.018109 0.019768
v 0.013757 0.024832 0.002050
v 0.016513 0.012243 0.022732
v 0.011571 0.017781 0.022732
v 0.011538 0.018109 0.025689
v 0.011459 0.018971 0.028290
v 0.015455 0.013932 0.033066
v 0.014611 0.015932 0.037348
v 0.011388 0.020178 0.030375
v 0.013757 0.018540 0.040639
v 0.011334 0.021613 0.031909
v 0.013757 0.021578 0.042703
v 0.011302 0.023186 0.032843
v 0.011294 0.024841 0.033157
v 0.013757 0.024841 0.043407
v 0.013757 0.024841 0.046043
v 0.013757 0.021165 0.045255
v 0.013757 0.017738 0.042926
v 0.013757 0.014794 0.039216
v 0.013757 0.012536 0.034384
v 0.016175 0.012674 0.028080
v 0.013757 0.011118 0.028764
v 0.013757 0.010631 0.022732
v 0.013757 0.011118 0.016693
v 0.013757 0.012536 0.011066
v 0.013757 0.014790 0.006241
v 0.013757 0.017734 0.002531
v 0.013757 0.021160 0.000202
v 0.013757 0.024832 -0.000593
v 0.013147 0.024832 -0.001444
v 0.010878 0.024832 -0.003919
v 0.013757 0.015079 -0.002239
v 0.013766 0.009458 0.004797
v 0.013788 0.005286 0.016819
v 0.013788 0.004295 0.020793
v 0.013820 0.003657 0.027425
v 0.013852 0.003472 0.034998
v 0.013757 0.001485 0.040339
v 0.013757 0.028849 0.048609
v 0.013757 0.028513 0.045255
v 0.013757 0.028099 0.042703
v 0.013757 0.031940 0.042919
v 0.013757 0.034884 0.039216
v 0.013757 0.031134 0.040632
v 0.011302 0.026492 0.032843
v 0.011334 0.028065 0.031909
v 0.011388 0.029496 0.030375
v 0.013757 0.033746 0.037348
v 0.011538 0.031565 0.025689
v 0.011459 0.030707 0.028290
v 0.013757 0.037004 0.028080
v 0.013757 0.039043 0.022725
v 0.013757 0.051831 0.028757
v 0.013757 0.035746 0.033066
v 0.013757 0.037138 0.034384
v 0.013757 0.038556 0.028764
v 0.013757 0.034056 0.050617
v 0.013273 0.028104 0.050959
v 0.013402 0.000567 0.042445
v 0.011886 0.027095 0.052793
v 0.013275 0.032884 0.052800
v 0.013757 0.039172 0.054599
v 0.013757 0.042680 0.060052
v 0.013275 0.037345 0.056273
v 0.011895 0.031884 0.054662
v 0.013757 0.053167 0.004072
v 0.013511 0.054408 0.004072
v 0.012806 0.055464 0.004072
v 0.011752 0.056167 0.004072
v 0.010509 0.056167 0.004072
v 0.010509 0.056171 0.028757
v 0.011752 0.056171 0.028757
v 0.012806 0.055464 0.028757
v 0.010509 0.056175 0.065819
v 0.011752 0.056175 0.065819
v 0.010509 0.056175 0.069787
v 0.010509 0.056180 0.095085
v 0.011752 0.056180 0.095085
v 0.010509 0.056184 0.123235
v 0.011752 0.056184 0.123235
v 0.006499 0.056184 0.134497
v 0.011752 0.056184 0.140564
v 0.011611 0.056184 0.140780
v 0.011611 0.054425 0.140780
v 0.011611 0.056188 0.186844
v 0.011611 0.054430 0.186844
v 0.011611 0.056188 0.188155
v 0.011611 0.054430 0.188155
v 0.006968 0.056193 0.194019
v 0.006968 0.054430 0.194019
v 0.011611 0.050077 0.188162
v 0.006968 0.050077 0.194019
v 0.011153 0.046594 0.188162
v 0.006668 0.047797 0.194019
v 0.009807 0.043349 0.188162
v 0.005788 0.045672 0.194019
v 0.007670 0.040564 0.188162
v 0.004387 0.043844 0.194019
v 0.006067 0.039332 0.188162
v 0.002560 0.042443 0.194019
v 0.004356 0.039332 0.189487
v 0.000435 0.041564 0.194019
v 0.006499 0.056193 0.194019
v 0.006067 0.039332 0.186844
v 0.007670 0.040564 0.186844
v 0.009807 0.043349 0.186844
v 0.011153 0.046594 0.186844
v 0.011611 0.050077 0.186844
v 0.011611 0.045659 0.140780
v 0.011262 0.043202 0.140780
v 0.009873 0.041120 0.140780
v 0.007788 0.039728 0.140780
v 0.006069 0.039241 0.140780
v -0.001370 0.039332 0.186844
v -0.001370 0.039332 0.191509
v 0.001034 0.039332 0.191105
v -0.001370 0.039241 0.140780
v -0.001370 0.039241 0.138876
v 0.007338 0.039241 0.138876
v 0.007232 0.039237 0.123194
v 0.009796 0.039728 0.136707
v 0.011879 0.041120 0.135152
v -0.001370 0.041327 0.194019
v -0.001080 0.039237 0.123194
v 0.009796 0.039728 0.123235
v 0.007338 0.038771 0.095099
v 0.009796 0.039258 0.095099
v 0.011879 0.041120 0.123235
v 0.013270 0.043202 0.134371
v 0.013757 0.045659 0.134371
v 0.013270 0.043202 0.123235
v 0.013757 0.045663 0.123235
v 0.013270 0.042732 0.095099
v 0.013757 0.045189 0.095092
v 0.013270 0.042443 0.087491
v 0.011881 0.040650 0.095099
v 0.012952 0.041930 0.086634
v 0.013757 0.044965 0.089311
v 0.013757 0.051835 0.095085
v 0.013757 0.051844 0.123235
v 0.013757 0.051844 0.134371
v 0.013757 0.053184 0.135013
v 0.013511 0.054425 0.136394
v 0.012806 0.055481 0.138158
v 0.012806 0.055477 0.123235
v 0.013511 0.054421 0.123235
v 0.013757 0.053180 0.123235
v 0.013757 0.053175 0.095085
v 0.013757 0.051835 0.091319
v 0.013757 0.053175 0.091710
v 0.013511 0.054421 0.095085
v 0.012806 0.055473 0.095085
v 0.012001 0.056011 0.086899
v 0.011881 0.056089 0.084932
v 0.012001 0.056011 0.082917
v 0.012001 0.053546 0.082192
v 0.011881 0.052990 0.084026
v 0.012001 0.052477 0.085867
v 0.012359 0.055770 0.088788
v 0.012001 0.043202 0.083147
v 0.012806 0.055473 0.090134
v 0.012952 0.055257 0.090532
v 0.013511 0.054421 0.091529
v 0.012359 0.040961 0.084451
v 0.012001 0.040340 0.082317
v 0.011881 0.040086 0.080246
v 0.011881 0.043693 0.081306
v 0.012001 0.044228 0.079465
v 0.009799 0.038327 0.070679
v 0.007338 0.037840 0.070749
v 0.007338 0.038771 0.095099
v 0.013858 -0.002080 0.033505
v 0.013757 -0.003338 0.038868
v 0.013402 -0.004006 0.041050
v 0.010990 -0.004562 0.042884
v 0.007951 -0.010872 0.044342
v 0.007951 -0.016958 0.046057
v 0.007951 -0.018975 0.045436
v 0.010990 -0.018346 0.043379
v 0.013402 -0.017790 0.041545
v 0.013757 -0.017122 0.039356
v 0.013869 -0.012282 0.030758
v 0.013757 -0.015100 0.039970
v 0.013402 -0.015768 0.042159
v 0.013757 -0.009010 0.038261
v 0.013786 -0.001524 0.001827
v 0.013402 -0.009678 0.040451
v 0.010990 -0.010239 0.042285
v 0.010990 -0.016329 0.043993
v 0.012001 0.053546 0.082192
v 0.010188 0.053546 0.082192
v 0.011881 0.052990 0.084026
v 0.010188 0.052477 0.085867
v 0.012001 0.052477 0.085867
v 0.012001 0.044228 0.079465
v 0.010186 0.044228 0.079465
v 0.011881 0.043693 0.081306
v 0.010186 0.043202 0.083147
v 0.012001 0.043202 0.083147
v 0.005141 0.065705 0.024043
v 0.008306 0.056365 0.022474
v 0.005576 0.065593 0.025591
v 0.008429 0.055977 0.039237
v 0.006063 0.063981 0.044132
v 0.009678 0.051732 0.036657
v 0.004903 0.067321 0.046524
v 0.009673 0.051749 0.020919
v 0.007870 0.056473 0.020926
v 0.003984 0.065808 0.022816
v 0.006714 0.056580 0.019699
v 0.002518 0.065856 0.022348
v 0.009237 0.051857 0.019371
v 0.009807 -0.037741 -0.008898
v 0.009825 -0.042974 0.023046
v 0.009372 -0.037634 -0.010446
v 0.008080 0.051964 0.018144
v 0.008214 -0.037526 -0.011666
v 0.005246 0.056628 0.019231
v -0.001370 0.056619 0.019238
v -0.001370 0.065847 0.022348
v -0.001370 0.051999 0.017676
v 0.006611 0.052012 0.017676
v 0.006748 -0.037483 -0.012134
v -0.001370 -0.037491 -0.012127
v 0.009392 -0.043081 0.024594
v 0.009687 0.051710 0.054906
v 0.009684 0.051723 0.045360
v 0.008667 0.055201 0.056112
v 0.009255 0.051602 0.056454
v 0.008235 0.055093 0.057660
v 0.008097 0.051495 0.057681
v 0.007077 0.054981 0.058881
v 0.006631 0.051443 0.058148
v 0.005611 0.054934 0.059348
v -0.001370 0.051430 0.058155
v -0.001370 0.054921 0.059355
v 0.008235 -0.043194 0.025814
v 0.006768 -0.043245 0.026288
v -0.001370 -0.043254 0.026288
v -0.009507 -0.043245 0.026288
v -0.009370 0.051443 0.058148
v -0.010837 0.051495 0.057681
v -0.009817 0.054981 0.058881
v -0.010971 0.055093 0.057660
v -0.011991 0.051602 0.056454
v -0.011407 0.055201 0.056112
v -0.008351 0.054934 0.059348
v -0.010974 -0.043194 0.025814
v -0.012129 -0.043081 0.024594
v -0.012426 0.051710 0.054906
v -0.012563 -0.042974 0.023046
v -0.012420 0.051723 0.045360
v -0.011280 0.055611 0.045785
v -0.008869 0.063765 0.046636
v -0.012435 0.037832 0.036267
v -0.007634 0.067334 0.046678
v -0.007577 0.067481 0.048442
v -0.008983 0.063386 0.051001
v -0.012418 0.051732 0.036657
v -0.012547 -0.037741 -0.008898
v -0.007571 0.067498 0.046664
v -0.007184 0.068481 0.047535
v -0.006927 0.069136 0.046315
v -0.007640 0.067321 0.046524
v -0.006835 0.069368 0.044927
v -0.008316 0.065593 0.025591
v -0.007583 0.067485 0.026602
v -0.006830 0.069424 0.029984
v -0.007182 0.068515 0.027439
v -0.006921 0.069192 0.028617
v -0.008803 0.063981 0.044132
v -0.011169 0.055977 0.039237
v -0.011042 0.056365 0.022474
v -0.007880 0.065705 0.024043
v -0.012409 0.051749 0.020919
v -0.011973 0.051857 0.019371
v -0.012111 -0.037634 -0.010446
v -0.010608 0.056473 0.020926
v -0.006724 0.065808 0.022816
v -0.009450 0.056580 0.019699
v -0.005254 0.065856 0.022348
v -0.010817 0.051964 0.018144
v -0.010954 -0.037526 -0.011666
v -0.009350 0.052012 0.017676
v -0.009485 -0.037483 -0.012134
v -0.001370 -0.037491 -0.012127
v -0.001370 0.051999 0.017676
v -0.007984 0.056628 0.019231
v -0.001370 0.056619 0.019238
v -0.001370 0.065847 0.022348
v 0.004182 0.069192 0.028617
v 0.004445 0.068515 0.027439
v 0.004090 0.069424 0.029984
v 0.004846 0.067485 0.026602
v 0.004099 0.069368 0.044927
v 0.004187 0.069136 0.046315
v 0.004832 0.067498 0.046664
v 0.004445 0.068481 0.047535
v 0.004840 0.067481 0.048442
v 0.009698 0.037832 0.036267
v 0.008541 0.055611 0.045785
v 0.006129 0.063765 0.046636
v 0.006243 0.063386 0.051001
v 0.004898 0.067334 0.046678
v -0.001370 0.055007 0.058427
v -0.001370 0.031655 0.050060
v 0.005485 0.055016 0.058420
v 0.007653 0.031664 0.050053
v 0.006611 0.055029 0.058127
v -0.008221 0.055016 0.058420
v -0.010392 0.031664 0.050053
v -0.009347 0.055029 0.058127
v -0.011215 0.031668 0.049153
v -0.010172 0.055128 0.057221
v -0.010473 0.055236 0.056001
v -0.008050 0.063425 0.050889
v -0.007382 0.065558 0.025703
v -0.006643 0.067515 0.048330
v -0.011198 0.031664 0.012879
v -0.007079 0.065554 0.024468
v -0.010372 0.031664 0.011979
v -0.006253 0.065554 0.023562
v -0.005128 0.065550 0.023234
v -0.001370 0.031651 0.011979
v -0.001370 0.065550 0.023234
v -0.005993 0.069170 0.046203
v -0.005901 0.069394 0.044816
v -0.006251 0.068515 0.047417
v -0.005896 0.069394 0.030096
v -0.006649 0.067446 0.026714
v -0.005987 0.069157 0.028729
v -0.006251 0.068476 0.027550
v -0.001370 0.065550 0.023234
v -0.001370 0.031651 0.011979
v 0.002391 0.065550 0.023234
v 0.007636 0.031664 0.011979
v 0.003517 0.065554 0.023562
v 0.004341 0.065554 0.024468
v 0.008460 0.031664 0.012879
v 0.004643 0.065558 0.025703
v 0.008478 0.031668 0.049153
v 0.005310 0.063425 0.050889
v 0.007733 0.055236 0.056001
v 0.007432 0.055128 0.057221
v 0.003907 0.067515 0.048330
v 0.003165 0.069394 0.044816
v 0.003156 0.069394 0.030096
v 0.003912 0.067446 0.026714
v 0.003247 0.069157 0.028729
v 0.003511 0.068476 0.027550
v 0.003511 0.068515 0.047417
v 0.003253 0.069170 0.046203
v 0.001501 -0.040620 0.035472
v -0.001370 -0.040694 0.035688
v -0.001370 -0.038517 0.028562
v -0.004237 -0.040620 0.035472
v -0.001370 -0.038332 0.027948
v -0.007502 -0.040383 0.034726
v -0.001370 -0.038263 0.027725
v -0.010654 -0.039991 0.033492
v -0.001370 -0.038220 0.027585
v -0.013635 -0.039358 0.031448
v -0.001370 -0.038172 0.027439
v 0.010899 -0.039358 0.031448
v 0.007914 -0.039991 0.033492
v 0.004763 -0.040383 0.034726
v -0.016396 -0.038121 0.027432
v -0.016448 -0.026087 -0.011938
v -0.001370 -0.026139 -0.011931
v -0.016448 -0.026768 -0.014379
v -0.001370 -0.026820 -0.014372
v 0.013711 -0.026768 -0.014379
v 0.013709 -0.026087 -0.011938
v 0.013660 -0.038121 0.027432
v 0.011718 0.056598 -0.023172
v 0.010717 0.056598 -0.023172
v 0.011712 0.056593 -0.029057
v 0.009156 0.056598 -0.031609
v 0.010133 0.056598 -0.031414
v 0.010964 0.056598 -0.030863
v 0.011518 0.056593 -0.030034
v 0.008632 0.056598 -0.031609
v 0.008645 0.056602 -0.020885
v 0.010721 0.056598 -0.018807
v 0.010724 0.056598 -0.016290
v 0.011723 0.056598 -0.016290
v 0.011721 0.056598 -0.018807
v 0.010726 0.056598 -0.011924
v 0.010730 0.056602 -0.009400
v 0.010732 0.056602 -0.005042
v 0.010735 0.056602 -0.002518
v 0.011734 0.056602 -0.002518
v 0.011732 0.056598 -0.005042
v 0.011729 0.056598 -0.009400
v 0.011727 0.056598 -0.011924
v 0.010738 0.056602 0.001841
v 0.010741 0.056602 0.004365
v 0.010743 0.056602 0.008730
v 0.010747 0.056602 0.011247
v 0.011747 0.056602 0.011247
v 0.011743 0.056602 0.008723
v 0.011741 0.056602 0.004365
v 0.011738 0.056602 0.001841
v 0.010750 0.056602 0.015612
v 0.010752 0.056602 0.018130
v 0.010755 0.056602 0.022495
v 0.011787 0.056606 0.058678
v 0.011754 0.056602 0.022495
v 0.011752 0.056602 0.018130
v 0.011749 0.056602 0.015605
v 0.008711 0.056611 0.058678
v 0.013792 0.054412 0.044481
v 0.009810 0.054412 0.044481
v 0.013086 0.055468 0.044481
v 0.012033 0.056171 0.044481
v 0.010789 0.056171 0.044481
v 0.015762 0.055964 0.026742
v 0.015762 0.054731 0.025542
v 0.015762 0.055964 0.035876
v 0.015762 0.049831 0.035876
v 0.015762 0.052895 0.025138
v 0.015762 0.051068 0.025542
v 0.015762 0.049831 0.026742
v 0.013806 0.046969 0.040214
v 0.013806 0.045215 0.038094
v 0.014911 0.046969 0.037613
v 0.013806 0.045215 0.025340
v 0.014911 0.046969 0.025200
v 0.013806 0.046969 0.022767
v 0.013806 0.047779 0.040214
v 0.014911 0.047779 0.037613
v 0.013806 0.048439 0.038868
v 0.014911 0.047779 0.025200
v 0.013806 0.048439 0.023827
v 0.013806 0.047779 0.022767
v 0.007636 0.031664 0.011979
v -0.001370 0.031651 0.011979
v 0.008460 0.031664 0.012879
v 0.007653 0.031664 0.050053
v 0.008478 0.031668 0.049153
v -0.001370 0.031655 0.050060
v -0.010392 0.031664 0.050053
v -0.011198 0.031664 0.012879
v -0.011215 0.031668 0.049153
v -0.010372 0.031664 0.011979
v -0.016502 -0.038737 -0.021457
v -0.001370 -0.038789 -0.021450
v -0.016465 -0.052973 0.025124
v -0.001370 -0.053025 0.025131
v -0.001370 -0.055546 0.033387
v 0.013726 -0.052973 0.025124
v 0.007982 -0.054844 0.031190
v 0.010964 -0.054210 0.029147
v 0.013766 -0.038737 -0.021457
v 0.004832 -0.055232 0.032425
v 0.001567 -0.055469 0.033164
v -0.013704 -0.054210 0.029147
v -0.010720 -0.054844 0.031190
v -0.004305 -0.055469 0.033164
v -0.007568 -0.055232 0.032425
v -0.017350 0.051835 0.076048
v -0.017350 0.053175 0.076439
v -0.017101 0.054417 0.077352
v -0.017350 0.053175 0.069787
v -0.017101 0.054417 0.069787
v -0.017350 0.053175 0.065819
v -0.017350 0.051835 0.069787
v -0.016543 0.055253 0.078838
v -0.016543 0.041478 0.074800
v -0.016399 0.055473 0.079361
v -0.016399 0.055473 0.069787
v -0.017101 0.054417 0.065819
v -0.017350 0.053167 0.028757
v -0.017350 0.051835 0.065819
v -0.017350 0.044211 0.069787
v -0.017350 0.044366 0.073866
v -0.016863 0.041930 0.074228
v -0.016863 0.041775 0.070156
v -0.015952 0.040655 0.076460
v -0.015952 0.055770 0.080888
v -0.015345 0.056175 0.069787
v -0.016399 0.055468 0.065819
v -0.017101 0.054412 0.028757
v -0.017350 0.053167 0.004072
v -0.017350 0.051831 0.028757
v -0.017350 0.044055 0.065826
v -0.016863 0.041624 0.066188
v -0.015592 0.040189 0.078287
v -0.016869 0.040400 0.061021
v -0.017350 0.042680 0.060052
v -0.016869 0.037345 0.056273
v -0.017350 0.039172 0.054599
v -0.016869 0.032884 0.052800
v -0.017350 0.034056 0.050617
v -0.016865 0.028104 0.050959
v -0.015480 0.027095 0.052793
v -0.015488 0.031884 0.054662
v -0.015488 0.035784 0.057695
v -0.015488 0.038461 0.061851
v -0.015474 0.039556 0.066502
v -0.015474 0.039711 0.070470
v -0.013391 0.038172 0.066711
v -0.013402 0.037151 0.062409
v -0.013402 0.034733 0.058657
v -0.013402 0.031211 0.055910
v -0.013395 0.025824 0.053790
v -0.014835 -0.000446 0.044195
v -0.012629 -0.001248 0.045311
v -0.010920 0.025069 0.054209
v -0.010928 0.030974 0.056356
v -0.010928 0.034362 0.058992
v -0.010928 0.036685 0.062604
v -0.010928 0.037685 0.066788
v -0.013389 0.038327 0.070679
v -0.010928 0.037840 0.070749
v -0.013389 0.039258 0.095099
v -0.010928 0.038771 0.095099
v -0.013386 0.039728 0.123235
v -0.010848 0.039237 0.123194
v -0.013386 0.039728 0.136707
v -0.010928 0.039241 0.138876
v -0.001370 0.039241 0.138876
v -0.009659 0.039241 0.140780
v -0.001370 0.039241 0.140780
v -0.001370 0.039332 0.186844
v -0.009659 0.039332 0.186844
v -0.007949 0.039332 0.189487
v -0.009659 0.039332 0.188162
v -0.001080 0.039237 0.123194
v -0.001370 0.039332 0.191509
v -0.004624 0.039332 0.191105
v -0.004028 0.041564 0.194019
v -0.006154 0.042443 0.194019
v -0.007977 0.043844 0.194019
v -0.011260 0.040564 0.188162
v -0.009379 0.045672 0.194019
v -0.001370 0.041327 0.194019
v -0.011260 0.040564 0.186844
v -0.011381 0.039728 0.140780
v -0.013463 0.041120 0.140780
v -0.013400 0.043349 0.186844
v -0.013400 0.043349 0.188162
v -0.010260 0.047797 0.194019
v -0.014743 0.046594 0.188162
v -0.010562 0.050077 0.194019
v -0.015202 0.050077 0.188162
v -0.010562 0.054430 0.194019
v -0.015202 0.054430 0.188155
v -0.010562 0.056193 0.194019
v -0.014743 0.046594 0.186844
v -0.014855 0.043202 0.140780
v -0.015469 0.041120 0.135152
v -0.015469 0.041120 0.123235
v -0.015202 0.050077 0.186844
v -0.015202 0.045659 0.140780
v -0.016860 0.043202 0.134371
v -0.015202 0.054425 0.140780
v -0.015202 0.054430 0.186844
v -0.015202 0.056188 0.186844
v -0.015202 0.056188 0.188155
v -0.010089 0.056193 0.194019
v -0.015202 0.056184 0.140780
v -0.010089 0.056184 0.134497
v -0.015345 0.056184 0.140564
v -0.015345 0.056184 0.123235
v -0.014102 0.056184 0.123235
v -0.015345 0.056180 0.095085
v -0.014102 0.056180 0.095085
v -0.014102 0.056175 0.069787
v -0.015345 0.056175 0.065819
v -0.014102 0.056175 0.065819
v -0.015345 0.056171 0.028757
v -0.014102 0.056171 0.028757
v -0.015345 0.056167 0.004072
v -0.014102 0.056167 0.004072
v -0.015345 0.056167 -0.019016
v -0.014102 0.056167 -0.019016
v -0.014102 0.056162 -0.031728
v -0.012017 0.056167 -0.019016
v -0.012475 0.056162 -0.031728
v -0.013369 0.054701 -0.032418
v -0.010650 0.053550 -0.032858
v -0.013985 0.053249 -0.032042
v -0.011103 0.052158 -0.032509
v -0.007772 0.052714 -0.033178
v -0.008069 0.051365 -0.032851
v -0.011484 0.050870 -0.031519
v -0.008333 0.050051 -0.031847
v -0.011484 0.049736 -0.029817
v -0.008333 0.048921 -0.030145
v -0.011484 0.048900 -0.026965
v -0.008333 0.048085 -0.027293
v -0.011484 0.048240 -0.020459
v -0.008333 0.047439 -0.020787
v -0.011484 0.045788 -0.014993
v -0.008333 0.045137 -0.015571
v -0.011484 0.041017 -0.010348
v -0.008333 0.040512 -0.011046
v -0.011484 0.033358 -0.006457
v -0.008333 0.033091 -0.007287
v -0.011484 0.024832 -0.005098
v -0.008333 0.024837 -0.005955
v -0.011484 0.016238 -0.006416
v -0.008333 0.016505 -0.007252
v -0.011484 0.003097 -0.012134
v -0.008333 0.003278 -0.012991
v -0.011484 -0.005217 -0.017203
v -0.008333 -0.004842 -0.017984
v -0.011484 -0.013363 -0.023911
v -0.008333 -0.012980 -0.024706
v -0.011484 -0.022522 -0.028611
v -0.008333 -0.022126 -0.029392
v -0.011484 -0.029440 -0.030452
v -0.008333 -0.029044 -0.031233
v -0.011484 -0.033767 -0.029490
v -0.008333 -0.033332 -0.030285
v -0.014472 -0.034397 -0.028395
v -0.014472 -0.029987 -0.029371
v -0.014472 -0.023065 -0.027537
v -0.014472 -0.013894 -0.022816
v -0.014472 -0.005730 -0.016122
v -0.014472 0.002851 -0.010955
v -0.014472 0.015872 -0.005272
v -0.014472 0.024832 -0.003919
v -0.014472 0.033728 -0.005307
v -0.014472 0.041715 -0.009393
v -0.014472 0.046689 -0.014198
v -0.014472 0.049344 -0.020006
v -0.014472 0.050020 -0.026519
v -0.014472 0.050857 -0.029371
v -0.014472 0.051990 -0.031066
v -0.016399 0.055455 -0.031017
v -0.015345 0.056162 -0.031728
v -0.017241 -0.035746 -0.025362
v -0.016399 0.055460 -0.019016
v -0.017101 0.054404 -0.029824
v -0.017350 0.053163 -0.028283
v -0.017350 0.052417 -0.025578
v -0.017350 0.051822 -0.019016
v -0.017350 0.048827 -0.012308
v -0.017350 0.043508 -0.006980
v -0.017350 0.051826 0.004072
v -0.017350 0.053163 -0.019016
v -0.017101 0.054404 -0.019016
v -0.016399 0.055464 0.004072
v -0.016399 0.055464 0.028757
v -0.017101 0.054408 0.004072
v -0.017350 0.038556 0.016693
v -0.017350 0.037138 0.011066
v -0.017350 0.034879 0.006234
v -0.017350 0.031940 0.002531
v -0.017350 0.034789 -0.002183
v -0.016834 0.024832 -0.001339
v -0.017350 0.015079 -0.002239
v -0.017350 0.002067 -0.007817
v -0.017350 -0.007265 -0.013214
v -0.017327 -0.015471 -0.019874
v -0.017244 -0.024729 -0.024581
v -0.017241 -0.031854 -0.026470
v -0.017290 -0.036246 -0.022816
v -0.017312 -0.038349 -0.021073
v -0.017261 -0.037496 -0.018075
v -0.017261 -0.036582 -0.018542
v -0.017259 -0.034677 -0.019511
v -0.017333 -0.025453 -0.012845
v -0.017333 -0.027233 -0.011590
v -0.017336 -0.028087 -0.010990
v -0.017350 -0.026035 -0.008152
v -0.017350 -0.026988 -0.007894
v -0.017459 -0.036073 0.023485
v -0.017459 -0.036884 0.023241
v -0.017347 -0.039090 0.032641
v -0.017347 -0.039659 0.032466
v -0.016992 -0.039616 0.034872
v -0.016992 -0.040112 0.034719
v -0.014580 -0.040176 0.036706
v -0.014580 -0.040676 0.036553
v -0.011596 -0.040797 0.038749
v -0.011596 -0.041297 0.038596
v -0.008442 -0.041107 0.040004
v -0.008442 -0.041672 0.039830
v -0.011596 -0.039754 0.039070
v -0.008442 -0.040129 0.040297
v -0.011596 -0.033285 0.037466
v -0.008442 -0.033746 0.038721
v -0.011596 -0.027410 0.038143
v -0.008442 -0.027789 0.039377
v -0.011596 -0.022484 0.040792
v -0.008442 -0.022859 0.042020
v -0.011541 -0.018975 0.045436
v -0.008442 -0.019281 0.046671
v -0.011541 -0.016958 0.046057
v -0.008442 -0.017329 0.047263
v -0.011541 -0.010872 0.044342
v -0.008442 -0.011316 0.045576
v -0.011979 -0.005101 0.044648
v -0.009465 -0.005127 0.045799
v -0.010899 -0.001709 0.046043
v -0.014580 -0.004562 0.042884
v -0.014580 -0.010239 0.042285
v -0.014580 -0.016329 0.043993
v -0.014580 -0.018346 0.043379
v -0.014580 -0.021876 0.038728
v -0.014580 -0.026824 0.036086
v -0.014580 -0.032664 0.035430
v -0.014580 -0.039129 0.037027
v -0.016992 -0.038569 0.035193
v -0.016992 -0.032099 0.033596
v -0.016992 -0.026268 0.034245
v -0.016992 -0.021316 0.036894
v -0.016992 -0.017790 0.041545
v -0.016992 -0.015768 0.042159
v -0.016992 -0.009678 0.040451
v -0.016992 -0.004006 0.041050
v -0.016992 0.000567 0.042445
v -0.017350 0.028849 0.048609
v -0.017350 0.001485 0.040339
v -0.017350 -0.003338 0.038868
v -0.017350 -0.009010 0.038261
v -0.017350 -0.015100 0.039970
v -0.017350 -0.017122 0.039356
v -0.017350 -0.020648 0.034705
v -0.017350 -0.025595 0.032062
v -0.017350 -0.031436 0.031414
v -0.017347 -0.037901 0.033003
v -0.017459 -0.034371 0.024008
v -0.017459 -0.024096 0.027146
v -0.017459 -0.012282 0.030758
v -0.017444 0.003472 0.034998
v -0.017350 0.011118 0.016693
v -0.017350 0.010631 0.022732
v -0.020103 0.012674 0.017377
v -0.020103 0.012243 0.022732
v -0.015128 0.018109 0.019768
v -0.015053 0.018966 0.017167
v -0.019765 0.013928 0.012391
v -0.017350 0.012536 0.011066
v -0.017350 0.011118 0.028764
v -0.017350 0.012536 0.034384
v -0.019765 0.012674 0.028080
v -0.015161 0.017781 0.022732
v -0.014399 0.024837 0.022725
v -0.015128 0.018109 0.025689
v -0.019046 0.013932 0.033066
v -0.015053 0.018971 0.028290
v -0.014978 0.020178 0.030375
v -0.014927 0.021613 0.031909
v -0.017350 0.018540 0.040639
v -0.017350 0.021578 0.042703
v -0.014895 0.023186 0.032843
v -0.017350 0.024841 0.043407
v -0.014884 0.024841 0.033157
v -0.017350 0.028099 0.042703
v -0.014895 0.026492 0.032843
v -0.017350 0.031134 0.040632
v -0.014927 0.028065 0.031909
v -0.018201 0.015932 0.037348
v -0.017350 0.033746 0.037348
v -0.014978 0.029496 0.030375
v -0.015053 0.030707 0.028290
v -0.015128 0.031565 0.025689
v -0.017350 0.037004 0.028080
v -0.017350 0.037431 0.022725
v -0.015161 0.031892 0.022725
v -0.017350 0.037004 0.017370
v -0.015128 0.031565 0.019768
v -0.017350 0.035746 0.012384
v -0.015053 0.030703 0.017160
v -0.017350 0.033741 0.008102
v -0.014978 0.029496 0.015076
v -0.014927 0.028065 0.013548
v -0.017350 0.031134 0.004818
v -0.017350 0.039043 0.022725
v -0.017350 0.038556 0.028764
v -0.017350 0.035746 0.033066
v -0.017350 0.037138 0.034384
v -0.017350 0.034884 0.039216
v -0.017350 0.031940 0.042919
v -0.017350 0.028513 0.045255
v -0.017350 0.024841 0.046043
v -0.017350 0.021165 0.045255
v -0.017350 0.017738 0.042926
v -0.017350 0.014794 0.039216
v -0.016399 0.055473 0.090134
v -0.015952 0.055770 0.088788
v -0.016543 0.055257 0.090532
v -0.015952 0.040961 0.084451
v -0.016543 0.041930 0.086634
v -0.015471 0.040650 0.095099
v -0.015592 0.040340 0.082317
v -0.016399 0.055473 0.095085
v -0.017101 0.054421 0.095085
v -0.016399 0.055477 0.123235
v -0.015592 0.056011 0.086899
v -0.015471 0.056089 0.084932
v -0.015592 0.056011 0.082917
v -0.015592 0.053546 0.082192
v -0.015471 0.052990 0.084026
v -0.015592 0.052477 0.085867
v -0.015592 0.043202 0.083147
v -0.015471 0.040086 0.080246
v -0.015471 0.043693 0.081306
v -0.015592 0.044228 0.079465
v -0.016860 0.043202 0.123235
v -0.017350 0.045659 0.134371
v -0.017350 0.053184 0.135013
v -0.017101 0.054425 0.136394
v -0.016399 0.055481 0.138158
v -0.017101 0.054421 0.123235
v -0.017350 0.053180 0.123235
v -0.017350 0.051844 0.134371
v -0.017350 0.051844 0.123235
v -0.017350 0.053175 0.095085
v -0.017350 0.053175 0.091710
v -0.017101 0.054421 0.091529
v -0.017350 0.044965 0.089311
v -0.016860 0.042443 0.087491
v -0.016860 0.042732 0.095092
v -0.017350 0.045663 0.123235
v -0.017350 0.051835 0.095085
v -0.017350 0.045189 0.095092
v -0.017350 0.051835 0.091319
v -0.017350 0.028509 0.000202
v -0.017350 0.028095 0.002754
v -0.014895 0.026487 0.012614
v -0.014884 0.024837 0.012300
v -0.017350 0.024832 0.002050
v -0.017350 0.024832 -0.000593
v -0.017350 0.021160 0.000202
v -0.017350 0.017734 0.002531
v -0.017350 0.021574 0.002754
v -0.018201 0.018540 0.004818
v -0.014895 0.023186 0.012614
v -0.014927 0.021608 0.013548
v -0.014978 0.020178 0.015076
v -0.019046 0.015928 0.008109
v -0.017350 0.014790 0.006241
v -0.017376 -0.001524 0.001827
v -0.017376 -0.011471 -0.003124
v -0.017350 -0.024035 -0.008696
v -0.015592 0.053546 0.082192
v -0.013778 0.053546 0.082192
v -0.015471 0.052990 0.084026
v -0.013778 0.052477 0.085867
v -0.015592 0.052477 0.085867
v -0.015592 0.044228 0.079465
v -0.013778 0.044228 0.079465
v -0.015471 0.043693 0.081306
v -0.013778 0.043202 0.083147
v -0.015592 0.043202 0.083147
v -0.014454 0.056598 -0.023172
v -0.014448 0.056593 -0.029057
v -0.013455 0.056598 -0.023172
v -0.011896 0.056598 -0.031609
v -0.011372 0.056598 -0.031609
v -0.011381 0.056602 -0.020885
v -0.013457 0.056598 -0.018807
v -0.013461 0.056598 -0.016290
v -0.014460 0.056598 -0.016290
v -0.014457 0.056598 -0.018807
v -0.012873 0.056598 -0.031414
v -0.013701 0.056598 -0.030863
v -0.014254 0.056593 -0.030034
v -0.013463 0.056598 -0.011924
v -0.013466 0.056602 -0.009400
v -0.014465 0.056598 -0.009400
v -0.014465 0.056598 -0.011924
v -0.013468 0.056602 -0.005042
v -0.013472 0.056602 -0.002518
v -0.013474 0.056602 0.001841
v -0.013477 0.056602 0.004365
v -0.014477 0.056602 0.004365
v -0.014477 0.056602 0.001841
v -0.014472 0.056602 -0.002518
v -0.014472 0.056598 -0.005042
v -0.013481 0.056602 0.008730
v -0.013483 0.056602 0.011247
v -0.013486 0.056602 0.015612
v -0.013489 0.056602 0.018130
v -0.014489 0.056602 0.018130
v -0.014489 0.056602 0.015605
v -0.014483 0.056602 0.011247
v -0.014483 0.056602 0.008723
v -0.013492 0.056602 0.022495
v -0.014523 0.056606 0.058678
v -0.011449 0.056611 0.058678
v -0.014494 0.056602 0.022495
v -0.017450 0.054412 0.044481
v -0.016746 0.055468 0.044481
v -0.013468 0.054412 0.044481
v -0.015691 0.056171 0.044481
v -0.014448 0.056171 0.044481
v 0.007338 0.038771 0.095099
v 0.007232 0.039237 0.123194
v 0.006513 0.038133 0.098432
v 0.006439 0.038616 0.119365
v -0.001080 0.039237 0.123194
v -0.010055 0.038616 0.119365
v -0.010848 0.039237 0.123194
v 0.006083 0.036763 0.116025
v -0.009703 0.036763 0.116025
v 0.006083 0.033953 0.112832
v -0.009703 0.033953 0.112832
v 0.006083 0.030487 0.111353
v -0.009703 0.030487 0.111353
v -0.009740 0.026720 0.110963
v 0.006146 0.026720 0.110963
v -0.009740 0.019255 0.110963
v 0.006146 0.019255 0.110963
v -0.009703 0.015130 0.110921
v 0.006083 0.015130 0.110921
v 0.006083 0.010144 0.111388
v -0.009703 0.010144 0.111388
v 0.006083 0.006312 0.113166
v -0.009703 0.006312 0.113166
v -0.009703 0.003373 0.112378
v 0.006083 0.003373 0.112378
v -0.004318 0.043012 0.194145
v 0.001435 0.043008 0.194145
v -0.001441 0.042374 0.194145
v -0.014952 0.068894 0.088900
v -0.014970 0.056645 0.085434
v -0.014950 0.070041 0.090392
v -0.014950 0.071528 0.091536
v -0.014956 0.068175 0.087164
v -0.014958 0.067929 0.085302
v -0.014989 0.056641 0.058734
v -0.014973 0.067925 0.065937
v -0.014976 0.068170 0.064076
v -0.014976 0.068890 0.062332
v -0.014976 0.070032 0.060847
v -0.014989 0.070032 0.042835
v -0.015022 0.056636 0.022558
v -0.014996 0.070032 0.036169
v -0.014989 0.076096 0.036169
v -0.014989 0.073066 0.039802
v -0.014989 0.074002 0.039949
v -0.014989 0.074847 0.040381
v -0.014987 0.075519 0.041050
v -0.014987 0.075950 0.041901
v -0.014984 0.076096 0.042835
v -0.014970 0.077497 0.058734
v -0.014973 0.076101 0.058734
v -0.014993 0.070179 0.041901
v -0.014993 0.070610 0.041050
v -0.014993 0.071282 0.040381
v -0.014993 0.072127 0.039949
v -0.015002 0.076096 0.022551
v -0.015002 0.077493 0.022551
v -0.014740 0.078799 0.022551
v -0.014709 0.078803 0.058734
v -0.013999 0.079907 0.022551
v -0.013967 0.079911 0.058734
v -0.012891 0.080648 0.022551
v -0.012858 0.080648 0.058734
v -0.011581 0.080902 0.022551
v -0.011552 0.080911 0.058734
v -0.007854 0.080902 0.053198
v -0.007852 0.080902 0.058727
v -0.014001 0.079907 0.018186
v -0.011627 0.080898 -0.029002
v -0.001593 0.080885 -0.029015
v -0.011607 0.080700 -0.029985
v -0.001593 0.080691 -0.029992
v -0.011555 0.080148 -0.030815
v -0.012856 0.080450 -0.029992
v -0.012933 0.080639 -0.029002
v -0.014042 0.079898 -0.029002
v -0.014036 0.079902 -0.023116
v -0.014784 0.078795 -0.029002
v -0.014778 0.078795 -0.023116
v -0.014033 0.079902 -0.018751
v -0.014030 0.079902 -0.016234
v -0.014772 0.078795 -0.016234
v -0.014775 0.078795 -0.018751
v -0.015035 0.077489 -0.018751
v -0.015033 0.077489 -0.016227
v -0.015035 0.076088 -0.016227
v -0.015038 0.076088 -0.018751
v -0.015059 0.056632 -0.018744
v -0.015055 0.056632 -0.016227
v -0.013899 0.079756 -0.029992
v -0.014597 0.078717 -0.029985
v -0.014850 0.077467 -0.029978
v -0.015044 0.077484 -0.029002
v -0.015038 0.077489 -0.023116
v -0.014296 0.077411 -0.030808
v -0.014071 0.078497 -0.030815
v -0.013497 0.079351 -0.030815
v -0.012642 0.079924 -0.030815
v -0.011475 0.079320 -0.031365
v -0.001596 0.080139 -0.030815
v 0.008421 0.080682 -0.029999
v 0.008441 0.080881 -0.029022
v -0.001550 0.080894 0.022544
v -0.001524 0.080898 0.053198
v -0.007854 0.080902 0.053198
v 0.004808 0.080894 0.053191
v 0.008484 0.080885 0.022530
v 0.009790 0.080622 0.022530
v 0.009746 0.080613 -0.029022
v 0.009667 0.080428 -0.030013
v 0.010853 0.079876 -0.029022
v 0.010858 0.079876 -0.023137
v 0.011595 0.078764 -0.029022
v 0.011597 0.078769 -0.023137
v 0.004814 0.080894 0.058720
v 0.008515 0.080889 0.058713
v 0.009821 0.080626 0.058713
v 0.010928 0.079889 0.058713
v 0.010710 0.079734 -0.030013
v 0.009449 0.079902 -0.030835
v 0.008363 0.080126 -0.030828
v 0.008280 0.079299 -0.031379
v -0.001596 0.079312 -0.031372
v 0.011852 0.077458 -0.029022
v 0.011406 0.078687 -0.030013
v 0.010305 0.079329 -0.030835
v 0.009125 0.079122 -0.031386
v 0.011858 0.077458 -0.023137
v 0.011849 0.076062 -0.029022
v 0.011855 0.076062 -0.023137
v 0.011846 0.070834 -0.029022
v 0.011835 0.056602 -0.023137
v 0.011833 0.056602 -0.029022
v 0.011648 0.070834 -0.029999
v 0.011635 0.056602 -0.029999
v 0.011096 0.070834 -0.030828
v 0.011082 0.056602 -0.030828
v 0.011655 0.077437 -0.030006
v 0.011655 0.076062 -0.029999
v 0.011099 0.076062 -0.030828
v 0.011099 0.077385 -0.030828
v 0.010878 0.078471 -0.030835
v 0.009707 0.078734 -0.031386
v 0.010272 0.077303 -0.031379
v 0.010096 0.078148 -0.031386
v 0.010272 0.076062 -0.031379
v 0.010268 0.070838 -0.031379
v 0.010257 0.060438 -0.031379
v 0.010254 0.058382 -0.031379
v 0.010254 0.056602 -0.031379
v 0.009277 0.058386 -0.031568
v 0.009277 0.056602 -0.031568
v 0.008753 0.056606 -0.031568
v 0.008756 0.058386 -0.031568
v 0.008756 0.060438 -0.031568
v 0.009280 0.060438 -0.031568
v 0.008768 0.070838 -0.031575
v 0.009292 0.070838 -0.031575
v 0.009297 0.076062 -0.031575
v 0.009297 0.077208 -0.031575
v 0.009185 0.077769 -0.031575
v 0.008768 0.070838 -0.031575
v 0.008768 0.072265 -0.031575
v 0.009174 0.076062 -0.031575
v 0.009174 0.076062 -0.031575
v 0.009059 0.076062 -0.031575
v 0.008449 0.076062 -0.031575
v 0.007923 0.074842 -0.031575
v 0.006943 0.075825 -0.031568
v 0.007168 0.076066 -0.031568
v 0.006465 0.076066 -0.031568
v 0.005708 0.076454 -0.031568
v 0.009011 0.078036 -0.031575
v 0.008747 0.078213 -0.031575
v 0.004370 0.076674 -0.031568
v 0.008183 0.078325 -0.031575
v -0.001599 0.078333 -0.031568
v -0.001599 0.076678 -0.031568
v -0.007568 0.076687 -0.031561
v -0.011378 0.078342 -0.031554
v -0.008909 0.076467 -0.031561
v 0.008768 0.072265 -0.031575
v 0.008550 0.073605 -0.031575
v -0.011942 0.078234 -0.031554
v -0.009665 0.076083 -0.031554
v -0.010326 0.076083 -0.031554
v -0.010143 0.075842 -0.031554
v -0.011123 0.074859 -0.031554
v -0.011539 0.076083 -0.031554
v -0.011753 0.073627 -0.031554
v -0.012206 0.078058 -0.031554
v -0.012317 0.079144 -0.031365
v -0.012902 0.078756 -0.031365
v -0.013294 0.078170 -0.031365
v -0.013468 0.077329 -0.031358
v -0.012383 0.077795 -0.031554
v -0.012125 0.076083 -0.031554
v -0.011973 0.072286 -0.031554
v -0.012374 0.076083 -0.031554
v -0.012495 0.077230 -0.031554
v -0.012495 0.076088 -0.031554
v -0.013472 0.076088 -0.031358
v -0.014300 0.076088 -0.030808
v -0.014852 0.076088 -0.029978
v -0.015047 0.076088 -0.029002
v -0.015042 0.076088 -0.023109
v -0.015053 0.070864 -0.029002
v -0.015062 0.056628 -0.023109
v -0.015067 0.056628 -0.029001
v -0.014872 0.056628 -0.029978
v -0.014859 0.070864 -0.029978
v -0.014305 0.070860 -0.030808
v -0.014320 0.056628 -0.030801
v -0.013489 0.060459 -0.031358
v -0.013492 0.058408 -0.031358
v -0.013492 0.056628 -0.031358
v -0.012515 0.056628 -0.031554
v -0.012515 0.058404 -0.031554
v -0.011991 0.058404 -0.031554
v -0.011993 0.056628 -0.031554
v -0.013477 0.070860 -0.031358
v -0.012512 0.060459 -0.031554
v -0.012501 0.070860 -0.031554
v -0.011979 0.070860 -0.031554
v -0.011988 0.060459 -0.031554
v 0.004801 0.067907 0.058720
v 0.004814 0.080894 0.058720
v 0.004803 0.075105 0.053191
v 0.004808 0.080894 0.053191
v 0.009850 0.080631 0.092477
v 0.007467 0.077165 0.092477
v 0.008544 0.080894 0.092477
v 0.007467 0.078726 0.092477
v -0.001493 0.078734 0.092491
v -0.001491 0.080902 0.092491
v -0.010083 0.078743 0.092491
v -0.011524 0.080911 0.092498
v -0.010359 0.077273 0.092491
v -0.012830 0.080657 0.092498
v -0.013939 0.079915 0.092498
v -0.014681 0.078807 0.092498
v -0.014941 0.077502 0.092498
v -0.014943 0.076105 0.092498
v -0.010361 0.074148 0.092498
v -0.014943 0.075131 0.092498
v -0.010361 0.073174 0.092498
v -0.014947 0.073269 0.092254
v -0.010364 0.071312 0.092254
v -0.014950 0.071528 0.091536
v -0.010366 0.069575 0.091529
v -0.014950 0.070041 0.090392
v -0.010370 0.068084 0.090392
v -0.014952 0.068894 0.088900
v -0.010372 0.066942 0.088893
v -0.014956 0.068175 0.087164
v -0.010372 0.066222 0.087164
v -0.014958 0.067929 0.085302
v -0.010375 0.065976 0.085295
v -0.014973 0.067925 0.065937
v -0.010392 0.065972 0.065930
v -0.010392 0.066218 0.064069
v -0.014976 0.068170 0.064076
v -0.010392 0.066938 0.062332
v -0.014976 0.068890 0.062332
v -0.010392 0.068080 0.060840
v -0.014976 0.070032 0.060847
v -0.010392 0.070032 0.058734
v 0.008764 0.058386 0.022544
v 0.010265 0.058386 0.022544
v 0.008756 0.058386 -0.031568
v 0.009277 0.058386 -0.031568
v 0.010254 0.058382 -0.031379
v -0.007854 0.080902 0.053198
v -0.007852 0.080902 0.058727
v -0.007860 0.075118 0.053204
v -0.008181 0.076092 0.058727
v 0.009821 0.080626 0.058713
v 0.008515 0.080889 0.058713
v 0.007438 0.077161 0.058713
v 0.004814 0.080894 0.058720
v 0.007430 0.067903 0.058720
v 0.004801 0.067907 0.058720
v -0.007854 0.080902 0.053198
v -0.007860 0.075118 0.053204
v -0.001524 0.080898 0.053198
v 0.004803 0.075105 0.053191
v 0.004808 0.080894 0.053191
v -0.012750 0.080665 0.185436
v -0.011441 0.080928 0.186977
v -0.010925 0.080488 0.188329
v -0.010352 0.080924 0.188329
v -0.007153 0.080919 0.190805
v -0.007640 0.077208 0.194187
v -0.005813 0.078605 0.194180
v -0.006766 0.076329 0.194187
v -0.005196 0.077532 0.194180
v -0.003687 0.079484 0.194180
v -0.004071 0.080919 0.192304
v -0.001405 0.080915 0.192743
v -0.009043 0.075381 0.194187
v -0.007972 0.074765 0.194187
v -0.008732 0.072937 0.194187
v -0.009926 0.073256 0.194187
v -0.008992 0.070976 0.194187
v -0.010229 0.070976 0.194187
v -0.010243 0.056654 0.194194
v -0.014866 0.070980 0.188336
v -0.014881 0.056658 0.188336
v -0.009006 0.056654 0.194187
v -0.014414 0.074463 0.188336
v -0.013065 0.077704 0.188329
v -0.013862 0.079928 0.184738
v -0.014603 0.078820 0.184738
v -0.014864 0.076114 0.184850
v -0.014864 0.077514 0.184738
v -0.014881 0.056658 0.188336
v -0.014866 0.070980 0.188336
v -0.014884 0.056658 0.184738
v -0.014930 0.076105 0.107497
v -0.014956 0.056645 0.100440
v -0.014947 0.073269 0.092254
v -0.014864 0.076114 0.184850
v -0.014864 0.077514 0.184738
v -0.014930 0.077506 0.107497
v -0.014943 0.076105 0.092498
v -0.014941 0.077502 0.092498
v -0.014681 0.078807 0.092498
v -0.014666 0.078812 0.107497
v -0.013939 0.079915 0.092498
v -0.013927 0.079919 0.107497
v -0.012830 0.080657 0.092498
v -0.012818 0.080657 0.107497
v -0.011524 0.080911 0.092498
v -0.011510 0.080915 0.107497
v -0.001476 0.080902 0.107490
v -0.001491 0.080902 0.092491
v 0.008544 0.080894 0.092477
v 0.008555 0.080894 0.107483
v 0.009850 0.080631 0.092477
v 0.009862 0.080635 0.107483
v 0.010959 0.079889 0.092477
v -0.014943 0.075131 0.092498
v -0.001410 0.080915 0.186970
v 0.008625 0.080907 0.186956
v -0.011441 0.080928 0.186977
v -0.012750 0.080665 0.185436
v -0.013862 0.079928 0.184738
v -0.014603 0.078820 0.184738
v -0.004071 0.080919 0.192304
v -0.007153 0.080919 0.190805
v -0.001405 0.080915 0.192743
v -0.010352 0.080924 0.188329
v 0.007538 0.080907 0.188315
v 0.004339 0.080911 0.190798
v 0.001263 0.080911 0.192297
v 0.009930 0.080644 0.185415
v 0.010970 0.079894 0.107483
v 0.011697 0.078782 0.092477
v 0.011668 0.078777 0.058713
v 0.010899 0.079881 0.022530
v 0.011036 0.079902 0.184717
v 0.011709 0.078786 0.107476
v 0.011775 0.078795 0.184710
v 0.011956 0.077476 0.092477
v 0.011927 0.077471 0.058713
v 0.011637 0.078773 0.022530
v 0.011895 0.077463 0.022530
v 0.012016 0.056632 0.188315
v 0.012013 0.056632 0.184717
v 0.012029 0.070955 0.188308
v 0.011967 0.076079 0.107476
v 0.012033 0.076088 0.184829
v 0.012033 0.077489 0.184710
v 0.011967 0.077476 0.107476
v 0.011952 0.076079 0.092477
v 0.011924 0.076071 0.058713
v 0.011895 0.076066 0.022530
v 0.011875 0.056611 0.022530
v 0.011906 0.056615 0.058713
v 0.011932 0.058744 0.086417
v 0.011930 0.056619 0.085413
v 0.011941 0.056619 0.100412
v 0.011938 0.058744 0.094855
v -0.009006 0.056654 0.194187
v -0.010243 0.056654 0.194194
v -0.009012 0.056654 0.188329
v -0.010249 0.056654 0.188329
v -0.014881 0.056658 0.188336
v -0.001432 0.056645 0.188322
v -0.001436 0.056645 0.185777
v -0.014884 0.056658 0.184738
v -0.001507 0.056632 0.100426
v -0.014956 0.056645 0.100440
v -0.014970 0.056645 0.085434
v -0.001522 0.056632 0.085420
v -0.014989 0.056641 0.058734
v -0.001542 0.056628 0.058727
v 0.009930 0.080644 0.185415
v 0.011036 0.079902 0.184717
v 0.010243 0.077683 0.188308
v 0.011775 0.078795 0.184710
v 0.008106 0.080467 0.188315
v 0.008625 0.080907 0.186956
v 0.007538 0.080907 0.188315
v 0.004339 0.080911 0.190798
v 0.004826 0.077191 0.194173
v 0.003002 0.078596 0.194173
v 0.001263 0.080911 0.192297
v 0.000876 0.079480 0.194173
v -0.001405 0.079782 0.194180
v -0.003366 0.078290 0.194180
v -0.001407 0.078545 0.194180
v 0.000555 0.078282 0.194180
v 0.002382 0.077523 0.194173
v 0.003953 0.076321 0.194173
v 0.006226 0.075368 0.194173
v 0.005155 0.074747 0.194173
v 0.005909 0.072920 0.194173
v 0.007103 0.073239 0.194173
v 0.006166 0.070963 0.194173
v 0.007401 0.070959 0.194173
v 0.007386 0.056636 0.194173
v 0.012029 0.070955 0.188308
v 0.012016 0.056632 0.188315
v 0.006149 0.056636 0.194173
v 0.011584 0.074437 0.188308
v 0.012033 0.076088 0.184829
v 0.012033 0.077489 0.184710
v 0.006149 0.056636 0.194173
v 0.006146 0.056636 0.188315
v 0.007386 0.056636 0.194173
v 0.007384 0.056636 0.188315
v 0.012016 0.056632 0.188315
v -0.001432 0.056645 0.188322
v -0.001436 0.056645 0.185777
v 0.012013 0.056632 0.184717
v -0.001507 0.056632 0.100426
v 0.011941 0.056619 0.100412
v -0.001510 0.058757 0.094869
v 0.011938 0.058744 0.094855
v -0.001518 0.058757 0.086424
v 0.011932 0.058744 0.086417
v -0.015033 0.056636 0.011303
v -0.015013 0.076092 0.011303
v -0.014030 0.056636 0.011303
v -0.014013 0.076092 0.011303
v -0.014007 0.079907 0.011303
v -0.015009 0.077489 0.011303
v -0.014749 0.078799 0.011303
v -0.015007 0.077493 0.015668
v -0.014747 0.078799 0.015668
v -0.015007 0.076096 0.015668
v -0.014007 0.076092 0.015668
v -0.015027 0.056636 0.015668
v -0.014027 0.056636 0.015668
v -0.014005 0.079907 0.015668
v -0.015013 0.077489 0.008786
v -0.015013 0.076092 0.008786
v -0.014752 0.078795 0.008786
v -0.014013 0.076092 0.008786
v -0.014010 0.079907 0.008786
v -0.015033 0.056636 0.008786
v -0.014033 0.056636 0.008786
v -0.015038 0.056636 0.004421
v -0.014036 0.056632 0.004421
v -0.015018 0.076092 0.004421
v -0.014018 0.076092 0.004421
v -0.014013 0.079907 0.004421
v -0.015016 0.077489 0.004421
v -0.014755 0.078795 0.004421
v -0.015018 0.077489 0.001896
v -0.014758 0.078795 0.001896
v -0.015022 0.076092 0.001896
v -0.014018 0.076092 0.001896
v -0.015038 0.056636 0.001903
v -0.014038 0.056632 0.001903
v -0.014016 0.079907 0.001896
v -0.015044 0.056632 -0.002462
v -0.015024 0.076092 -0.002462
v -0.014042 0.056632 -0.002462
v -0.014025 0.076088 -0.002462
v -0.014018 0.079907 -0.002462
v -0.015022 0.077489 -0.002462
v -0.014760 0.078795 -0.002462
v -0.015024 0.077489 -0.004986
v -0.014764 0.078795 -0.004986
v -0.015027 0.076092 -0.004986
v -0.014025 0.076088 -0.004986
v -0.015044 0.056632 -0.004979
v -0.014045 0.056632 -0.004979
v -0.014022 0.079902 -0.004986
v -0.015050 0.056632 -0.009344
v -0.015029 0.076088 -0.009344
v -0.014047 0.056632 -0.009344
v -0.014030 0.076088 -0.009344
v -0.014025 0.079902 -0.009351
v -0.015027 0.077489 -0.009344
v -0.014767 0.078795 -0.009344
v -0.015029 0.077489 -0.011869
v -0.014769 0.078795 -0.011869
v -0.015033 0.076088 -0.011869
v -0.014030 0.076088 -0.011869
v -0.015050 0.056632 -0.011862
v -0.014051 0.056632 -0.011862
v -0.014027 0.079902 -0.011869
v -0.015055 0.056632 -0.016227
v -0.015035 0.076088 -0.016227
v -0.014056 0.056628 -0.016227
v -0.014036 0.076088 -0.016234
v -0.014030 0.079902 -0.016234
v -0.015033 0.077489 -0.016227
v -0.014772 0.078795 -0.016234
v -0.015035 0.077489 -0.018751
v -0.014775 0.078795 -0.018751
v -0.015038 0.076088 -0.018751
v -0.014036 0.076088 -0.018751
v -0.015059 0.056632 -0.018744
v -0.014056 0.056628 -0.018744
v -0.014033 0.079902 -0.018751
v -0.015062 0.056628 -0.023109
v -0.015042 0.076088 -0.023109
v -0.014062 0.056628 -0.023109
v -0.014042 0.076088 -0.023116
v -0.014036 0.079902 -0.023116
v -0.015038 0.077489 -0.023116
v -0.014778 0.078795 -0.023116
v -0.015002 0.077493 0.022551
v -0.014740 0.078799 0.022551
v -0.015002 0.076096 0.022551
v -0.014001 0.076096 0.022551
v -0.015022 0.056636 0.022558
v -0.014022 0.056636 0.022551
v -0.013999 0.079907 0.022551
v -0.015027 0.056636 0.018192
v -0.015007 0.076096 0.018186
v -0.014025 0.056636 0.018192
v -0.014005 0.076092 0.018186
v -0.014001 0.079907 0.018186
v -0.015004 0.077493 0.018186
v -0.014743 0.078799 0.018186
v 0.011629 0.078769 0.011282
v 0.010887 0.079881 0.011282
v 0.011886 0.077463 0.011282
v 0.011884 0.076066 0.011282
v 0.010884 0.076066 0.011282
v 0.010864 0.056611 0.011282
v 0.011864 0.056611 0.011282
v 0.010893 0.079881 0.015647
v 0.010887 0.076066 0.015647
v 0.011632 0.078769 0.015647
v 0.011890 0.076066 0.015647
v 0.011890 0.077463 0.015647
v 0.011870 0.056611 0.015647
v 0.010869 0.056611 0.015647
v 0.010887 0.079881 0.008765
v 0.011626 0.078769 0.008758
v 0.010882 0.076066 0.008765
v 0.011884 0.076066 0.008765
v 0.011864 0.056606 0.008765
v 0.010864 0.056611 0.008765
v 0.011884 0.077463 0.008758
v 0.011620 0.078769 0.004400
v 0.010882 0.079881 0.004400
v 0.011881 0.077463 0.004400
v 0.011879 0.076066 0.004400
v 0.010878 0.076066 0.004400
v 0.010858 0.056611 0.004400
v 0.011858 0.056606 0.004400
v 0.010882 0.079881 0.001875
v 0.010875 0.076066 0.001882
v 0.011620 0.078769 0.001875
v 0.011879 0.076062 0.001875
v 0.011879 0.077463 0.001875
v 0.011858 0.056606 0.001882
v 0.010855 0.056606 0.001882
v 0.011615 0.078769 -0.002483
v 0.010875 0.079881 -0.002483
v 0.011875 0.077463 -0.002483
v 0.011872 0.076062 -0.002483
v 0.010873 0.076066 -0.002483
v 0.010853 0.056606 -0.002483
v 0.011852 0.056606 -0.002483
v 0.010875 0.079881 -0.005007
v 0.010869 0.076066 -0.005000
v 0.011615 0.078769 -0.005007
v 0.011872 0.076062 -0.005007
v 0.011872 0.077463 -0.005007
v 0.011852 0.056606 -0.005000
v 0.010849 0.056606 -0.005000
v 0.011609 0.078769 -0.009372
v 0.010869 0.079876 -0.009372
v 0.011870 0.077463 -0.009372
v 0.011866 0.076062 -0.009372
v 0.010867 0.076062 -0.009372
v 0.010847 0.056606 -0.009365
v 0.011846 0.056606 -0.009365
v 0.010869 0.079876 -0.011889
v 0.010864 0.076062 -0.011889
v 0.011609 0.078769 -0.011889
v 0.011864 0.076062 -0.011889
v 0.011866 0.077463 -0.011889
v 0.011846 0.056602 -0.011889
v 0.010844 0.056606 -0.011889
v 0.011603 0.078769 -0.016255
v 0.010864 0.079876 -0.016255
v 0.011864 0.077463 -0.016255
v 0.011861 0.076062 -0.016255
v 0.010862 0.076062 -0.016255
v 0.010842 0.056606 -0.016248
v 0.011841 0.056602 -0.016248
v 0.010864 0.079876 -0.018772
v 0.010858 0.076062 -0.018772
v 0.011603 0.078769 -0.018772
v 0.011858 0.076062 -0.018772
v 0.011861 0.077458 -0.018772
v 0.011841 0.056602 -0.018772
v 0.010838 0.056606 -0.018772
v 0.011597 0.078769 -0.023137
v 0.010858 0.079876 -0.023137
v 0.011858 0.077458 -0.023137
v 0.011855 0.076062 -0.023137
v 0.010855 0.076062 -0.023137
v 0.010835 0.056602 -0.023130
v 0.011835 0.056602 -0.023137
v 0.010899 0.079881 0.022530
v 0.010893 0.076071 0.022530
v 0.011637 0.078773 0.022530
v 0.011895 0.076066 0.022530
v 0.011895 0.077463 0.022530
v 0.011875 0.056611 0.022530
v 0.010875 0.056611 0.022530
v 0.011635 0.078773 0.018165
v 0.010893 0.079881 0.018165
v 0.011892 0.077463 0.018165
v 0.011890 0.076066 0.018165
v 0.010890 0.076071 0.018165
v 0.010869 0.056611 0.018172
v 0.011872 0.056611 0.018165
v -0.012512 0.060459 -0.031554
v -0.013489 0.060459 -0.031358
v -0.011988 0.060459 -0.031554
v -0.013481 0.060464 0.022558
v -0.011979 0.060459 0.022558
v 0.008756 0.060438 -0.031568
v 0.009280 0.060438 -0.031568
v 0.008768 0.060442 0.022544
v 0.010265 0.060438 0.022544
v 0.010257 0.060438 -0.031379
v -0.012515 0.058404 -0.031554
v -0.013492 0.058408 -0.031358
v -0.011991 0.058404 -0.031554
v -0.011982 0.058408 0.022558
v -0.013481 0.058408 0.022558
v -0.008789 0.066429 0.053442
v -0.008785 0.066429 0.058413
v -0.007697 0.080376 0.053442
v -0.007695 0.080376 0.058406
v -0.007972 0.080376 0.058685
v -0.009052 0.066713 0.058685
v -0.009954 0.079295 0.058685
v -0.010128 0.065567 0.058692
v -0.008510 0.066425 0.053163
v -0.007420 0.080368 0.053163
v -0.007407 0.080648 0.053442
v -0.001355 0.080570 0.053435
v -0.007402 0.080648 0.058685
v -0.007682 0.080652 0.058964
v -0.008851 0.080389 0.058685
v -0.008963 0.080669 0.058964
v -0.010229 0.079411 0.058964
v -0.010410 0.065291 0.058971
v -0.010381 0.065295 0.092177
v -0.010203 0.079415 0.092170
v -0.008937 0.080674 0.092170
v -0.007654 0.080657 0.092170
v -0.007666 0.080376 0.092449
v -0.008823 0.080394 0.092449
v -0.009926 0.079299 0.092449
v -0.010103 0.065291 0.092456
v -0.001359 0.080290 0.053156
v -0.001326 0.080299 0.092442
v -0.001324 0.080575 0.092170
v 0.005012 0.080217 0.092442
v 0.005010 0.080493 0.092163
v 0.006267 0.080200 0.092442
v 0.006387 0.080475 0.092156
v 0.007341 0.079075 0.092435
v 0.007619 0.079187 0.092156
v 0.007304 0.076174 0.092442
v 0.007582 0.076170 0.092156
v 0.007553 0.076165 0.058950
v 0.007593 0.079187 0.058950
v 0.007313 0.079075 0.058671
v 0.006238 0.080195 0.058671
v 0.006001 0.066239 0.058678
v 0.007275 0.076170 0.058671
v 0.006358 0.080475 0.058950
v 0.004981 0.080493 0.058957
v 0.005264 0.080208 0.058671
v 0.004984 0.080213 0.058399
v 0.005719 0.066244 0.058399
v 0.005717 0.066244 0.053428
v 0.004981 0.080213 0.053428
v 0.004702 0.080493 0.058678
v -0.001350 0.080570 0.058678
v 0.004697 0.080493 0.053428
v 0.004702 0.080217 0.053149
v 0.005436 0.066248 0.053149
v -0.006357 0.062481 -0.031505
v -0.005240 0.062136 -0.031505
v -0.006354 0.063903 -0.031505
v -0.003770 0.062520 -0.031505
v -0.001570 0.063899 -0.031505
v -0.004383 0.060972 -0.031505
v -0.001575 0.060102 -0.031505
v -0.004386 0.060106 -0.031505
v -0.004793 0.061882 -0.031505
v -0.004492 0.061472 -0.031505
v 0.001463 0.060102 -0.031512
v 0.001466 0.063895 -0.031512
v -0.001564 0.072235 -0.031512
v 0.006665 0.063890 -0.031519
v -0.011581 0.060110 -0.031498
v -0.010628 0.060110 -0.031498
v -0.011579 0.063908 -0.031498
v -0.010621 0.063908 -0.031505
v -0.011570 0.072248 -0.031505
v -0.001559 0.076303 -0.031512
v 0.008444 0.072226 -0.031519
v 0.004382 0.076299 -0.031519
v 0.005636 0.076096 -0.031519
v 0.006771 0.075519 -0.031519
v 0.007670 0.074618 -0.031519
v 0.008246 0.073485 -0.031519
v -0.011369 0.073506 -0.031505
v -0.010791 0.074635 -0.031505
v -0.009891 0.075536 -0.031505
v -0.008757 0.076114 -0.031505
v -0.007499 0.076312 -0.031505
v 0.008435 0.063886 -0.031519
v 0.008432 0.060093 -0.031519
v 0.006659 0.060093 -0.031519
v 0.006092 0.056270 0.026567
v 0.005825 0.057955 0.026574
v 0.000644 0.056270 0.026818
v 0.005050 0.059472 0.026574
v 0.003846 0.060679 0.026574
v 0.002326 0.061451 0.026581
v 0.000644 0.061718 0.026581
v -0.001040 0.061451 0.026581
v -0.002559 0.060679 0.026574
v -0.003765 0.059472 0.026574
v -0.004538 0.057955 0.026574
v -0.004804 0.056270 0.026567
v -0.002796 0.056184 0.054453
v 0.000644 0.056223 0.054941
v -0.002630 0.057240 0.054453
v -0.002143 0.058197 0.054453
v -0.001384 0.058955 0.054453
v -0.000428 0.059442 0.054453
v 0.000633 0.059610 0.054453
v 0.001692 0.059442 0.054453
v 0.002650 0.058955 0.054453
v 0.003408 0.058197 0.054453
v 0.003896 0.057240 0.054453
v 0.004061 0.056184 0.054453
v -0.011630 0.070028 0.042828
v -0.010392 0.070032 0.058734
v -0.010636 0.063261 0.055415
v -0.010392 0.068080 0.060840
v -0.010636 0.060136 0.058832
v -0.010392 0.066938 0.062332
v -0.010636 0.058029 0.062088
v -0.010392 0.066218 0.064069
v -0.010636 0.057231 0.066049
v -0.010392 0.065972 0.065930
v -0.010636 0.056826 0.069068
v -0.010375 0.065976 0.085295
v -0.010636 0.056830 0.089207
v -0.010372 0.066222 0.087164
v -0.010636 0.057236 0.092219
v -0.010372 0.066942 0.088893
v -0.010636 0.058477 0.095434
v -0.010370 0.068084 0.090392
v -0.010636 0.060494 0.098258
v -0.010366 0.069575 0.091529
v -0.010636 0.063192 0.100489
v -0.010364 0.071312 0.092254
v -0.010636 0.066412 0.101933
v -0.010361 0.073174 0.092498
v -0.010636 0.069502 0.102414
v -0.010361 0.074148 0.092498
v -0.010636 0.070894 0.102428
v -0.010359 0.077273 0.092491
v -0.010636 0.074019 0.102428
v -0.010359 0.077273 0.109512
v -0.010083 0.078743 0.092491
v -0.010083 0.078743 0.109512
v 0.006499 0.054425 0.134497
v 0.006499 0.050077 0.194019
v 0.006499 0.050072 0.134497
v 0.006215 0.047917 0.194019
v 0.006215 0.047913 0.134497
v 0.005378 0.045909 0.194019
v 0.005382 0.045900 0.134497
v 0.004055 0.044180 0.194019
v 0.004055 0.044172 0.134497
v 0.002326 0.042853 0.194019
v 0.002326 0.042844 0.134497
v 0.000314 0.042021 0.194019
v 0.000314 0.042012 0.134497
v -0.001370 0.041793 0.134497
v -0.001370 0.041797 0.194019
v -0.003904 0.042021 0.194019
v -0.003904 0.042012 0.134497
v -0.005918 0.042844 0.134497
v -0.005918 0.042853 0.194019
v -0.007645 0.044172 0.134497
v -0.007645 0.044180 0.194019
v -0.008972 0.045900 0.134497
v -0.008972 0.045909 0.194019
v -0.009805 0.047913 0.134497
v -0.009805 0.047917 0.194019
v -0.010089 0.050072 0.134497
v -0.010089 0.050077 0.194019
v -0.010089 0.054425 0.134497
v -0.010089 0.054430 0.194019
v -0.010089 0.056193 0.194019
v -0.010089 0.056184 0.134497
v 0.006499 0.054430 0.194019
v 0.006499 0.056193 0.194019
v 0.006499 0.056184 0.134497
v 0.010188 0.052477 0.085867
v 0.010188 0.053546 0.082192
v 0.010186 0.043202 0.083147
v 0.010186 0.044228 0.079465
v 0.010188 0.052477 0.085867
v 0.010186 0.043202 0.083147
v 0.012001 0.052477 0.085867
v 0.012001 0.043202 0.083147
v 0.010186 0.044228 0.079465
v 0.010188 0.053546 0.082192
v 0.012001 0.044228 0.079465
v 0.012001 0.053546 0.082192
v 0.012317 0.046137 0.083754
v 0.010188 0.046137 0.083754
v 0.013288 0.046913 0.083977
v 0.010188 0.046913 0.083977
v 0.012317 0.047684 0.084207
v 0.010188 0.047684 0.084207
v 0.013288 0.048460 0.084430
v 0.010188 0.048460 0.084430
v 0.012317 0.049232 0.084660
v 0.010188 0.049232 0.084660
v 0.013288 0.050008 0.084883
v 0.010188 0.050008 0.084883
v 0.012317 0.050779 0.085106
v 0.010188 0.050779 0.085106
v 0.013288 0.051555 0.085337
v 0.010188 0.051555 0.085337
v 0.012317 0.052326 0.085560
v 0.010188 0.052326 0.085560
v 0.010188 0.053262 0.082373
v 0.012317 0.053262 0.082373
v 0.010188 0.052326 0.085560
v 0.012317 0.052326 0.085560
v 0.013288 0.051555 0.085337
v 0.013288 0.052486 0.082143
v 0.012317 0.053262 0.082373
v 0.010188 0.053262 0.082373
v 0.013288 0.052486 0.082143
v 0.010188 0.052486 0.082143
v 0.012317 0.051714 0.081920
v 0.010188 0.051714 0.081920
v 0.013288 0.050939 0.081690
v 0.010188 0.050939 0.081690
v 0.012317 0.050167 0.081466
v 0.010188 0.050167 0.081466
v 0.013288 0.049391 0.081236
v 0.010188 0.049391 0.081236
v 0.012317 0.048620 0.081013
v 0.010188 0.048620 0.081013
v 0.013288 0.047848 0.080783
v 0.010188 0.047848 0.080783
v 0.012317 0.047072 0.080560
v 0.010188 0.047072 0.080560
v 0.010188 0.046137 0.083754
v 0.012317 0.046137 0.083754
v 0.010188 0.047072 0.080560
v 0.012317 0.047072 0.080560
v 0.013288 0.047848 0.080783
v 0.013288 0.046913 0.083977
v 0.012317 0.047684 0.084207
v 0.012317 0.048620 0.081013
v 0.013288 0.046913 0.083977
v 0.013288 0.047848 0.080783
v 0.013288 0.048460 0.084430
v 0.013288 0.049391 0.081236
v 0.012317 0.047684 0.084207
v 0.012317 0.048620 0.081013
v 0.012317 0.049232 0.084660
v 0.012317 0.050167 0.081466
v 0.013288 0.048460 0.084430
v 0.013288 0.049391 0.081236
v 0.013288 0.050008 0.084883
v 0.013288 0.050939 0.081690
v 0.012317 0.049232 0.084660
v 0.012317 0.050167 0.081466
v 0.012317 0.050779 0.085106
v 0.012317 0.051714 0.081920
v 0.013288 0.050008 0.084883
v 0.013288 0.050939 0.081690
v 0.013288 0.051555 0.085337
v 0.013288 0.052486 0.082143
v 0.012317 0.050779 0.085106
v 0.012317 0.051714 0.081920
v 0.007329 0.025069 0.054209
v 0.006461 0.000881 0.047438
v 0.006538 0.021229 0.053644
v 0.006083 0.003429 0.050136
v 0.006146 0.017492 0.054432
v 0.006083 0.004920 0.053532
v 0.006146 0.013618 0.056189
v 0.006083 0.005174 0.057235
v 0.006146 0.011187 0.059069
v 0.006115 0.004166 0.060861
v 0.007203 -0.001709 0.045994
v -0.010753 -0.001744 0.045925
v -0.010077 0.000881 0.047438
v -0.009665 0.003429 0.050088
v -0.009703 0.004920 0.053532
v 0.006083 0.004920 0.053532
v 0.006083 0.005174 0.057235
v -0.009703 0.005174 0.057235
v -0.009719 0.004166 0.060861
v 0.006115 0.004166 0.060861
v 0.006083 0.003442 0.065177
v -0.009703 0.003442 0.065177
v 0.006083 0.003373 0.112378
v -0.009703 0.003373 0.112378
v 0.006146 0.009670 0.062548
v 0.006146 0.008941 0.066921
v 0.006083 0.003442 0.065177
v 0.006146 0.008881 0.091605
v 0.006146 0.003373 0.091605
v 0.006146 0.009713 0.095580
v 0.006083 0.003373 0.112378
v 0.006083 0.006312 0.113166
v 0.006146 0.011575 0.099192
v 0.006146 0.014329 0.102184
v 0.006083 0.010144 0.111388
v 0.006146 0.017785 0.104324
v 0.006083 0.015130 0.110921
v 0.006146 0.021686 0.105468
v 0.006146 0.019255 0.110963
v 0.006146 0.026319 0.105482
v 0.006146 0.026720 0.110963
v 0.006083 0.030487 0.111353
v 0.006146 0.030030 0.105398
v 0.006083 0.033953 0.112832
v 0.006146 0.033491 0.104073
v 0.006083 0.036763 0.116025
v 0.006146 0.036302 0.101654
v 0.006439 0.038616 0.119365
v 0.006513 0.038133 0.098432
v 0.005525 0.059576 -0.031728
v -0.001370 0.059576 -0.031728
v 0.005525 0.059576 -0.019016
v -0.001370 0.059576 -0.019016
v -0.009118 0.059576 -0.019016
v -0.009118 0.059576 -0.031728
v 0.006146 0.008881 0.091605
v 0.006146 0.008941 0.066921
v -0.001370 0.008881 0.091605
v -0.001370 0.008941 0.066921
v 0.006146 0.009670 0.062548
v -0.001370 0.009670 0.062548
v 0.006146 0.011187 0.059069
v -0.001370 0.011187 0.059069
v 0.006146 0.013618 0.056189
v 0.006146 0.009713 0.095580
v -0.001370 0.009713 0.095580
v 0.006146 0.011575 0.099192
v -0.001370 0.011575 0.099192
v 0.006146 0.014329 0.102184
v -0.001370 0.014329 0.102184
v 0.006146 0.017785 0.104324
v -0.001370 0.017785 0.104324
v 0.006146 0.021686 0.105468
v -0.001370 0.021686 0.105468
v 0.006146 0.026319 0.105482
v -0.001370 0.026319 0.105482
v 0.006146 0.030030 0.105398
v -0.001370 0.030030 0.105398
v 0.006146 0.033491 0.104073
v -0.001370 0.033491 0.104073
v 0.006146 0.036302 0.101654
v -0.001370 0.036302 0.101654
v -0.001370 0.038133 0.098432
v -0.009740 0.036302 0.101654
v -0.009740 0.033491 0.104073
v -0.009740 0.030030 0.105398
v -0.009740 0.026319 0.105482
v -0.009740 0.021686 0.105468
v -0.009740 0.017785 0.104324
v -0.009740 0.014329 0.102184
v -0.009740 0.011575 0.099192
v -0.009740 0.009713 0.095580
v -0.009740 0.008881 0.091605
v -0.009740 0.008941 0.066921
v -0.009740 0.009670 0.062548
v -0.009740 0.011187 0.059069
v -0.009740 0.013618 0.056189
v -0.001370 0.013618 0.056189
v -0.009740 0.017492 0.054432
v -0.001370 0.017492 0.054432
v -0.001370 0.021229 0.053644
v 0.006146 0.017492 0.054432
v 0.006538 0.021229 0.053644
v -0.001370 0.025069 0.054209
v 0.007329 0.025069 0.054209
v 0.006513 0.038133 0.098432
v -0.010128 0.021229 0.053644
v -0.010920 0.025069 0.054209
v 0.008423 0.056167 -0.019016
v 0.008423 0.058563 -0.019016
v 0.008484 0.056162 -0.031728
v 0.008484 0.058563 -0.031728
v -0.012475 0.060511 -0.031728
v -0.013615 0.060511 -0.030438
v -0.013615 0.058563 -0.030438
v -0.012475 0.058563 -0.031728
v -0.012475 0.058563 -0.031728
v -0.009118 0.060511 -0.031728
v -0.009118 0.059576 -0.031728
v -0.001370 0.058563 -0.031728
v -0.001370 0.059576 -0.031728
v 0.005525 0.059576 -0.031728
v 0.008484 0.058563 -0.031728
v 0.005525 0.060511 -0.031728
v 0.008484 0.060511 -0.031728
v 0.010022 0.058563 -0.030438
v 0.010022 0.060511 -0.030438
v 0.008484 0.056162 -0.031728
v -0.001370 0.056162 -0.031728
v -0.012475 0.056162 -0.031728
v 0.008423 0.058563 -0.019016
v 0.010022 0.058563 -0.019016
v 0.008484 0.058563 -0.031728
v 0.010022 0.058563 -0.030438
v 0.005525 0.060511 -0.031728
v 0.008484 0.060511 -0.031728
v 0.005525 0.060511 -0.019016
v 0.008423 0.060511 -0.019016
v 0.010022 0.060511 -0.030438
v 0.010022 0.060511 -0.019016
v 0.005525 0.059576 -0.031728
v 0.005525 0.059576 -0.019016
v 0.005525 0.060511 -0.031728
v 0.005525 0.060511 -0.019016
v 0.010022 0.060511 -0.019016
v 0.010022 0.058563 -0.019016
v 0.010022 0.060511 -0.030438
v 0.010022 0.058563 -0.030438
v -0.008333 -0.033332 -0.030285
v -0.005067 -0.033026 -0.030773
v -0.008333 -0.035603 -0.025996
v -0.005067 -0.035362 -0.026470
v -0.001370 -0.035289 -0.026603
v -0.001370 -0.032970 -0.030905
v 0.001475 -0.033026 -0.030773
v 0.001475 -0.035362 -0.026470
v 0.004740 -0.035603 -0.025996
v 0.004740 -0.033332 -0.030285
v 0.007894 -0.036000 -0.025208
v 0.007894 -0.033767 -0.029490
v 0.010878 -0.036547 -0.024134
v 0.010878 -0.034397 -0.028395
v 0.013651 -0.035746 -0.025362
v 0.010935 -0.037086 -0.023444
v 0.014292 -0.038349 -0.021073
v 0.010985 -0.038780 -0.020397
v 0.010985 -0.038780 -0.020397
v 0.014244 -0.037496 -0.018075
v 0.010928 -0.037991 -0.017824
v 0.013931 -0.028087 -0.010990
v 0.010999 -0.028393 -0.010774
v 0.013946 -0.026988 -0.007894
v 0.011013 -0.027337 -0.007803
v 0.013869 -0.036884 0.023241
v 0.011122 -0.037146 0.023157
v 0.013757 -0.039659 0.032466
v 0.011013 -0.039961 0.032376
v 0.013402 -0.040112 0.034719
v 0.010658 -0.040629 0.034565
v 0.010990 -0.040676 0.036553
v 0.009922 -0.041189 0.034900
v 0.008002 -0.041297 0.038596
v 0.007163 -0.041814 0.036936
v 0.004852 -0.041672 0.039830
v 0.004250 -0.042189 0.038170
v 0.001558 0.075217 0.194759
v 0.002689 0.074049 0.194766
v 0.001509 0.075135 0.052033
v 0.002643 0.073972 0.052033
v 0.003408 0.072588 0.194766
v 0.003359 0.072510 0.052033
v 0.003637 0.070980 0.194766
v 0.003588 0.070898 0.052033
v 0.003359 0.069377 0.194766
v 0.003311 0.069299 0.052033
v 0.002600 0.067942 0.194766
v 0.002551 0.067860 0.052033
v 0.001432 0.066808 0.194766
v 0.001386 0.066726 0.052033
v -0.000027 0.066093 0.194766
v -0.000075 0.066011 0.052040
v -0.001370 0.065826 0.052040
v -0.001370 0.065899 0.194773
v -0.002710 0.066093 0.194766
v -0.002662 0.066011 0.052040
v -0.004122 0.066726 0.052033
v -0.004171 0.066808 0.194766
v -0.005288 0.067860 0.052033
v -0.005337 0.067942 0.194766
v -0.006047 0.069299 0.052033
v -0.006096 0.069377 0.194766
v -0.006328 0.070898 0.052033
v -0.006374 0.070980 0.194766
v -0.006096 0.072510 0.052033
v -0.006145 0.072588 0.194766
v -0.005380 0.073972 0.052033
v -0.005428 0.074049 0.194766
v -0.004248 0.075135 0.052033
v -0.004298 0.075217 0.194759
v -0.002810 0.075894 0.052033
v -0.002859 0.075976 0.194759
v -0.001370 0.076234 0.194766
v -0.001370 0.076148 0.052033
v 0.000072 0.075894 0.052033
v 0.000120 0.075976 0.194759
v 0.001558 0.075217 0.194759
v 0.001509 0.075135 0.052033
v 0.006461 0.073532 0.194759
v 0.005628 0.073273 0.195051
v 0.006834 0.070933 0.194766
v 0.005963 0.070946 0.195051
v 0.006387 0.068343 0.194766
v 0.005559 0.068627 0.195058
v 0.005158 0.066024 0.194766
v 0.004460 0.066545 0.195058
v 0.003273 0.064192 0.194766
v 0.002772 0.064908 0.195058
v 0.000916 0.063037 0.194773
v 0.000658 0.063869 0.195058
v -0.001370 0.062709 0.194773
v 0.004321 0.072873 0.195051
v 0.004594 0.070963 0.195051
v 0.003408 0.072588 0.194766
v 0.003637 0.070980 0.194766
v 0.004264 0.069067 0.195058
v 0.003359 0.069377 0.194766
v 0.003365 0.067369 0.195058
v 0.002600 0.067942 0.194766
v 0.001985 0.066028 0.195058
v 0.001432 0.066808 0.194766
v 0.000255 0.065179 0.195058
v -0.000027 0.066093 0.194766
v -0.001370 0.063580 0.195058
v -0.001370 0.064942 0.195058
v -0.002994 0.065179 0.195058
v -0.002710 0.066093 0.194766
v -0.004171 0.066808 0.194766
v -0.003398 0.063869 0.195058
v -0.001370 0.065899 0.194773
v -0.003655 0.063037 0.194773
v -0.005509 0.064908 0.195058
v -0.004721 0.066028 0.195058
v -0.006104 0.067369 0.195058
v -0.005337 0.067942 0.194766
v -0.006096 0.069377 0.194766
v -0.006013 0.064192 0.194766
v -0.007198 0.066545 0.195058
v -0.007898 0.066024 0.194766
v -0.008299 0.068627 0.195058
v -0.007001 0.069067 0.195058
v -0.007334 0.070963 0.195051
v -0.006374 0.070980 0.194766
v -0.006145 0.072588 0.194766
v -0.009124 0.068343 0.194766
v -0.008699 0.070946 0.195051
v -0.009573 0.070933 0.194766
v -0.008367 0.073273 0.195051
v -0.007059 0.072873 0.195051
v -0.006211 0.074601 0.195051
v -0.005428 0.074049 0.194766
v -0.004298 0.075217 0.194759
v -0.009201 0.073532 0.194759
v -0.007330 0.075390 0.195051
v -0.008043 0.075890 0.194759
v -0.005689 0.077075 0.195051
v -0.004870 0.075980 0.195051
v -0.003169 0.076881 0.195051
v -0.002859 0.075976 0.194759
v -0.001370 0.076234 0.194766
v -0.006213 0.077773 0.194759
v -0.003609 0.078174 0.195051
v -0.003893 0.079001 0.194759
v -0.001370 0.079441 0.194759
v -0.001370 0.078566 0.195051
v -0.001370 0.077191 0.195051
v 0.000429 0.076881 0.195051
v 0.000120 0.075976 0.194759
v 0.002133 0.075980 0.195051
v 0.001558 0.075217 0.194759
v 0.003474 0.074601 0.195051
v 0.002689 0.074049 0.194766
v 0.004321 0.072873 0.195051
v 0.003408 0.072588 0.194766
v 0.005628 0.073273 0.195051
v 0.004591 0.075390 0.195051
v 0.002952 0.077075 0.195051
v 0.000873 0.078174 0.195051
v 0.001153 0.079001 0.194759
v 0.003476 0.077773 0.194759
v 0.005305 0.075890 0.194759
v 0.006461 0.073532 0.194759
v 0.006441 0.073497 0.133723
v 0.006461 0.073532 0.194759
v 0.006814 0.070898 0.133723
v 0.006834 0.070933 0.194766
v 0.006364 0.068308 0.133730
v 0.006387 0.068343 0.194766
v 0.005138 0.065989 0.133730
v 0.005158 0.066024 0.194766
v 0.003253 0.064158 0.133730
v 0.003273 0.064192 0.194766
v 0.000896 0.063002 0.133730
v 0.000916 0.063037 0.194773
v -0.001370 0.062709 0.194773
v -0.001370 0.062679 0.133730
v -0.003633 0.063002 0.133730
v -0.003655 0.063037 0.194773
v -0.006013 0.064192 0.194766
v -0.005989 0.064158 0.133730
v -0.007898 0.066024 0.194766
v -0.007875 0.065989 0.133730
v -0.009124 0.068343 0.194766
v -0.009104 0.068308 0.133730
v -0.009573 0.070933 0.194766
v -0.009553 0.070898 0.133723
v -0.009201 0.073532 0.194759
v -0.009181 0.073497 0.133723
v -0.008043 0.075890 0.194759
v -0.008023 0.075855 0.133723
v -0.006213 0.077773 0.194759
v -0.006193 0.077739 0.133723
v -0.003893 0.079001 0.194759
v -0.003871 0.078967 0.133723
v -0.001370 0.079402 0.133723
v -0.001370 0.079441 0.194759
v 0.001153 0.079001 0.194759
v 0.001134 0.078967 0.133723
v 0.003456 0.077739 0.133723
v 0.003476 0.077773 0.194759
v 0.005284 0.075855 0.133723
v 0.005305 0.075890 0.194759
v 0.006441 0.073497 0.133723
v 0.006461 0.073532 0.194759
v 0.005299 0.070877 0.052033
v 0.004992 0.073015 0.052033
v 0.006415 0.073454 0.053170
v 0.005259 0.075812 0.053170
v 0.006789 0.070851 0.053170
v 0.004929 0.068743 0.052033
v 0.006338 0.068265 0.053177
v 0.003921 0.066834 0.052033
v 0.005109 0.065942 0.053177
v 0.002368 0.065330 0.052040
v 0.003225 0.064114 0.053177
v 0.000429 0.064377 0.052040
v 0.000867 0.062955 0.053177
v -0.001370 0.062636 0.053184
v -0.001370 0.064123 0.052040
v -0.000075 0.066011 0.052040
v 0.001386 0.066726 0.052033
v 0.002551 0.067860 0.052033
v 0.003311 0.069299 0.052033
v 0.003588 0.070898 0.052033
v 0.003359 0.072510 0.052033
v 0.004041 0.074950 0.052033
v 0.002643 0.073972 0.052033
v 0.002534 0.076506 0.052026
v 0.001509 0.075135 0.052033
v 0.000624 0.077514 0.052026
v 0.000072 0.075894 0.052033
v -0.001370 0.076148 0.052033
v -0.001370 0.077859 0.052033
v 0.001105 0.078924 0.053170
v -0.001370 0.079351 0.053170
v -0.003845 0.078924 0.053170
v -0.003363 0.077514 0.052026
v -0.002810 0.075894 0.052033
v -0.004248 0.075135 0.052033
v -0.005274 0.076506 0.052026
v -0.005380 0.073972 0.052033
v 0.003428 0.077695 0.053170
v -0.006165 0.077695 0.053170
v -0.006777 0.074950 0.052033
v -0.007995 0.075812 0.053170
v -0.007731 0.073015 0.052033
v -0.009152 0.073454 0.053170
v -0.008035 0.070877 0.052033
v -0.009525 0.070851 0.053170
v -0.006096 0.072510 0.052033
v -0.006328 0.070898 0.052033
v -0.006047 0.069299 0.052033
v -0.007666 0.068743 0.052033
v -0.005288 0.067860 0.052033
v -0.006658 0.066834 0.052033
v -0.004122 0.066726 0.052033
v -0.005108 0.065330 0.052040
v -0.007849 0.065942 0.053177
v -0.005964 0.064114 0.053177
v -0.003169 0.064377 0.052040
v -0.003607 0.062955 0.053177
v -0.002662 0.066011 0.052040
v -0.001370 0.065826 0.052040
v -0.009075 0.068265 0.053177
v 0.010781 0.079139 0.117246
v 0.010781 0.079139 0.051824
v 0.010781 0.040409 0.100134
v 0.010781 0.040409 0.051824
v 0.003606 0.037745 0.072297
v -0.001370 0.035728 0.070240
v -0.001370 0.037754 0.072290
v -0.006342 0.037745 0.072297
v -0.006342 0.035724 0.070240
v -0.001370 0.033349 0.068615
v -0.006339 0.033341 0.068622
v -0.001370 0.030694 0.067492
v -0.006337 0.030690 0.067499
v -0.001370 0.027871 0.066907
v -0.006334 0.027867 0.066907
v -0.001370 0.024992 0.066879
v -0.006331 0.024988 0.066886
v -0.001370 0.022160 0.067423
v -0.006325 0.022156 0.067423
v -0.001370 0.019488 0.068497
v -0.006322 0.019484 0.068503
v -0.001370 0.017079 0.070079
v -0.006317 0.017074 0.070086
v -0.001370 0.015027 0.072102
v -0.006311 0.015023 0.072109
v -0.001370 0.013406 0.074479
v -0.006308 0.013398 0.074486
v -0.001370 0.012281 0.077136
v -0.006305 0.012273 0.077143
v 0.003566 0.012273 0.077143
v 0.003571 0.013398 0.074486
v 0.003574 0.015023 0.072109
v 0.003580 0.017074 0.070086
v 0.003583 0.019484 0.068503
v 0.003588 0.022156 0.067423
v 0.003592 0.024988 0.066886
v 0.003597 0.027867 0.066907
v 0.003601 0.030690 0.067499
v 0.003603 0.033341 0.068622
v 0.003603 0.035724 0.070240
v 0.003626 0.047422 0.064410
v 0.003606 0.037745 0.072297
v 0.003623 0.043698 0.060617
v 0.003603 0.035724 0.070240
v 0.003623 0.038310 0.052926
v 0.003603 0.033341 0.068622
v 0.003614 0.034405 0.055554
v 0.003601 0.030690 0.067499
v 0.003606 0.028768 0.058553
v 0.003597 0.027867 0.066907
v 0.003597 0.024320 0.059180
v 0.003592 0.024988 0.066886
v 0.003592 0.020229 0.060728
v 0.003588 0.022156 0.067423
v 0.003586 0.016669 0.063009
v 0.003583 0.019484 0.068503
v 0.003577 0.013876 0.066007
v 0.003580 0.017074 0.070086
v 0.003571 0.011963 0.069452
v 0.003574 0.015023 0.072109
v 0.003568 0.010639 0.072890
v 0.003571 0.013398 0.074486
v 0.003563 0.009777 0.076272
v 0.003566 0.012273 0.077143
v 0.003566 0.012273 0.077143
v -0.001370 0.012281 0.077136
v 0.003563 0.009777 0.076272
v -0.001370 0.009782 0.076265
v -0.006302 0.009777 0.076272
v -0.006305 0.012273 0.077143
v 0.004643 0.065558 0.025703
v 0.003912 0.067446 0.026714
v 0.005576 0.065593 0.025591
v 0.004846 0.067485 0.026602
v 0.004445 0.068515 0.027439
v 0.003511 0.068476 0.027550
v 0.004182 0.069192 0.028617
v 0.003247 0.069157 0.028729
v 0.004090 0.069424 0.029984
v 0.003156 0.069394 0.030096
v 0.004099 0.069368 0.044927
v 0.003165 0.069394 0.044816
v 0.003253 0.069170 0.046203
v 0.004187 0.069136 0.046315
v 0.003511 0.068515 0.047417
v 0.004445 0.068481 0.047535
v 0.004840 0.067481 0.048442
v 0.003907 0.067515 0.048330
v 0.005310 0.063425 0.050889
v 0.006243 0.063386 0.051001
v 0.007733 0.055236 0.056001
v 0.008667 0.055201 0.056112
v 0.008667 0.055201 0.056112
v 0.008235 0.055093 0.057660
v 0.007733 0.055236 0.056001
v 0.007432 0.055128 0.057221
v 0.007077 0.054981 0.058881
v 0.006611 0.055029 0.058127
v 0.005611 0.054934 0.059348
v 0.005485 0.055016 0.058420
v -0.001370 0.054921 0.059355
v -0.001370 0.055007 0.058427
v -0.008221 0.055016 0.058420
v -0.008351 0.054934 0.059348
v -0.009347 0.055029 0.058127
v -0.009817 0.054981 0.058881
v -0.010172 0.055128 0.057221
v -0.010971 0.055093 0.057660
v -0.010473 0.055236 0.056001
v -0.011407 0.055201 0.056112
v 0.004643 0.065558 0.025703
v 0.004341 0.065554 0.024468
v 0.005576 0.065593 0.025591
v 0.005141 0.065705 0.024043
v 0.003517 0.065554 0.023562
v 0.003984 0.065808 0.022816
v 0.002391 0.065550 0.023234
v 0.002518 0.065856 0.022348
v -0.001370 0.065847 0.022348
v -0.001370 0.065550 0.023234
v 0.001501 -0.040620 0.035472
v 0.001552 -0.050818 0.032857
v -0.001370 -0.040694 0.035688
v -0.001370 -0.050896 0.033073
v 0.001560 -0.053383 0.033805
v -0.001370 -0.053460 0.034021
v 0.001567 -0.055469 0.033164
v -0.001370 -0.055546 0.033387
v 0.004763 -0.040383 0.034726
v 0.004814 -0.050581 0.032111
v 0.007914 -0.039991 0.033492
v 0.004826 -0.053145 0.033059
v 0.004832 -0.055232 0.032425
v 0.007974 -0.052758 0.031825
v 0.007982 -0.054844 0.031190
v 0.010959 -0.052124 0.029789
v 0.010964 -0.054210 0.029147
v 0.013720 -0.050887 0.025765
v 0.013711 -0.048322 0.024817
v 0.010947 -0.049559 0.028840
v 0.007965 -0.050193 0.030877
v 0.010899 -0.039358 0.031448
v 0.013660 -0.038121 0.027432
v 0.013660 -0.038121 0.027432
v 0.013711 -0.048322 0.024817
v 0.013709 -0.026087 -0.011938
v 0.013711 -0.026768 -0.014379
v 0.013737 -0.030509 -0.018939
v 0.013751 -0.034569 -0.020181
v 0.013720 -0.050887 0.025765
v 0.013757 -0.036651 -0.020815
v 0.013726 -0.052973 0.025124
v 0.013766 -0.038737 -0.021457
v 0.010964 -0.054210 0.029147
v 0.010959 -0.052124 0.029789
v 0.013766 -0.038737 -0.021457
v 0.013757 -0.036651 -0.020815
v -0.001370 -0.038789 -0.021450
v -0.001370 -0.036703 -0.020808
v -0.016497 -0.036651 -0.020815
v -0.001370 -0.034621 -0.020174
v -0.016488 -0.034569 -0.020181
v -0.001370 -0.030565 -0.018932
v 0.013751 -0.034569 -0.020181
v 0.013737 -0.030509 -0.018939
v -0.001370 -0.026820 -0.014372
v 0.013711 -0.026768 -0.014379
v -0.016502 -0.038737 -0.021457
v -0.016477 -0.030509 -0.018939
v -0.016448 -0.026768 -0.014379
v 0.010297 0.056145 -0.020473
v 0.010320 0.079342 -0.020473
v 0.010357 0.056158 0.050143
v 0.010380 0.079351 0.050143
v 0.010360 0.056158 0.055792
v 0.010371 0.068256 0.055791
v 0.010437 0.056167 0.147069
v 0.010448 0.068269 0.147069
v 0.000994 0.085652 -0.022781
v 0.000990 0.083139 -0.023918
v 0.000999 0.085652 -0.019065
v 0.000996 0.083139 -0.017831
v 0.007003 0.085643 -0.019072
v 0.010747 0.079872 -0.016206
v 0.007000 0.085643 -0.022788
v 0.010738 0.079868 -0.025389
v 0.007000 0.085643 -0.022788
v 0.000994 0.085652 -0.022781
v 0.007003 0.085643 -0.019072
v 0.000999 0.085652 -0.019065
v 0.000999 0.085652 -0.019065
v 0.000996 0.083139 -0.017831
v 0.007003 0.085643 -0.019072
v 0.010747 0.079872 -0.016206
v -0.001370 0.079881 -0.016199
v -0.001370 0.083143 -0.017831
v -0.004277 0.083139 -0.017831
v -0.014027 0.079872 -0.016206
v -0.010284 0.085643 -0.019072
v -0.004277 0.085652 -0.019065
v 0.007000 0.085643 -0.022788
v 0.010738 0.079868 -0.025389
v 0.000994 0.085652 -0.022781
v 0.000990 0.083139 -0.023918
v -0.001370 0.079881 -0.025375
v -0.001370 0.083143 -0.023918
v -0.004271 0.083139 -0.023918
v -0.014018 0.079868 -0.025389
v -0.004274 0.085652 -0.022781
v -0.010280 0.085643 -0.022788
v 0.001346 0.085678 0.185401
v 0.001346 0.080907 0.190094
v 0.001343 0.085678 0.183302
v 0.001337 0.080907 0.182123
v 0.012231 0.049831 0.026742
v 0.015762 0.049831 0.026742
v 0.012231 0.049831 0.035876
v 0.015762 0.049831 0.035876
v 0.012231 0.049831 0.026742
v 0.012231 0.051068 0.025542
v 0.015762 0.049831 0.026742
v 0.015762 0.051068 0.025542
v 0.012231 0.052895 0.025138
v 0.015762 0.052895 0.025138
v 0.012231 0.054731 0.025542
v 0.015762 0.054731 0.025542
v 0.012231 0.055964 0.026742
v 0.015762 0.055964 0.026742
v 0.012231 0.055964 0.035876
v 0.012231 0.055964 0.026742
v 0.015762 0.055964 0.035876
v 0.015762 0.055964 0.026742
v 0.012231 0.049831 0.035876
v 0.012231 0.055964 0.035876
v 0.015762 0.049831 0.035876
v 0.015762 0.055964 0.035876
v 0.014911 0.046969 0.037613
v 0.013806 0.046969 0.040214
v 0.014911 0.047779 0.037613
v 0.013806 0.047779 0.040214
v 0.013806 0.047779 0.022767
v 0.013806 0.046969 0.022767
v 0.014911 0.047779 0.025200
v 0.014911 0.046969 0.025200
v 0.014911 0.047779 0.025200
v 0.014911 0.046969 0.025200
v 0.014911 0.047779 0.037613
v 0.014911 0.046969 0.037613
v 0.007329 0.025069 0.054209
v -0.001370 0.030974 0.056356
v 0.007338 0.030974 0.056356
v -0.001370 0.034362 0.058992
v 0.007338 0.034362 0.058992
v -0.001370 0.036685 0.062604
v 0.007338 0.036685 0.062604
v -0.001370 0.037685 0.066788
v 0.007338 0.037685 0.066788
v -0.001370 0.025069 0.054209
v -0.010920 0.025069 0.054209
v -0.010928 0.030974 0.056356
v -0.010928 0.034362 0.058992
v -0.010928 0.036685 0.062604
v -0.010928 0.037685 0.066788
v -0.001370 0.037840 0.070749
v -0.010928 0.037840 0.070749
v -0.001370 0.038771 0.095099
v -0.010928 0.038771 0.095099
v 0.007338 0.037840 0.070749
v 0.007338 0.038771 0.095099
v 0.007338 0.038771 0.095099
v -0.001370 0.038771 0.095099
v -0.010106 0.038133 0.098432
v -0.010928 0.038771 0.095099
v 0.008264 0.051986 0.090545
v 0.008264 0.041672 0.082094
v -0.001370 0.051986 0.090545
v -0.001370 0.041672 0.082094
v -0.011000 0.041672 0.082094
v -0.011000 0.051986 0.090545
v 0.010781 0.040409 0.051824
v 0.010781 0.040409 0.100134
v -0.001370 0.040409 0.051824
v -0.001370 0.040409 0.100134
v -0.013518 0.040409 0.100134
v -0.013518 0.040409 0.051824
v -0.006359 0.038310 0.052926
v -0.001370 0.038319 0.052919
v -0.006359 0.043698 0.060617
v -0.001370 0.043702 0.060617
v -0.006363 0.047422 0.064410
v -0.001370 0.047430 0.064403
v 0.003626 0.047422 0.064410
v 0.003623 0.043698 0.060617
v 0.003623 0.038310 0.052926
v 0.003614 0.034405 0.055554
v -0.001370 0.034414 0.055554
v 0.003623 0.038310 0.052926
v -0.001370 0.038319 0.052919
v -0.006359 0.038310 0.052926
v -0.006350 0.034405 0.055554
v -0.001370 0.028776 0.058546
v 0.003606 0.028768 0.058553
v -0.001370 0.024324 0.059180
v 0.003597 0.024320 0.059180
v -0.001370 0.020234 0.060721
v 0.003592 0.020229 0.060728
v -0.001370 0.016678 0.063009
v 0.003586 0.016669 0.063009
v -0.001370 0.013881 0.066007
v 0.003577 0.013876 0.066007
v -0.001370 0.011967 0.069445
v 0.003571 0.011963 0.069452
v -0.001370 0.010648 0.072883
v 0.003568 0.010639 0.072890
v -0.001370 0.009782 0.076265
v 0.003563 0.009777 0.076272
v -0.006302 0.009777 0.076272
v -0.006305 0.010639 0.072890
v -0.006311 0.011963 0.069452
v -0.006317 0.013876 0.066007
v -0.006322 0.016669 0.063009
v -0.006328 0.020229 0.060728
v -0.006337 0.024320 0.059180
v -0.006342 0.028768 0.058553
v 0.010297 0.056145 -0.020473
v -0.001370 0.056158 -0.020459
v 0.010320 0.079342 -0.020473
v -0.001370 0.079355 -0.020466
v -0.013056 0.079342 -0.020473
v -0.013034 0.056145 -0.020473
v 0.000990 0.083139 -0.023918
v -0.001370 0.083143 -0.023918
v 0.000996 0.083139 -0.017831
v -0.001370 0.083143 -0.017831
v -0.004277 0.083139 -0.017831
v -0.004271 0.083139 -0.023918
v 0.001346 0.085678 0.185401
v -0.001370 0.085682 0.185408
v 0.001346 0.080907 0.190094
v -0.001370 0.080911 0.190094
v -0.004082 0.080907 0.190094
v -0.004082 0.085678 0.185401
v 0.001343 0.085678 0.183302
v -0.001370 0.085682 0.183302
v 0.001346 0.085678 0.185401
v -0.001370 0.085682 0.185408
v -0.004082 0.085678 0.185401
v -0.004082 0.085678 0.183302
v 0.001337 0.080907 0.182123
v -0.001370 0.080907 0.182123
v 0.001343 0.085678 0.183302
v -0.001370 0.085682 0.183302
v -0.004082 0.085678 0.183302
v -0.004076 0.080907 0.182123
v -0.013778 0.044228 0.079465
v -0.013778 0.043202 0.083147
v -0.013778 0.053546 0.082192
v -0.013778 0.052477 0.085867
v -0.015592 0.043202 0.083147
v -0.015592 0.052477 0.085867
v -0.013778 0.043202 0.083147
v -0.013778 0.052477 0.085867
v -0.015592 0.053546 0.082192
v -0.015592 0.044228 0.079465
v -0.013778 0.053546 0.082192
v -0.013778 0.044228 0.079465
v -0.009740 0.011187 0.059069
v -0.009719 0.004166 0.060861
v -0.009740 0.009670 0.062548
v -0.009740 0.008941 0.066921
v -0.009703 0.003442 0.065177
v -0.009740 0.008881 0.091605
v -0.009740 0.003373 0.091605
v -0.009740 0.009713 0.095580
v -0.009703 0.003373 0.112378
v -0.009703 0.006312 0.113166
v -0.009740 0.011575 0.099192
v -0.009740 0.014329 0.102184
v -0.009703 0.010144 0.111388
v -0.009740 0.017785 0.104324
v -0.009703 0.015130 0.110921
v -0.009740 0.021686 0.105468
v -0.009740 0.019255 0.110963
v -0.009740 0.026319 0.105482
v -0.009740 0.026720 0.110963
v -0.009703 0.030487 0.111353
v -0.009740 0.030030 0.105398
v -0.009703 0.033953 0.112832
v -0.009740 0.033491 0.104073
v -0.009703 0.036763 0.116025
v -0.009740 0.036302 0.101654
v -0.010055 0.038616 0.119365
v -0.010106 0.038133 0.098432
v -0.009703 0.005174 0.057235
v -0.009740 0.013618 0.056189
v -0.009703 0.004920 0.053532
v -0.009740 0.017492 0.054432
v -0.009740 0.003429 0.050178
v -0.010128 0.021229 0.053644
v -0.010077 0.000881 0.047438
v -0.010920 0.025069 0.054209
v -0.010899 -0.001709 0.046043
v -0.010055 0.038616 0.119365
v -0.010106 0.038133 0.098432
v -0.010848 0.039237 0.123194
v -0.010928 0.038771 0.095099
v -0.012475 0.058563 -0.031728
v -0.012017 0.058563 -0.019016
v -0.012475 0.056162 -0.031728
v -0.012017 0.056167 -0.019016
v -0.013615 0.058563 -0.030438
v -0.013615 0.058563 -0.019016
v -0.012475 0.058563 -0.031728
v -0.012017 0.058563 -0.019016
v -0.009118 0.060511 -0.031728
v -0.009118 0.060511 -0.019016
v -0.012475 0.060511 -0.031728
v -0.012017 0.060511 -0.019016
v -0.013615 0.060511 -0.030438
v -0.013615 0.060511 -0.019016
v -0.009118 0.060511 -0.019016
v -0.009118 0.060511 -0.031728
v -0.009118 0.059576 -0.019016
v -0.009118 0.059576 -0.031728
v -0.013615 0.058563 -0.030438
v -0.013615 0.060511 -0.030438
v -0.013615 0.058563 -0.019016
v -0.013615 0.060511 -0.019016
v -0.008333 -0.035603 -0.025996
v -0.008333 -0.033332 -0.030285
v -0.011484 -0.036000 -0.025208
v -0.011484 -0.033767 -0.029490
v -0.014472 -0.036547 -0.024134
v -0.014472 -0.034397 -0.028395
v -0.017241 -0.035746 -0.025362
v -0.014526 -0.037086 -0.023444
v -0.017312 -0.038349 -0.021073
v -0.014577 -0.038780 -0.020397
v -0.017312 -0.038349 -0.021073
v -0.014577 -0.038780 -0.020397
v -0.017261 -0.037496 -0.018075
v -0.014518 -0.037991 -0.017824
v -0.017336 -0.028087 -0.010990
v -0.014589 -0.028393 -0.010774
v -0.017350 -0.026988 -0.007894
v -0.014603 -0.027337 -0.007803
v -0.017459 -0.036884 0.023241
v -0.014714 -0.037146 0.023157
v -0.017347 -0.039659 0.032466
v -0.014603 -0.039961 0.032376
v -0.016992 -0.040112 0.034719
v -0.014248 -0.040629 0.034565
v -0.014580 -0.040676 0.036553
v -0.013514 -0.041189 0.034900
v -0.011596 -0.041297 0.038596
v -0.010753 -0.041814 0.036936
v -0.008442 -0.041672 0.039830
v -0.007840 -0.042189 0.038170
v -0.006363 0.047422 0.064410
v -0.006359 0.043698 0.060617
v -0.006342 0.037745 0.072297
v -0.006342 0.035724 0.070240
v -0.006359 0.038310 0.052926
v -0.006339 0.033341 0.068622
v -0.006350 0.034405 0.055554
v -0.006337 0.030690 0.067499
v -0.006342 0.028768 0.058553
v -0.006334 0.027867 0.066907
v -0.006337 0.024320 0.059180
v -0.006331 0.024988 0.066886
v -0.006328 0.020229 0.060728
v -0.006325 0.022156 0.067423
v -0.006322 0.016669 0.063009
v -0.006322 0.019484 0.068503
v -0.006317 0.013876 0.066007
v -0.006317 0.017074 0.070086
v -0.006311 0.011963 0.069452
v -0.006311 0.015023 0.072109
v -0.006305 0.010639 0.072890
v -0.006308 0.013398 0.074486
v -0.006302 0.009777 0.076272
v -0.006305 0.012273 0.077143
v -0.007382 0.065558 0.025703
v -0.006649 0.067446 0.026714
v -0.008316 0.065593 0.025591
v -0.007583 0.067485 0.026602
v -0.007182 0.068515 0.027439
v -0.006251 0.068476 0.027550
v -0.006921 0.069192 0.028617
v -0.005987 0.069157 0.028729
v -0.006830 0.069424 0.029984
v -0.005896 0.069394 0.030096
v -0.006835 0.069368 0.044927
v -0.005901 0.069394 0.044816
v -0.005993 0.069170 0.046203
v -0.006927 0.069136 0.046315
v -0.006251 0.068515 0.047417
v -0.007184 0.068481 0.047535
v -0.007577 0.067481 0.048442
v -0.006643 0.067515 0.048330
v -0.008050 0.063425 0.050889
v -0.008983 0.063386 0.051001
v -0.010473 0.055236 0.056001
v -0.011407 0.055201 0.056112
v -0.007382 0.065558 0.025703
v -0.007079 0.065554 0.024468
v -0.008316 0.065593 0.025591
v -0.007880 0.065705 0.024043
v -0.006253 0.065554 0.023562
v -0.006724 0.065808 0.022816
v -0.005128 0.065550 0.023234
v -0.005254 0.065856 0.022348
v -0.001370 0.065847 0.022348
v -0.001370 0.065550 0.023234
v -0.004305 -0.055469 0.033164
v -0.004298 -0.053383 0.033805
v -0.007563 -0.053145 0.033059
v -0.007554 -0.050581 0.032111
v -0.004289 -0.050818 0.032857
v -0.007502 -0.040383 0.034726
v -0.004237 -0.040620 0.035472
v -0.007568 -0.055232 0.032425
v -0.010713 -0.052758 0.031825
v -0.010705 -0.050193 0.030877
v -0.010654 -0.039991 0.033492
v -0.013635 -0.039358 0.031448
v -0.013686 -0.049559 0.028840
v -0.013695 -0.052124 0.029789
v -0.010720 -0.054844 0.031190
v -0.013704 -0.054210 0.029147
v -0.016396 -0.038121 0.027432
v -0.016448 -0.048322 0.024817
v -0.016448 -0.026087 -0.011938
v -0.016448 -0.026768 -0.014379
v -0.016477 -0.030509 -0.018939
v -0.016488 -0.034569 -0.020181
v -0.016456 -0.050887 0.025765
v -0.016497 -0.036651 -0.020815
v -0.016465 -0.052973 0.025124
v -0.016502 -0.038737 -0.021457
v -0.013034 0.056145 -0.020473
v -0.013094 0.056158 0.050143
v -0.013056 0.079342 -0.020473
v -0.013116 0.079351 0.050143
v -0.013100 0.056158 0.055792
v -0.013111 0.066606 0.061726
v -0.013177 0.056167 0.147069
v -0.013188 0.066619 0.147069
v -0.004277 0.083139 -0.017831
v -0.004277 0.085652 -0.019065
v -0.004271 0.083139 -0.023918
v -0.004274 0.085652 -0.022781
v -0.014018 0.079868 -0.025389
v -0.010280 0.085643 -0.022788
v -0.014027 0.079872 -0.016206
v -0.010284 0.085643 -0.019072
v -0.004277 0.085652 -0.019065
v -0.010284 0.085643 -0.019072
v -0.004274 0.085652 -0.022781
v -0.010280 0.085643 -0.022788
v -0.004076 0.080907 0.182123
v -0.004082 0.085678 0.183302
v -0.004082 0.080907 0.190094
v -0.004082 0.085678 0.185401
v 0.004250 -0.042189 0.038170
v -0.007840 -0.042189 0.038170
v 0.004852 -0.041672 0.039830
v -0.008442 -0.041672 0.039830
v 0.009850 0.080631 0.092477
v 0.007467 0.077165 0.092477
v 0.009821 0.080626 0.058713
v 0.007438 0.077161 0.058713
v 0.007458 0.067907 0.092477
v 0.007430 0.067903 0.058720
v 0.009821 0.080626 0.058713
v 0.009850 0.080631 0.092477
v 0.010928 0.079889 0.058713
v 0.010959 0.079889 0.092477
v -0.001522 0.056632 0.085420
v -0.001542 0.056628 0.058727
v 0.011930 0.056619 0.085413
v 0.011906 0.056615 0.058713
v -0.014709 0.078803 0.058734
v -0.014970 0.077497 0.058734
v -0.013967 0.079911 0.058734
v -0.014973 0.076101 0.058734
v -0.008181 0.076092 0.058727
v -0.007852 0.080902 0.058727
v -0.011552 0.080911 0.058734
v -0.012858 0.080648 0.058734
v -0.001510 0.058757 0.094869
v -0.001518 0.058757 0.086424
v -0.001507 0.056632 0.100426
v -0.001522 0.056632 0.085420
v -0.001518 0.058757 0.086424
v 0.011932 0.058744 0.086417
v -0.001522 0.056632 0.085420
v 0.011930 0.056619 0.085413
v -0.008900 0.076467 0.022558
v -0.007559 0.076687 0.022558
v -0.008909 0.076467 -0.031561
v -0.007568 0.076687 -0.031561
v -0.001590 0.076683 0.022551
v -0.001599 0.076678 -0.031568
v 0.004379 0.076674 0.022544
v -0.009657 0.076084 0.022558
v -0.009665 0.076083 -0.031554
v -0.010143 0.075842 -0.031554
v -0.010135 0.075842 0.022558
v -0.011123 0.074859 -0.031554
v -0.011114 0.074859 0.022558
v -0.011753 0.073627 -0.031554
v -0.011744 0.073627 0.022558
v -0.011973 0.072286 -0.031554
v -0.011965 0.072286 0.022558
v -0.011979 0.070860 -0.031554
v -0.011968 0.070860 0.022558
v -0.011988 0.060459 -0.031554
v -0.011979 0.060459 0.022558
v 0.004370 0.076674 -0.031568
v 0.005717 0.076454 0.022544
v 0.005708 0.076454 -0.031568
v 0.006473 0.076066 0.022544
v 0.006465 0.076066 -0.031568
v 0.006943 0.075825 -0.031568
v 0.006952 0.075825 0.022544
v 0.007931 0.074842 0.022544
v 0.007923 0.074842 -0.031575
v 0.008559 0.073610 0.022544
v 0.008550 0.073605 -0.031575
v 0.008775 0.072269 0.022544
v 0.008768 0.072265 -0.031575
v 0.008775 0.070842 0.022544
v 0.008768 0.070838 -0.031575
v 0.008768 0.060442 0.022544
v 0.008756 0.060438 -0.031568
v -0.011610 0.076096 0.058734
v -0.014973 0.076101 0.058734
v -0.011625 0.076096 0.042828
v -0.014984 0.076096 0.042835
v -0.011625 0.075946 0.041894
v -0.014987 0.075950 0.041901
v -0.011625 0.075515 0.041050
v -0.014987 0.075519 0.041050
v -0.011627 0.074842 0.040374
v -0.014989 0.074847 0.040381
v -0.011627 0.073997 0.039949
v -0.014989 0.074002 0.039949
v -0.011630 0.073062 0.039795
v -0.014989 0.073066 0.039802
v -0.011630 0.072127 0.039949
v -0.014993 0.072127 0.039949
v -0.011630 0.071278 0.040381
v -0.014993 0.071282 0.040381
v -0.011630 0.070605 0.041050
v -0.014993 0.070610 0.041050
v -0.011630 0.070179 0.041894
v -0.014993 0.070179 0.041901
v -0.011630 0.070028 0.042828
v -0.014989 0.070032 0.042835
v -0.014976 0.070032 0.060847
v -0.010392 0.070032 0.058734
v -0.009012 0.056654 0.188329
v -0.009006 0.056654 0.194187
v -0.009018 0.049964 0.188329
v -0.009012 0.049964 0.194194
v -0.008760 0.048003 0.188329
v -0.008754 0.048003 0.194194
v -0.008006 0.046176 0.188329
v -0.008001 0.046176 0.194194
v -0.006803 0.044603 0.188329
v -0.006797 0.044607 0.194187
v -0.005234 0.043400 0.188329
v -0.005231 0.043400 0.194187
v -0.003409 0.042637 0.188329
v -0.003404 0.042642 0.194187
v -0.001447 0.042383 0.188322
v -0.001441 0.042383 0.194187
v 0.000517 0.042637 0.194180
v 0.000515 0.042637 0.188322
v 0.006146 0.056636 0.188315
v 0.006149 0.056636 0.194173
v 0.006138 0.049947 0.188315
v 0.006144 0.049952 0.194173
v 0.005877 0.047990 0.188315
v 0.005882 0.047990 0.194173
v 0.005118 0.046163 0.188315
v 0.005124 0.046163 0.194180
v 0.003912 0.044594 0.188322
v 0.003918 0.044594 0.194180
v 0.002342 0.043392 0.188322
v 0.002348 0.043392 0.194180
v 0.000515 0.042637 0.188322
v 0.000517 0.042637 0.194180
v -0.015050 0.056632 -0.009344
v -0.015029 0.076088 -0.009344
v -0.015050 0.056632 -0.011862
v -0.015033 0.076088 -0.011869
v -0.015029 0.077489 -0.011869
v -0.015027 0.077489 -0.009344
v -0.014767 0.078795 -0.009344
v -0.014769 0.078795 -0.011869
v -0.014027 0.079902 -0.011869
v -0.014025 0.079902 -0.009351
v -0.014022 0.079902 -0.004986
v -0.014018 0.079907 -0.002462
v -0.014760 0.078795 -0.002462
v -0.014764 0.078795 -0.004986
v -0.015024 0.077489 -0.004986
v -0.015022 0.077489 -0.002462
v -0.015024 0.076092 -0.002462
v -0.015027 0.076092 -0.004986
v -0.015044 0.056632 -0.004979
v -0.015044 0.056632 -0.002462
v -0.014016 0.079907 0.001896
v -0.014013 0.079907 0.004421
v -0.014755 0.078795 0.004421
v -0.014758 0.078795 0.001896
v -0.015018 0.077489 0.001896
v -0.015016 0.077489 0.004421
v -0.015018 0.076092 0.004421
v -0.015022 0.076092 0.001896
v -0.015038 0.056636 0.001903
v -0.015038 0.056636 0.004421
v -0.014010 0.079907 0.008786
v -0.014007 0.079907 0.011303
v -0.014005 0.079907 0.015668
v -0.014747 0.078799 0.015668
v -0.014743 0.078799 0.018186
v -0.015007 0.077493 0.015668
v -0.015004 0.077493 0.018186
v -0.015007 0.076096 0.018186
v -0.015007 0.076096 0.015668
v -0.015027 0.056636 0.018192
v -0.015027 0.056636 0.015668
v -0.014749 0.078799 0.011303
v -0.014752 0.078795 0.008786
v -0.015013 0.077489 0.008786
v -0.015009 0.077489 0.011303
v -0.015013 0.076092 0.011303
v -0.015013 0.076092 0.008786
v -0.015033 0.056636 0.008786
v -0.015033 0.056636 0.011303
v -0.014007 0.079907 0.011303
v -0.014005 0.079907 0.015668
v -0.014013 0.076092 0.011303
v -0.014007 0.076092 0.015668
v -0.014027 0.056636 0.015668
v -0.014030 0.056636 0.011303
v -0.014013 0.079907 0.004421
v -0.014018 0.076092 0.004421
v -0.014010 0.079907 0.008786
v -0.014013 0.076092 0.008786
v -0.014033 0.056636 0.008786
v -0.014036 0.056632 0.004421
v -0.014018 0.079907 -0.002462
v -0.014025 0.076088 -0.002462
v -0.014016 0.079907 0.001896
v -0.014018 0.076092 0.001896
v -0.014038 0.056632 0.001903
v -0.014042 0.056632 -0.002462
v -0.014025 0.079902 -0.009351
v -0.014030 0.076088 -0.009344
v -0.014022 0.079902 -0.004986
v -0.014025 0.076088 -0.004986
v -0.014045 0.056632 -0.004979
v -0.014047 0.056632 -0.009344
v -0.014030 0.079902 -0.016234
v -0.014036 0.076088 -0.016234
v -0.014027 0.079902 -0.011869
v -0.014030 0.076088 -0.011869
v -0.014051 0.056632 -0.011862
v -0.014056 0.056628 -0.016227
v -0.014036 0.079902 -0.023116
v -0.014042 0.076088 -0.023116
v -0.014033 0.079902 -0.018751
v -0.014036 0.076088 -0.018751
v -0.014056 0.056628 -0.018744
v -0.014062 0.056628 -0.023109
v -0.014001 0.079907 0.018186
v -0.014005 0.076092 0.018186
v -0.013999 0.079907 0.022551
v -0.014001 0.076096 0.022551
v -0.014022 0.056636 0.022551
v -0.014025 0.056636 0.018192
v 0.011841 0.056602 -0.016248
v 0.011841 0.056602 -0.018772
v 0.011861 0.076062 -0.016255
v 0.011858 0.076062 -0.018772
v 0.011861 0.077458 -0.018772
v 0.011864 0.077463 -0.016255
v 0.011603 0.078769 -0.016255
v 0.011603 0.078769 -0.018772
v 0.010864 0.079876 -0.018772
v 0.010864 0.079876 -0.016255
v 0.010869 0.079876 -0.011889
v 0.010869 0.079876 -0.009372
v 0.011609 0.078769 -0.009372
v 0.011609 0.078769 -0.011889
v 0.011866 0.077463 -0.011889
v 0.011870 0.077463 -0.009372
v 0.011866 0.076062 -0.009372
v 0.011864 0.076062 -0.011889
v 0.011846 0.056602 -0.011889
v 0.011846 0.056606 -0.009365
v 0.010875 0.079881 -0.005007
v 0.010875 0.079881 -0.002483
v 0.011615 0.078769 -0.002483
v 0.011615 0.078769 -0.005007
v 0.011872 0.077463 -0.005007
v 0.011875 0.077463 -0.002483
v 0.011872 0.076062 -0.002483
v 0.011872 0.076062 -0.005007
v 0.011852 0.056606 -0.005000
v 0.011852 0.056606 -0.002483
v 0.010893 0.079881 0.018165
v 0.010893 0.079881 0.015647
v 0.011632 0.078769 0.015647
v 0.011635 0.078773 0.018165
v 0.011890 0.077463 0.015647
v 0.011892 0.077463 0.018165
v 0.011890 0.076066 0.018165
v 0.011890 0.076066 0.015647
v 0.011870 0.056611 0.015647
v 0.011872 0.056611 0.018165
v 0.010887 0.079881 0.011282
v 0.010887 0.079881 0.008765
v 0.011629 0.078769 0.011282
v 0.011626 0.078769 0.008758
v 0.011884 0.077463 0.008758
v 0.011886 0.077463 0.011282
v 0.011884 0.076066 0.011282
v 0.011884 0.076066 0.008765
v 0.011864 0.056606 0.008765
v 0.011864 0.056611 0.011282
v 0.010882 0.079881 0.004400
v 0.010882 0.079881 0.001875
v 0.011620 0.078769 0.004400
v 0.011620 0.078769 0.001875
v 0.011879 0.077463 0.001875
v 0.011881 0.077463 0.004400
v 0.011879 0.076066 0.004400
v 0.011879 0.076062 0.001875
v 0.011858 0.056606 0.001882
v 0.011858 0.056606 0.004400
v 0.010887 0.079881 0.011282
v 0.010893 0.079881 0.015647
v 0.010884 0.076066 0.011282
v 0.010887 0.076066 0.015647
v 0.010869 0.056611 0.015647
v 0.010864 0.056611 0.011282
v 0.010882 0.079881 0.004400
v 0.010878 0.076066 0.004400
v 0.010887 0.079881 0.008765
v 0.010882 0.076066 0.008765
v 0.010864 0.056611 0.008765
v 0.010858 0.056611 0.004400
v 0.010875 0.079881 -0.002483
v 0.010873 0.076066 -0.002483
v 0.010882 0.079881 0.001875
v 0.010875 0.076066 0.001882
v 0.010855 0.056606 0.001882
v 0.010853 0.056606 -0.002483
v 0.010869 0.079876 -0.009372
v 0.010867 0.076062 -0.009372
v 0.010875 0.079881 -0.005007
v 0.010869 0.076066 -0.005000
v 0.010849 0.056606 -0.005000
v 0.010847 0.056606 -0.009365
v 0.010864 0.079876 -0.016255
v 0.010862 0.076062 -0.016255
v 0.010869 0.079876 -0.011889
v 0.010864 0.076062 -0.011889
v 0.010844 0.056606 -0.011889
v 0.010842 0.056606 -0.016248
v 0.010858 0.079876 -0.023137
v 0.010855 0.076062 -0.023137
v 0.010864 0.079876 -0.018772
v 0.010858 0.076062 -0.018772
v 0.010838 0.056606 -0.018772
v 0.010835 0.056602 -0.023130
v 0.010893 0.079881 0.018165
v 0.010890 0.076071 0.018165
v 0.010899 0.079881 0.022530
v 0.010893 0.076071 0.022530
v 0.010875 0.056611 0.022530
v 0.010869 0.056611 0.018172
v -0.011982 0.056628 0.022558
v -0.011982 0.058408 0.022558
v -0.011993 0.056628 -0.031554
v -0.011991 0.058404 -0.031554
v 0.008762 0.056606 0.022544
v 0.008753 0.056606 -0.031568
v 0.008764 0.058386 0.022544
v 0.008756 0.058386 -0.031568
v 0.010265 0.058386 0.022544
v 0.010254 0.058382 -0.031379
v 0.010265 0.060438 0.022544
v 0.010257 0.060438 -0.031379
v -0.013492 0.058408 -0.031358
v -0.013481 0.058408 0.022558
v -0.013489 0.060459 -0.031358
v -0.013481 0.060464 0.022558
v 0.007467 0.078726 0.092477
v -0.001493 0.078734 0.092491
v 0.007467 0.078726 0.109498
v -0.001493 0.078734 0.109505
v -0.010083 0.078743 0.092491
v -0.010083 0.078743 0.109512
v 0.007458 0.067907 0.092477
v 0.007458 0.067907 0.109498
v 0.007467 0.077165 0.092477
v 0.007467 0.077165 0.109498
v 0.007467 0.078726 0.092477
v 0.007467 0.078726 0.109498
v 0.004702 0.080217 0.053149
v 0.005436 0.066248 0.053149
v -0.001359 0.080290 0.053156
v -0.001536 0.066334 0.053156
v -0.008510 0.066425 0.053163
v -0.007420 0.080368 0.053163
v -0.011120 0.070274 0.058692
v -0.014483 0.070282 0.058699
v -0.011114 0.075950 0.058692
v -0.014477 0.075954 0.058699
v -0.014861 0.075959 0.058699
v -0.014866 0.070282 0.058699
v -0.014872 0.075954 0.043198
v -0.011126 0.075950 0.043198
v -0.014142 0.075954 0.054662
v -0.011117 0.075950 0.054983
v -0.014477 0.075954 0.058699
v -0.011114 0.075950 0.058692
v -0.014864 0.075954 0.054990
v -0.014861 0.075959 0.058699
v -0.014878 0.070278 0.043198
v -0.011132 0.070274 0.043198
v -0.014872 0.075954 0.043198
v -0.011126 0.075950 0.043198
v -0.011132 0.070274 0.043198
v -0.014878 0.070278 0.043198
v -0.011123 0.070274 0.054983
v -0.014148 0.070278 0.054662
v -0.011120 0.070274 0.058692
v -0.014483 0.070282 0.058699
v -0.014866 0.070282 0.058699
v -0.014870 0.070278 0.054990
v -0.014872 0.075954 0.043198
v -0.014142 0.075954 0.054662
v -0.014878 0.070278 0.043198
v -0.014148 0.070278 0.054662
v -0.014864 0.075954 0.054990
v -0.014861 0.075959 0.058699
v -0.014870 0.070278 0.054990
v -0.014866 0.070282 0.058699
v -0.014864 0.075954 0.054990
v -0.014870 0.070278 0.054990
v -0.014142 0.075954 0.054662
v -0.014148 0.070278 0.054662
v -0.007499 0.076312 -0.031505
v -0.001559 0.076303 -0.031512
v -0.001550 0.076303 -0.021505
v 0.004382 0.076299 -0.031519
v 0.004391 0.076299 -0.021505
v 0.005636 0.076096 -0.031519
v 0.005645 0.076096 -0.021512
v 0.006771 0.075519 -0.031519
v 0.006780 0.075519 -0.021512
v 0.007670 0.074618 -0.031519
v 0.007679 0.074618 -0.021512
v 0.008246 0.073485 -0.031519
v 0.008255 0.073485 -0.021512
v 0.008444 0.072226 -0.031519
v 0.008452 0.072226 -0.021512
v 0.008444 0.063890 -0.021512
v 0.008435 0.063886 -0.031519
v 0.008441 0.060093 -0.021512
v 0.008432 0.060093 -0.031519
v -0.007491 0.076312 -0.021498
v -0.008748 0.076114 -0.021498
v -0.008757 0.076114 -0.031505
v -0.009883 0.075536 -0.021498
v -0.009891 0.075536 -0.031505
v -0.010782 0.074635 -0.021498
v -0.010791 0.074635 -0.031505
v -0.011361 0.073506 -0.021491
v -0.011369 0.073506 -0.031505
v -0.011561 0.072248 -0.021491
v -0.011570 0.072248 -0.031505
v -0.011579 0.063908 -0.031498
v -0.011570 0.063912 -0.021491
v -0.011581 0.060110 -0.031498
v -0.011572 0.060115 -0.021491
v -0.011572 0.060115 -0.021491
v -0.010619 0.060110 -0.021491
v -0.011581 0.060110 -0.031498
v -0.010628 0.060110 -0.031498
v 0.001463 0.060102 -0.031512
v -0.001575 0.060102 -0.031505
v 0.001472 0.060102 -0.021505
v -0.001568 0.060102 -0.021505
v -0.004377 0.060106 -0.021498
v -0.004386 0.060106 -0.031505
v 0.008441 0.060093 -0.021512
v 0.008432 0.060093 -0.031519
v 0.006668 0.060093 -0.021505
v 0.006659 0.060093 -0.031519
v -0.010621 0.063908 -0.031505
v -0.010628 0.060110 -0.031498
v -0.010616 0.063908 -0.021491
v -0.010619 0.060110 -0.021491
v 0.001466 0.063895 -0.031512
v 0.001463 0.060102 -0.031512
v 0.001475 0.063895 -0.021505
v 0.001472 0.060102 -0.021505
v 0.006665 0.063890 -0.031519
v 0.006673 0.063890 -0.021505
v 0.006659 0.060093 -0.031519
v 0.006668 0.060093 -0.021505
v 0.001475 0.063895 -0.021505
v 0.006673 0.063890 -0.021505
v 0.001466 0.063895 -0.031512
v 0.006665 0.063890 -0.031519
v -0.006354 0.063903 -0.031505
v -0.006345 0.063903 -0.021498
v -0.006357 0.062481 -0.031505
v -0.006348 0.062485 -0.021498
v -0.010616 0.063908 -0.021491
v -0.006345 0.063903 -0.021498
v -0.010621 0.063908 -0.031505
v -0.006354 0.063903 -0.031505
v -0.004377 0.060106 -0.021498
v -0.004386 0.060106 -0.031505
v -0.004375 0.060972 -0.021498
v -0.004383 0.060972 -0.031505
v -0.004492 0.061472 -0.031505
v -0.004483 0.061472 -0.021498
v -0.004793 0.061882 -0.031505
v -0.004784 0.061886 -0.021498
v -0.005240 0.062136 -0.031505
v -0.005231 0.062136 -0.021498
v -0.006348 0.062485 -0.021498
v -0.006357 0.062481 -0.031505
v -0.011559 0.070291 -0.031951
v 0.008363 0.070269 -0.031972
v -0.011559 0.070709 -0.031456
v 0.008363 0.070687 -0.031477
v -0.011559 0.070084 -0.031951
v 0.008363 0.070062 -0.031972
v -0.011559 0.070291 -0.031951
v 0.008363 0.070269 -0.031972
v -0.011559 0.069666 -0.031456
v 0.008363 0.069644 -0.031477
v -0.011559 0.070084 -0.031951
v 0.008363 0.070062 -0.031972
v 0.008363 0.070687 -0.031477
v 0.008363 0.070269 -0.031972
v 0.008363 0.069644 -0.031477
v 0.008363 0.070062 -0.031972
v -0.011559 0.070291 -0.031951
v -0.011559 0.070709 -0.031456
v -0.011559 0.070084 -0.031951
v -0.011559 0.069666 -0.031456
v -0.011559 0.068894 -0.031951
v 0.008363 0.068873 -0.031972
v -0.011559 0.069312 -0.031456
v 0.008363 0.069291 -0.031477
v -0.011559 0.068687 -0.031951
v 0.008363 0.068666 -0.031972
v -0.011559 0.068894 -0.031951
v 0.008363 0.068873 -0.031972
v -0.011559 0.068269 -0.031456
v 0.008363 0.068248 -0.031477
v -0.011559 0.068687 -0.031951
v 0.008363 0.068666 -0.031972
v 0.008363 0.069291 -0.031477
v 0.008363 0.068873 -0.031972
v 0.008363 0.068248 -0.031477
v 0.008363 0.068666 -0.031972
v -0.011559 0.068894 -0.031951
v -0.011559 0.069312 -0.031456
v -0.011559 0.068687 -0.031951
v -0.011559 0.068269 -0.031456
v -0.011561 0.067498 -0.031951
v 0.008361 0.067481 -0.031972
v -0.011561 0.067916 -0.031456
v 0.008361 0.067899 -0.031477
v -0.011561 0.067291 -0.031951
v 0.008361 0.067274 -0.031972
v -0.011561 0.067498 -0.031951
v 0.008361 0.067481 -0.031972
v -0.011561 0.066873 -0.031456
v 0.008361 0.066856 -0.031477
v -0.011561 0.067291 -0.031951
v 0.008361 0.067274 -0.031972
v 0.008361 0.067899 -0.031477
v 0.008361 0.067481 -0.031972
v 0.008361 0.066856 -0.031477
v 0.008361 0.067274 -0.031972
v -0.011561 0.067498 -0.031951
v -0.011561 0.067916 -0.031456
v -0.011561 0.067291 -0.031951
v -0.011561 0.066873 -0.031456
v -0.011561 0.066106 -0.031951
v 0.008361 0.066084 -0.031972
v -0.011561 0.066524 -0.031456
v 0.008361 0.066502 -0.031477
v -0.011561 0.065899 -0.031951
v 0.008361 0.065877 -0.031972
v -0.011561 0.066106 -0.031951
v 0.008361 0.066084 -0.031972
v -0.011561 0.065481 -0.031456
v 0.008361 0.065459 -0.031477
v -0.011561 0.065899 -0.031951
v 0.008361 0.065877 -0.031972
v 0.008361 0.066502 -0.031477
v 0.008361 0.066084 -0.031972
v 0.008361 0.065459 -0.031477
v 0.008361 0.065877 -0.031972
v -0.011561 0.066106 -0.031951
v -0.011561 0.066524 -0.031456
v -0.011561 0.065899 -0.031951
v -0.011561 0.065481 -0.031456
v -0.011564 0.064709 -0.031951
v 0.008357 0.064688 -0.031972
v -0.011564 0.065127 -0.031456
v 0.008357 0.065106 -0.031477
v -0.011564 0.064502 -0.031951
v 0.008357 0.064481 -0.031972
v -0.011564 0.064709 -0.031951
v 0.008357 0.064688 -0.031972
v -0.011564 0.064084 -0.031456
v 0.008357 0.064063 -0.031477
v -0.011564 0.064502 -0.031951
v 0.008357 0.064481 -0.031972
v 0.008357 0.065106 -0.031477
v 0.008357 0.064688 -0.031972
v 0.008357 0.064063 -0.031477
v 0.008357 0.064481 -0.031972
v -0.011564 0.064709 -0.031951
v -0.011564 0.065127 -0.031456
v -0.011564 0.064502 -0.031951
v -0.011564 0.064084 -0.031456
v 0.002629 0.046866 0.194675
v 0.003408 0.048378 0.194675
v 0.003408 0.048374 0.134629
v 0.003678 0.050055 0.134629
v 0.003678 0.050064 0.194675
v 0.003414 0.051740 0.134629
v 0.003414 0.051745 0.194675
v 0.002646 0.053257 0.134629
v 0.002646 0.053266 0.194675
v 0.001443 0.054464 0.134629
v 0.001443 0.054473 0.194675
v -0.000073 0.055244 0.134629
v -0.000073 0.055253 0.194675
v -0.001757 0.055516 0.134629
v -0.001757 0.055520 0.194675
v -0.003438 0.055253 0.134629
v -0.003438 0.055262 0.194675
v -0.004959 0.054481 0.134629
v -0.004959 0.054490 0.194675
v -0.006167 0.053279 0.134629
v -0.006167 0.053288 0.194675
v -0.006944 0.051762 0.134629
v -0.006944 0.051770 0.194675
v -0.007213 0.050081 0.134629
v -0.007213 0.050089 0.194675
v -0.006953 0.048396 0.134629
v -0.006953 0.048404 0.194675
v -0.006182 0.046878 0.134629
v -0.006182 0.046883 0.194675
v 0.002629 0.046857 0.134629
v 0.006092 0.056270 0.026567
v 0.005825 0.057955 0.026574
v 0.005825 0.057951 0.027439
v 0.005050 0.059468 0.027439
v 0.005050 0.059472 0.026574
v 0.003846 0.060675 0.027439
v 0.003846 0.060679 0.026574
v 0.002326 0.061451 0.027446
v 0.002326 0.061451 0.026581
v 0.000644 0.061714 0.027446
v 0.000644 0.061718 0.026581
v -0.001040 0.061451 0.027446
v -0.001040 0.061451 0.026581
v -0.002559 0.060675 0.027439
v -0.002559 0.060679 0.026574
v -0.003765 0.059468 0.027439
v -0.003765 0.059472 0.026574
v -0.004538 0.057951 0.027439
v -0.004538 0.057955 0.026574
v -0.004804 0.056266 0.027439
v -0.004804 0.056270 0.026567
v -0.004318 0.056266 0.028234
v -0.004076 0.057800 0.028241
v -0.003372 0.059184 0.028241
v -0.002272 0.060283 0.028241
v -0.004318 0.056266 0.028980
v -0.004076 0.057800 0.028980
v -0.003372 0.059179 0.028987
v -0.002272 0.060283 0.028987
v -0.000892 0.060985 0.028241
v -0.000892 0.060985 0.028987
v 0.000644 0.061231 0.028241
v 0.000644 0.061227 0.028994
v 0.002177 0.060985 0.028241
v 0.002177 0.060985 0.028987
v 0.003560 0.060283 0.028241
v 0.003560 0.060283 0.028987
v 0.004656 0.059184 0.028241
v 0.004656 0.059179 0.028987
v 0.005362 0.057800 0.028241
v 0.005362 0.057800 0.028980
v 0.005605 0.056266 0.028234
v 0.005605 0.056266 0.028980
v 0.006092 0.056266 0.027439
v 0.003896 0.057240 0.054453
v 0.003408 0.058197 0.054453
v 0.004834 0.059274 0.049313
v 0.003689 0.060421 0.049320
v 0.002650 0.058955 0.054453
v 0.002245 0.061158 0.049320
v 0.001692 0.059442 0.054453
v 0.000644 0.061408 0.049320
v 0.000633 0.059610 0.054453
v -0.000958 0.061158 0.049320
v -0.000428 0.059442 0.054453
v -0.002401 0.060421 0.049320
v -0.001384 0.058955 0.054453
v -0.003547 0.059274 0.049313
v -0.002143 0.058197 0.054453
v -0.004283 0.057830 0.049313
v -0.002630 0.057240 0.054453
v -0.004538 0.056231 0.049313
v -0.002796 0.056184 0.054453
v 0.005571 0.057830 0.049313
v 0.004061 0.056184 0.054453
v 0.005823 0.056231 0.049313
v -0.004283 0.057830 0.049313
v -0.003765 0.059434 0.049188
v -0.003547 0.059274 0.049313
v -0.002559 0.060636 0.049195
v -0.002401 0.060421 0.049320
v -0.001040 0.061412 0.049195
v -0.000958 0.061158 0.049320
v 0.000644 0.061679 0.049195
v 0.000644 0.061408 0.049320
v 0.002326 0.061412 0.049195
v 0.002245 0.061158 0.049320
v 0.003846 0.060636 0.049195
v 0.003689 0.060421 0.049320
v 0.005050 0.059434 0.049188
v 0.004834 0.059274 0.049313
v 0.005825 0.057912 0.049188
v 0.005571 0.057830 0.049313
v 0.006092 0.056231 0.049188
v 0.005823 0.056231 0.049313
v -0.004538 0.057912 0.049188
v -0.004538 0.056231 0.049313
v -0.004804 0.056231 0.049188
v -0.002559 0.060636 0.049195
v -0.001040 0.061412 0.049195
v -0.001040 0.061446 0.029280
v 0.000644 0.061714 0.029280
v 0.000644 0.061679 0.049195
v 0.002326 0.061446 0.029280
v 0.002326 0.061412 0.049195
v 0.003846 0.060675 0.029280
v 0.003846 0.060636 0.049195
v 0.005050 0.059468 0.029280
v 0.005050 0.059434 0.049188
v 0.005825 0.057951 0.029273
v 0.005825 0.057912 0.049188
v 0.006092 0.056266 0.029273
v 0.006092 0.056231 0.049188
v -0.002559 0.060675 0.029280
v -0.003765 0.059434 0.049188
v -0.003765 0.059468 0.029280
v -0.004538 0.057912 0.049188
v -0.004538 0.057951 0.029273
v -0.004804 0.056231 0.049188
v -0.004804 0.056266 0.029273
v -0.002559 0.060675 0.029280
v -0.001040 0.061446 0.029280
v -0.000892 0.060985 0.028987
v 0.000644 0.061227 0.028994
v 0.000644 0.061714 0.029280
v 0.002177 0.060985 0.028987
v 0.002326 0.061446 0.029280
v 0.003560 0.060283 0.028987
v 0.003846 0.060675 0.029280
v 0.004656 0.059179 0.028987
v 0.005050 0.059468 0.029280
v 0.005362 0.057800 0.028980
v 0.005825 0.057951 0.029273
v 0.005605 0.056266 0.028980
v 0.006092 0.056266 0.029273
v -0.002272 0.060283 0.028987
v -0.003765 0.059468 0.029280
v -0.003372 0.059179 0.028987
v -0.004538 0.057951 0.029273
v -0.004076 0.057800 0.028980
v -0.004804 0.056266 0.029273
v -0.004318 0.056266 0.028980
v 0.001475 -0.035362 -0.026470
v 0.000801 -0.031143 -0.020927
v -0.001370 -0.035289 -0.026603
v -0.001456 -0.031087 -0.021031
v 0.004740 -0.035603 -0.025996
v 0.003390 -0.031336 -0.020543
v 0.001475 -0.035362 -0.026470
v 0.000801 -0.031143 -0.020927
v 0.007894 -0.036000 -0.025208
v 0.005889 -0.031651 -0.019929
v 0.004740 -0.035603 -0.025996
v 0.003390 -0.031336 -0.020543
v 0.010878 -0.036547 -0.024134
v 0.008257 -0.032082 -0.019072
v 0.007894 -0.036000 -0.025208
v 0.005889 -0.031651 -0.019929
v 0.010935 -0.037086 -0.023444
v 0.008300 -0.032513 -0.018528
v 0.010878 -0.036547 -0.024134
v 0.008257 -0.032082 -0.019072
v 0.010985 -0.038780 -0.020397
v 0.008341 -0.033854 -0.016108
v 0.010935 -0.037086 -0.023444
v 0.008300 -0.032513 -0.018528
v 0.010928 -0.037991 -0.017824
v 0.008295 -0.033229 -0.014065
v 0.010985 -0.038780 -0.020397
v 0.008341 -0.033854 -0.016108
v 0.010999 -0.028393 -0.010774
v 0.008352 -0.025617 -0.008480
v 0.010928 -0.037991 -0.017824
v 0.008295 -0.033229 -0.014065
v 0.011013 -0.027337 -0.007803
v 0.008363 -0.024781 -0.006123
v 0.010999 -0.028393 -0.010774
v 0.008352 -0.025617 -0.008480
v 0.011122 -0.037146 0.023157
v 0.008449 -0.032556 0.018423
v 0.011013 -0.027337 -0.007803
v 0.008363 -0.024781 -0.006123
v 0.011013 -0.039961 0.032376
v 0.008363 -0.034789 0.025737
v 0.011122 -0.037146 0.023157
v 0.008449 -0.032556 0.018423
v 0.010658 -0.040629 0.034565
v 0.008080 -0.035319 0.027467
v 0.011013 -0.039961 0.032376
v 0.008363 -0.034789 0.025737
v 0.009922 -0.041189 0.034900
v 0.007498 -0.035763 0.027732
v 0.010658 -0.040629 0.034565
v 0.008080 -0.035319 0.027467
v 0.007163 -0.041814 0.036936
v 0.005310 -0.036259 0.029349
v 0.009922 -0.041189 0.034900
v 0.007498 -0.035763 0.027732
v 0.004250 -0.042189 0.038170
v 0.003002 -0.036560 0.030326
v 0.007163 -0.041814 0.036936
v 0.005310 -0.036259 0.029349
v -0.001370 -0.035289 -0.026603
v -0.001456 -0.031087 -0.021031
v -0.005067 -0.035362 -0.026470
v -0.004386 -0.031143 -0.020927
v -0.005067 -0.035362 -0.026470
v -0.004386 -0.031143 -0.020927
v -0.008333 -0.035603 -0.025996
v -0.006975 -0.031336 -0.020543
v -0.008333 -0.035603 -0.025996
v -0.006975 -0.031336 -0.020543
v -0.011484 -0.036000 -0.025208
v -0.009476 -0.031651 -0.019929
v -0.011484 -0.036000 -0.025208
v -0.009476 -0.031651 -0.019929
v -0.014472 -0.036547 -0.024134
v -0.011841 -0.032082 -0.019072
v -0.014472 -0.036547 -0.024134
v -0.011841 -0.032082 -0.019072
v -0.014526 -0.037086 -0.023444
v -0.011887 -0.032513 -0.018528
v -0.014526 -0.037086 -0.023444
v -0.011887 -0.032513 -0.018528
v -0.014577 -0.038780 -0.020397
v -0.011925 -0.033854 -0.016108
v -0.014577 -0.038780 -0.020397
v -0.011925 -0.033854 -0.016108
v -0.014518 -0.037991 -0.017824
v -0.011879 -0.033229 -0.014065
v -0.014518 -0.037991 -0.017824
v -0.011879 -0.033229 -0.014065
v -0.014589 -0.028393 -0.010774
v -0.011936 -0.025617 -0.008480
v -0.014589 -0.028393 -0.010774
v -0.011936 -0.025617 -0.008480
v -0.014603 -0.027337 -0.007803
v -0.011948 -0.024781 -0.006123
v -0.014603 -0.027337 -0.007803
v -0.011948 -0.024781 -0.006123
v -0.014714 -0.037146 0.023157
v -0.012037 -0.032556 0.018423
v -0.014714 -0.037146 0.023157
v -0.012037 -0.032556 0.018423
v -0.014603 -0.039961 0.032376
v -0.011948 -0.034789 0.025737
v -0.014603 -0.039961 0.032376
v -0.011948 -0.034789 0.025737
v -0.014248 -0.040629 0.034565
v -0.011667 -0.035319 0.027467
v -0.014248 -0.040629 0.034565
v -0.011667 -0.035319 0.027467
v -0.013514 -0.041189 0.034900
v -0.011083 -0.035763 0.027732
v -0.013514 -0.041189 0.034900
v -0.011083 -0.035763 0.027732
v -0.010753 -0.041814 0.036936
v -0.008897 -0.036259 0.029349
v -0.010753 -0.041814 0.036936
v -0.008897 -0.036259 0.029349
v -0.007840 -0.042189 0.038170
v -0.006586 -0.036560 0.030326
v -0.007840 -0.042189 0.038170
v -0.006586 -0.036560 0.030326
v 0.004250 -0.042189 0.038170
v 0.003002 -0.036560 0.030326
vn 0.9645 -0.0720 0.2539
vn 0.9417 -0.2571 0.2171
vn 0.9839 -0.1068 0.1430
vn 0.9087 -0.4172 0.0151
vn 0.9402 -0.2189 0.2610
vn 0.9363 -0.3240 0.1355
vn 0.9257 0.3404 0.1651
vn 0.9557 0.1718 0.2391
vn 0.7079 0.7063 -0.0000
vn 0.9211 0.3892 -0.0000
vn 0.9212 0.3892 -0.0000
vn 0.9952 0.0980 -0.0000
vn 0.9952 0.0981 -0.0000
vn 0.9643 0.2231 0.1428
vn 0.9894 0.0240 0.1430
vn 1.0000 0.0022 -0.0000
vn 0.9952 -0.0982 -0.0000
vn 0.9247 -0.3771 0.0528
vn 0.7104 -0.6970 0.0980
vn 0.7134 -0.6452 0.2735
vn 0.3864 -0.8476 0.3636
vn 0.3887 -0.6812 0.6204
vn 0.2029 -0.7247 0.6586
vn 0.2131 -0.4797 0.8512
vn 0.1998 -0.9004 0.3864
vn 0.3830 -0.9151 0.1264
vn 0.7347 -0.6780 0.0227
vn 0.9486 -0.3074 0.0754
vn 0.9282 0.3404 0.1503
vn 0.3177 0.9482 -0.0000
vn 1.0000 -0.0022 -0.0000
vn 0.9951 -0.0981 0.0151
vn 0.9267 -0.3445 0.1504
vn 0.7146 -0.5176 0.4707
vn 0.3971 -0.4526 0.7984
vn 0.3938 -0.2949 0.8706
vn 0.4108 -0.3032 0.8598
vn 0.4501 -0.2571 0.8552
vn 0.6238 -0.2444 0.7424
vn 0.4857 -0.1631 0.8588
vn 0.2774 -0.2697 0.9221
vn 0.2024 -0.1025 0.9739
vn -0.2043 -0.1068 0.9731
vn -0.1875 0.1025 0.9769
vn 0.1876 0.1025 0.9769
vn -0.1876 -0.0109 0.9822
vn 0.1877 -0.0109 0.9822
vn -0.1799 -0.5617 0.8076
vn 0.1799 -0.5617 0.8076
vn -0.1796 -0.6385 0.7484
vn 0.1797 -0.6385 0.7484
vn -0.1949 -0.2907 0.9367
vn 0.1950 -0.2907 0.9367
vn -0.1839 0.0677 0.9806
vn 0.1840 0.0677 0.9806
vn -0.1876 -0.0240 0.9820
vn 0.1876 -0.0240 0.9819
vn -0.1931 -0.2865 0.9384
vn 0.1895 -0.2865 0.9392
vn 0.1894 -0.2865 0.9392
vn 0.4799 -0.2486 0.8413
vn 0.4848 -0.2528 0.8373
vn 0.5995 -0.2274 0.7674
vn 0.5981 -0.2317 0.7672
vn 0.8664 -0.1459 0.4777
vn 0.8664 -0.1458 0.4776
vn 0.9963 -0.0240 0.0829
vn 0.9969 -0.0240 0.0754
vn 1.0000 -0.0022 0.0075
vn 0.9999 0.0066 0.0076
vn 0.9998 0.0153 0.0151
vn 0.9939 -0.0633 -0.0904
vn 0.8795 -0.4758 0.0075
vn 0.8124 -0.2316 -0.5351
vn 0.9344 -0.0371 -0.3544
vn 0.5302 0.0022 -0.8479
vn 0.4621 -0.2231 -0.8583
vn 0.2902 0.0197 -0.9567
vn 0.2558 -0.2103 -0.9436
vn 0.1950 0.0197 -0.9806
vn 0.1671 -0.2146 -0.9623
vn 0.0980 0.0196 -0.9950
vn 0.0848 -0.2147 -0.9730
vn 0.0019 -0.2146 -0.9767
vn 0.0075 0.0197 -0.9998
vn -0.0905 0.0197 -0.9957
vn -0.0810 -0.2146 -0.9733
vn -0.1708 -0.2146 -0.9616
vn -0.1950 0.0197 -0.9806
vn -0.1016 0.3568 -0.9286
vn -0.2170 0.3486 -0.9118
vn -0.1035 0.5471 -0.8306
vn -0.2109 0.5361 -0.8174
vn -0.0997 0.5796 -0.8088
vn -0.2070 0.5689 -0.7959
vn -0.0998 0.4604 -0.8821
vn -0.2110 0.4526 -0.8664
vn -0.0979 0.2781 -0.9555
vn -0.2132 0.2697 -0.9390
vn -0.0980 -0.0022 -0.9952
vn -0.2099 -0.0022 -0.9777
vn -0.0980 -0.3074 -0.9465
vn -0.2152 -0.3032 -0.9283
vn -0.1016 -0.5796 -0.8085
vn -0.2165 -0.5689 -0.7934
vn -0.1034 -0.8187 -0.5649
vn -0.2161 -0.8033 -0.5550
vn -0.0996 -0.9623 -0.2529
vn -0.2103 -0.9454 -0.2491
vn -0.1018 -0.9772 -0.1865
vn -0.2117 -0.9599 -0.1836
vn -0.1012 -0.9023 -0.4190
vn -0.2132 -0.8847 -0.4146
vn -0.0960 -0.7247 -0.6824
vn -0.2031 -0.7032 -0.6813
vn -0.0773 -0.4212 -0.9037
vn -0.1598 -0.3973 -0.9037
vn -0.0453 -0.0196 -0.9988
vn -0.0603 0.1025 -0.9929
vn 0.1960 -0.9713 0.1350
vn -0.3456 -0.2103 0.9145
vn 0.0076 -0.7306 -0.6827
vn 0.0057 -0.4291 -0.9033
vn 0.0076 -0.9060 -0.4231
vn 0.0056 -0.9816 -0.1910
vn 0.0075 -0.9681 -0.2506
vn 0.0057 -0.8237 -0.5670
vn 0.0076 -0.5832 -0.8123
vn 0.0076 -0.3073 -0.9516
vn 0.0075 -0.0022 -1.0000
vn 0.0075 0.2781 -0.9605
vn 0.0038 0.4643 -0.8857
vn 0.0094 0.5832 -0.8123
vn 0.0057 0.5508 -0.8346
vn 0.0038 0.3568 -0.9342
vn 0.1091 0.3568 -0.9278
vn 0.2169 0.3486 -0.9118
vn 0.3234 0.3404 -0.8829
vn 0.5796 0.2991 -0.7580
vn 0.9320 0.1588 -0.3258
vn 0.9994 0.0328 0.0075
vn 0.9999 0.0109 -0.0000
vn 0.9342 0.1975 -0.2972
vn 0.5850 0.4448 -0.6782
vn 0.3217 0.5213 -0.7904
vn 0.2146 0.5361 -0.8164
vn 0.1072 0.5471 -0.8302
vn 0.1034 0.5796 -0.8083
vn 0.1035 0.4604 -0.8817
vn 0.1054 0.2781 -0.9547
vn 0.1056 -0.0022 -0.9944
vn 0.1055 -0.3074 -0.9457
vn 0.1091 -0.5796 -0.8075
vn 0.1071 -0.8187 -0.5641
vn 0.1066 -0.9624 -0.2500
vn 0.1084 -0.9762 -0.1877
vn 0.1083 -0.9005 -0.4213
vn 0.0998 -0.7246 -0.6819
vn 0.0810 -0.4212 -0.9033
vn 0.0453 -0.0327 -0.9984
vn 0.0019 0.2146 -0.9767
vn 0.0057 0.4873 -0.8732
vn -0.0942 0.1242 -0.9878
vn 0.2108 0.5689 -0.7950
vn -0.0000 0.1976 -0.9803
vn -0.0038 0.5063 -0.8623
vn 0.0697 0.0894 -0.9935
vn 0.1635 -0.3973 -0.9030
vn 0.1995 -0.7032 -0.6824
vn 0.2165 -0.8847 -0.4129
vn 0.2092 -0.9599 -0.1865
vn 0.2075 -0.9454 -0.2515
vn 0.2126 -0.8033 -0.5563
vn 0.2165 -0.5689 -0.7934
vn 0.2115 -0.3032 -0.9292
vn 0.2099 -0.0022 -0.9777
vn 0.2132 0.2697 -0.9390
vn 0.2074 0.4526 -0.8673
vn 0.3146 0.5508 -0.7731
vn 0.5721 0.4720 -0.6707
vn 0.9583 0.1674 -0.2317
vn 1.0000 0.0065 -0.0000
vn 1.0000 0.0022 0.0076
vn 0.9965 -0.0022 0.0830
vn 0.8596 -0.0109 0.5109
vn 0.5865 -0.0153 0.8098
vn 0.4713 -0.0197 0.8818
vn 0.4560 0.0589 0.8880
vn 0.9959 0.0065 0.0905
vn 0.8552 0.0371 0.5170
vn 0.5725 0.0546 0.8181
vn 0.6034 -0.2359 0.7618
vn 0.4815 -0.2613 0.8366
vn 0.4490 -0.5832 0.6770
vn 0.8658 -0.1502 0.4773
vn 0.8516 -0.3445 0.3951
vn 0.5651 -0.5398 0.6239
vn 0.9960 -0.0589 0.0679
vn 1.0000 -0.0022 0.0076
vn 1.0000 0.0065 -0.0001
vn 0.9337 0.1631 -0.3188
vn 0.5664 0.3771 -0.7328
vn 0.3122 0.4370 -0.8435
vn 0.3183 0.2613 -0.9113
vn 0.3190 -0.0022 -0.9477
vn 0.3168 -0.2948 -0.9015
vn 0.3203 -0.5508 -0.7707
vn 0.3172 -0.7765 -0.5444
vn 0.3149 -0.9168 -0.2455
vn 0.3149 -0.9318 -0.1803
vn 0.3184 -0.8590 -0.4009
vn 0.2972 -0.6747 -0.6756
vn 0.2370 -0.3650 -0.9003
vn 0.0943 0.1199 -0.9883
vn 0.1691 0.1545 -0.9734
vn 0.4111 -0.2865 -0.8654
vn 0.5143 -0.5653 -0.6449
vn 0.5387 -0.7569 -0.3699
vn 0.5201 -0.8382 -0.1638
vn 0.5300 -0.8187 -0.2211
vn 0.5703 0.2274 -0.7894
vn 0.8408 -0.5324 -0.0980
vn 0.9329 -0.3074 -0.1875
vn 0.9365 -0.0458 -0.3476
vn 0.7964 0.3074 -0.5208
vn 0.3358 0.7246 -0.6018
vn -0.0056 0.8430 -0.5379
vn -0.0000 1.0000 -0.0002
vn -0.0000 1.0000 -0.0000
vn 0.7078 0.7064 -0.0001
vn 0.9952 0.0979 -0.0000
vn 0.9640 -0.2571 -0.0679
vn 0.9237 -0.3156 -0.2172
vn 0.5504 -0.6844 -0.4783
vn 0.5633 -0.4835 -0.6700
vn 0.5717 -0.2571 -0.7792
vn 0.9294 -0.2189 -0.2972
vn 1.0000 0.0021 -0.0000
vn 1.0000 -0.0022 -0.0076
vn 0.9599 -0.0808 -0.2686
vn 0.9848 -0.1631 0.0604
vn 0.9877 -0.1329 0.0829
vn 0.9908 -0.0938 0.0979
vn 0.9795 -0.1761 0.0980
vn 0.9758 -0.2103 0.0604
vn 0.9723 -0.2317 0.0302
vn 0.9831 -0.1803 0.0302
vn 0.9707 -0.2401 -0.0000
vn 0.9828 -0.1846 -0.0001
vn 1.0000 -0.0022 -0.0075
vn 0.9849 -0.1242 0.1205
vn 0.9923 -0.0502 0.1130
vn 0.9888 -0.0633 0.1354
vn 0.9897 -0.0022 0.1430
vn 0.9850 0.1069 0.1354
vn 0.9933 0.0938 0.0679
vn 0.9926 0.1155 -0.0377
vn 0.9673 0.2231 0.1204
vn 0.9944 0.0022 -0.1055
vn 0.9488 0.2949 0.1129
vn 0.9903 -0.0982 -0.0980
vn 0.9305 0.3568 0.0829
vn 0.9886 -0.1459 -0.0378
vn 0.9179 0.3933 0.0528
vn 0.9927 -0.0022 0.1205
vn 0.9885 -0.1502 0.0151
vn 0.9159 0.4013 0.0075
vn 0.9240 0.3812 -0.0302
vn 0.9398 0.3363 -0.0603
vn 0.9946 -0.0328 0.0980
vn 0.9938 0.0982 0.0529
vn 0.9594 0.2697 -0.0829
vn 0.9914 0.1199 -0.0528
vn 0.9801 0.1631 -0.1130
vn 0.9923 0.0502 -0.1130
vn 0.9888 0.0633 -0.1354
vn 0.9897 -0.0022 -0.1430
vn 0.9927 -0.0022 -0.1205
vn 0.9989 -0.0153 0.0453
vn 0.9832 -0.1372 0.1206
vn 0.9366 -0.3198 0.1430
vn 0.9899 -0.1199 0.0755
vn 0.8930 -0.4409 0.0904
vn 0.8732 -0.4873 -0.0000
vn 0.8756 -0.4758 -0.0829
vn 0.9005 -0.4052 -0.1577
vn 0.9648 -0.2103 -0.1580
vn 0.9861 -0.0851 -0.1430
vn 0.9908 0.0012 -0.1355
vn 0.8783 0.0022 -0.4781
vn 0.5743 -0.0022 -0.8187
vn 0.9707 0.0633 -0.2318
vn 1.0000 0.0021 -0.0001
vn 1.0000 0.0066 -0.0000
vn 1.0000 0.0022 0.0075
vn 0.9980 -0.0197 0.0604
vn 0.9923 -0.0502 -0.1130
vn 0.9908 -0.0938 -0.0979
vn 0.9888 -0.0633 -0.1354
vn 0.9849 -0.1242 -0.1205
vn 0.9795 -0.1761 -0.0980
vn 0.9877 -0.1328 -0.0829
vn 0.9723 -0.2317 -0.0302
vn 0.9758 -0.2103 -0.0604
vn 0.9831 -0.1803 -0.0302
vn 0.9848 -0.1631 -0.0604
vn 0.9970 -0.0371 0.0679
vn 0.9144 -0.1329 0.3823
vn 0.8881 -0.1415 0.4373
vn 0.6782 -0.2486 0.6916
vn 0.9272 -0.1846 0.3258
vn 0.9951 -0.0720 0.0679
vn 0.9953 -0.0895 0.0377
vn 0.9264 -0.2781 0.2538
vn 0.7132 -0.3445 0.6105
vn 0.9952 0.0976 -0.0000
vn 0.7079 0.7064 -0.0000
vn 0.3177 0.9482 -0.0001
vn -0.0000 1.0000 -0.0001
vn 0.7078 0.7064 -0.0000
vn 0.6145 0.7483 0.2500
vn 0.6647 0.7216 0.1934
vn 0.9568 -0.0153 0.2902
vn 0.8351 0.4682 0.2888
vn 0.9453 0.0022 0.3262
vn 0.5553 0.7064 0.4390
vn 0.7825 0.0022 0.6226
vn 0.9433 -0.0633 0.3259
vn 0.7810 -0.0502 0.6225
vn 0.9108 -0.2444 0.3328
vn 0.7577 -0.2018 0.6206
vn 0.8168 -0.4720 0.3317
vn 0.6795 -0.3932 0.6194
vn 0.6677 -0.6683 0.3281
vn 0.5527 -0.5544 0.6222
vn 0.4332 -0.8359 0.3372
vn 0.4196 -0.6618 0.6213
vn 0.2147 -0.9168 0.3366
vn 0.2063 -0.7569 0.6201
vn -0.0000 1.0000 0.0001
vn 0.2802 -0.9599 -0.0000
vn 0.6502 -0.7598 0.0075
vn 0.8369 -0.5471 0.0151
vn 0.9605 -0.2781 0.0076
vn 0.9977 -0.0677 -0.0000
vn 0.9781 -0.0720 0.1951
vn 0.9342 -0.3198 0.1579
vn 0.7689 -0.6216 0.1501
vn 0.5298 -0.8406 0.1126
vn 0.1945 -0.9799 0.0449
vn -0.0000 -1.0000 -0.0000
vn 0.0057 -0.9454 0.3260
vn 0.1414 -0.8867 0.4401
vn -0.0000 -1.0000 0.0001
vn 0.1275 -0.9908 0.0446
vn 0.2048 -0.9781 0.0376
vn 0.4263 -0.8985 0.1048
vn 0.7225 -0.6780 0.1353
vn 0.0133 -0.7847 0.6197
vn -0.0019 -0.9954 0.0959
vn 0.3791 -0.9253 0.0076
vn 0.3417 -0.9395 0.0226
vn 0.3825 -0.9237 0.0227
vn 0.7078 -0.7063 0.0075
vn 0.9204 -0.3609 0.1503
vn 0.9837 -0.0982 0.1505
vn 0.9245 -0.3812 -0.0000
vn 0.9952 -0.0981 -0.0000
vn 0.9245 -0.3812 0.0076
vn 0.9653 -0.2231 -0.1355
vn 0.7523 -0.6585 0.0227
vn 0.9528 -0.2444 -0.1801
vn 0.9611 0.0153 -0.2757
vn 0.9856 0.0371 0.1653
vn 0.9649 0.1760 0.1951
vn 0.9020 0.3690 0.2241
vn 0.9212 0.3892 -0.0001
vn 0.9648 0.1588 -0.2097
vn 0.8157 0.5760 -0.0528
vn 0.8816 0.4720 -0.0000
vn 0.9538 0.2865 0.0904
vn 0.9920 -0.0371 0.1204
vn 0.9920 0.0371 -0.1204
vn 0.9494 0.2402 -0.2023
vn 0.9889 0.0415 -0.1428
vn 0.8399 0.5324 -0.1054
vn 0.9321 0.2655 -0.2462
vn 0.9422 0.3032 -0.1429
vn 0.9598 -0.2571 -0.1130
vn 0.9822 -0.1718 -0.0754
vn 0.8643 -0.5025 0.0227
vn 0.9889 -0.0415 0.1428
vn 0.4175 -0.9079 0.0378
vn 0.1960 -0.9799 0.0376
vn 0.9976 -0.0153 0.0679
vn 0.8689 -0.1025 0.4842
vn 0.5977 -0.1674 0.7841
vn 0.4609 0.0808 0.8838
vn 0.4647 -0.0065 0.8854
vn 0.4634 -0.5101 0.7246
vn 0.5828 -0.4720 0.6615
vn 0.8588 -0.2990 0.4160
vn 0.9964 -0.0503 0.0679
vn 0.9959 0.0022 0.0905
vn 0.8597 0.0022 0.5109
vn 1.0000 0.0022 -0.0001
vn 0.8546 0.0459 0.5173
vn 0.5709 0.0720 0.8179
vn 0.5866 -0.0022 0.8099
vn -0.0000 -0.9575 -0.2885
vn -0.0076 -0.9587 -0.2843
vn -0.0057 -0.9612 -0.2760
vn 0.0019 -0.9612 -0.2760
vn 0.0038 0.9599 0.2802
vn 0.0056 0.9624 0.2718
vn 0.0056 0.9624 0.2717
vn 0.0075 0.9647 0.2633
vn -0.0000 0.9647 0.2634
vn 0.8174 0.3852 -0.4283
vn 0.9413 0.3322 -0.0604
vn 0.9412 0.3157 -0.1204
vn 0.9696 0.1932 0.1503
vn 0.9657 0.2060 0.1578
vn 0.9807 0.0546 0.1876
vn 0.9585 0.2146 0.1875
vn 0.9744 0.1846 -0.1280
vn 0.5010 0.4053 -0.7647
vn 0.5011 0.4054 -0.7646
vn 0.1465 0.3568 -0.9226
vn 0.8467 0.2739 -0.4562
vn 0.9954 0.0328 -0.0905
vn 0.9955 -0.0284 0.0905
vn 0.8643 0.1588 -0.4772
vn 0.5119 0.3404 -0.7887
vn 0.5243 0.2697 -0.8077
vn 0.0019 0.3198 -0.9475
vn 0.0018 0.3198 -0.9475
vn 0.1522 0.3322 -0.9309
vn 0.1484 0.3115 -0.9386
vn 0.0038 0.3157 -0.9489
vn 0.8643 -0.1588 0.4772
vn 0.9859 0.0982 0.1355
vn 0.9666 0.2018 -0.1579
vn 0.9633 0.2528 0.0905
vn 0.8704 -0.0371 0.4909
vn 0.8638 0.0807 0.4973
vn 0.5337 -0.2018 0.8212
vn 0.5374 -0.1329 0.8328
vn 0.1541 -0.2990 0.9417
vn 0.1541 -0.2823 0.9469
vn -0.0019 -0.3239 0.9461
vn -0.0019 -0.3240 0.9461
vn 0.5234 -0.2697 0.8083
vn 0.1524 -0.3157 0.9366
vn -0.0000 -0.3197 0.9475
vn -0.1486 -0.3157 0.9372
vn -0.1541 -0.2990 0.9417
vn -0.5305 -0.2018 0.8233
vn -0.5343 -0.1329 0.8348
vn -0.8638 0.0807 0.4973
vn -0.8704 -0.0371 0.4909
vn -0.9644 0.2486 0.0905
vn -0.1542 -0.2823 0.9469
vn -0.5265 -0.2697 0.8062
vn -0.8643 -0.1588 0.4772
vn -0.9858 0.0938 0.1392
vn -0.9975 -0.0197 0.0679
vn -0.9672 0.2018 -0.1542
vn -0.9424 0.2949 -0.1577
vn -0.9230 0.3074 -0.2317
vn -0.9874 0.1242 -0.0979
vn -0.9297 0.3363 -0.1503
vn -0.9388 0.3445 -0.0000
vn -0.9516 0.3073 -0.0000
vn -0.9814 0.0546 0.1839
vn -0.9902 0.0459 -0.1318
vn -0.9568 0.2907 -0.0038
vn -0.9310 0.3649 0.0038
vn -0.9310 0.3650 -0.0037
vn -0.9578 0.2146 0.1912
vn -0.9310 0.3650 -0.0038
vn -0.9390 0.3404 -0.0490
vn -0.9326 0.3609 0.0038
vn -0.9326 0.3609 0.0037
vn -0.9663 0.2061 0.1540
vn -0.9690 0.1932 0.1540
vn -0.9412 0.3157 -0.1204
vn -0.8174 0.3852 -0.4283
vn -0.9744 0.1846 -0.1280
vn -0.8449 0.2739 -0.4595
vn -0.8643 0.1588 -0.4772
vn -0.8174 0.3852 -0.4284
vn -0.4979 0.4053 -0.7667
vn -0.4978 0.4053 -0.7668
vn -0.1465 0.3568 -0.9226
vn -0.5151 0.3404 -0.7866
vn -0.5243 0.2697 -0.8077
vn -0.1485 0.3322 -0.9314
vn -0.1522 0.3115 -0.9380
vn 0.9326 0.3609 -0.0000
vn 0.9326 0.3608 -0.0000
vn 0.9310 0.3650 -0.0000
vn 0.9294 0.3690 -0.0000
vn 0.9568 0.2907 -0.0000
vn 0.9310 0.3649 -0.0000
vn 0.9373 0.3486 -0.0000
vn 0.9874 0.1242 -0.0980
vn 0.9424 0.2949 -0.1577
vn 0.9230 0.3074 -0.2317
vn 0.9529 0.3032 -0.0000
vn 0.9297 0.3363 -0.1503
vn -0.0000 0.3363 -0.9417
vn -0.1204 0.3239 -0.9384
vn -0.0000 0.3364 -0.9417
vn -0.3464 0.2949 -0.8905
vn -0.5085 0.2613 -0.8205
vn 0.1204 0.3239 -0.9384
vn 0.3464 0.2949 -0.8905
vn 0.5085 0.2613 -0.8205
vn 0.9862 0.0022 -0.1654
vn 0.8809 0.1199 -0.4578
vn 0.9991 -0.0371 0.0227
vn 0.9771 -0.1889 0.0980
vn 0.9656 -0.2528 0.0604
vn 0.9357 -0.3527 -0.0000
vn 0.9257 -0.2146 0.3115
vn 0.8552 -0.2571 0.4501
vn 0.3394 -0.3363 0.8785
vn 0.5028 -0.3322 0.7980
vn 0.1298 -0.3322 0.9342
vn 0.0019 -0.3157 0.9489
vn 0.9310 -0.3649 -0.0000
vn 0.9342 -0.3568 -0.0000
vn 0.9326 -0.3608 -0.0000
vn 0.9326 -0.3609 -0.0000
vn 0.0019 -0.3156 0.9489
vn -0.1335 -0.3322 0.9337
vn -0.3394 -0.3363 0.8785
vn -0.4997 -0.3322 0.8000
vn -0.8552 -0.2571 0.4501
vn -0.9269 -0.2146 0.3079
vn -0.9654 -0.2528 0.0641
vn -0.9862 0.0022 -0.1654
vn -0.9775 -0.1889 0.0942
vn -0.9991 -0.0371 0.0226
vn -0.8809 0.1199 -0.4578
vn -0.9357 -0.3527 -0.0000
vn -0.9342 -0.3568 -0.0038
vn -0.9326 -0.3608 -0.0000
vn -0.9326 -0.3609 -0.0000
vn -0.9294 -0.3690 -0.0038
vn -0.0056 0.9562 0.2927
vn 0.0019 0.9562 0.2927
vn 0.0019 0.9562 0.2928
vn 0.0066 0.9999 0.0114
vn -0.0000 0.9999 0.0131
vn 0.0038 0.8867 -0.4623
vn -0.0038 0.8867 -0.4623
vn -0.0066 0.9999 0.0113
vn -0.0000 -1.0000 -0.0001
vn -0.0000 0.0022 1.0000
vn 0.8314 -0.4291 0.3531
vn 0.8544 -0.4873 0.1801
vn 0.8271 -0.5324 -0.1799
vn 0.7800 -0.5176 -0.3517
vn 0.7203 0.6215 0.3081
vn 0.6310 0.7598 0.1567
vn 0.6310 0.7597 0.1568
vn 0.6589 0.7307 -0.1788
vn 0.6589 0.7306 -0.1789
vn 0.7604 0.5508 -0.3441
vn 0.0043 1.0000 -0.0000
vn -0.0019 -0.9562 -0.2927
vn -0.0019 -0.9562 -0.2928
vn 0.0057 -0.9562 -0.2927
vn -0.0020 -0.9562 -0.2927
vn -0.9646 -0.0720 0.2539
vn -0.9656 0.1372 0.2207
vn -0.9894 0.0240 0.1430
vn -0.9952 0.0982 -0.0000
vn -0.9194 0.3932 -0.0000
vn -1.0000 0.0022 -0.0000
vn -0.9506 0.2444 0.1913
vn -0.9238 -0.2990 0.2390
vn -0.9250 0.3404 0.1688
vn -0.7048 0.7094 -0.0038
vn -0.9194 0.3933 -0.0000
vn -0.9951 0.0986 -0.0000
vn -0.9952 -0.0982 -0.0000
vn -0.9845 -0.1068 0.1393
vn -0.9404 -0.3032 0.1541
vn -0.8954 -0.4448 0.0189
vn -0.9575 -0.2018 0.2061
vn -0.9276 0.3404 0.1540
vn -0.3177 0.9482 -0.0000
vn -0.9952 0.0983 -0.0000
vn -1.0000 -0.0022 -0.0076
vn -0.9951 -0.0981 0.0151
vn -0.9249 -0.3771 0.0490
vn -0.9486 -0.3073 0.0754
vn -0.9273 -0.3445 0.1467
vn -0.9954 -0.0894 0.0340
vn -0.9274 -0.2781 0.2501
vn -0.9951 -0.0720 0.0679
vn -0.9272 -0.1846 0.3259
vn -0.9970 -0.0371 0.0679
vn -0.9130 -0.1329 0.3858
vn -0.6782 -0.2486 0.6915
vn -0.7115 -0.3486 0.6101
vn -0.7146 -0.5175 0.4706
vn -0.7120 -0.6452 0.2770
vn -0.7103 -0.6970 0.0980
vn -0.7074 -0.7064 0.0265
vn -0.3841 -0.9151 0.1228
vn -0.3889 -0.8476 0.3609
vn -0.3919 -0.6812 0.6184
vn -0.3971 -0.4526 0.7984
vn -0.4142 -0.3032 0.8582
vn -0.6209 -0.2444 0.7448
vn -0.4585 -0.2613 0.8494
vn -0.3887 -0.2907 0.8743
vn -0.2131 -0.4797 0.8512
vn -0.1992 -0.7246 0.6597
vn -0.2001 -0.9023 0.3818
vn -0.1961 -0.9713 0.1349
vn -0.3813 -0.9237 0.0378
vn -0.1961 -0.9799 0.0375
vn -0.4181 -0.9079 0.0302
vn -0.3414 -0.9395 0.0264
vn -0.3831 -0.9237 0.0076
vn -0.2040 -0.9781 0.0413
vn -0.4253 -0.8985 0.1084
vn -0.1275 -0.9908 0.0446
vn -0.1945 -0.9799 0.0449
vn -0.2802 -0.9599 0.0038
vn -0.2147 -0.9168 0.3366
vn -0.4332 -0.8359 0.3372
vn -0.0018 -0.9954 0.0959
vn 0.0056 -0.9454 0.3260
vn -0.1323 -0.8887 0.4389
vn -0.1915 -0.7598 0.6213
vn -0.3891 -0.6780 0.6237
vn -0.5305 -0.5796 0.6185
vn -0.6660 -0.6683 0.3315
vn -0.6769 -0.3932 0.6222
vn 0.0132 -0.7847 0.6197
vn -0.6501 -0.7597 0.0113
vn -0.5298 -0.8406 0.1126
vn -0.7688 -0.6216 0.1501
vn -0.8369 -0.5471 0.0151
vn -0.8182 -0.4720 0.3282
vn -0.7554 -0.2018 0.6234
vn -0.9121 -0.2444 0.3293
vn -0.7834 -0.0503 0.6195
vn -0.9420 -0.0633 0.3295
vn -0.7825 0.0022 0.6226
vn -0.9453 0.0022 0.3262
vn -0.5544 0.7064 0.4401
vn -0.9605 -0.2781 0.0113
vn -0.9342 -0.3198 0.1579
vn -0.7232 -0.6780 0.1316
vn -0.7079 -0.7063 0.0039
vn -0.9977 -0.0677 -0.0000
vn -0.9781 -0.0720 0.1950
vn -0.9204 -0.3609 0.1504
vn -0.9568 -0.0197 0.2902
vn -0.7048 0.7094 -0.0037
vn -0.8351 0.4682 0.2888
vn -0.6636 0.7217 0.1970
vn -0.6131 0.7483 0.2534
vn 0.0019 0.8430 -0.5380
vn 0.0056 0.4874 -0.8732
vn -0.1691 0.1545 -0.9734
vn -0.4145 -0.2865 -0.8638
vn -0.2407 -0.3650 -0.8994
vn -0.0604 0.1025 -0.9929
vn -0.2972 -0.6747 -0.6756
vn -0.3183 -0.8590 -0.4009
vn -0.3149 -0.9318 -0.1804
vn -0.3149 -0.9168 -0.2455
vn -0.2104 -0.9454 -0.2491
vn -0.3172 -0.7766 -0.5444
vn -0.3203 -0.5508 -0.7708
vn -0.3203 -0.2948 -0.9003
vn -0.3191 -0.0022 -0.9477
vn -0.3183 0.2613 -0.9113
vn -0.3157 0.4370 -0.8423
vn -0.3112 0.5508 -0.7745
vn -0.2071 0.5689 -0.7959
vn -0.3183 0.5213 -0.7918
vn -0.3198 0.3404 -0.8842
vn -0.2902 0.0197 -0.9568
vn -0.1951 0.0197 -0.9806
vn -0.2521 -0.2103 -0.9446
vn -0.4967 -0.1975 -0.8452
vn -0.5493 0.0022 -0.8356
vn -0.5868 0.2907 -0.7557
vn -0.5850 0.4448 -0.6782
vn -0.5721 0.4720 -0.6707
vn -0.5694 0.3771 -0.7304
vn -0.5672 0.2274 -0.7916
vn -0.5743 -0.0022 -0.8187
vn -0.5717 -0.2571 -0.7792
vn -0.5633 -0.4835 -0.6700
vn -0.5504 -0.6844 -0.4783
vn -0.5315 -0.8187 -0.2176
vn -0.5212 -0.8382 -0.1602
vn -0.5366 -0.7569 -0.3730
vn -0.5143 -0.5653 -0.6449
vn -0.7964 0.3074 -0.5208
vn -0.3358 0.7246 -0.6018
vn -0.9094 -0.1025 -0.4032
vn -0.9352 -0.0458 -0.3511
vn -0.9329 -0.3074 -0.1875
vn -0.8408 -0.5324 -0.0980
vn -0.9480 -0.3074 -0.0829
vn -0.9228 -0.3157 -0.2209
vn -0.9294 -0.2189 -0.2972
vn -1.0000 0.0021 -0.0000
vn -0.9609 -0.0808 -0.2650
vn -0.8854 0.0022 -0.4647
vn -0.9606 0.0720 -0.2685
vn -0.9324 0.1631 -0.3224
vn -0.9581 0.1631 -0.2356
vn -0.9370 0.1889 -0.2937
vn -0.9401 0.1199 -0.3190
vn -0.9547 -0.0022 -0.2976
vn -1.0000 0.0066 -0.0000
vn -0.9999 0.0065 -0.0076
vn -1.0000 -0.0022 -0.0075
vn -1.0000 -0.0021 -0.0075
vn -1.0000 -0.0022 0.0075
vn -0.9969 -0.0240 0.0754
vn -0.9963 -0.0240 0.0829
vn -0.8645 -0.1459 0.4810
vn -0.6010 -0.2316 0.7649
vn -0.6010 -0.2317 0.7649
vn -0.4832 -0.2571 0.8369
vn -0.1932 -0.2865 0.9384
vn -0.4713 -0.0197 0.8818
vn -0.1877 -0.0240 0.9819
vn -0.4594 0.0590 0.8863
vn -0.1840 0.0677 0.9806
vn -0.4848 -0.2613 0.8347
vn -0.1950 -0.2907 0.9367
vn -0.4490 -0.5832 0.6770
vn -0.1797 -0.6385 0.7483
vn -0.4603 -0.5101 0.7266
vn -0.1800 -0.5617 0.8076
vn -0.4647 -0.0065 0.8854
vn -0.1877 -0.0109 0.9822
vn -0.4609 0.0808 0.8838
vn -0.1876 0.1025 0.9769
vn -0.4842 -0.1674 0.8588
vn -0.2044 -0.1069 0.9730
vn -0.5977 -0.1674 0.7841
vn -0.5709 0.0720 0.8179
vn -0.5866 -0.0022 0.8099
vn -0.5799 -0.4720 0.6640
vn -0.5652 -0.5398 0.6239
vn -0.6004 -0.2359 0.7641
vn -0.5756 0.0546 0.8159
vn -0.5865 -0.0153 0.8098
vn -0.8596 -0.0109 0.5108
vn -0.8552 0.0371 0.5170
vn -0.8640 -0.1502 0.4807
vn -0.8500 -0.3445 0.3985
vn -0.8588 -0.2990 0.4160
vn -0.8597 0.0022 0.5109
vn -0.8526 0.0459 0.5206
vn -0.8689 -0.1025 0.4842
vn -0.8881 -0.1415 0.4373
vn -0.9980 -0.0197 0.0604
vn -0.9989 -0.0153 0.0453
vn -0.9964 -0.0196 0.0829
vn -0.9959 0.0066 0.0905
vn -0.9959 0.0022 0.0905
vn -0.9959 -0.0546 0.0717
vn -0.9957 -0.0590 0.0716
vn -0.9963 -0.0240 0.0830
vn -0.9966 -0.0022 0.0830
vn -1.0000 -0.0022 0.0076
vn -1.0000 0.0022 0.0075
vn -0.8756 -0.4758 -0.0829
vn -0.8732 -0.4873 -0.0000
vn -0.9884 -0.1459 -0.0415
vn -0.9885 -0.1502 0.0189
vn -0.9179 0.3933 0.0528
vn -0.9305 0.3568 0.0829
vn -0.9903 -0.0982 -0.0980
vn -0.8998 -0.4053 -0.1614
vn -0.8934 -0.4409 0.0867
vn -0.9366 -0.3198 0.1430
vn -0.9899 -0.1199 0.0754
vn -0.9159 0.4013 0.0113
vn -0.9240 0.3812 -0.0302
vn -0.9946 -0.0328 0.0980
vn -0.9398 0.3363 -0.0604
vn -0.9602 0.2655 -0.0866
vn -0.9805 0.1631 -0.1093
vn -0.9914 0.1199 -0.0528
vn -0.9919 0.0502 -0.1168
vn -0.9893 0.0633 -0.1317
vn -0.9927 -0.0022 -0.1205
vn -0.9897 -0.0022 -0.1430
vn -0.9919 -0.0502 -0.1168
vn -0.9893 -0.0633 -0.1317
vn -0.9904 -0.0938 -0.1017
vn -0.9849 -0.1242 -0.1205
vn -0.9938 0.0982 0.0528
vn -0.9880 -0.1329 -0.0792
vn -0.9799 -0.1760 -0.0943
vn -0.9755 -0.2103 -0.0642
vn -0.9722 -0.2317 -0.0340
vn -0.9831 -0.1803 -0.0302
vn -0.9820 -0.1889 0.0038
vn -0.9707 -0.2401 -0.0000
vn -0.9831 -0.1803 0.0302
vn -0.9722 -0.2316 0.0340
vn -0.9850 -0.1631 0.0566
vn -0.9755 -0.2103 0.0642
vn -0.9880 -0.1329 0.0792
vn -0.9799 -0.1761 0.0943
vn -0.9849 -0.1242 0.1205
vn -0.9904 -0.0938 0.1017
vn -0.9850 -0.1631 -0.0566
vn -0.9832 -0.1372 0.1205
vn -0.8404 0.5361 -0.0791
vn -0.8981 0.4133 -0.1503
vn -0.9402 0.2189 -0.2610
vn -0.9698 -0.1889 -0.1542
vn -0.9560 -0.0633 -0.2864
vn -0.7523 -0.6585 0.0227
vn -0.9822 -0.1718 -0.0754
vn -0.8703 0.4873 -0.0716
vn -0.8837 0.4681 -0.0000
vn -0.9538 0.2866 0.0904
vn -0.9920 -0.0371 0.1205
vn -1.0000 -0.0022 -0.0000
vn -0.9920 0.0371 -0.1205
vn -0.9889 0.0415 -0.1428
vn -0.8644 -0.5025 0.0189
vn -0.9889 -0.0415 0.1429
vn -0.9245 -0.3812 0.0038
vn -0.9837 -0.0982 0.1505
vn -0.9855 0.0371 0.1653
vn -0.9641 0.1760 0.1988
vn -0.9020 0.3690 0.2241
vn -0.9840 0.1068 -0.1429
vn -0.9426 0.2571 -0.2132
vn -0.9667 0.0327 -0.2538
vn -0.9442 -0.3156 -0.0943
vn -0.9244 -0.3812 0.0113
vn -0.9952 -0.0981 0.0001
vn -0.9919 -0.0502 0.1168
vn -0.9893 -0.0633 0.1317
vn -0.9897 -0.0022 0.1430
vn -0.9927 -0.0022 0.1205
vn -0.9927 0.0011 -0.1206
vn -0.9866 -0.0851 -0.1392
vn -0.9935 0.0938 0.0641
vn -0.9927 0.1155 -0.0340
vn -0.9850 0.1068 0.1354
vn -0.9683 0.2189 0.1205
vn -0.9489 0.2949 0.1129
vn -0.9944 0.0021 -0.1056
vn -0.9654 -0.2103 -0.1543
vn -0.0000 -0.9575 -0.2886
vn 0.0076 -0.9587 -0.2843
vn 0.0095 -0.9612 -0.2759
vn -0.0019 0.9624 0.2718
vn -0.0019 0.9623 0.2718
vn -0.0075 0.9647 0.2633
vn 0.2047 -0.9781 0.0376
vn 0.6093 -0.7928 0.0151
vn 0.1592 -0.9623 0.2203
vn -0.0019 -0.9954 0.0960
vn -0.1591 -0.9624 0.2203
vn -0.0000 -0.8162 0.5778
vn -0.0000 -0.8161 0.5778
vn 0.0038 -0.5867 0.8098
vn 0.0038 -0.2486 0.9686
vn -0.0019 -0.0502 0.9987
vn -0.0000 -0.0065 1.0000
vn -0.0000 0.0415 0.9991
vn -0.0000 0.0414 0.9991
vn -0.0000 0.2612 0.9653
vn -0.0000 0.2609 0.9654
vn 0.0019 0.0851 0.9964
vn -0.0000 -0.2571 0.9664
vn -1.0000 0.0020 -0.0000
vn -0.9956 0.0938 0.0038
vn -0.9228 0.3852 -0.0000
vn -0.6731 0.7395 0.0038
vn -0.7079 0.7063 -0.0000
vn -0.4777 0.8785 0.0038
vn -0.0873 0.9962 -0.0000
vn -0.0873 0.9962 -0.0001
vn -0.6568 0.7540 0.0038
vn -0.0992 0.9902 -0.0979
vn 0.0019 0.9950 -0.1003
vn -0.0932 0.9186 -0.3841
vn -0.0000 0.9237 -0.3832
vn -0.0696 0.7001 -0.7106
vn -0.3507 0.8500 -0.3932
vn -0.3782 0.9203 -0.1004
vn -0.7042 0.7032 -0.0978
vn -0.9193 0.3812 -0.0979
vn -0.7079 0.7064 0.0005
vn -0.6601 0.7512 -0.0000
vn -1.0000 0.0022 0.0001
vn -1.0000 0.0021 0.0001
vn -0.6478 0.6519 -0.3943
vn -0.8500 0.3527 -0.3914
vn -0.9178 0.0938 -0.3858
vn -0.9903 0.0985 -0.0976
vn -0.6986 0.0720 -0.7119
vn -0.6440 0.2697 -0.7159
vn -0.4898 0.4949 -0.7177
vn -0.2709 0.6452 -0.7144
vn -0.0396 0.3771 -0.9253
vn 0.0038 0.7063 -0.7079
vn 0.0932 0.9186 -0.3841
vn 0.0966 0.9902 -0.1005
vn 0.0001 1.0000 -0.0000
vn -0.0001 1.0000 -0.0000
vn 0.0916 0.9958 -0.0000
vn 0.4662 0.8847 -0.0000
vn 0.3813 0.9186 -0.1041
vn 0.3507 0.8499 -0.3932
vn 0.6745 0.7336 -0.0828
vn 0.6796 0.7336 -0.0000
vn 0.9185 0.3812 -0.1054
vn 0.9245 0.3812 -0.0000
vn 0.4429 0.8966 -0.0004
vn 0.6509 0.6485 -0.3946
vn 0.2674 0.6452 -0.7157
vn 0.0659 0.7001 -0.7110
vn 0.0358 0.3771 -0.9255
vn -0.0038 0.3812 -0.9245
vn 0.9903 0.0981 -0.0980
vn 0.8484 0.3527 -0.3948
vn 0.4920 0.4912 -0.7188
vn 0.1465 0.3445 -0.9273
vn 0.9952 0.0982 -0.0000
vn 0.9952 -0.0021 -0.0981
vn 1.0000 -0.0021 -0.0001
vn 0.9952 -0.0022 -0.0980
vn 0.9952 -0.0022 -0.0981
vn 0.9239 -0.0022 -0.3827
vn 0.6688 -0.0022 -0.7435
vn 0.9167 0.0895 -0.3894
vn 0.7071 -0.0022 -0.7071
vn 0.6988 0.0677 -0.7121
vn 0.6455 0.2655 -0.7161
vn 0.2608 0.2613 -0.9294
vn 0.3754 0.0371 -0.9261
vn 0.3472 0.1415 -0.9270
vn 0.3827 -0.0022 -0.9239
vn 0.4445 -0.0022 -0.8958
vn 0.4446 -0.0022 -0.8958
vn 0.0980 -0.0022 -0.9952
vn 0.0830 -0.0022 -0.9965
vn -0.0000 -0.0022 -1.0000
vn 0.0830 -0.0022 -0.9966
vn 0.0755 0.0066 -0.9971
vn 0.0904 0.0371 -0.9952
vn -0.0000 0.0022 -1.0000
vn 0.0001 -0.0021 -1.0000
vn 0.0642 0.0677 -0.9956
vn 0.0396 0.0851 -0.9956
vn -0.0001 -0.0022 -1.0000
vn 0.0075 0.0981 -0.9951
vn -0.0001 0.0982 -0.9952
vn -0.0076 0.0982 -0.9951
vn -0.0264 0.0720 -0.9971
vn -0.0717 0.0677 -0.9951
vn -0.1465 0.3445 -0.9273
vn -0.2626 0.2655 -0.9277
vn -0.3472 0.1415 -0.9270
vn -0.3824 0.0371 -0.9232
vn -0.0904 0.0371 -0.9952
vn -0.0980 0.0109 -0.9951
vn -0.0980 -0.0021 -0.9952
vn -0.3827 0.0022 -0.9239
vn -0.7071 0.0022 -0.7071
vn -0.9239 0.0023 -0.3827
vn -0.9952 0.0018 -0.0982
vn -0.9952 0.0022 -0.0980
vn -0.9239 0.0022 -0.3827
vn -0.6743 0.0022 -0.7384
vn -0.6744 0.0022 -0.7384
vn -0.4445 0.0022 -0.8958
vn -0.4446 0.0022 -0.8957
vn -0.0980 0.0022 -0.9952
vn -0.3827 0.0021 -0.9239
vn -0.0830 -0.0022 -0.9965
vn 0.0264 0.0677 -0.9974
vn 0.1073 0.2571 -0.9604
vn 0.2074 0.4873 -0.8482
vn 0.2916 0.6747 -0.6780
vn 0.3450 0.8111 -0.4724
vn 0.3799 0.8927 -0.2425
vn 0.3907 0.9186 -0.0600
vn 0.3908 0.9185 -0.0599
vn 0.3907 0.9185 0.0600
vn 0.3907 0.9186 0.0599
vn 0.3799 0.8927 0.2425
vn 0.3450 0.8111 0.4724
vn 0.3450 0.8111 0.4723
vn 0.3121 0.7277 0.6108
vn 0.2978 0.7001 0.6489
vn 0.9988 -0.0328 0.0377
vn 0.9954 -0.0677 0.0679
vn -0.0000 0.0021 1.0000
vn -0.6697 0.5796 0.4642
vn -0.6026 0.6008 0.5253
vn -0.5974 0.6683 0.4433
vn -0.5131 0.6747 0.5305
vn -0.4175 0.6617 0.6227
vn -0.3461 0.3852 0.8555
vn -0.2187 0.3771 0.9000
vn -0.1148 0.4212 0.8997
vn -0.2055 0.7569 0.6203
vn 0.0019 0.7847 0.6199
vn -0.3751 0.2189 0.9008
vn -0.4188 0.1112 0.9013
vn -0.4376 0.0284 0.8987
vn -0.4378 0.0022 0.8991
vn -0.9032 0.0851 0.4206
vn -0.7825 0.0022 0.6227
vn -0.8413 0.2359 0.4864
vn -0.7181 0.4291 0.5479
vn -0.7495 0.4643 0.4719
vn -0.9337 0.2104 0.2899
vn -0.9769 0.1025 0.1876
vn -0.9952 0.0981 -0.0000
vn -0.3831 0.9237 -0.0000
vn -0.3832 0.9237 -0.0000
vn -0.0959 0.9954 -0.0037
vn 0.0916 0.9958 -0.0001
vn 0.4428 0.8966 -0.0000
vn 0.7079 0.7063 -0.0008
vn 0.0655 0.9979 -0.0000
vn -0.0655 0.9979 -0.0000
vn 0.3832 0.9237 -0.0000
vn 0.6601 0.7512 -0.0000
vn 0.9245 0.3812 -0.0001
vn 0.9952 0.0981 -0.0001
vn 0.0001 -1.0000 -0.0000
vn -0.0000 -0.9958 -0.0916
vn 0.6846 0.5472 0.4815
vn 0.7113 0.4565 0.5345
vn 0.7430 0.4681 0.4783
vn 0.7927 0.2104 0.5722
vn 0.5719 0.6008 0.5586
vn 0.6253 0.6318 0.4581
vn 0.5193 0.6715 0.5286
vn 0.4206 0.6617 0.6206
vn 0.3112 0.3074 0.8993
vn 0.2150 0.3771 0.9009
vn 0.2020 0.7569 0.6215
vn 0.1111 0.4212 0.9001
vn -0.0019 0.4331 0.9014
vn 0.3751 0.2189 0.9008
vn 0.4222 0.1112 0.8997
vn 0.4376 0.0284 0.8987
vn 0.4378 -0.0022 0.8991
vn 0.8718 0.0720 0.4845
vn 0.7872 -0.0022 0.6167
vn 0.8444 0.2316 0.4831
vn 0.7760 0.1069 0.6216
vn 0.3929 0.0764 0.9164
vn -0.0000 -0.9958 -0.0917
vn -0.0018 -0.9832 -0.1823
vn -0.0018 -0.9832 -0.1824
vn -0.0019 -0.9832 -0.1824
vn -0.0001 -1.0000 -0.0000
vn -0.0000 -0.0021 -1.0000
vn 0.0001 0.0022 1.0000
vn -0.0000 0.9999 -0.0131
vn -0.9211 0.0720 -0.3826
vn -0.9182 0.0720 -0.3895
vn -0.8386 0.4093 -0.3596
vn -0.8071 0.4911 -0.3277
vn -0.3206 0.4643 -0.8256
vn -0.2539 0.0197 -0.9670
vn -0.3331 0.1415 -0.9322
vn -0.3827 0.0066 -0.9238
vn -0.7081 0.0546 -0.7040
vn -0.4614 0.4987 -0.7337
vn -0.3485 0.8612 -0.3698
vn 0.0151 0.9237 -0.3829
vn -0.2803 0.9536 -0.1100
vn -0.0704 0.9692 -0.2361
vn -0.1818 0.4409 -0.8790
vn -0.3431 0.8453 -0.4095
vn -0.8403 0.3568 -0.4082
vn -0.9238 0.0109 -0.3826
vn -0.9238 0.0109 0.3827
vn -0.8403 0.3568 0.4082
vn -0.3431 0.8453 0.4095
vn 0.0150 0.9237 0.3829
vn 0.0113 0.7063 0.7078
vn -0.2518 0.6284 0.7360
vn -0.6256 0.2655 0.7335
vn -0.7071 0.0109 0.7071
vn 0.0076 0.7033 -0.7109
vn 0.2748 0.6216 0.7336
vn 0.3677 0.8359 0.4076
vn 0.6338 0.2486 0.7324
vn 0.8485 0.3363 0.4086
vn 0.7071 -0.0066 0.7071
vn 0.9238 -0.0109 0.3827
vn 0.9238 -0.0109 -0.3827
vn 0.8501 0.3322 -0.4087
vn 0.3349 0.1329 -0.9328
vn 0.1853 0.4330 -0.8821
vn 0.2539 0.0153 -0.9671
vn 0.3827 -0.0066 -0.9239
vn 0.3621 0.8359 -0.4126
vn 0.0970 0.9658 -0.2403
vn 0.3331 0.4565 -0.8250
vn 0.8220 0.4681 -0.3242
vn 0.9225 0.0502 -0.3827
vn 0.9225 0.0502 -0.3826
vn 0.8479 0.3892 -0.3599
vn 0.3067 0.9454 -0.1103
vn 0.0130 0.9999 -0.0000
vn 0.3726 0.8523 -0.3672
vn 0.4763 0.4873 -0.7319
vn 0.7066 0.0371 -0.7066
vn -0.0453 -0.0065 -0.9990
vn -0.0000 -0.0284 -0.9996
vn -0.0453 -0.0109 -0.9989
vn -0.0378 -0.0240 -0.9990
vn -0.0302 -0.0371 -0.9989
vn -0.0151 -0.0414 -0.9990
vn -0.0000 -0.0415 -0.9991
vn 0.0151 -0.0415 -0.9990
vn 0.0302 -0.0371 -0.9989
vn 0.0377 -0.0240 -0.9990
vn 0.0453 -0.0109 -0.9989
vn 0.0453 -0.0066 -0.9990
vn -0.1430 0.0240 0.9894
vn 0.0019 0.0894 0.9960
vn -0.1354 0.0415 0.9899
vn -0.1167 0.0807 0.9899
vn -0.0848 0.1112 0.9902
vn -0.0434 0.1328 0.9902
vn -0.0000 0.1415 0.9899
vn 0.0472 0.1329 0.9900
vn 0.0810 0.1155 0.9900
vn 0.1167 0.0808 0.9899
vn 0.1354 0.0414 0.9899
vn 0.1430 0.0241 0.9894
vn 0.9971 0.0022 -0.0755
vn 0.9985 -0.0109 -0.0528
vn 0.9995 -0.0241 -0.0226
vn 0.9995 -0.0284 -0.0151
vn 0.9996 -0.0284 -0.0075
vn 0.9996 -0.0284 -0.0000
vn 0.9996 -0.0285 -0.0000
vn 0.9997 -0.0240 0.0076
vn 0.9997 -0.0241 0.0075
vn 0.9996 -0.0240 0.0151
vn 0.9997 -0.0196 0.0151
vn 0.9996 -0.0153 0.0226
vn 0.9997 -0.0066 0.0227
vn 0.9995 -0.0022 0.0302
vn 0.9955 -0.0938 0.0151
vn 0.9828 -0.1846 -0.0000
vn -0.9980 0.0633 -0.0038
vn -0.9664 0.2571 -0.0037
vn -0.8667 0.4988 -0.0000
vn -0.5006 0.8657 -0.0000
vn -0.2591 0.9658 -0.0038
vn -0.0216 0.9998 -0.0001
vn -0.0217 0.9998 -0.0000
vn 0.2377 0.9713 -0.0001
vn 0.2380 0.9713 -0.0000
vn 0.5006 0.8657 -0.0000
vn 0.8667 0.4988 -0.0000
vn 0.8668 0.4987 -0.0000
vn 0.9664 0.2571 -0.0000
vn 0.9980 0.0633 -0.0000
vn -0.0019 0.2823 -0.9593
vn 0.0038 -0.2823 0.9593
vn -0.0019 -0.2781 0.9606
vn 0.0037 -0.2823 0.9593
vn 0.0037 0.9599 0.2802
vn 0.3397 0.9023 0.2654
vn 0.6379 0.7395 0.2149
vn 0.6379 0.7395 0.2148
vn -0.0018 0.2823 -0.9593
vn 0.0019 -0.9599 -0.2802
vn 0.3387 -0.9023 -0.2667
vn 0.6378 -0.7395 -0.2152
vn 0.6378 -0.7396 -0.2152
vn 0.6380 0.7395 0.2148
vn 0.6379 0.7396 0.2148
vn 0.3938 -0.2948 0.8706
vn 0.8493 -0.1588 0.5035
vn 0.4823 -0.4526 0.7500
vn 0.6783 -0.5867 0.4424
vn 1.0000 -0.0066 -0.0000
vn 1.0000 -0.0066 -0.0075
vn 1.0000 -0.0065 -0.0000
vn -0.0019 -0.4949 0.8689
vn -0.0000 -0.6147 0.7888
vn -0.0019 -0.8334 0.5526
vn -0.0038 -0.9713 0.2380
vn -0.0019 -0.9950 -0.1003
vn -0.0018 -0.9950 -0.1003
vn -0.0000 -0.9762 -0.2170
vn -0.0000 -0.9762 -0.2167
vn 0.0019 -0.9966 -0.0829
vn 1.0000 -0.0065 0.0076
vn 1.0000 -0.0065 0.0075
vn 1.0000 0.0020 0.0076
vn 0.9951 -0.0982 0.0076
vn 0.9951 -0.0982 0.0075
vn 0.9811 -0.1932 0.0076
vn 0.0018 0.9950 -0.1003
vn 0.0037 0.9966 0.0828
vn 0.0037 0.9587 0.2844
vn -0.0000 0.8499 0.5269
vn -0.0000 0.6043 0.7968
vn -0.0019 0.9425 -0.3342
vn -0.0019 0.8187 -0.5743
vn -0.0019 0.8187 -0.5742
vn -0.0000 0.6351 -0.7724
vn -0.0000 0.4093 -0.9124
vn -0.0000 0.1459 -0.9893
vn -0.0000 0.1458 -0.9893
vn -0.0000 -0.0109 -0.9999
vn -0.0000 -0.1929 -0.9812
vn 0.0038 -0.5138 -0.8579
vn -0.0019 -0.7738 -0.6334
vn -0.0000 -0.9380 -0.3466
vn -0.0000 0.4092 -0.9124
vn 0.0038 0.9587 0.2844
vn -0.0000 0.8499 0.5270
vn -0.0019 0.3115 0.9503
vn -0.0019 0.3115 0.9502
vn -0.0000 0.0328 0.9995
vn -0.0019 -0.2443 0.9697
vn -0.0000 0.0327 0.9995
vn -0.4104 0.0022 -0.9119
vn -0.7485 0.0022 -0.6631
vn -0.2025 0.0022 -0.9793
vn 0.1654 0.0022 -0.9862
vn 0.3405 0.0021 -0.9403
vn 0.6402 0.0022 -0.7682
vn -0.0000 0.1974 -0.9803
vn -0.0000 0.4874 -0.8732
vn 0.0057 -0.8826 -0.4700
vn 0.0038 -0.8806 -0.4739
vn 0.0056 -0.8826 -0.4701
vn 0.0019 -0.8785 -0.4778
vn -0.0038 -0.8806 -0.4739
vn -0.0019 -0.8826 -0.4701
vn -0.0075 -0.8867 -0.4623
vn -0.0076 -0.8867 -0.4623
vn 0.0132 -0.8847 -0.4660
vn 0.0415 -0.8700 -0.4913
vn 0.0340 -0.8613 -0.5070
vn 0.1587 -0.8085 0.5667
vn 0.1693 -0.9439 0.2834
vn 0.1367 -0.7981 0.5868
vn 0.1167 -0.9930 0.0152
vn 0.1041 -0.9496 -0.2958
vn 0.1311 -0.9587 -0.2523
vn 0.1311 -0.9587 -0.2524
vn 0.2258 -0.9635 -0.1435
vn 0.2259 -0.9635 -0.1435
vn 0.2954 -0.9549 0.0302
vn 0.2480 -0.9536 0.1708
vn 0.2036 -0.9562 0.2103
vn 0.2037 -0.9562 0.2103
vn -0.5991 -0.8007 -0.0000
vn -0.5991 -0.8007 0.0006
vn -0.8174 -0.5761 -0.0000
vn -0.8174 -0.5760 -0.0000
vn -0.9555 -0.2949 0.0038
vn -0.9999 0.0154 -0.0002
vn -0.9999 0.0153 -0.0000
vn -0.9461 0.3238 -0.0000
vn -0.9461 0.3239 -0.0000
vn -0.7994 0.6008 -0.0000
vn -0.5743 0.8187 -0.0038
vn -0.2927 0.9562 -0.0038
vn -0.2927 0.9562 -0.0037
vn 0.2928 0.9562 -0.0000
vn 0.5743 0.8187 -0.0000
vn 0.5742 0.8187 -0.0000
vn 0.7994 0.6008 -0.0000
vn 0.9461 0.3238 0.0001
vn 0.9461 0.3239 -0.0000
vn 0.9999 0.0153 0.0003
vn 0.9999 0.0154 -0.0001
vn 0.9555 -0.2949 -0.0000
vn 0.9556 -0.2948 0.0001
vn 0.8174 -0.5761 -0.0000
vn 0.5990 -0.8007 -0.0000
vn 0.5991 -0.8007 -0.0000
vn 0.3219 -0.9468 -0.0000
vn 0.3219 -0.9468 0.0001
vn -0.3218 -0.9468 0.0038
vn -0.5990 -0.8007 0.0007
vn -0.5990 -0.8007 -0.0000
vn 0.3062 0.0938 0.9473
vn 0.1561 0.0458 0.9867
vn 0.3190 -0.0022 0.9477
vn 0.1579 -0.0022 0.9874
vn 0.2973 -0.1025 0.9493
vn 0.1486 -0.0502 0.9876
vn 0.2557 -0.1889 0.9481
vn 0.1298 -0.0938 0.9871
vn 0.1802 -0.2571 0.9494
vn 0.0924 -0.1286 0.9874
vn 0.0923 -0.3032 0.9484
vn 0.0491 -0.1545 0.9868
vn -0.1429 -0.0415 0.9889
vn -0.1430 0.0022 0.9897
vn -0.2740 -0.0851 0.9580
vn -0.2903 0.0066 0.9569
vn -0.1374 0.0502 0.9892
vn -0.2737 0.0938 0.9572
vn -0.1186 0.0894 0.9889
vn -0.2338 0.1760 0.9562
vn -0.0867 0.1199 0.9890
vn -0.1652 0.2401 0.9566
vn -0.0453 0.1415 0.9889
vn -0.0829 0.2781 0.9570
vn 0.0038 -0.1588 0.9873
vn -0.0000 0.1459 0.9893
vn 0.0453 0.1415 0.9889
vn 0.0829 0.2781 0.9570
vn 0.1653 0.2401 0.9566
vn -0.0491 -0.1545 0.9868
vn 0.0019 0.2907 0.9568
vn -0.0961 -0.3032 0.9481
vn -0.0962 -0.1286 0.9870
vn 0.0867 0.1199 0.9890
vn 0.1148 0.0894 0.9893
vn 0.2301 0.1760 0.9571
vn 0.2773 0.0939 0.9562
vn -0.1802 -0.2571 0.9494
vn -0.1261 -0.0938 0.9876
vn -0.2520 -0.1889 0.9491
vn -0.1523 -0.0502 0.9871
vn 0.1411 0.0502 0.9887
vn 0.1430 0.0022 0.9897
vn 0.2903 0.0066 0.9569
vn 0.2776 -0.0851 0.9569
vn -0.2973 -0.1025 0.9493
vn -0.1580 -0.0022 0.9874
vn -0.3191 -0.0022 0.9477
vn -0.1524 0.0459 0.9873
vn 0.1429 -0.0415 0.9889
vn 0.1224 -0.0851 0.9888
vn 0.2393 -0.1674 0.9564
vn 0.1747 -0.2317 0.9570
vn -0.3027 0.0939 0.9485
vn -0.1336 0.0938 0.9866
vn -0.2574 0.1846 0.9485
vn -0.0961 0.1285 0.9870
vn 0.0886 -0.1155 0.9893
vn 0.0453 -0.1372 0.9895
vn 0.0905 -0.2739 0.9575
vn -0.0000 -0.2907 0.9568
vn -0.1857 0.2528 0.9495
vn -0.0547 0.1502 0.9871
vn -0.1018 0.2990 0.9488
vn -0.0038 0.3157 0.9489
vn -0.0038 0.1588 0.9873
vn -0.0019 -0.1458 0.9893
vn -0.0453 -0.1372 0.9895
vn -0.0905 -0.2739 0.9575
vn -0.0848 -0.1155 0.9897
vn -0.1784 -0.2317 0.9563
vn -0.1187 -0.0851 0.9893
vn -0.2393 -0.1674 0.9564
vn 0.1561 0.0459 0.9867
vn 0.1298 0.0938 0.9871
vn 0.0924 0.1286 0.9874
vn 0.0509 0.1502 0.9873
vn 0.1017 0.2990 0.9488
vn 0.1895 0.2528 0.9488
vn 0.2591 0.1803 0.9489
vn 0.9556 0.2948 -0.0000
vn 0.9555 0.2948 -0.0000
vn 0.9999 -0.0153 -0.0000
vn 0.9461 -0.3239 -0.0000
vn 0.9461 -0.3240 -0.0000
vn 0.7994 -0.6008 -0.0000
vn 0.5743 -0.8187 -0.0000
vn 0.5742 -0.8187 -0.0000
vn 0.2928 -0.9562 -0.0000
vn -0.2927 -0.9562 0.0038
vn -0.5743 -0.8187 0.0038
vn -0.7994 -0.6008 0.0038
vn -0.9461 -0.3239 -0.0038
vn -0.9461 -0.3239 -0.0037
vn -0.9999 -0.0153 -0.0000
vn -0.9556 0.2948 -0.0005
vn -0.9555 0.2948 -0.0005
vn -0.8174 0.5761 -0.0038
vn -0.5990 0.8007 -0.0038
vn -0.3219 0.9468 -0.0037
vn -0.3218 0.9468 -0.0038
vn 0.3219 0.9468 -0.0000
vn 0.5990 0.8007 -0.0000
vn 0.5991 0.8007 -0.0000
vn 0.8174 0.5760 -0.0000
vn 0.8174 0.5761 -0.0000
vn 0.9555 0.2949 -0.0000
vn 0.3190 -0.0066 -0.9477
vn 0.3062 0.0938 -0.9473
vn 0.5833 0.1803 -0.7920
vn 0.4945 0.3486 -0.7962
vn 0.6048 -0.0109 -0.7963
vn 0.3045 -0.1025 -0.9470
vn 0.5725 -0.1975 -0.7957
vn 0.2539 -0.1932 -0.9477
vn 0.4861 -0.3650 -0.7941
vn 0.1858 -0.2613 -0.9472
vn 0.3469 -0.4987 -0.7943
vn 0.0905 -0.3074 -0.9473
vn 0.1797 -0.5832 -0.7922
vn 0.0038 -0.6112 -0.7915
vn -0.0000 -0.3198 -0.9475
vn 0.2647 0.1846 -0.9465
vn 0.1892 0.2571 -0.9477
vn 0.0999 0.3032 -0.9477
vn 0.1958 0.5763 -0.7935
vn 0.0038 0.6077 -0.7941
vn -0.1924 0.5761 -0.7944
vn -0.1036 0.3032 -0.9473
vn -0.1929 0.2571 -0.9469
vn 0.3640 0.4873 -0.7937
vn -0.3674 0.4873 -0.7921
vn -0.2647 0.1846 -0.9465
vn -0.4946 0.3486 -0.7961
vn -0.3026 0.0938 -0.9485
vn -0.5803 0.1803 -0.7942
vn -0.3191 -0.0066 -0.9477
vn -0.6107 -0.0109 -0.7918
vn -0.3045 -0.1025 -0.9470
vn -0.2540 -0.1932 -0.9477
vn -0.1821 -0.2613 -0.9479
vn -0.4893 -0.3650 -0.7921
vn -0.3503 -0.4987 -0.7928
vn -0.0905 -0.3074 -0.9473
vn -0.1797 -0.5832 -0.7922
vn -0.5726 -0.1975 -0.7957
vn -0.0020 -0.7125 0.7017
vn -0.0019 -0.7125 0.7017
vn 0.0038 -0.6419 0.7668
vn 0.0037 -0.6418 0.7668
vn 0.0038 -0.4797 0.8774
vn 0.0038 -0.2990 0.9542
vn -0.0019 -0.1068 0.9943
vn 0.0018 0.0895 0.9960
vn 0.0019 0.0895 0.9960
vn -0.0019 0.2823 0.9593
vn -0.0018 0.2823 0.9593
vn 0.0038 0.4643 0.8857
vn 0.0037 0.4643 0.8857
vn -0.0000 0.6285 0.7778
vn 0.0001 0.6284 0.7779
vn 0.0037 0.7682 0.6402
vn -0.0038 0.7682 0.6402
vn -0.0019 0.8785 0.4777
vn -0.0019 0.8785 0.4778
vn -0.0019 0.9203 0.3912
vn -0.0019 0.9203 0.3913
vn 0.0038 0.7682 0.6402
vn -0.0001 0.6284 0.7779
vn -0.0038 0.4643 0.8857
vn -0.0019 -0.1069 0.9943
vn -0.0038 -0.2990 0.9542
vn -0.0037 -0.4797 0.8775
vn -0.0037 -0.6418 0.7668
vn 1.0000 -0.0021 0.0002
vn 1.0000 -0.0022 -0.0001
vn 1.0000 -0.0023 -0.0001
vn -0.0038 -0.3281 0.9446
vn 0.0038 -0.3281 0.9446
vn -0.1279 0.4291 -0.8942
vn -0.1258 0.5176 -0.8463
vn -0.1258 0.5175 -0.8464
vn -0.1107 0.7395 -0.6640
vn -0.1107 0.7395 -0.6639
vn -0.0747 0.9349 -0.3468
vn -0.0747 0.9350 -0.3468
vn -0.0255 0.9958 -0.0880
vn -0.0056 0.9454 0.3259
vn -0.0490 0.7793 0.6247
vn -0.0490 0.7793 0.6248
vn -0.0734 0.5832 0.8090
vn -0.0829 0.5101 0.8561
vn -0.0829 0.5100 0.8561
vn -0.0828 0.5101 0.8561
vn 0.0185 0.9966 0.0808
vn 0.0184 0.9966 0.0808
vn -0.0111 0.9966 0.0822
vn -0.0037 0.9966 0.0828
vn 0.0037 0.9958 0.0916
vn 0.0111 0.9966 0.0822
vn -0.0184 0.9966 0.0808
vn -0.0185 0.9966 0.0808
vn -0.0891 0.9940 0.0629
vn -0.0890 0.9940 0.0628
vn -0.1186 0.9855 0.1212
vn -0.1094 0.9647 0.2396
vn -0.0412 0.9496 0.3109
vn -0.0412 0.9496 0.3108
vn 0.0019 0.9454 0.3260
vn 0.1560 -0.2444 0.9571
vn -0.0038 -0.2486 0.9686
vn 0.1486 0.0546 0.9874
vn -0.0019 0.0502 0.9987
vn 0.1504 0.0284 0.9882
vn -0.0000 0.0284 0.9996
vn 0.1598 -0.2865 0.9447
vn -0.0000 -0.2910 0.9567
vn 0.3060 -0.2359 0.9223
vn 0.2884 0.0546 0.9560
vn 0.4851 -0.2146 0.8477
vn 0.2901 0.0327 0.9564
vn 0.3097 -0.2781 0.9092
vn 0.4645 0.0328 0.8850
vn 0.4849 -0.2528 0.8373
vn 0.7012 0.0371 0.7120
vn 0.7232 -0.2018 0.6605
vn 0.9545 0.0197 0.2974
vn 0.9707 0.0197 0.2393
vn 0.7002 0.0502 0.7122
vn 0.4629 0.0546 0.8847
vn 0.7208 -0.1674 0.6727
vn 0.9588 -0.0677 0.2758
vn 0.9708 0.0196 0.2392
vn 0.9545 0.0196 0.2974
vn 0.9578 -0.0807 0.2759
vn 0.7013 0.0371 0.7119
vn 0.0019 0.2907 -0.9568
vn -0.0019 0.5580 -0.8298
vn -0.0019 0.5581 -0.8298
vn 0.0038 0.8867 -0.4624
vn -0.0038 0.8867 -0.4624
vn 0.0057 0.5581 -0.8298
vn 1.0000 -0.0023 -0.0000
vn 1.0000 -0.0021 -0.0000
vn 0.8394 0.5435 -0.0000
vn -0.0019 0.4409 0.8976
vn 0.0038 0.4448 0.8956
vn -0.0019 0.4409 0.8975
vn -0.0000 0.4487 0.8937
vn -0.0038 0.4448 0.8956
vn -0.0020 0.4409 0.8975
vn -0.0000 0.4094 -0.9124
vn -0.0000 -0.6970 -0.7171
vn -0.0000 -0.4759 -0.8795
vn -0.0000 0.4758 -0.8796
vn -0.0000 0.4759 -0.8795
vn 0.0038 0.6970 -0.7171
vn 0.9210 0.0022 0.3897
vn 0.9210 0.0022 0.3896
vn 0.9088 0.0022 -0.4173
vn -0.0019 -0.2444 0.9697
vn -0.0000 -0.4835 0.8754
vn -0.0000 -0.4838 0.8752
vn -0.0000 -0.7395 0.6731
vn 0.0019 -0.9203 0.3912
vn -0.0000 -0.9908 0.1350
vn -0.0000 -0.4836 0.8753
vn -0.0000 -0.7395 0.6732
vn -0.0000 -0.9992 0.0392
vn 0.0019 -0.9972 -0.0742
vn 0.0038 -0.6351 0.7724
vn -0.0038 0.7682 -0.6402
vn 0.0037 0.7682 -0.6402
vn 0.0019 0.7125 -0.7017
vn 0.0019 0.7125 -0.7016
vn 0.0038 0.7682 -0.6402
vn -0.0038 -0.5138 -0.8579
vn -0.0037 -0.5138 -0.8579
vn -0.0038 -0.5581 -0.8298
vn 0.0038 -0.5581 -0.8298
vn -0.0000 -0.3073 -0.9516
vn -0.0000 -0.3074 -0.9516
vn 0.0038 -0.2486 -0.9686
vn 0.0037 -0.2486 -0.9686
vn -0.0018 -0.4488 -0.8937
vn -0.0019 -0.4487 -0.8937
vn 0.0038 -0.6419 -0.7668
vn 0.0018 -0.8085 -0.5885
vn 0.0019 -0.8085 -0.5885
vn -0.0000 -0.9060 -0.4233
vn 0.0001 -0.9061 -0.4232
vn 0.0038 -0.9523 -0.3052
vn -0.0037 -0.9523 -0.3052
vn 0.0019 -0.9691 -0.2465
vn 0.0037 -0.9523 -0.3052
vn -0.0000 -0.9061 -0.4232
vn -0.0038 -0.6419 -0.7668
vn -0.0037 -0.2486 -0.9686
vn 0.0002 1.0000 -0.0000
vn -0.0019 0.7001 0.7140
vn -0.0019 0.7001 0.7141
vn -0.0000 0.2401 -0.9707
vn 0.0001 0.2400 -0.9708
vn -0.0001 0.2400 -0.9708
vn -1.0000 -0.0065 -0.0000
vn -1.0000 -0.0066 -0.0000
vn -1.0000 -0.0064 0.0001
vn -1.0000 -0.0021 -0.0000
vn -1.0000 0.0022 0.0076
vn -0.9951 -0.0982 0.0076
vn -0.9811 -0.1932 0.0076
vn -0.9948 -0.0284 0.0980
vn -0.8415 -0.1588 0.5164
vn -0.3888 -0.2906 0.8743
vn -0.3456 -0.2104 0.9145
vn -0.1592 -0.9623 0.2203
vn -0.2041 -0.9781 0.0413
vn -0.6092 -0.7928 0.0189
vn -0.3415 -0.9395 0.0264
vn -0.9993 0.0022 0.0377
vn 0.0056 -0.8826 -0.4700
vn 0.0075 -0.8867 -0.4623
vn 0.0076 -0.8867 -0.4623
vn -0.0170 -0.8847 -0.4659
vn -0.0415 -0.8700 -0.4913
vn -0.0416 -0.8612 -0.5065
vn -0.0416 -0.8613 -0.5065
vn -0.2049 -0.9380 0.2795
vn -0.2050 -0.9380 0.2795
vn -0.1876 -0.8033 0.5652
vn -0.1495 -0.7955 0.5873
vn -0.1250 -0.9920 0.0189
vn -0.1250 -0.9920 0.0188
vn -0.1041 -0.9496 -0.2958
vn -0.1311 -0.9587 -0.2523
vn -0.1312 -0.9587 -0.2524
vn -0.2258 -0.9635 -0.1435
vn -0.2259 -0.9635 -0.1435
vn -0.2958 -0.9549 0.0264
vn -0.2480 -0.9536 0.1708
vn -0.2063 -0.9562 0.2077
vn -0.2064 -0.9562 0.2077
vn 0.1278 0.4291 -0.8942
vn 0.1279 0.4291 -0.8942
vn 0.1221 0.5176 -0.8469
vn 0.1221 0.5175 -0.8469
vn 0.1070 0.7395 -0.6646
vn 0.0747 0.9350 -0.3468
vn 0.0255 0.9958 -0.0880
vn 0.0490 0.7793 0.6247
vn 0.0772 0.5832 0.8087
vn 0.0829 0.5101 0.8561
vn 0.0828 0.5101 0.8561
vn 0.0891 0.9940 0.0629
vn 0.1186 0.9855 0.1212
vn 0.0890 0.9940 0.0629
vn 0.1094 0.9647 0.2396
vn 0.0412 0.9496 0.3109
vn -0.1560 -0.2865 0.9453
vn -0.1504 0.0284 0.9882
vn -0.2901 0.0328 0.9564
vn -0.2920 0.0546 0.9549
vn -0.1448 0.0546 0.9879
vn -0.3096 -0.2359 0.9212
vn -0.1523 -0.2444 0.9577
vn -0.3062 -0.2781 0.9105
vn -0.4645 0.0328 0.8850
vn -0.4595 0.0546 0.8865
vn -0.4818 -0.2146 0.8496
vn -0.7208 -0.1674 0.6727
vn -0.6975 0.0502 0.7148
vn -0.7012 0.0371 0.7120
vn -0.4816 -0.2528 0.8392
vn -0.7207 -0.2017 0.6632
vn -0.9588 -0.0677 0.2758
vn -0.9708 0.0197 0.2393
vn -0.9545 0.0197 0.2974
vn -0.9588 -0.0807 0.2722
vn -0.8394 0.5435 -0.0038
vn -0.8394 0.5435 -0.0037
vn -0.0019 -0.9549 0.2969
vn -0.8249 0.5653 0.0038
vn -0.9893 0.1459 -0.0000
vn -0.9542 0.2990 -0.0000
vn 0.4429 0.8966 -0.0000
vn -0.0019 -0.4291 0.9033
vn 0.3095 -0.9509 -0.0000
vn 0.0786 -0.9969 -0.0000
vn -0.0828 -0.9966 0.0037
vn 0.4546 -0.8907 -0.0000
vn 0.5885 -0.8085 -0.0000
vn 0.8098 -0.5868 -0.0000
vn 0.8098 -0.5867 -0.0000
vn 0.9502 -0.3117 -0.0000
vn 0.9502 -0.3116 -0.0000
vn 0.9964 -0.0851 -0.0000
vn 1.0000 -0.0024 -0.0002
vn -0.0828 -0.9966 0.0038
vn -0.3137 -0.9495 -0.0000
vn -0.3135 -0.9496 -0.0000
vn -0.4546 -0.8907 -0.0000
vn -0.5885 -0.8085 0.0038
vn -0.8096 -0.5870 0.0001
vn -0.8098 -0.5867 -0.0000
vn -0.9502 -0.3115 0.0037
vn -0.9502 -0.3115 0.0038
vn -0.9967 -0.0807 0.0038
vn -0.9967 -0.0807 0.0037
vn -1.0000 0.0023 -0.0000
vn 0.0019 -0.9969 0.0786
vn 0.0019 -0.9969 0.0785
vn 0.0019 -0.9509 0.3094
vn 0.0019 -0.8085 0.5885
vn 0.0037 -0.5867 0.8098
vn -0.0000 -0.3074 0.9516
vn -0.0019 0.5867 0.8098
vn -0.0019 0.8085 0.5885
vn -0.0019 0.9509 0.3094
vn -0.0018 0.9969 0.0785
vn 0.0001 1.0000 -0.0002
vn -0.9980 -0.0633 0.0038
vn -0.9664 -0.2571 0.0001
vn -0.9664 -0.2571 -0.0000
vn -0.8667 -0.4987 0.0038
vn -0.7079 -0.7063 0.0038
vn -0.7079 -0.7063 0.0037
vn -0.5006 -0.8657 -0.0000
vn -0.5007 -0.8656 0.0001
vn -0.2591 -0.9658 0.0038
vn 0.2591 -0.9658 -0.0000
vn 0.2592 -0.9658 -0.0000
vn 0.9977 -0.0676 -0.0000
vn 0.9977 -0.0676 -0.0001
vn 0.9653 -0.2613 -0.0000
vn 0.9653 -0.2612 -0.0000
vn 0.8645 -0.5026 -0.0000
vn 0.8646 -0.5025 -0.0000
vn 0.7079 -0.7063 -0.0000
vn 0.5006 -0.8657 -0.0000
vn -0.7079 0.7063 0.0005
vn -0.6568 0.7541 0.0038
vn -0.7048 0.7094 0.0038
vn -0.7079 0.7063 0.0004
vn -0.9956 0.0938 0.0037
vn -1.0000 0.0023 -0.0001
vn 0.9245 0.3811 -0.0000
vn 0.6860 0.7276 -0.0000
vn 0.6859 0.7277 -0.0000
vn 1.0000 -0.0020 -0.0000
vn -0.9893 0.1458 -0.0000
vn -0.9982 0.0022 0.0604
vn -0.0785 0.9969 -0.0037
vn 0.0787 0.9969 -0.0000
vn 0.0786 0.9969 -0.0000
vn 0.3095 0.9509 -0.0000
vn 0.5885 0.8085 -0.0000
vn 0.8098 0.5867 -0.0001
vn 0.8098 0.5867 -0.0000
vn 0.9516 0.3074 -0.0000
vn 0.9516 0.3074 -0.0001
vn 0.9971 0.0764 -0.0000
vn 0.9971 0.0765 -0.0001
vn -0.3094 0.9509 0.0038
vn -0.5885 0.8085 0.0038
vn -0.8098 0.5867 0.0037
vn -0.9502 0.3115 0.0038
vn -0.9967 0.0807 -0.0000
vn -0.9967 0.0808 -0.0000
vn -0.9943 -0.1068 0.0038
vn -0.9124 -0.4093 0.0038
vn -0.6634 -0.7483 -0.0000
vn -0.6634 -0.7482 0.0001
vn -0.3953 -0.9186 -0.0000
vn -0.2969 -0.9549 0.0038
vn -0.0019 0.7626 -0.6469
vn -0.0038 -0.7626 -0.6469
vn -0.0019 0.7626 -0.6468
vn -0.0038 -0.7626 -0.6468
vn 0.8897 -0.4565 -0.0000
vn 0.9503 -0.3113 -0.0000
vn 0.9516 0.3073 -0.0000
vn 0.8098 0.5868 -0.0000
vn 0.3094 0.9509 -0.0000
vn 0.0044 1.0000 -0.0000
vn -0.3053 0.9523 -0.0038
vn -0.3053 0.9523 -0.0037
vn -0.5850 0.8110 -0.0000
vn -0.8072 0.5902 -0.0000
vn -0.9502 0.3115 -0.0037
vn -0.9516 -0.3072 -0.0000
vn -0.9516 -0.3074 -0.0000
vn -0.8917 -0.4526 -0.0000
vn -0.8918 -0.4525 -0.0000
vn 0.8898 -0.4564 -0.0000
vn 0.9880 0.1545 -0.0000
vn 0.9502 0.3115 -0.0000
vn 0.9158 0.2990 0.2682
vn 0.7781 0.5653 0.2739
vn 0.5655 0.7793 0.2699
vn 0.2962 0.9151 0.2736
vn 0.0014 1.0000 0.0041
vn -0.2988 0.9151 0.2708
vn -0.5655 0.7793 0.2699
vn -0.7794 0.5653 0.2703
vn -0.8097 0.5868 0.0037
vn -0.9172 0.2949 0.2679
vn -0.9516 0.3074 -0.0000
vn -0.9526 0.1502 0.2647
vn -0.9880 0.1545 -0.0000
vn -0.5655 0.7793 0.2700
vn -0.2988 0.9151 0.2709
vn -0.3094 0.9509 0.0037
vn 0.5655 0.7793 0.2700
vn 0.9515 0.1502 0.2684
vn 0.9516 0.1502 0.2683
vn 0.8998 0.2907 0.3253
vn 0.7639 0.5544 0.3302
vn 0.7640 0.5544 0.3301
vn 0.5560 0.7627 0.3305
vn 0.5561 0.7626 0.3305
vn 0.2926 0.8966 0.3325
vn -0.0000 0.9439 0.3302
vn -0.0000 0.9440 0.3301
vn -0.2926 0.8985 0.3272
vn -0.5580 0.7626 0.3272
vn -0.7654 0.5544 0.3267
vn -0.7654 0.5545 0.3267
vn -0.9011 0.2907 0.3217
vn -0.9011 0.2907 0.3218
vn -0.9366 0.1459 0.3186
vn -0.9366 0.1460 0.3186
vn 0.9366 0.1459 0.3186
vn -0.4085 0.1285 0.9036
vn -0.3435 0.2486 0.9057
vn -0.2497 0.3445 0.9050
vn -0.1335 0.4053 0.9044
vn 0.0038 0.4252 0.9051
vn 0.0038 0.4251 0.9051
vn 0.1298 0.4053 0.9049
vn 0.2497 0.3445 0.9050
vn 0.2496 0.3445 0.9050
vn 0.3435 0.2486 0.9057
vn 0.4051 0.1285 0.9052
vn 0.4221 0.0633 0.9044
vn -0.4275 0.0677 0.9015
vn -0.4276 0.0677 0.9014
vn -0.5885 0.8085 0.0037
vn 0.0013 1.0000 0.0042
vn -0.3016 0.4172 -0.8573
vn -0.1558 0.4911 -0.8570
vn -0.0019 0.5138 -0.8579
vn 0.1596 0.4912 -0.8563
vn 0.1595 0.4911 -0.8564
vn 0.3051 0.4172 -0.8561
vn 0.4176 0.3032 -0.8566
vn 0.4871 0.1588 -0.8588
vn 0.5135 0.0807 -0.8543
vn 0.5135 0.0808 -0.8543
vn -0.3015 0.4172 -0.8573
vn -0.4142 0.3032 -0.8582
vn -0.4871 0.1588 -0.8588
vn -0.5135 0.0807 -0.8543
vn -0.5136 0.0808 -0.8542
vn -0.0509 -0.7981 0.6004
vn -0.0510 -0.7981 0.6004
vn -0.1422 -0.7955 0.5891
vn -0.2372 -0.7928 0.5614
vn -0.3298 -0.7874 0.5208
vn -0.9251 -0.3322 -0.1838
vn -0.9221 -0.3445 -0.1764
vn -0.9220 -0.3445 -0.1764
vn -0.8072 -0.5689 0.1577
vn -0.8072 -0.5689 0.1576
vn 0.0811 -0.5903 0.8031
vn -0.5712 -0.7738 0.2739
vn -0.5712 -0.7738 0.2738
vn -0.7427 -0.6385 -0.2017
vn -0.7427 -0.6385 -0.2016
vn -0.7399 -0.6419 -0.2015
vn -0.6087 -0.7246 -0.3231
vn -0.6087 -0.7247 -0.3230
vn 0.2599 -0.7247 -0.6382
vn 0.2598 -0.7246 -0.6383
vn -0.2177 -0.8111 -0.5429
vn -0.1349 -0.8162 -0.5619
vn -0.1349 -0.8161 -0.5619
vn 0.0396 -0.7981 0.6012
vn 0.0397 -0.7981 0.6012
vn 0.1422 -0.7954 0.5891
vn 0.1422 -0.7955 0.5891
vn 0.2407 -0.7928 0.5600
vn 0.2406 -0.7928 0.5600
vn 0.3298 -0.7874 0.5208
vn 0.9244 -0.3321 -0.1874
vn 0.9244 -0.3322 -0.1875
vn 0.9228 -0.3445 -0.1727
vn 0.8072 -0.5689 0.1577
vn -0.0774 -0.5903 0.8035
vn -0.0773 -0.5902 0.8035
vn 0.5696 -0.7738 0.2771
vn 0.5695 -0.7739 0.2772
vn 0.7427 -0.6385 -0.2016
vn 0.7427 -0.6385 -0.2017
vn 0.7379 -0.6419 -0.2088
vn 0.7378 -0.6419 -0.2088
vn 0.6105 -0.7246 -0.3197
vn 0.6105 -0.7245 -0.3198
vn -0.2633 -0.7247 -0.6368
vn -0.2632 -0.7247 -0.6369
vn -0.2633 -0.7246 -0.6368
vn -0.2633 -0.7246 -0.6369
vn 0.2177 -0.8111 -0.5429
vn 0.1349 -0.8161 -0.5619
vn 0.1349 -0.8162 -0.5618
vn 0.1349 -0.8162 -0.5619
vn 0.0038 -0.8111 -0.5850
vn 0.0038 -0.8111 -0.5849
vt 0.202429 0.285179
vt 0.221980 0.297197
vt 0.216854 0.297075
vt 0.221146 0.307515
vt 0.223053 0.295254
vt 0.225676 0.291249
vt 0.197064 0.271948
vt 0.197541 0.274497
vt 0.189792 0.293191
vt 0.192534 0.295740
vt 0.188242 0.303752
vt 0.191580 0.306665
vt 0.195395 0.297925
vt 0.198256 0.279231
vt 0.199925 0.282751
vt 0.198495 0.300110
vt 0.214946 0.307636
vt 0.219477 0.319896
vt 0.225914 0.320139
vt 0.225557 0.335556
vt 0.231994 0.334949
vt 0.233544 0.349758
vt 0.239624 0.348059
vt 0.242485 0.361533
vt 0.238074 0.334342
vt 0.231994 0.320139
vt 0.227106 0.306544
vt 0.228299 0.286272
vt 0.196706 0.267092
vt 0.187050 0.290277
vt 0.185262 0.300960
vt 0.148424 0.379984
vt 0.150212 0.382655
vt 0.195633 0.309700
vt 0.212920 0.319047
vt 0.218642 0.336163
vt 0.226987 0.351579
vt 0.236525 0.364082
vt 0.248327 0.378649
vt 0.242008 0.380955
vt 0.263467 0.447355
vt 0.256910 0.449418
vt 0.268236 0.458644
vt 0.268951 0.446869
vt 0.274554 0.455731
vt 0.309842 0.448812
vt 0.312227 0.463742
vt 0.282184 0.471511
vt 0.317472 0.478916
vt 0.288145 0.486321
vt 0.319380 0.485471
vt 0.289695 0.491783
vt 0.322002 0.500523
vt 0.291602 0.506350
vt 0.324506 0.514240
vt 0.294106 0.520674
vt 0.327844 0.528443
vt 0.297802 0.535483
vt 0.332136 0.543859
vt 0.302451 0.551021
vt 0.332970 0.547137
vt 0.303047 0.553813
vt 0.333209 0.549079
vt 0.303286 0.555391
vt 0.296252 0.556605
vt 0.296252 0.555027
vt 0.288741 0.557819
vt 0.288741 0.555998
vt 0.283019 0.556362
vt 0.283019 0.555148
vt 0.279800 0.557940
vt 0.279442 0.556605
vt 0.258699 0.554906
vt 0.258937 0.554056
vt 0.197302 0.599091
vt 0.196110 0.597149
vt 0.194441 0.606496
vt 0.192534 0.604918
vt 0.195395 0.633808
vt 0.194084 0.632230
vt 0.185858 0.637450
vt 0.191461 0.638664
vt 0.180731 0.640849
vt 0.173936 0.634537
vt 0.164399 0.636722
vt 0.171552 0.644126
vt 0.158557 0.639392
vt 0.164876 0.647525
vt 0.152358 0.642184
vt 0.157961 0.650681
vt 0.145920 0.645098
vt 0.150927 0.653838
vt 0.144847 0.656508
vt 0.140317 0.647647
vt 0.132568 0.650924
vt 0.136979 0.660150
vt 0.130422 0.664156
vt 0.125773 0.654323
vt 0.126488 0.635144
vt 0.119335 0.637814
vt 0.120647 0.611958
vt 0.113374 0.613658
vt 0.116951 0.588045
vt 0.109321 0.589501
vt 0.113017 0.567409
vt 0.105506 0.568258
vt 0.115997 0.535362
vt 0.110513 0.538154
vt 0.104791 0.522859
vt 0.100022 0.528321
vt 0.091439 0.513512
vt 0.087624 0.519946
vt 0.075702 0.507564
vt 0.072841 0.514726
vt 0.062946 0.504286
vt 0.060800 0.511691
vt 0.051501 0.501859
vt 0.049355 0.509263
vt 0.036957 0.498824
vt 0.034811 0.506107
vt 0.030519 0.496760
vt 0.027658 0.503801
vt 0.026108 0.494939
vt 0.022770 0.501859
vt 0.022651 0.492754
vt 0.018598 0.498945
vt 0.020028 0.490812
vt 0.015498 0.496153
vt 0.237955 0.320503
vt 0.311154 0.440436
vt 0.029923 0.487535
vt 0.026585 0.485714
vt 0.034096 0.489234
vt 0.040295 0.491176
vt 0.054839 0.493725
vt 0.066523 0.496153
vt 0.079756 0.499795
vt 0.095969 0.506593
vt 0.110275 0.517275
vt 0.121600 0.531599
vt 0.121243 0.564738
vt 0.125296 0.585253
vt 0.128753 0.609166
vt 0.134237 0.632230
vt 0.139721 0.629681
vt 0.146159 0.626768
vt 0.152358 0.623976
vt 0.158438 0.621427
vt 0.167379 0.618999
vt 0.190269 0.629803
vt 0.188361 0.602854
vt 0.162253 0.594964
vt 0.153550 0.597756
vt 0.147351 0.600548
vt 0.141152 0.603461
vt 0.134476 0.606617
vt 0.131495 0.582461
vt 0.127442 0.561339
vt 0.125415 0.527957
vt 0.114447 0.512784
vt 0.100022 0.501373
vt 0.083451 0.493847
vt 0.069741 0.489841
vt 0.057701 0.487413
vt 0.043037 0.485471
vt 0.036838 0.483650
vt 0.032784 0.481951
vt 0.029446 0.480494
vt 0.026943 0.479159
vt 0.023962 0.483893
vt 0.000000 0.500038
vt 0.002146 0.500645
vt 0.138648 0.579062
vt 0.015856 0.477823
vt 0.030519 0.458523
vt 0.030042 0.472847
vt 0.032546 0.474425
vt 0.035884 0.475639
vt 0.039818 0.477459
vt 0.046017 0.478916
vt 0.060800 0.480130
vt 0.073556 0.482315
vt 0.087743 0.486564
vt 0.104791 0.494939
vt 0.119574 0.507442
vt 0.130542 0.523709
vt 0.134595 0.557212
vt 0.145444 0.575663
vt 0.152120 0.572507
vt 0.161299 0.568987
vt 0.193249 0.592900
vt 0.259533 0.551871
vt 0.279323 0.552963
vt 0.282780 0.552842
vt 0.288384 0.552720
vt 0.295775 0.551871
vt 0.290053 0.536576
vt 0.270740 0.539368
vt 0.275151 0.539004
vt 0.281707 0.537790
vt 0.277535 0.523951
vt 0.285999 0.522252
vt 0.283853 0.508413
vt 0.270501 0.525408
vt 0.268951 0.511570
vt 0.275747 0.510356
vt 0.265375 0.526379
vt 0.264063 0.513026
vt 0.254049 0.529657
vt 0.184546 0.559761
vt 0.157365 0.542281
vt 0.148424 0.548229
vt 0.141629 0.552842
vt 0.136145 0.519217
vt 0.125058 0.501616
vt 0.109798 0.488020
vt 0.091916 0.479159
vt 0.077014 0.474546
vt 0.063304 0.472847
vt 0.048521 0.472240
vt 0.042441 0.471026
vt 0.038507 0.469448
vt 0.035169 0.468355
vt 0.032069 0.466777
vt 0.034692 0.461436
vt 0.037791 0.462650
vt 0.040772 0.463500
vt 0.044348 0.464713
vt 0.050309 0.465442
vt 0.065092 0.465685
vt 0.141986 0.514362
vt 0.051501 0.457066
vt 0.044944 0.456580
vt 0.040772 0.455852
vt 0.037315 0.455852
vt 0.034930 0.455852
vt 0.033857 0.457552
vt 0.062827 0.447598
vt 0.060443 0.445534
vt 0.057343 0.441528
vt 0.064257 0.450025
vt 0.065330 0.452453
vt 0.066046 0.454760
vt 0.066403 0.457430
vt 0.082855 0.456580
vt 0.079994 0.466777
vt 0.095850 0.471147
vt 0.114924 0.480615
vt 0.099903 0.460708
vt 0.103837 0.448933
vt 0.092750 0.446384
vt 0.110036 0.426962
vt 0.116355 0.450754
vt 0.121600 0.470176
vt 0.137456 0.454638
vt 0.143059 0.441650
vt 0.146397 0.441650
vt 0.141867 0.453303
vt 0.134833 0.466656
vt 0.139960 0.463985
vt 0.135668 0.476974
vt 0.160465 0.448933
vt 0.162253 0.442742
vt 0.165591 0.436430
vt 0.153193 0.430239
vt 0.170598 0.430725
vt 0.162253 0.420406
vt 0.150451 0.428661
vt 0.179659 0.443349
vt 0.159988 0.454274
vt 0.141152 0.473332
vt 0.160584 0.458644
vt 0.162253 0.462043
vt 0.164757 0.464107
vt 0.150689 0.484985
vt 0.158557 0.487049
vt 0.168214 0.464956
vt 0.167618 0.486078
vt 0.172267 0.464349
vt 0.177393 0.482193
vt 0.177155 0.462650
vt 0.187646 0.476245
vt 0.182639 0.459737
vt 0.144728 0.480373
vt 0.197779 0.468598
vt 0.188242 0.455731
vt 0.193249 0.450511
vt 0.196945 0.444806
vt 0.214112 0.448690
vt 0.218881 0.437522
vt 0.199210 0.439222
vt 0.220788 0.426719
vt 0.200044 0.434245
vt 0.220311 0.417250
vt 0.199806 0.429875
vt 0.198256 0.426476
vt 0.217092 0.409724
vt 0.222457 0.404869
vt 0.225676 0.413851
vt 0.225795 0.424534
vt 0.223530 0.436430
vt 0.219000 0.449297
vt 0.206959 0.459251
vt 0.211728 0.461922
vt 0.201713 0.473332
vt 0.189792 0.482558
vt 0.177274 0.489477
vt 0.165472 0.493604
vt 0.155100 0.493725
vt 0.146278 0.491055
vt 0.139483 0.485471
vt 0.137218 0.488627
vt 0.130661 0.495425
vt 0.150331 0.507564
vt 0.170002 0.506714
vt 0.196945 0.493725
vt 0.206005 0.487777
vt 0.219357 0.477459
vt 0.233186 0.464349
vt 0.245347 0.456459
vt 0.221861 0.391152
vt 0.215781 0.399042
vt 0.211251 0.404747
vt 0.206721 0.396857
vt 0.196110 0.396493
vt 0.203382 0.402562
vt 0.195753 0.424048
vt 0.192057 0.422956
vt 0.187646 0.422834
vt 0.193964 0.402926
vt 0.176559 0.426476
vt 0.182400 0.424048
vt 0.172744 0.412395
vt 0.160346 0.417615
vt 0.152120 0.385568
vt 0.183593 0.406447
vt 0.184308 0.401227
vt 0.171909 0.408632
vt 0.216854 0.375128
vt 0.228537 0.385811
vt 0.250115 0.452575
vt 0.235094 0.382412
vt 0.223530 0.370758
vt 0.213158 0.355342
vt 0.211370 0.336163
vt 0.220192 0.353643
vt 0.230206 0.367238
vt 0.109440 0.423684
vt 0.108367 0.421013
vt 0.107056 0.418586
vt 0.105268 0.416279
vt 0.103360 0.414216
vt 0.142463 0.373550
vt 0.144609 0.375371
vt 0.146636 0.377556
vt 0.180255 0.296954
vt 0.182758 0.298653
vt 0.184546 0.288821
vt 0.199806 0.231889
vt 0.202667 0.232375
vt 0.211132 0.167432
vt 0.213754 0.167796
vt 0.206959 0.140483
vt 0.221026 0.128223
vt 0.220788 0.127738
vt 0.225199 0.128345
vt 0.227941 0.021522
vt 0.231160 0.022251
vt 0.227941 0.019216
vt 0.231398 0.019337
vt 0.224245 0.002464
vt 0.230921 0.002100
vt 0.240816 0.020673
vt 0.243320 0.003557
vt 0.248208 0.022251
vt 0.250354 0.005013
vt 0.255599 0.023586
vt 0.257268 0.006349
vt 0.263110 0.024557
vt 0.263944 0.007198
vt 0.267163 0.024921
vt 0.270263 0.007927
vt 0.270263 0.021522
vt 0.276223 0.008048
vt 0.220430 0.002828
vt 0.267163 0.027834
vt 0.262871 0.027592
vt 0.255241 0.026742
vt 0.247850 0.025407
vt 0.240459 0.023829
vt 0.245585 0.131379
vt 0.251427 0.132957
vt 0.257149 0.134171
vt 0.262871 0.134900
vt 0.267044 0.135142
vt 0.284211 0.026863
vt 0.282542 0.015089
vt 0.277177 0.016788
vt 0.284330 0.135385
vt 0.283973 0.140969
vt 0.263944 0.140362
vt 0.261560 0.178114
vt 0.258460 0.145339
vt 0.252976 0.148131
vt 0.280634 0.007563
vt 0.281350 0.177993
vt 0.255241 0.177871
vt 0.251307 0.244150
vt 0.244989 0.245849
vt 0.249638 0.176779
vt 0.247731 0.148617
vt 0.242485 0.147160
vt 0.244035 0.174958
vt 0.238551 0.173016
vt 0.234379 0.240144
vt 0.228656 0.237959
vt 0.229729 0.257260
vt 0.239743 0.243421
vt 0.230445 0.260173
vt 0.225557 0.251069
vt 0.213635 0.234074
vt 0.224722 0.169860
vt 0.228656 0.144247
vt 0.226034 0.142304
vt 0.223888 0.138663
vt 0.222219 0.134171
vt 0.216496 0.168160
vt 0.219238 0.168524
vt 0.221861 0.169010
vt 0.210655 0.233225
vt 0.211370 0.242329
vt 0.208747 0.240629
vt 0.207913 0.232496
vt 0.205171 0.232254
vt 0.199448 0.250705
vt 0.197541 0.255924
vt 0.196826 0.261266
vt 0.201356 0.264543
vt 0.203502 0.258716
vt 0.207555 0.254225
vt 0.201713 0.246335
vt 0.226510 0.267942
vt 0.202906 0.243179
vt 0.203502 0.242329
vt 0.206005 0.240265
vt 0.231398 0.266728
vt 0.231756 0.272797
vt 0.230802 0.280081
vt 0.224484 0.274376
vt 0.220192 0.279110
vt 0.232948 0.306058
vt 0.239028 0.308122
vt 0.249519 0.251069
vt 0.238194 0.477338
vt 0.249638 0.469205
vt 0.254526 0.465320
vt 0.261083 0.461557
vt 0.274554 0.473211
vt 0.281827 0.487777
vt 0.283376 0.493725
vt 0.276343 0.495789
vt 0.270859 0.497367
vt 0.267163 0.498945
vt 0.246062 0.501859
vt 0.265494 0.493240
vt 0.269190 0.491905
vt 0.255241 0.482315
vt 0.179659 0.532691
vt 0.260129 0.479159
vt 0.266567 0.475760
vt 0.274674 0.489841
vt 0.203740 0.263451
vt 0.206959 0.257138
vt 0.220430 0.276318
vt 0.224126 0.270127
vt 0.297444 0.702029
vt 0.298755 0.706035
vt 0.275151 0.707127
vt 0.287191 0.744151
vt 0.309246 0.748278
vt 0.275508 0.742209
vt 0.318545 0.750949
vt 0.263467 0.707856
vt 0.274078 0.703486
vt 0.296967 0.697902
vt 0.273720 0.699601
vt 0.297086 0.694260
vt 0.262633 0.704578
vt 0.044468 0.710162
vt 0.057581 0.784331
vt 0.043633 0.706520
vt 0.262156 0.701058
vt 0.043156 0.702515
vt 0.273720 0.695960
vt 0.275747 0.680786
vt 0.298517 0.685277
vt 0.263348 0.679451
vt 0.262275 0.697780
vt 0.043275 0.698873
vt 0.043514 0.680058
vt 0.058654 0.787730
vt 0.289814 0.783845
vt 0.282423 0.763088
vt 0.299232 0.784088
vt 0.290649 0.787365
vt 0.299471 0.788458
vt 0.291364 0.791250
vt 0.300067 0.792828
vt 0.291722 0.794770
vt 0.300305 0.796834
vt 0.291722 0.813464
vt 0.300424 0.813464
vt 0.059250 0.791371
vt 0.059608 0.794649
vt 0.059608 0.813343
vt 0.059489 0.832158
vt 0.291602 0.832158
vt 0.291245 0.835678
vt 0.299947 0.834100
vt 0.299351 0.838349
vt 0.290410 0.839441
vt 0.298874 0.842840
vt 0.300186 0.830216
vt 0.059131 0.835436
vt 0.058416 0.839077
vt 0.289456 0.842962
vt 0.057224 0.842476
vt 0.282065 0.863841
vt 0.291125 0.866147
vt 0.310081 0.871731
vt 0.244750 0.873916
vt 0.318188 0.875251
vt 0.319976 0.871488
vt 0.312942 0.861777
vt 0.275151 0.884719
vt 0.044110 0.916645
vt 0.318545 0.875494
vt 0.321526 0.874523
vt 0.322122 0.877800
vt 0.318188 0.875979
vt 0.321645 0.881078
vt 0.298278 0.920772
vt 0.303643 0.919801
vt 0.310796 0.913974
vt 0.306743 0.918708
vt 0.309127 0.916645
vt 0.308769 0.878650
vt 0.286834 0.882656
vt 0.274674 0.919801
vt 0.296967 0.924899
vt 0.263110 0.918951
vt 0.262156 0.922350
vt 0.043156 0.920408
vt 0.273720 0.923442
vt 0.296609 0.929026
vt 0.273243 0.927327
vt 0.296729 0.932668
vt 0.261798 0.925749
vt 0.042679 0.924292
vt 0.261918 0.929148
vt 0.042918 0.928055
vt 0.043156 0.946871
vt 0.262871 0.947356
vt 0.273243 0.930847
vt 0.275270 0.946021
vt 0.298040 0.941651
vt 0.309366 0.710283
vt 0.311035 0.712954
vt 0.306862 0.708341
vt 0.304001 0.707127
vt 0.322122 0.745850
vt 0.322479 0.749249
vt 0.319022 0.751434
vt 0.321883 0.752527
vt 0.320333 0.755440
vt 0.245108 0.753012
vt 0.291483 0.760903
vt 0.310438 0.755319
vt 0.313300 0.765151
vt 0.318545 0.751798
vt 0.039341 0.154200
vt 0.036957 0.137085
vt 0.096088 0.147403
vt 0.092988 0.122396
vt 0.036719 0.133200
vt 0.041130 0.171438
vt 0.098949 0.172409
vt 0.041726 0.175201
vt 0.100022 0.178842
vt 0.042441 0.178964
vt 0.042918 0.182605
vt 0.027897 0.201785
vt 0.039937 0.260052
vt 0.019790 0.211375
vt 0.124223 0.264543
vt 0.040057 0.264422
vt 0.123627 0.269399
vt 0.040057 0.268306
vt 0.039580 0.271705
vt 0.120766 0.290642
vt 0.038388 0.280566
vt 0.017286 0.217687
vt 0.018002 0.214409
vt 0.017644 0.220843
vt 0.027300 0.253861
vt 0.034334 0.260052
vt 0.028731 0.257017
vt 0.031115 0.259081
vt 0.008345 0.030505
vt 0.086312 0.002100
vt 0.011445 0.039002
vt 0.093942 0.022251
vt 0.012756 0.042280
vt 0.013829 0.046164
vt 0.095730 0.026742
vt 0.014664 0.050656
vt 0.092512 0.115842
vt 0.016809 0.110258
vt 0.036003 0.125553
vt 0.036361 0.129437
vt 0.006438 0.102610
vt 0.002146 0.093991
vt 0.003815 0.059517
vt 0.009180 0.051991
vt 0.004411 0.056239
vt 0.006318 0.053569
vt 0.003934 0.100061
vt 0.002504 0.097148
vt 0.593219 0.372943
vt 0.606690 0.384840
vt 0.590358 0.379498
vt 0.588808 0.386539
vt 0.608121 0.385325
vt 0.588450 0.394551
vt 0.608478 0.385446
vt 0.589523 0.402926
vt 0.608836 0.385932
vt 0.592623 0.411424
vt 0.609313 0.387267
vt 0.612174 0.353521
vt 0.604067 0.359955
vt 0.597987 0.366024
vt 0.600491 0.420649
vt 0.693241 0.445170
vt 0.702182 0.411545
vt 0.698844 0.446748
vt 0.707905 0.412880
vt 0.716488 0.378891
vt 0.710766 0.377556
vt 0.618493 0.356677
vt 0.302928 0.155050
vt 0.300544 0.154686
vt 0.304835 0.141455
vt 0.299828 0.134778
vt 0.301974 0.135628
vt 0.303643 0.137085
vt 0.304716 0.139148
vt 0.298517 0.134657
vt 0.294940 0.159542
vt 0.299351 0.164640
vt 0.299471 0.170345
vt 0.301855 0.170345
vt 0.301736 0.164518
vt 0.299471 0.180420
vt 0.299590 0.186247
vt 0.299590 0.196322
vt 0.299590 0.202149
vt 0.301855 0.202149
vt 0.301855 0.196322
vt 0.301855 0.186247
vt 0.301855 0.180299
vt 0.299590 0.212346
vt 0.299590 0.218051
vt 0.299590 0.228248
vt 0.299709 0.234074
vt 0.301974 0.234074
vt 0.301974 0.228248
vt 0.301974 0.218051
vt 0.301855 0.212346
vt 0.299709 0.244150
vt 0.299709 0.250098
vt 0.299709 0.260173
vt 0.301974 0.344296
vt 0.301974 0.260173
vt 0.301974 0.250098
vt 0.301974 0.244150
vt 0.294940 0.344296
vt 0.458028 0.134657
vt 0.456240 0.137085
vt 0.448729 0.134657
vt 0.453855 0.138663
vt 0.450994 0.138663
vt 0.330228 0.194259
vt 0.330228 0.215866
vt 0.327009 0.192195
vt 0.315922 0.216109
vt 0.322956 0.191710
vt 0.319260 0.192438
vt 0.316042 0.194380
vt 0.349184 0.234560
vt 0.344057 0.229340
vt 0.349541 0.227519
vt 0.344057 0.198629
vt 0.349541 0.199114
vt 0.349303 0.192317
vt 0.352045 0.234560
vt 0.350972 0.227519
vt 0.354668 0.231040
vt 0.350972 0.199114
vt 0.354668 0.195351
vt 0.352164 0.192438
vt 0.181328 0.115477
vt 0.182877 0.136478
vt 0.178824 0.113657
vt 0.184069 0.159906
vt 0.186335 0.157478
vt 0.290649 0.002100
vt 0.325937 0.002343
vt 0.290649 0.115113
vt 0.326175 0.115477
vt 0.325340 0.135264
vt 0.361582 0.116084
vt 0.347157 0.130408
vt 0.353714 0.125553
vt 0.361105 0.002343
vt 0.339766 0.133200
vt 0.332255 0.134900
vt 0.296848 0.124946
vt 0.303643 0.129801
vt 0.318545 0.134657
vt 0.311035 0.132957
vt 0.447179 0.552356
vt 0.442291 0.557455
vt 0.444556 0.554541
vt 0.443245 0.539368
vt 0.441814 0.540460
vt 0.438834 0.532206
vt 0.444795 0.538154
vt 0.440742 0.561703
vt 0.467565 0.540946
vt 0.439669 0.563403
vt 0.440265 0.541553
vt 0.436092 0.534148
vt 0.386617 0.464592
vt 0.441695 0.530142
vt 0.459816 0.530142
vt 0.461604 0.540339
vt 0.466611 0.539489
vt 0.465300 0.529657
vt 0.469234 0.545194
vt 0.438596 0.567166
vt 0.438715 0.542281
vt 0.433469 0.536333
vt 0.385425 0.465442
vt 0.339527 0.432545
vt 0.388167 0.464107
vt 0.456836 0.519824
vt 0.462439 0.518246
vt 0.470784 0.549322
vt 0.459578 0.503558
vt 0.452782 0.504529
vt 0.458862 0.487535
vt 0.451948 0.486928
vt 0.460651 0.471633
vt 0.453975 0.468841
vt 0.464466 0.457552
vt 0.470546 0.459737
vt 0.467088 0.473939
vt 0.465658 0.488263
vt 0.466135 0.502951
vt 0.468161 0.517154
vt 0.470307 0.529050
vt 0.473884 0.516304
vt 0.472334 0.502708
vt 0.471976 0.488991
vt 0.473288 0.475639
vt 0.476864 0.459979
vt 0.490455 0.393458
vt 0.496535 0.394793
vt 0.483063 0.460343
vt 0.479248 0.476852
vt 0.478056 0.489355
vt 0.478295 0.502344
vt 0.479725 0.515454
vt 0.475672 0.528564
vt 0.481513 0.527957
vt 0.483779 0.588045
vt 0.489501 0.587074
vt 0.491051 0.655173
vt 0.497250 0.654809
vt 0.493316 0.687584
vt 0.498681 0.692196
vt 0.520855 0.691954
vt 0.501780 0.697295
vt 0.520855 0.697295
vt 0.520855 0.805574
vt 0.502019 0.804724
vt 0.505118 0.811158
vt 0.501899 0.807637
vt 0.520259 0.655051
vt 0.519424 0.817227
vt 0.512033 0.815528
vt 0.511556 0.824146
vt 0.505357 0.824510
vt 0.499038 0.825239
vt 0.497846 0.808123
vt 0.492243 0.826453
vt 0.517874 0.824875
vt 0.497608 0.805088
vt 0.497488 0.697902
vt 0.491647 0.698630
vt 0.489978 0.805938
vt 0.490335 0.809094
vt 0.485209 0.827545
vt 0.482825 0.810429
vt 0.478056 0.829123
vt 0.475314 0.812007
vt 0.465538 0.830580
vt 0.465896 0.813343
vt 0.458743 0.830094
vt 0.482348 0.807273
vt 0.485686 0.699723
vt 0.487713 0.684792
vt 0.485328 0.656508
vt 0.474957 0.808851
vt 0.479725 0.701179
vt 0.482348 0.684063
vt 0.459220 0.704214
vt 0.465658 0.810429
vt 0.462558 0.811158
vt 0.462439 0.813464
vt 0.454928 0.829852
vt 0.454809 0.704942
vt 0.441099 0.692075
vt 0.454928 0.704457
vt 0.448729 0.665005
vt 0.445987 0.665370
vt 0.439192 0.600791
vt 0.436450 0.601155
vt 0.436927 0.543616
vt 0.431204 0.538518
vt 0.429178 0.540582
vt 0.382564 0.468355
vt 0.380895 0.470419
vt 0.334043 0.439465
vt 0.332374 0.441892
vt 0.291245 0.408632
vt 0.289337 0.410817
vt 0.264063 0.394672
vt 0.285880 0.414458
vt 0.261798 0.394672
vt 0.264540 0.390909
vt 0.261918 0.385446
vt 0.267878 0.389331
vt 0.265494 0.383140
vt 0.259652 0.377435
vt 0.263348 0.376342
vt 0.269547 0.381805
vt 0.267640 0.374643
vt 0.274674 0.380712
vt 0.273720 0.373429
vt 0.281946 0.380955
vt 0.281946 0.373429
vt 0.296967 0.383990
vt 0.297325 0.376342
vt 0.310796 0.385568
vt 0.309723 0.378163
vt 0.325698 0.383868
vt 0.322956 0.377192
vt 0.343461 0.376706
vt 0.338693 0.371365
vt 0.357410 0.363839
vt 0.351091 0.360440
vt 0.365039 0.345752
vt 0.357886 0.344053
vt 0.368377 0.313706
vt 0.360986 0.312492
vt 0.368258 0.291613
vt 0.360748 0.291006
vt 0.365635 0.267456
vt 0.358125 0.266485
vt 0.366828 0.243421
vt 0.359436 0.242207
vt 0.371358 0.226912
vt 0.364443 0.224363
vt 0.377319 0.218658
vt 0.370523 0.215380
vt 0.384233 0.221086
vt 0.378034 0.229097
vt 0.373981 0.244757
vt 0.373027 0.268185
vt 0.376007 0.292341
vt 0.375650 0.315648
vt 0.371358 0.348544
vt 0.362893 0.367845
vt 0.347515 0.382169
vt 0.328202 0.390666
vt 0.312107 0.393094
vt 0.296967 0.391273
vt 0.281946 0.388238
vt 0.275389 0.387753
vt 0.271216 0.388481
vt 0.267401 0.396250
vt 0.265256 0.395886
vt 0.393770 0.222664
vt 0.292914 0.406447
vt 0.270859 0.396614
vt 0.275270 0.396250
vt 0.281827 0.396857
vt 0.296848 0.400013
vt 0.313657 0.402562
vt 0.331420 0.399770
vt 0.341315 0.430239
vt 0.295656 0.402198
vt 0.294344 0.404140
vt 0.335951 0.437158
vt 0.384114 0.466777
vt 0.337739 0.434852
vt 0.383756 0.423441
vt 0.374934 0.412880
vt 0.368974 0.401955
vt 0.366232 0.391152
vt 0.353356 0.390059
vt 0.369093 0.372458
vt 0.380061 0.351943
vt 0.385306 0.318925
vt 0.386260 0.293555
vt 0.383041 0.269156
vt 0.383995 0.245364
vt 0.387690 0.229340
vt 0.399254 0.224242
vt 0.404858 0.221936
vt 0.409745 0.226184
vt 0.408553 0.227884
vt 0.404977 0.230797
vt 0.408911 0.257260
vt 0.413441 0.254832
vt 0.415349 0.253254
vt 0.419044 0.261630
vt 0.420594 0.259687
vt 0.491528 0.287850
vt 0.492124 0.285665
vt 0.512986 0.291977
vt 0.513344 0.290642
vt 0.517517 0.293312
vt 0.517636 0.292341
vt 0.524074 0.293798
vt 0.524193 0.292341
vt 0.532061 0.295619
vt 0.532180 0.294162
vt 0.539572 0.297439
vt 0.539929 0.295619
vt 0.531465 0.298289
vt 0.538856 0.300353
vt 0.523477 0.312006
vt 0.531346 0.313948
vt 0.518947 0.325480
vt 0.526696 0.327301
vt 0.517517 0.339076
vt 0.525266 0.340654
vt 0.518590 0.353278
vt 0.525862 0.355221
vt 0.517040 0.358741
vt 0.524312 0.361047
vt 0.508575 0.371972
vt 0.515848 0.374521
vt 0.501423 0.385082
vt 0.507264 0.387753
vt 0.500946 0.395643
vt 0.494508 0.382290
vt 0.500350 0.369059
vt 0.509291 0.356313
vt 0.510841 0.350851
vt 0.509052 0.336769
vt 0.510364 0.323295
vt 0.515132 0.310064
vt 0.523477 0.296590
vt 0.517040 0.295497
vt 0.507979 0.308243
vt 0.503092 0.321474
vt 0.502019 0.335191
vt 0.504641 0.349030
vt 0.503330 0.354128
vt 0.493673 0.365903
vt 0.487951 0.379134
vt 0.483779 0.391152
vt 0.458386 0.453910
vt 0.479010 0.388481
vt 0.482944 0.376342
vt 0.488547 0.363354
vt 0.499038 0.352671
vt 0.500469 0.347330
vt 0.496654 0.333492
vt 0.497488 0.320018
vt 0.502615 0.307029
vt 0.512510 0.294890
vt 0.491051 0.292098
vt 0.485567 0.316619
vt 0.478652 0.345145
vt 0.466731 0.382412
vt 0.421548 0.369059
vt 0.434304 0.376585
vt 0.419998 0.375371
vt 0.430727 0.381805
vt 0.415945 0.392002
vt 0.410222 0.390059
vt 0.409149 0.370880
vt 0.408553 0.364203
vt 0.445153 0.386782
vt 0.453259 0.398556
vt 0.440265 0.389938
vt 0.421905 0.395400
vt 0.413560 0.408146
vt 0.427151 0.399892
vt 0.448252 0.399528
vt 0.431204 0.404990
vt 0.433827 0.410088
vt 0.435019 0.414823
vt 0.456359 0.420285
vt 0.456359 0.429632
vt 0.434900 0.418950
vt 0.453498 0.437280
vt 0.433589 0.422470
vt 0.447775 0.442742
vt 0.430966 0.425141
vt 0.439788 0.445655
vt 0.427389 0.426597
vt 0.453736 0.409846
vt 0.430131 0.445777
vt 0.422740 0.427083
vt 0.417256 0.426355
vt 0.410938 0.424170
vt 0.407838 0.437886
vt 0.396751 0.430846
vt 0.404619 0.420406
vt 0.386856 0.422106
vt 0.399254 0.415430
vt 0.379226 0.412516
vt 0.395559 0.409846
vt 0.373981 0.402441
vt 0.393413 0.404747
vt 0.392578 0.399892
vt 0.371596 0.392851
vt 0.394843 0.433031
vt 0.407242 0.441043
vt 0.419163 0.442985
vt 0.419879 0.447355
vt 0.432158 0.450997
vt 0.443245 0.450875
vt 0.452305 0.447476
vt 0.458743 0.441285
vt 0.461843 0.432545
vt 0.461604 0.422106
vt 0.458624 0.410574
vt 0.442291 0.588409
vt 0.441457 0.585738
vt 0.442887 0.589137
vt 0.472215 0.567044
vt 0.470546 0.572871
vt 0.478533 0.590715
vt 0.473168 0.561339
vt 0.442530 0.599941
vt 0.445749 0.599334
vt 0.451471 0.664398
vt 0.440026 0.581975
vt 0.438357 0.577241
vt 0.438000 0.572143
vt 0.442530 0.568380
vt 0.444318 0.574449
vt 0.448371 0.578941
vt 0.467923 0.566437
vt 0.472572 0.554784
vt 0.466254 0.559518
vt 0.461604 0.555148
vt 0.479487 0.658086
vt 0.476983 0.685399
vt 0.460293 0.690011
vt 0.458028 0.693653
vt 0.456120 0.698387
vt 0.454213 0.663670
vt 0.456955 0.662942
vt 0.463154 0.687826
vt 0.459816 0.662092
vt 0.448848 0.598363
vt 0.447656 0.590837
vt 0.444914 0.590958
vt 0.464942 0.581004
vt 0.469592 0.575299
vt 0.472930 0.592779
vt 0.473764 0.659543
vt 0.451948 0.597392
vt 0.467088 0.594357
vt 0.450398 0.589137
vt 0.366708 0.381441
vt 0.372073 0.384354
vt 0.393055 0.395886
vt 0.394605 0.392608
vt 0.375530 0.377192
vt 0.370643 0.373550
vt 0.376842 0.367360
vt 0.385664 0.363839
vt 0.381253 0.371972
vt 0.389240 0.368938
vt 0.397228 0.390302
vt 0.400685 0.388967
vt 0.404977 0.388967
vt 0.398778 0.368573
vt 0.396393 0.362383
vt 0.408792 0.324752
vt 0.411414 0.298532
vt 0.415945 0.265757
vt 0.444795 0.570201
vt 0.447895 0.576149
vt 0.462677 0.558304
vt 0.465658 0.564131
vt 0.006080 0.136235
vt 0.010968 0.123368
vt 0.008226 0.137085
vt 0.018598 0.120090
vt 0.019671 0.120454
vt 0.010372 0.143154
vt 0.004888 0.147160
vt 0.005007 0.153229
vt 0.002742 0.153108
vt 0.002623 0.147281
vt 0.016452 0.119726
vt 0.014187 0.120211
vt 0.012279 0.121547
vt 0.004649 0.163669
vt 0.004649 0.169617
vt 0.002384 0.169617
vt 0.002384 0.163669
vt 0.004530 0.179935
vt 0.004530 0.185640
vt 0.004530 0.195958
vt 0.004530 0.201785
vt 0.002146 0.201785
vt 0.002146 0.195958
vt 0.002146 0.185640
vt 0.002146 0.179935
vt 0.004649 0.211860
vt 0.004649 0.217808
vt 0.004769 0.228005
vt 0.005126 0.233832
vt 0.002742 0.233953
vt 0.002504 0.228005
vt 0.002384 0.217930
vt 0.002146 0.211982
vt 0.005246 0.244028
vt 0.003338 0.328029
vt 0.010372 0.328029
vt 0.002861 0.244028
vt 0.408076 0.175201
vt 0.417375 0.175201
vt 0.409745 0.177750
vt 0.412249 0.179328
vt 0.415110 0.179328
vt 0.422144 0.763209
vt 0.375054 0.807152
vt 0.414633 0.766851
vt 0.377438 0.798290
vt 0.358244 0.804238
vt 0.339408 0.793435
vt 0.336189 0.801932
vt 0.378868 0.788579
vt 0.342150 0.786273
vt 0.380061 0.777533
vt 0.343104 0.778504
vt 0.379226 0.767458
vt 0.342746 0.772192
vt 0.341435 0.765880
vt 0.377319 0.757625
vt 0.336904 0.751313
vt 0.372312 0.740388
vt 0.333447 0.744151
vt 0.368735 0.731769
vt 0.363370 0.723393
vt 0.327963 0.734683
vt 0.358840 0.720359
vt 0.323552 0.725821
vt 0.321645 0.718538
vt 0.357767 0.717445
vt 0.412845 0.183819
vt 0.406288 0.185155
vt 0.399612 0.183819
vt 0.875642 0.327058
vt 0.905803 0.320139
vt 0.874211 0.330579
vt 0.871946 0.333249
vt 0.876476 0.323053
vt 0.877430 0.319047
vt 0.904611 0.258959
vt 0.877430 0.274011
vt 0.876953 0.269399
vt 0.875761 0.265150
vt 0.873853 0.261630
vt 0.876357 0.219872
vt 0.915340 0.177386
vt 0.880529 0.205548
vt 0.868131 0.203848
vt 0.872184 0.212710
vt 0.871111 0.213074
vt 0.870038 0.213924
vt 0.869204 0.215380
vt 0.868608 0.217444
vt 0.868489 0.219508
vt 0.865270 0.256289
vt 0.868250 0.256531
vt 0.875522 0.217808
vt 0.875045 0.215745
vt 0.874569 0.214167
vt 0.873853 0.213195
vt 0.870396 0.172530
vt 0.867654 0.172166
vt 0.864793 0.171438
vt 0.864078 0.255803
vt 0.862051 0.169495
vt 0.861693 0.254953
vt 0.858951 0.166825
vt 0.858951 0.254346
vt 0.855256 0.169010
vt 0.856329 0.254710
vt 0.848579 0.242086
vt 0.848341 0.255439
vt 0.864554 0.158813
vt 0.850368 0.047742
vt 0.826644 0.049199
vt 0.849772 0.044708
vt 0.826525 0.046164
vt 0.849295 0.041673
vt 0.852633 0.043858
vt 0.853944 0.046528
vt 0.856567 0.044829
vt 0.860740 0.058182
vt 0.858117 0.042644
vt 0.862647 0.055390
vt 0.863601 0.067893
vt 0.865270 0.074691
vt 0.867893 0.072748
vt 0.866343 0.067043
vt 0.869323 0.066436
vt 0.870754 0.071656
vt 0.873853 0.070685
vt 0.872423 0.065344
vt 0.912837 0.045314
vt 0.914983 0.051870
vt 0.854779 0.042644
vt 0.856567 0.040823
vt 0.858355 0.038759
vt 0.859667 0.040702
vt 0.865031 0.053326
vt 0.856686 0.037060
vt 0.855256 0.038881
vt 0.853587 0.040338
vt 0.851679 0.041187
vt 0.849056 0.038759
vt 0.826286 0.043251
vt 0.803158 0.047135
vt 0.803158 0.049927
vt 0.831174 0.169860
vt 0.835227 0.241965
vt 0.848579 0.242207
vt 0.821637 0.242450
vt 0.807092 0.170588
vt 0.802801 0.169131
vt 0.799582 0.049320
vt 0.800297 0.046771
vt 0.795886 0.048228
vt 0.794098 0.061581
vt 0.794455 0.046164
vt 0.791952 0.059396
vt 0.822352 0.255317
vt 0.814364 0.255075
vt 0.811980 0.254953
vt 0.809357 0.256289
vt 0.797674 0.046043
vt 0.800893 0.044343
vt 0.803277 0.044343
vt 0.803158 0.041673
vt 0.826048 0.040459
vt 0.792548 0.044586
vt 0.795767 0.044343
vt 0.798747 0.043615
vt 0.801251 0.041673
vt 0.789448 0.057818
vt 0.790641 0.043130
vt 0.786349 0.056239
vt 0.780388 0.037546
vt 0.744742 0.038395
vt 0.750226 0.024436
vt 0.781580 0.034875
vt 0.751657 0.021158
vt 0.783130 0.032447
vt 0.753445 0.018123
vt 0.793859 0.042644
vt 0.791833 0.040944
vt 0.793144 0.038881
vt 0.795290 0.040823
vt 0.796959 0.042401
vt 0.799582 0.041309
vt 0.796840 0.039124
vt 0.798270 0.040459
vt 0.794813 0.037060
vt 0.784799 0.030141
vt 0.762863 0.019580
vt 0.758333 0.017395
vt 0.754399 0.015817
vt 0.759048 0.015089
vt 0.755353 0.013511
vt 0.755710 0.012418
vt 0.759644 0.013875
vt 0.765248 0.016545
vt 0.787183 0.026742
vt 0.764532 0.017516
vt 0.786587 0.027956
vt 0.796482 0.035361
vt 0.798390 0.037424
vt 0.799462 0.038517
vt 0.789329 0.029898
vt 0.796840 0.035118
vt 0.797555 0.034875
vt 0.798986 0.034147
vt 0.798390 0.031233
vt 0.802204 0.032326
vt 0.802085 0.033054
vt 0.803754 0.032447
vt 0.806258 0.033054
vt 0.800297 0.039002
vt 0.801251 0.039124
vt 0.811146 0.033783
vt 0.802920 0.039002
vt 0.825928 0.037546
vt 0.825571 0.033297
vt 0.840354 0.031840
vt 0.849056 0.036089
vt 0.844526 0.030748
vt 0.790641 0.028441
vt 0.794455 0.030019
vt 0.850725 0.035846
vt 0.847149 0.029777
vt 0.849056 0.030019
vt 0.848937 0.029170
vt 0.852514 0.027834
vt 0.852037 0.030748
vt 0.856209 0.026014
vt 0.851560 0.035725
vt 0.850964 0.038638
vt 0.852514 0.038031
vt 0.853706 0.037060
vt 0.855017 0.035361
vt 0.852275 0.035118
vt 0.853467 0.031233
vt 0.859667 0.023950
vt 0.854421 0.031355
vt 0.853348 0.033904
vt 0.854898 0.031476
vt 0.856805 0.033054
vt 0.858594 0.034875
vt 0.860143 0.036817
vt 0.861574 0.038881
vt 0.867535 0.051384
vt 0.870992 0.032326
vt 0.906042 0.027956
vt 0.898650 0.014482
vt 0.896743 0.010961
vt 0.869442 0.029534
vt 0.867654 0.027106
vt 0.894358 0.007805
vt 0.885298 0.010597
vt 0.889471 0.007563
vt 0.893047 0.005499
vt 0.891974 0.003192
vt 0.888278 0.005256
vt 0.887682 0.004042
vt 0.891378 0.002100
vt 0.865747 0.024800
vt 0.883510 0.008655
vt 0.863601 0.022858
vt 0.862051 0.021644
vt 0.882318 0.007320
vt 0.638521 0.073598
vt 0.608955 0.068621
vt 0.624811 0.058182
vt 0.612055 0.054540
vt 0.661291 0.241601
vt 0.652588 0.240751
vt 0.660099 0.239051
vt 0.654257 0.237595
vt 0.654496 0.215745
vt 0.659265 0.215502
vt 0.654734 0.193773
vt 0.652946 0.193409
vt 0.658430 0.189525
vt 0.655569 0.197900
vt 0.660576 0.198993
vt 0.665344 0.196808
vt 0.668444 0.192317
vt 0.670352 0.186854
vt 0.660695 0.180420
vt 0.671901 0.181998
vt 0.662126 0.176050
vt 0.673690 0.175201
vt 0.663675 0.169253
vt 0.675716 0.168282
vt 0.665583 0.162455
vt 0.677862 0.161484
vt 0.667848 0.155778
vt 0.680246 0.154565
vt 0.670113 0.149223
vt 0.682869 0.147888
vt 0.672497 0.142790
vt 0.685492 0.141455
vt 0.675001 0.136478
vt 0.704328 0.098240
vt 0.693837 0.093749
vt 0.695983 0.088529
vt 0.706712 0.093142
vt 0.698725 0.083916
vt 0.709574 0.088286
vt 0.701586 0.080275
vt 0.713150 0.083916
vt 0.705639 0.075783
vt 0.972326 0.925142
vt 0.968749 0.925142
vt 0.970418 0.799504
vt 0.969226 0.799504
vt 0.966961 0.799990
vt 0.624334 0.024800
vt 0.631130 0.012782
vt 0.636256 0.030748
vt 0.640786 0.018245
vt 0.605736 0.078818
vt 0.606452 0.076511
vt 0.615631 0.077725
vt 0.637448 0.078939
vt 0.617658 0.039245
vt 0.857640 0.552356
vt 0.855971 0.560004
vt 0.856090 0.556362
vt 0.854540 0.560125
vt 0.848103 0.567044
vt 0.854063 0.577241
vt 0.847745 0.577241
vt 0.853944 0.580154
vt 0.847745 0.580154
vt 0.841427 0.577120
vt 0.841307 0.571293
vt 0.834989 0.572264
vt 0.860501 0.577241
vt 0.860263 0.580276
vt 0.866343 0.580397
vt 0.866700 0.577484
vt 0.871946 0.580761
vt 0.872780 0.577848
vt 0.905446 0.581490
vt 0.877191 0.560854
vt 0.910095 0.563160
vt 0.905207 0.584160
vt 0.870038 0.560247
vt 0.862766 0.560004
vt 0.859309 0.550536
vt 0.861097 0.550536
vt 0.866343 0.551628
vt 0.863601 0.550900
vt 0.909856 0.552478
vt 0.865151 0.371972
vt 0.908545 0.355463
vt 0.869800 0.335556
vt 0.863005 0.371244
vt 0.866343 0.336041
vt 0.864793 0.335920
vt 0.862885 0.335677
vt 0.861097 0.370880
vt 0.860501 0.335556
vt 0.859428 0.370758
vt 0.857640 0.335556
vt 0.857521 0.371001
vt 0.855256 0.335677
vt 0.855494 0.371244
vt 0.833439 0.371487
vt 0.833916 0.335677
vt 0.812695 0.335434
vt 0.811146 0.371365
vt 0.810788 0.335556
vt 0.808881 0.371365
vt 0.808523 0.335798
vt 0.867535 0.335798
vt 0.834750 0.557333
vt 0.813053 0.556848
vt 0.815199 0.560732
vt 0.821994 0.567530
vt 0.828670 0.571536
vt 0.811384 0.553085
vt 0.806496 0.371851
vt 0.804946 0.337134
vt 0.805066 0.257988
vt 0.799582 0.171802
vt 0.809596 0.551749
vt 0.804112 0.372458
vt 0.807808 0.552356
vt 0.801370 0.338348
vt 0.800893 0.259445
vt 0.796840 0.174108
vt 0.793859 0.175443
vt 0.759883 0.567651
vt 0.759764 0.557455
vt 0.792548 0.563888
vt 0.798747 0.375250
vt 0.802443 0.554420
vt 0.805066 0.553085
vt 0.801489 0.373550
vt 0.797793 0.339319
vt 0.796721 0.260537
vt 0.790641 0.176293
vt 0.745577 0.179935
vt 0.751299 0.262601
vt 0.756783 0.327301
vt 0.754041 0.324024
vt 0.753803 0.361533
vt 0.756783 0.347816
vt 0.918559 0.581854
vt 0.917248 0.575906
vt 0.941449 0.560125
vt 0.941210 0.554056
vt 0.939541 0.354856
vt 0.937515 0.319532
vt 0.935846 0.257745
vt 0.806854 0.561703
vt 0.814126 0.560732
vt 0.816153 0.578212
vt 0.822471 0.577727
vt 0.828909 0.577241
vt 0.835108 0.576998
vt 0.841427 0.580033
vt 0.835227 0.580033
vt 0.829028 0.580276
vt 0.822710 0.580640
vt 0.816391 0.581126
vt 0.809834 0.578941
vt 0.810192 0.581854
vt 0.804231 0.582582
vt 0.803635 0.579669
vt 0.798509 0.583553
vt 0.797555 0.580640
vt 0.764771 0.585738
vt 0.764890 0.588652
vt 0.799701 0.562674
vt 0.751657 0.584767
vt 0.753087 0.579669
vt 0.728648 0.566559
vt 0.728648 0.560489
vt 0.722568 0.361290
vt 0.725668 0.347816
vt 0.725549 0.329001
vt 0.922136 0.143397
vt 0.921420 0.145825
vt 0.876834 0.143154
vt 0.876357 0.144368
vt 0.867654 0.142062
vt 0.873734 0.142183
vt 0.870754 0.141697
vt 0.871707 0.154200
vt 0.868846 0.153229
vt 0.874688 0.155414
vt 0.875045 0.153593
vt 0.919751 0.158085
vt 0.920348 0.155900
vt 0.865985 0.152015
vt 0.874569 0.136963
vt 0.871588 0.136356
vt 0.877549 0.137934
vt 0.877907 0.135992
vt 0.868846 0.135385
vt 0.922732 0.137449
vt 0.923328 0.134778
vt 0.923924 0.121547
vt 0.923447 0.124460
vt 0.878741 0.125553
vt 0.878384 0.126767
vt 0.869561 0.125553
vt 0.875642 0.124946
vt 0.872542 0.124703
vt 0.875880 0.119605
vt 0.872900 0.119240
vt 0.879099 0.120090
vt 0.879218 0.118148
vt 0.923924 0.115356
vt 0.924162 0.112443
vt 0.870038 0.118755
vt 0.923447 0.098847
vt 0.923447 0.101882
vt 0.878980 0.107344
vt 0.878741 0.108801
vt 0.869919 0.108680
vt 0.875761 0.107344
vt 0.872780 0.107466
vt 0.875522 0.101882
vt 0.872423 0.102003
vt 0.878741 0.101882
vt 0.878622 0.099940
vt 0.922851 0.092535
vt 0.922732 0.089500
vt 0.869442 0.101760
vt 0.920586 0.075540
vt 0.920705 0.078818
vt 0.877311 0.088893
vt 0.877072 0.090593
vt 0.868369 0.091564
vt 0.874092 0.089500
vt 0.871231 0.090107
vt 0.873257 0.084159
vt 0.870158 0.084644
vt 0.876357 0.083552
vt 0.876238 0.081853
vt 0.919155 0.069107
vt 0.918798 0.065951
vt 0.867296 0.084766
vt 0.915460 0.055268
vt 0.873853 0.072506
vt 0.871946 0.063280
vt 0.912002 0.041916
vt 0.907353 0.031476
vt 0.868131 0.053933
vt 0.871111 0.170952
vt 0.916294 0.175565
vt 0.918679 0.163790
vt 0.917844 0.165854
vt 0.873496 0.160634
vt 0.872900 0.161848
vt 0.870515 0.159420
vt 0.867654 0.158449
vt 0.790641 0.144489
vt 0.793740 0.144853
vt 0.787660 0.144975
vt 0.784561 0.145339
vt 0.785157 0.147038
vt 0.740093 0.150923
vt 0.739497 0.148859
vt 0.795528 0.154929
vt 0.792906 0.156143
vt 0.786468 0.156143
vt 0.786945 0.157721
vt 0.790044 0.156871
vt 0.742000 0.162455
vt 0.741404 0.160634
vt 0.792548 0.138056
vt 0.790044 0.139391
vt 0.783607 0.138784
vt 0.783845 0.140241
vt 0.738782 0.143397
vt 0.738305 0.141333
vt 0.786945 0.139755
vt 0.788256 0.127738
vt 0.791356 0.128345
vt 0.785157 0.127859
vt 0.782057 0.128223
vt 0.782534 0.129680
vt 0.737351 0.131258
vt 0.736874 0.128951
vt 0.790641 0.121425
vt 0.787899 0.122639
vt 0.781461 0.121547
vt 0.781699 0.123003
vt 0.784918 0.122639
vt 0.736516 0.123246
vt 0.736159 0.120818
vt 0.786945 0.110865
vt 0.789925 0.111714
vt 0.783845 0.110743
vt 0.780746 0.110743
vt 0.781103 0.112443
vt 0.736040 0.110500
vt 0.735682 0.107951
vt 0.789806 0.104795
vt 0.786945 0.105766
vt 0.780746 0.104067
vt 0.780746 0.105645
vt 0.783964 0.105523
vt 0.735801 0.101760
vt 0.735563 0.099090
vt 0.786945 0.093870
vt 0.789925 0.094841
vt 0.783964 0.093627
vt 0.780746 0.093142
vt 0.781103 0.094841
vt 0.736397 0.088650
vt 0.736278 0.085737
vt 0.790402 0.088165
vt 0.787541 0.088772
vt 0.781342 0.086344
vt 0.781342 0.088043
vt 0.784441 0.088286
vt 0.736993 0.079425
vt 0.737113 0.076511
vt 0.788495 0.076754
vt 0.791356 0.078090
vt 0.785514 0.076147
vt 0.782415 0.075419
vt 0.782653 0.077240
vt 0.738901 0.065829
vt 0.739139 0.062552
vt 0.792548 0.071656
vt 0.789448 0.071535
vt 0.783726 0.068257
vt 0.783368 0.070078
vt 0.786468 0.070685
vt 0.740451 0.055997
vt 0.741047 0.052719
vt 0.786110 0.058667
vt 0.744146 0.042037
vt 0.790402 0.173987
vt 0.745219 0.178478
vt 0.793979 0.161484
vt 0.796959 0.161605
vt 0.790998 0.162333
vt 0.788018 0.162940
vt 0.788614 0.164640
vt 0.743669 0.169253
vt 0.742954 0.167553
vt 0.843930 0.793071
vt 0.845241 0.793071
vt 0.841546 0.793435
vt 0.841307 0.918708
vt 0.844645 0.918951
vt 0.959212 0.799262
vt 0.960166 0.799383
vt 0.960285 0.925142
vt 0.963861 0.925142
vt 0.962431 0.799869
vt 0.834512 0.792828
vt 0.836658 0.793314
vt 0.833201 0.792828
vt 0.833201 0.918466
vt 0.836658 0.918466
vt 0.500230 0.035846
vt 0.501065 0.047499
vt 0.467684 0.037546
vt 0.468280 0.048956
vt 0.468877 0.049684
vt 0.501542 0.048592
vt 0.473168 0.052841
vt 0.505118 0.051263
vt 0.499992 0.034996
vt 0.467207 0.036696
vt 0.466850 0.037546
vt 0.452544 0.036939
vt 0.466492 0.049684
vt 0.466969 0.050534
vt 0.469949 0.051141
vt 0.469592 0.051870
vt 0.473407 0.053083
vt 0.506072 0.052719
vt 0.506072 0.130044
vt 0.473407 0.129801
vt 0.469353 0.128951
vt 0.466373 0.127980
vt 0.466373 0.128951
vt 0.469234 0.129801
vt 0.473288 0.130651
vt 0.506072 0.131137
vt 0.452902 0.035846
vt 0.451590 0.127859
vt 0.451590 0.127009
vt 0.436927 0.127738
vt 0.436927 0.126767
vt 0.433827 0.127859
vt 0.433708 0.127009
vt 0.429774 0.128223
vt 0.429654 0.127252
vt 0.422859 0.128466
vt 0.422740 0.127495
vt 0.420594 0.049806
vt 0.427509 0.050656
vt 0.427509 0.050291
vt 0.431323 0.049320
vt 0.403904 0.032690
vt 0.421190 0.047742
vt 0.431562 0.050049
vt 0.435258 0.048956
vt 0.433350 0.047742
vt 0.434065 0.046650
vt 0.404381 0.032447
vt 0.408911 0.022008
vt 0.438238 0.035482
vt 0.435973 0.047742
vt 0.451352 0.049199
vt 0.438715 0.035603
vt 0.438715 0.034754
vt 0.409149 0.021158
vt 0.408792 0.092171
vt 0.405454 0.092292
vt 0.409626 0.089621
vt 0.408672 0.086101
vt 0.405334 0.081003
vt 0.412249 0.087436
vt 0.414156 0.080760
vt 0.414276 0.087436
vt 0.410222 0.088529
vt 0.411176 0.087679
vt 0.414037 0.073841
vt 0.405215 0.073841
vt 0.385902 0.081124
vt 0.404977 0.061581
vt 0.407957 0.111957
vt 0.404619 0.104310
vt 0.409984 0.110986
vt 0.405692 0.102731
vt 0.385902 0.104310
vt 0.376365 0.081246
vt 0.385306 0.057939
vt 0.376126 0.067529
vt 0.376365 0.064615
vt 0.377676 0.061945
vt 0.379703 0.059760
vt 0.382326 0.058424
vt 0.383041 0.103824
vt 0.380299 0.102489
vt 0.378272 0.100425
vt 0.376842 0.097755
vt 0.376365 0.094841
vt 0.404500 0.057453
vt 0.412845 0.055633
vt 0.413799 0.059638
vt 0.126965 0.006470
vt 0.140913 0.002100
vt 0.129230 0.009262
vt 0.131734 0.011326
vt 0.134356 0.012782
vt 0.137456 0.013753
vt 0.140556 0.014239
vt 0.143774 0.013996
vt 0.146874 0.013146
vt 0.149735 0.011690
vt 0.152239 0.009748
vt 0.154504 0.007077
vt 0.150212 0.080760
vt 0.141152 0.084402
vt 0.148543 0.079303
vt 0.146993 0.078454
vt 0.145205 0.077725
vt 0.143298 0.077240
vt 0.141271 0.077240
vt 0.139244 0.077240
vt 0.137456 0.077604
vt 0.135549 0.078090
vt 0.133880 0.078939
vt 0.132330 0.080396
vt 0.716130 0.041187
vt 0.692764 0.064858
vt 0.684538 0.071413
vt 0.678697 0.077847
vt 0.674643 0.085858
vt 0.671544 0.091928
vt 0.652231 0.133079
vt 0.649250 0.137327
vt 0.646270 0.142547
vt 0.643647 0.148131
vt 0.641382 0.154322
vt 0.639832 0.161120
vt 0.639117 0.167553
vt 0.638640 0.170345
vt 0.637448 0.177143
vt 0.616585 0.191710
vt 0.615870 0.195230
vt 0.515132 0.006349
vt 0.525146 0.006349
vt 0.524908 0.144489
vt 0.529915 0.144247
vt 0.530154 0.006106
vt 0.534922 0.144125
vt 0.535041 0.005742
vt 0.539929 0.143640
vt 0.539929 0.005499
vt 0.544817 0.143397
vt 0.544817 0.005135
vt 0.549824 0.143033
vt 0.549705 0.004649
vt 0.553520 0.004285
vt 0.553639 0.142547
vt 0.559242 0.142062
vt 0.559242 0.003799
vt 0.564249 0.003435
vt 0.564249 0.141697
vt 0.569137 0.003071
vt 0.569137 0.141333
vt 0.574144 0.002707
vt 0.574025 0.140969
vt 0.579151 0.002464
vt 0.578913 0.140726
vt 0.584158 0.002343
vt 0.583920 0.140483
vt 0.594173 0.002221
vt 0.593934 0.140362
vt 0.597987 0.140362
vt 0.598345 0.002100
vt 0.514775 0.144611
vt 0.510721 0.144611
vt 0.510960 0.006349
vt 0.312465 0.245849
vt 0.313657 0.243300
vt 0.314134 0.250583
vt 0.315922 0.249855
vt 0.316757 0.244150
vt 0.317591 0.249369
vt 0.319260 0.242936
vt 0.319737 0.249491
vt 0.322002 0.244028
vt 0.322002 0.249369
vt 0.324744 0.242936
vt 0.324148 0.249491
vt 0.327248 0.244150
vt 0.326413 0.249491
vt 0.330348 0.243300
vt 0.328082 0.249976
vt 0.331540 0.245849
vt 0.329871 0.250583
vt 0.338454 0.235774
vt 0.338454 0.243543
vt 0.333447 0.235774
vt 0.333447 0.243543
vt 0.330348 0.236017
vt 0.331540 0.233346
vt 0.329871 0.228733
vt 0.328082 0.229340
vt 0.327248 0.235167
vt 0.326413 0.229826
vt 0.324744 0.236381
vt 0.324268 0.229826
vt 0.322002 0.235288
vt 0.322002 0.229947
vt 0.319260 0.236381
vt 0.319857 0.229826
vt 0.316757 0.235167
vt 0.317591 0.229826
vt 0.313657 0.236017
vt 0.315922 0.229340
vt 0.312465 0.233346
vt 0.314134 0.228612
vt 0.305551 0.243543
vt 0.305551 0.235774
vt 0.310558 0.243543
vt 0.310558 0.235774
vt 0.404738 0.578941
vt 0.395082 0.577848
vt 0.348349 0.561703
vt 0.352283 0.570079
vt 0.385545 0.579183
vt 0.355621 0.579305
vt 0.376603 0.583432
vt 0.357529 0.588773
vt 0.372312 0.590594
vt 0.358006 0.598241
vt 0.345250 0.555634
vt 0.307696 0.569958
vt 0.312346 0.575299
vt 0.317115 0.581490
vt 0.319737 0.588045
vt 0.321049 0.594478
vt 0.321645 0.601276
vt 0.358363 0.608681
vt 0.321645 0.609652
vt 0.371119 0.599698
vt 0.371477 0.611351
vt 0.376007 0.670832
vt 0.361940 0.670225
vt 0.379822 0.683821
vt 0.384233 0.698873
vt 0.385545 0.714653
vt 0.385425 0.728613
vt 0.386260 0.740752
vt 0.389121 0.752527
vt 0.391744 0.760903
vt 0.397585 0.766487
vt 0.405692 0.768550
vt 0.358840 0.872823
vt 0.375650 0.872338
vt 0.359436 0.902685
vt 0.377438 0.901957
vt 0.397466 0.900743
vt 0.394843 0.871002
vt 0.633037 0.561825
vt 0.633037 0.503922
vt 0.650442 0.562067
vt 0.650442 0.504044
vt 0.633156 0.492876
vt 0.650681 0.492997
vt 0.633514 0.483772
vt 0.651158 0.483650
vt 0.633514 0.475153
vt 0.633037 0.571414
vt 0.650442 0.572264
vt 0.632679 0.580640
vt 0.650204 0.582218
vt 0.631964 0.589501
vt 0.649250 0.592051
vt 0.630891 0.597999
vt 0.648058 0.601640
vt 0.629341 0.605889
vt 0.646151 0.610866
vt 0.627076 0.614507
vt 0.643051 0.620941
vt 0.624811 0.620334
vt 0.640190 0.628467
vt 0.621711 0.625554
vt 0.636256 0.635265
vt 0.617420 0.630288
vt 0.631130 0.641334
vt 0.625169 0.646554
vt 0.646031 0.654687
vt 0.652350 0.647040
vt 0.657357 0.638300
vt 0.660576 0.628953
vt 0.664272 0.617299
vt 0.666656 0.606617
vt 0.668444 0.595571
vt 0.669755 0.584646
vt 0.670352 0.573721
vt 0.669517 0.562917
vt 0.669636 0.504286
vt 0.669994 0.493240
vt 0.670590 0.483529
vt 0.671186 0.473575
vt 0.651158 0.474546
vt 0.670352 0.462893
vt 0.650442 0.464592
vt 0.649250 0.455974
vt 0.632799 0.465442
vt 0.630891 0.456945
vt 0.647939 0.447112
vt 0.628268 0.448083
vt 0.611340 0.634658
vt 0.669398 0.453303
vt 0.667490 0.444442
vt 0.326890 0.896737
vt 0.334759 0.868210
vt 0.332493 0.898072
vt 0.340481 0.869667
vt 0.405573 0.870396
vt 0.413918 0.871367
vt 0.409388 0.873066
vt 0.410818 0.867725
vt 0.397228 0.871974
vt 0.401758 0.866632
vt 0.375292 0.869910
vt 0.351210 0.869910
vt 0.357648 0.874037
vt 0.351210 0.873673
vt 0.344057 0.873187
vt 0.347634 0.875615
vt 0.351806 0.864326
vt 0.374815 0.864447
vt 0.400447 0.861049
vt 0.336547 0.899286
vt 0.355264 0.903049
vt 0.346799 0.902442
vt 0.341792 0.901228
vt 0.135310 0.674474
vt 0.141867 0.670589
vt 0.150093 0.666462
vt 0.157127 0.663306
vt 0.165233 0.659300
vt 0.173459 0.654566
vt 0.181328 0.648861
vt 0.185381 0.647647
vt 0.195991 0.644248
vt 0.201952 0.636843
vt 0.200760 0.608438
vt 0.202310 0.603340
vt 0.260249 0.560247
vt 0.280873 0.563888
vt 0.286357 0.561946
vt 0.288622 0.562553
vt 0.296967 0.561218
vt 0.304716 0.559397
vt 0.525743 0.754590
vt 0.525623 0.423077
vt 0.529557 0.754590
vt 0.529438 0.423077
vt 0.533253 0.754590
vt 0.533253 0.423077
vt 0.537068 0.754712
vt 0.536949 0.423077
vt 0.540883 0.754712
vt 0.540883 0.423077
vt 0.544579 0.754712
vt 0.544698 0.423077
vt 0.548274 0.754712
vt 0.548394 0.423198
vt 0.552089 0.754833
vt 0.552208 0.423198
vt 0.555189 0.423198
vt 0.555189 0.754833
vt 0.558289 0.754833
vt 0.558408 0.423320
vt 0.562103 0.423320
vt 0.562103 0.754955
vt 0.565918 0.423441
vt 0.565799 0.754955
vt 0.569733 0.423441
vt 0.569614 0.754955
vt 0.573548 0.423441
vt 0.573429 0.754955
vt 0.577244 0.423441
vt 0.577244 0.754955
vt 0.580940 0.423441
vt 0.580940 0.755076
vt 0.584754 0.423441
vt 0.584754 0.755076
vt 0.588450 0.423563
vt 0.588450 0.755076
vt 0.592027 0.755076
vt 0.591907 0.423563
vt 0.595245 0.423563
vt 0.595603 0.755076
vt 0.599418 0.755076
vt 0.599060 0.423563
vt 0.822352 0.919801
vt 0.821160 0.922471
vt 0.816510 0.918951
vt 0.816034 0.921136
vt 0.810788 0.918466
vt 0.810550 0.920529
vt 0.805185 0.918101
vt 0.804946 0.920165
vt 0.799462 0.917737
vt 0.799343 0.919922
vt 0.793740 0.917616
vt 0.793740 0.919679
vt 0.788733 0.917373
vt 0.819252 0.925628
vt 0.814841 0.924171
vt 0.817941 0.927691
vt 0.814126 0.926356
vt 0.809954 0.923564
vt 0.809477 0.925870
vt 0.804589 0.923321
vt 0.804350 0.925628
vt 0.799224 0.922957
vt 0.798986 0.925263
vt 0.793621 0.922836
vt 0.793502 0.925142
vt 0.788614 0.919558
vt 0.788495 0.922714
vt 0.783368 0.922471
vt 0.783368 0.924778
vt 0.777646 0.924656
vt 0.783488 0.919437
vt 0.788495 0.925021
vt 0.783607 0.917252
vt 0.777646 0.919315
vt 0.777646 0.922350
vt 0.771804 0.922350
vt 0.771804 0.924656
vt 0.765963 0.924778
vt 0.777646 0.917252
vt 0.771685 0.919315
vt 0.771685 0.917252
vt 0.765844 0.919437
vt 0.765844 0.922471
vt 0.760121 0.922714
vt 0.760240 0.925021
vt 0.754399 0.925385
vt 0.765724 0.917252
vt 0.759883 0.919558
vt 0.759764 0.917494
vt 0.754041 0.920044
vt 0.754160 0.923078
vt 0.748557 0.923564
vt 0.748676 0.925870
vt 0.743073 0.926477
vt 0.753803 0.917859
vt 0.748200 0.920529
vt 0.747961 0.918344
vt 0.742358 0.921136
vt 0.742835 0.924171
vt 0.737351 0.925021
vt 0.737589 0.927327
vt 0.732463 0.928055
vt 0.742239 0.919073
vt 0.736755 0.921864
vt 0.736397 0.919922
vt 0.731032 0.920772
vt 0.731390 0.922836
vt 0.731986 0.925749
vt 0.726979 0.926841
vt 0.727575 0.929026
vt 0.721853 0.928055
vt 0.722568 0.930240
vt 0.717084 0.929391
vt 0.718276 0.931454
vt 0.713150 0.931697
vt 0.714819 0.933396
vt 0.710647 0.929026
vt 0.715534 0.926599
vt 0.720780 0.925142
vt 0.726145 0.923807
vt 0.725549 0.921864
vt 0.720065 0.923200
vt 0.714581 0.924656
vt 0.708978 0.926477
vt 0.823544 0.777533
vt 0.817345 0.777290
vt 0.810788 0.776805
vt 0.804112 0.776440
vt 0.797078 0.776076
vt 0.789925 0.775955
vt 0.783249 0.775712
vt 0.776454 0.775591
vt 0.768824 0.775712
vt 0.760956 0.775833
vt 0.753087 0.776076
vt 0.745219 0.776440
vt 0.737351 0.777047
vt 0.729721 0.777776
vt 0.721972 0.778747
vt 0.714581 0.779839
vt 0.707547 0.781053
vt 0.700752 0.782267
vt 0.694076 0.783845
vt 0.687757 0.785545
vt 0.681677 0.786880
vt 0.103956 0.374400
vt 0.101214 0.370273
vt 0.104433 0.367360
vt 0.099307 0.363354
vt 0.108010 0.372579
vt 0.105387 0.379256
vt 0.109679 0.378649
vt 0.105268 0.384233
vt 0.109560 0.384961
vt 0.103599 0.388845
vt 0.107414 0.391030
vt 0.100618 0.392851
vt 0.103479 0.396007
vt 0.098949 0.399163
vt 0.097042 0.395279
vt 0.097757 0.390059
vt 0.100261 0.387025
vt 0.101453 0.383504
vt 0.101453 0.379741
vt 0.100499 0.376099
vt 0.098353 0.372943
vt 0.097280 0.367238
vt 0.095373 0.370758
vt 0.092631 0.365539
vt 0.091796 0.369423
vt 0.087624 0.365417
vt 0.088101 0.369302
vt 0.084763 0.370273
vt 0.083094 0.366753
vt 0.087028 0.361047
vt 0.081186 0.362747
vt 0.076179 0.366388
vt 0.079279 0.369545
vt 0.082140 0.372336
vt 0.079875 0.375250
vt 0.076298 0.373550
vt 0.078683 0.378891
vt 0.093346 0.361290
vt 0.072483 0.371608
vt 0.074748 0.378285
vt 0.070457 0.377556
vt 0.074748 0.383261
vt 0.070457 0.383990
vt 0.076298 0.387996
vt 0.072483 0.390059
vt 0.078683 0.382655
vt 0.079875 0.386175
vt 0.082140 0.389331
vt 0.079279 0.392123
vt 0.085120 0.391516
vt 0.083332 0.395036
vt 0.088697 0.392730
vt 0.088101 0.396614
vt 0.081425 0.398921
vt 0.087385 0.400741
vt 0.093108 0.396614
vt 0.093823 0.400863
vt 0.092512 0.392730
vt 0.095373 0.391759
vt 0.076179 0.395158
vt 0.860143 0.786637
vt 0.770135 0.746822
vt 0.860143 0.634658
vt 0.770135 0.634658
vt 0.667371 0.890546
vt 0.655807 0.890546
vt 0.655807 0.883870
vt 0.644243 0.890546
vt 0.644243 0.883748
vt 0.655926 0.876951
vt 0.644243 0.876951
vt 0.655926 0.869910
vt 0.644243 0.869910
vt 0.655926 0.862748
vt 0.644243 0.862748
vt 0.655926 0.855343
vt 0.644243 0.855343
vt 0.655926 0.847939
vt 0.644363 0.847939
vt 0.655926 0.840291
vt 0.644363 0.840291
vt 0.655926 0.832644
vt 0.644363 0.832644
vt 0.655926 0.824753
vt 0.644363 0.824753
vt 0.655926 0.816742
vt 0.644363 0.816742
vt 0.655807 0.808851
vt 0.644243 0.808730
vt 0.667371 0.808730
vt 0.667252 0.816742
vt 0.667252 0.824753
vt 0.667371 0.832644
vt 0.667371 0.840291
vt 0.667371 0.847939
vt 0.667371 0.855343
vt 0.667371 0.862748
vt 0.667371 0.869910
vt 0.667371 0.876951
vt 0.667371 0.883870
vt 0.699798 0.698266
vt 0.707785 0.726185
vt 0.688353 0.702879
vt 0.701467 0.728856
vt 0.667252 0.707491
vt 0.695745 0.732619
vt 0.668206 0.718538
vt 0.690380 0.737475
vt 0.668683 0.733954
vt 0.686446 0.743301
vt 0.667371 0.744637
vt 0.684181 0.750342
vt 0.667133 0.754712
vt 0.682512 0.758839
vt 0.667014 0.764423
vt 0.680843 0.767579
vt 0.667133 0.773891
vt 0.678697 0.776562
vt 0.667371 0.783238
vt 0.676551 0.785059
vt 0.667371 0.792221
vt 0.674763 0.792949
vt 0.667729 0.800961
vt 0.674286 0.800233
vt 0.655807 0.801568
vt 0.644005 0.800840
vt 0.300305 0.704335
vt 0.305312 0.705549
vt 0.308650 0.706885
vt 0.311273 0.709312
vt 0.313061 0.712347
vt 0.324148 0.745122
vt 0.324625 0.748764
vt 0.324029 0.752405
vt 0.322360 0.755804
vt 0.315446 0.765758
vt 0.301616 0.784816
vt 0.301616 0.788458
vt 0.301974 0.792585
vt 0.302451 0.796591
vt 0.302570 0.813464
vt 0.302332 0.830337
vt 0.301855 0.834343
vt 0.301259 0.838470
vt 0.301259 0.842233
vt 0.299351 0.701422
vt 0.298994 0.697902
vt 0.299351 0.694624
vt 0.300663 0.685763
vt 0.607644 0.328515
vt 0.606094 0.322567
vt 0.630891 0.320746
vt 0.628864 0.313584
vt 0.636852 0.318076
vt 0.634825 0.311399
vt 0.641740 0.316740
vt 0.639713 0.309821
vt 0.609551 0.336041
vt 0.632918 0.328636
vt 0.611340 0.344053
vt 0.638640 0.325723
vt 0.643647 0.324509
vt 0.640309 0.333249
vt 0.645316 0.332157
vt 0.642217 0.341139
vt 0.647104 0.340411
vt 0.644363 0.352307
vt 0.639713 0.356192
vt 0.637210 0.344903
vt 0.634944 0.336769
vt 0.358363 0.150316
vt 0.364801 0.126645
vt 0.449325 0.180178
vt 0.455286 0.178842
vt 0.464227 0.169010
vt 0.468519 0.160634
vt 0.363251 0.120454
vt 0.470307 0.156143
vt 0.472095 0.151651
vt 0.356933 0.128709
vt 0.503568 0.169981
vt 0.500946 0.174351
vt 0.531465 0.193166
vt 0.498442 0.178842
vt 0.528604 0.196929
vt 0.493077 0.187461
vt 0.485924 0.199357
vt 0.534445 0.189282
vt 0.523001 0.204455
vt 0.518232 0.216959
vt 0.525146 0.979524
vt 0.524193 0.925628
vt 0.688472 0.979039
vt 0.688353 0.925142
vt 0.701348 0.979160
vt 0.701348 0.951119
vt 0.913433 0.979160
vt 0.913433 0.951119
vt 0.144371 0.193652
vt 0.147947 0.189646
vt 0.144371 0.200935
vt 0.147947 0.204941
vt 0.131376 0.201663
vt 0.115401 0.208219
vt 0.131376 0.192923
vt 0.115401 0.186854
vt 0.126131 0.217444
vt 0.153550 0.212953
vt 0.153550 0.204455
vt 0.160346 0.204941
vt 0.182400 0.217323
vt 0.177036 0.201542
vt 0.163922 0.200935
vt 0.126011 0.177264
vt 0.153550 0.181756
vt 0.153550 0.190253
vt 0.160346 0.189646
vt 0.182281 0.177386
vt 0.163922 0.193652
vt 0.176917 0.192923
vt 0.368377 0.180785
vt 0.356813 0.191345
vt 0.368377 0.176050
vt 0.357529 0.172773
vt 0.307816 0.194623
vt 0.307696 0.215745
vt 0.313777 0.185762
vt 0.317949 0.184548
vt 0.322956 0.183819
vt 0.327963 0.184305
vt 0.332255 0.185519
vt 0.338454 0.215623
vt 0.338454 0.194380
vt 0.316042 0.224242
vt 0.330348 0.224120
vt 0.261918 0.354371
vt 0.259533 0.343567
vt 0.258341 0.332399
vt 0.258222 0.321353
vt 0.266686 0.368573
vt 0.287549 0.362261
vt 0.283496 0.348544
vt 0.281469 0.339683
vt 0.280396 0.330700
vt 0.280277 0.321717
vt 0.259056 0.311156
vt 0.281111 0.313706
vt 0.268713 0.254953
vt 0.290410 0.258352
vt 0.604664 0.638664
vt 0.619446 0.651653
vt 0.639236 0.661121
vt 0.632918 0.665855
vt 0.352403 0.178357
vt 0.330109 0.178357
vt 0.352403 0.147403
vt 0.330109 0.147403
vt 0.307696 0.147403
vt 0.307696 0.178357
vt 0.741881 0.634658
vt 0.741881 0.746822
vt 0.713746 0.746822
vt 0.713746 0.634658
vt 0.645555 0.707249
vt 0.645078 0.685520
vt 0.656642 0.707370
vt 0.656642 0.685520
vt 0.645078 0.673138
vt 0.656761 0.673138
vt 0.668325 0.673260
vt 0.668206 0.685641
vt 0.656284 0.718538
vt 0.644482 0.718295
vt 0.656165 0.733469
vt 0.656046 0.744151
vt 0.656046 0.754348
vt 0.656046 0.764423
vt 0.655926 0.774134
vt 0.655926 0.783602
vt 0.655926 0.792585
vt 0.644243 0.792100
vt 0.644363 0.783117
vt 0.644720 0.773770
vt 0.644839 0.764302
vt 0.644839 0.754590
vt 0.644839 0.744394
vt 0.643647 0.733711
vt 0.499157 0.980253
vt 0.496654 0.926477
vt 0.469353 0.928298
vt 0.473049 0.981952
vt 0.374696 0.180785
vt 0.368377 0.196444
vt 0.374696 0.196444
vt 0.381014 0.196444
vt 0.381253 0.180785
vt 0.374696 0.176050
vt 0.380895 0.175929
vt 0.368377 0.164518
vt 0.374696 0.164518
vt 0.381014 0.164640
vt 0.682869 0.493847
vt 0.682631 0.501859
vt 0.681439 0.560368
vt 0.701705 0.601640
vt 0.698010 0.604796
vt 0.689903 0.605161
vt 0.682273 0.611351
vt 0.678101 0.618392
vt 0.672021 0.634172
vt 0.670471 0.643155
vt 0.672259 0.652138
vt 0.679293 0.660635
vt 0.687638 0.666583
vt 0.684658 0.487535
vt 0.690261 0.483165
vt 0.698606 0.482193
vt 0.707785 0.484500
vt 0.714819 0.487656
vt 0.696818 0.669982
vt 0.416779 0.867846
vt 0.422502 0.866147
vt 0.426197 0.895887
vt 0.431800 0.894188
vt 0.421786 0.896980
vt 0.401877 0.900743
vt 0.410699 0.899650
vt 0.416064 0.898558
vt 0.378988 0.207247
vt 0.385902 0.210768
vt 0.393651 0.215380
vt 0.397466 0.215623
vt 0.407957 0.216837
vt 0.414633 0.222542
vt 0.420832 0.249976
vt 0.424171 0.254589
vt 0.494150 0.279595
vt 0.515967 0.285058
vt 0.521808 0.287607
vt 0.524550 0.287486
vt 0.533134 0.289792
vt 0.540525 0.291249
vt 0.613366 0.697416
vt 0.624692 0.702150
vt 0.604664 0.724971
vt 0.610863 0.727763
vt 0.616704 0.731769
vt 0.621950 0.736746
vt 0.625646 0.742694
vt 0.627791 0.749978
vt 0.629341 0.758353
vt 0.631130 0.767336
vt 0.633156 0.776319
vt 0.635183 0.784938
vt 0.636852 0.792949
vt 0.637448 0.800111
vt 0.299947 0.922593
vt 0.304955 0.921500
vt 0.308173 0.920044
vt 0.310915 0.917737
vt 0.312704 0.914702
vt 0.323671 0.881927
vt 0.324148 0.878286
vt 0.323671 0.874644
vt 0.322122 0.871245
vt 0.315088 0.861170
vt 0.298994 0.925506
vt 0.298755 0.929026
vt 0.298874 0.932304
vt 0.300305 0.941044
vt 0.637090 0.302781
vt 0.632441 0.304844
vt 0.629103 0.297318
vt 0.622665 0.298653
vt 0.626361 0.306665
vt 0.601326 0.310549
vt 0.604067 0.316740
vt 0.633633 0.295012
vt 0.625049 0.290156
vt 0.618612 0.291370
vt 0.597987 0.304480
vt 0.593696 0.298411
vt 0.613366 0.283844
vt 0.619923 0.282751
vt 0.629341 0.287364
vt 0.623857 0.279595
vt 0.586662 0.290156
vt 0.605498 0.274740
vt 0.519663 0.222664
vt 0.611936 0.273647
vt 0.615512 0.270127
vt 0.309485 0.995426
vt 0.306385 0.941651
vt 0.295179 0.996397
vt 0.282065 0.971755
vt 0.083332 0.978310
vt 0.085478 0.954154
vt 0.192891 0.186854
vt 0.193011 0.208219
vt 0.391267 0.171680
vt 0.393770 0.190132
vt 0.332493 0.553570
vt 0.605736 0.157114
vt 0.615274 0.156750
vt 0.636733 0.156992
vt 0.602637 0.078818
vt 0.602637 0.157357
vt 0.722687 0.325480
vt 0.720065 0.263572
vt 0.644363 0.002100
vt 0.647224 0.003435
vt 0.641144 0.002221
vt 0.649846 0.005256
vt 0.636137 0.005499
vt 0.638282 0.003314
vt 0.884940 0.921257
vt 0.885894 0.795620
vt 0.888040 0.921743
vt 0.889113 0.795984
vt 0.901869 0.922229
vt 0.902942 0.796470
vt 0.915817 0.922714
vt 0.882914 0.920893
vt 0.883748 0.795256
vt 0.882556 0.794770
vt 0.881722 0.920529
vt 0.879337 0.794406
vt 0.878503 0.920044
vt 0.875999 0.794042
vt 0.875284 0.919801
vt 0.872780 0.793678
vt 0.872065 0.919437
vt 0.869442 0.793556
vt 0.868846 0.919194
vt 0.916652 0.796955
vt 0.919155 0.923078
vt 0.919751 0.797441
vt 0.921182 0.923442
vt 0.921540 0.797805
vt 0.922851 0.798169
vt 0.922613 0.923928
vt 0.925951 0.924171
vt 0.925951 0.798533
vt 0.929289 0.924535
vt 0.929050 0.798776
vt 0.932627 0.924778
vt 0.932031 0.799140
vt 0.935965 0.925021
vt 0.935250 0.799262
vt 0.734728 0.002100
vt 0.739974 0.007927
vt 0.707070 0.027592
vt 0.713150 0.032204
vt 0.705043 0.031233
vt 0.713031 0.032447
vt 0.705043 0.034147
vt 0.713150 0.032690
vt 0.705878 0.035603
vt 0.713627 0.032811
vt 0.707785 0.037788
vt 0.714700 0.032933
vt 0.710170 0.039245
vt 0.716250 0.033054
vt 0.712554 0.039973
vt 0.718157 0.033540
vt 0.714104 0.040338
vt 0.720303 0.034511
vt 0.715654 0.041309
vt 0.722330 0.036332
vt 0.715654 0.041066
vt 0.723641 0.038881
vt 0.723760 0.042037
vt 0.919275 0.599819
vt 0.905684 0.599941
vt 0.918798 0.606132
vt 0.905207 0.605039
vt 0.917844 0.611958
vt 0.904492 0.610138
vt 0.916890 0.617542
vt 0.903538 0.615236
vt 0.915817 0.622883
vt 0.902346 0.620091
vt 0.914625 0.627860
vt 0.901273 0.624947
vt 0.913552 0.632716
vt 0.900200 0.629560
vt 0.899127 0.634172
vt 0.912360 0.637329
vt 0.748557 0.601762
vt 0.761909 0.604068
vt 0.747842 0.607588
vt 0.761313 0.609166
vt 0.747365 0.613051
vt 0.760956 0.614143
vt 0.747127 0.618149
vt 0.760717 0.619242
vt 0.746888 0.623248
vt 0.760479 0.623976
vt 0.746650 0.627860
vt 0.760240 0.628710
vt 0.829147 0.918344
vt 0.829147 0.792707
vt 0.976498 0.925142
vt 0.974472 0.799504
vt 0.614201 0.236866
vt 0.615155 0.215623
vt 0.652827 0.262479
vt 0.613247 0.262479
vt 0.613605 0.240872
vt 0.439311 0.002100
vt 0.455405 0.003435
vt 0.471619 0.004649
vt 0.130780 0.376585
vt 0.117547 0.376706
vt 0.130780 0.368816
vt 0.117547 0.368938
vt 0.117547 0.367845
vt 0.130661 0.367845
vt 0.117547 0.331428
vt 0.117070 0.358255
vt 0.108963 0.331671
vt 0.110036 0.358741
vt 0.116951 0.367845
vt 0.109321 0.367238
vt 0.117905 0.359348
vt 0.130661 0.331428
vt 0.130780 0.322688
vt 0.117547 0.322688
vt 0.139363 0.331671
vt 0.138291 0.358741
vt 0.131257 0.358255
vt 0.139006 0.367238
vt 0.131376 0.367845
vt 0.130422 0.359348
vt 0.468042 0.837742
vt 0.453140 0.860199
vt 0.454332 0.837014
vt 0.440503 0.836164
vt 0.439073 0.859470
vt 0.437523 0.836042
vt 0.435973 0.859228
vt 0.434542 0.835800
vt 0.432754 0.858985
vt 0.431443 0.835557
vt 0.429654 0.858742
vt 0.428343 0.835314
vt 0.426436 0.858378
vt 0.425363 0.834950
vt 0.423336 0.858135
vt 0.403785 0.856314
vt 0.405930 0.833129
vt 0.394843 0.855343
vt 0.396989 0.832279
vt 0.467088 0.860927
vt 0.470307 0.861049
vt 0.471022 0.837742
vt 0.473407 0.861049
vt 0.474003 0.837742
vt 0.476506 0.861049
vt 0.476864 0.837863
vt 0.479606 0.861170
vt 0.479844 0.837863
vt 0.482586 0.861170
vt 0.482706 0.837863
vt 0.502138 0.837863
vt 0.502138 0.861170
vt 0.510841 0.837863
vt 0.510841 0.861049
vt 0.315326 0.853765
vt 0.314134 0.830580
vt 0.317591 0.853644
vt 0.316280 0.830337
vt 0.362178 0.829730
vt 0.360986 0.852916
vt 0.354906 0.829245
vt 0.353952 0.852551
vt 0.347515 0.852309
vt 0.348111 0.829123
vt 0.390671 0.854979
vt 0.392578 0.831915
vt 0.325221 0.829852
vt 0.326294 0.853158
vt 0.371358 0.830216
vt 0.369808 0.853401
vt 0.383637 0.831065
vt 0.381849 0.854251
vt 0.335235 0.829366
vt 0.338573 0.829245
vt 0.336189 0.852551
vt 0.339408 0.852551
vt 0.345488 0.852309
vt 0.345846 0.829123
vt 0.344296 0.829123
vt 0.344415 0.852309
vt 0.342865 0.829123
vt 0.343223 0.852309
vt 0.341554 0.829123
vt 0.342150 0.852430
vt 0.063542 0.564495
vt 0.061992 0.564495
vt 0.063542 0.518246
vt 0.061992 0.518246
vt 0.063900 0.564495
vt 0.063900 0.518246
vt 0.065450 0.564495
vt 0.065450 0.518246
vt 0.062469 0.517154
vt 0.064854 0.517154
vt 0.062469 0.565709
vt 0.064854 0.565709
vt 0.326294 0.301809
vt 0.324744 0.301809
vt 0.326294 0.255439
vt 0.324744 0.255439
vt 0.326771 0.301809
vt 0.326771 0.255439
vt 0.328321 0.301809
vt 0.328321 0.255439
vt 0.325340 0.254346
vt 0.327844 0.254468
vt 0.325221 0.302781
vt 0.327606 0.303023
vt 0.309246 0.301688
vt 0.307696 0.301688
vt 0.309246 0.255439
vt 0.307696 0.255439
vt 0.309723 0.301688
vt 0.309723 0.255439
vt 0.311154 0.301688
vt 0.311154 0.255439
vt 0.308173 0.254346
vt 0.310558 0.254346
vt 0.308173 0.302781
vt 0.310558 0.302781
vt 0.317711 0.301809
vt 0.316161 0.301809
vt 0.317711 0.255439
vt 0.316161 0.255439
vt 0.318188 0.301809
vt 0.318188 0.255439
vt 0.319737 0.301809
vt 0.319737 0.255439
vt 0.316757 0.254346
vt 0.319260 0.254346
vt 0.316757 0.302781
vt 0.319141 0.303023
vt 0.345488 0.284572
vt 0.344057 0.284572
vt 0.345488 0.238323
vt 0.344057 0.238323
vt 0.345965 0.284572
vt 0.345965 0.238323
vt 0.347515 0.284572
vt 0.347515 0.238323
vt 0.344534 0.237230
vt 0.347038 0.237230
vt 0.344534 0.285786
vt 0.347038 0.285786
vt 0.002146 0.656994
vt 0.006199 0.517639
vt 0.006080 0.656994
vt 0.010133 0.517639
vt 0.010133 0.656994
vt 0.013948 0.517518
vt 0.013948 0.656994
vt 0.018002 0.517518
vt 0.018002 0.656994
vt 0.021936 0.517396
vt 0.021936 0.656872
vt 0.025751 0.517396
vt 0.025870 0.656872
vt 0.029685 0.517275
vt 0.029804 0.656751
vt 0.033738 0.517275
vt 0.033738 0.656751
vt 0.037553 0.517154
vt 0.037672 0.656751
vt 0.041606 0.517154
vt 0.041606 0.656751
vt 0.045541 0.517154
vt 0.045541 0.656630
vt 0.049475 0.517154
vt 0.049475 0.656630
vt 0.053528 0.517154
vt 0.053409 0.656630
vt 0.057343 0.517154
vt 0.057343 0.656630
vt 0.002146 0.517639
vt 0.127561 0.011447
vt 0.130542 0.013146
vt 0.133760 0.014482
vt 0.137098 0.015331
vt 0.140556 0.015574
vt 0.144013 0.015453
vt 0.147351 0.014846
vt 0.150689 0.013632
vt 0.153669 0.011932
vt 0.156888 0.009869
vt 0.158080 0.013389
vt 0.154742 0.014603
vt 0.151404 0.015817
vt 0.147828 0.016545
vt 0.158915 0.016424
vt 0.155338 0.017152
vt 0.151643 0.017759
vt 0.147947 0.018123
vt 0.144251 0.017152
vt 0.144251 0.018245
vt 0.140556 0.017152
vt 0.140556 0.018245
vt 0.136860 0.016909
vt 0.136741 0.018123
vt 0.133283 0.016303
vt 0.133045 0.017759
vt 0.129826 0.015331
vt 0.129349 0.017152
vt 0.126488 0.014118
vt 0.125892 0.016545
vt 0.123150 0.012782
vt 0.122316 0.015817
vt 0.124462 0.009262
vt 0.131018 0.066072
vt 0.134356 0.065465
vt 0.137933 0.065222
vt 0.141509 0.065222
vt 0.145086 0.065344
vt 0.148543 0.065829
vt 0.151881 0.066558
vt 0.155219 0.067650
vt 0.158438 0.069107
vt 0.127680 0.067164
vt 0.124342 0.068621
vt 0.152120 0.065708
vt 0.148662 0.065344
vt 0.145205 0.064858
vt 0.141509 0.064737
vt 0.137933 0.064737
vt 0.134356 0.064979
vt 0.130780 0.065344
vt 0.127323 0.065708
vt 0.123627 0.066436
vt 0.155577 0.066193
vt 0.159153 0.066800
vt 0.144251 0.019094
vt 0.140556 0.018973
vt 0.136741 0.018973
vt 0.133045 0.018852
vt 0.129349 0.018852
vt 0.125654 0.018730
vt 0.121839 0.018609
vt 0.148066 0.019216
vt 0.151762 0.019216
vt 0.155577 0.019216
vt 0.159392 0.018973
s 1
usemtl Material_0
f 1/1/1 2/2/2 3/3/3
f 3/3/3 2/2/2 4/4/4
f 2/2/2 5/5/5 4/4/4
f 4/4/4 5/5/5 6/6/6
f 6/6/6 5/5/5 7/7/7
f 5/5/5 8/8/8 7/7/7
f 7/7/7 8/8/8 9/9/9
f 8/8/8 10/10/10 9/9/9
f 9/9/9 10/10/10 11/11/11
f 11/11/11 10/10/10 12/12/12
f 12/12/12 10/10/10 13/13/13
f 10/10/10 14/14/14 13/13/13
f 13/13/13 14/14/14 15/15/15
f 14/14/14 1/1/1 15/15/15
f 15/15/15 1/1/1 16/16/16
f 16/16/16 1/1/1 17/17/17
f 1/1/1 3/3/3 17/17/17
f 3/3/3 4/4/4 17/17/17
f 17/17/17 4/4/4 18/18/18
f 4/4/4 19/19/19 18/18/18
f 18/18/18 19/19/19 20/20/20
f 19/19/19 21/21/21 20/20/20
f 20/20/20 21/21/21 22/22/22
f 21/21/21 23/23/23 22/22/22
f 22/22/22 23/23/23 24/24/24
f 2/2/2 1/1/1 5/5/5
f 5/5/5 1/1/1 8/8/8
f 1/1/1 14/14/14 8/8/8
f 8/8/8 14/14/14 10/10/10
f 15/15/15 16/16/16 13/13/13
f 13/13/13 16/16/16 12/12/12
f 23/23/23 21/21/21 25/25/25
f 25/25/25 21/21/21 26/26/26
f 21/21/21 19/19/19 26/26/26
f 26/26/26 19/19/19 27/27/27
f 19/19/19 4/4/4 27/27/27
f 27/27/27 4/4/4 28/28/28
f 4/4/4 6/6/6 28/28/28
f 28/28/28 6/6/6 29/29/29
f 6/6/6 7/7/7 29/29/29
f 29/29/29 7/7/7 30/30/30
f 7/7/7 9/9/9 30/30/30
f 30/30/30 9/9/9 31/31/9
f 9/9/9 11/11/11 31/31/9
f 31/31/9 11/11/11 32/32/10
f 32/32/10 11/11/11 33/33/13
f 11/11/11 12/12/12 33/33/13
f 33/33/13 12/12/12 34/34/31
f 12/12/12 16/16/16 34/34/31
f 16/16/16 17/17/17 34/34/31
f 34/34/31 17/17/17 35/35/32
f 17/17/17 18/18/18 35/35/32
f 35/35/32 18/18/18 36/36/33
f 18/18/18 20/20/20 36/36/33
f 36/36/33 20/20/20 37/37/34
f 20/20/20 22/22/22 37/37/34
f 37/37/34 22/22/22 38/38/35
f 22/22/22 24/24/24 38/38/35
f 24/24/24 39/39/36 38/38/35
f 38/38/35 39/39/36 40/40/37
f 39/39/36 41/41/38 40/40/37
f 40/40/37 41/41/38 42/42/39
f 42/42/39 41/41/38 43/43/40
f 41/41/38 44/44/41 43/43/40
f 43/43/40 44/44/41 45/45/42
f 44/44/41 46/46/43 45/45/42
f 46/46/43 47/47/44 45/45/42
f 45/45/42 47/47/44 48/48/45
f 47/47/44 49/49/46 48/48/45
f 48/48/45 49/49/46 50/50/47
f 49/49/46 51/51/48 50/50/47
f 50/50/47 51/51/48 52/52/49
f 51/51/48 53/53/50 52/52/49
f 52/52/49 53/53/50 54/54/51
f 53/53/50 55/55/52 54/54/51
f 54/54/51 55/55/52 56/56/53
f 55/55/52 57/57/54 56/56/53
f 56/56/53 57/57/54 58/58/55
f 57/57/54 59/59/56 58/58/55
f 58/58/55 59/59/56 60/60/57
f 59/59/56 61/61/58 60/60/57
f 60/60/57 61/61/58 62/62/59
f 61/61/58 63/63/58 62/62/59
f 63/63/58 64/64/60 62/62/59
f 64/64/60 65/65/61 62/62/59
f 62/62/59 65/65/61 66/66/62
f 65/65/61 67/67/63 66/66/62
f 66/66/62 67/67/63 68/68/64
f 67/67/63 69/69/65 68/68/64
f 68/68/64 69/69/65 70/70/66
f 69/69/65 71/71/67 70/70/66
f 70/70/66 71/71/67 72/72/68
f 71/71/67 73/73/69 72/72/68
f 72/72/68 73/73/69 74/74/69
f 73/73/69 75/75/31 74/74/69
f 74/74/69 75/75/31 76/76/31
f 75/75/31 77/77/70 76/76/31
f 76/76/31 77/77/70 78/78/70
f 77/77/70 79/79/71 78/78/70
f 78/78/70 79/79/71 80/80/71
f 80/80/71 79/79/71 81/81/72
f 79/79/71 82/82/73 81/81/72
f 82/82/73 83/83/74 81/81/72
f 81/81/72 83/83/74 84/84/75
f 84/84/75 83/83/74 85/85/76
f 83/83/74 86/86/77 85/85/76
f 85/85/76 86/86/77 87/87/78
f 86/86/77 88/88/79 87/87/78
f 87/87/78 88/88/79 89/89/80
f 88/88/79 90/90/81 89/89/80
f 89/89/80 90/90/81 91/91/82
f 90/90/81 92/92/83 91/91/82
f 92/92/83 93/93/84 91/91/82
f 91/91/82 93/93/84 94/94/85
f 94/94/85 93/93/84 95/95/86
f 93/93/84 96/96/87 95/95/86
f 96/96/87 97/97/88 95/95/86
f 97/97/88 98/98/89 95/95/86
f 95/95/86 98/98/89 99/99/90
f 98/98/89 100/100/91 99/99/90
f 99/99/90 100/100/91 101/101/92
f 100/100/91 102/102/93 101/101/92
f 101/101/92 102/102/93 103/103/94
f 102/102/93 104/104/95 103/103/94
f 103/103/94 104/104/95 105/105/96
f 104/104/95 106/106/97 105/105/96
f 105/105/96 106/106/97 107/107/98
f 106/106/97 108/108/99 107/107/98
f 107/107/98 108/108/99 109/109/100
f 108/108/99 110/110/101 109/109/100
f 109/109/100 110/110/101 111/111/102
f 110/110/101 112/112/103 111/111/102
f 111/111/102 112/112/103 113/113/104
f 112/112/103 114/114/105 113/113/104
f 113/113/104 114/114/105 115/115/106
f 114/114/105 116/116/107 115/115/106
f 115/115/106 116/116/107 117/117/108
f 116/116/107 118/118/109 117/117/108
f 117/117/108 118/118/109 119/119/110
f 118/118/109 120/120/111 119/119/110
f 119/119/110 120/120/111 121/121/112
f 120/120/111 122/122/113 121/121/112
f 121/121/112 122/122/113 123/123/114
f 122/122/113 124/124/115 123/123/114
f 123/123/114 124/124/115 125/125/116
f 124/124/115 126/126/117 125/125/116
f 125/125/116 126/126/117 127/127/118
f 126/126/117 128/128/119 127/127/118
f 25/25/25 26/26/26 129/129/120
f 41/41/38 39/39/36 44/44/41
f 46/46/43 44/44/41 130/130/121
f 48/48/45 43/43/40 45/45/42
f 80/80/71 81/81/72 84/84/75
f 94/94/85 95/95/86 99/99/90
f 123/123/114 125/125/116 131/131/122
f 131/131/122 125/125/116 132/132/123
f 125/125/116 127/127/118 132/132/123
f 123/123/114 131/131/122 121/121/112
f 131/131/122 133/133/124 121/121/112
f 133/133/124 134/134/125 121/121/112
f 121/121/112 134/134/125 119/119/110
f 134/134/125 135/135/126 119/119/110
f 119/119/110 135/135/126 117/117/108
f 135/135/126 136/136/127 117/117/108
f 117/117/108 136/136/127 115/115/106
f 136/136/127 137/137/128 115/115/106
f 115/115/106 137/137/128 113/113/104
f 137/137/128 138/138/129 113/113/104
f 113/113/104 138/138/129 111/111/102
f 138/138/129 139/139/130 111/111/102
f 111/111/102 139/139/130 109/109/100
f 139/139/130 140/140/131 109/109/100
f 109/109/100 140/140/131 107/107/98
f 140/140/131 141/141/132 107/107/98
f 107/107/98 141/141/132 105/105/96
f 105/105/96 141/141/132 103/103/94
f 141/141/132 142/142/133 103/103/94
f 103/103/94 142/142/133 101/101/92
f 142/142/133 143/143/134 101/101/92
f 143/143/134 144/144/135 101/101/92
f 101/101/92 144/144/135 99/99/90
f 99/99/90 144/144/135 94/94/85
f 144/144/135 145/145/136 94/94/85
f 94/94/85 145/145/136 91/91/82
f 91/91/82 145/145/136 89/89/80
f 145/145/136 146/146/137 89/89/80
f 89/89/80 146/146/137 87/87/78
f 146/146/137 147/147/138 87/87/78
f 87/87/78 147/147/138 85/85/76
f 147/147/138 148/148/139 85/85/76
f 148/148/139 149/149/140 85/85/76
f 85/85/76 149/149/140 84/84/75
f 149/149/140 150/150/141 84/84/75
f 84/84/75 150/150/141 80/80/71
f 150/150/141 151/151/142 80/80/71
f 80/80/71 151/151/142 78/78/70
f 151/151/142 150/150/141 152/152/143
f 150/150/141 149/149/140 152/152/143
f 152/152/143 149/149/140 153/153/144
f 149/149/140 148/148/139 153/153/144
f 153/153/144 148/148/139 154/154/145
f 148/148/139 147/147/138 154/154/145
f 154/154/145 147/147/138 155/155/146
f 147/147/138 146/146/137 155/155/146
f 155/155/146 146/146/137 156/156/147
f 146/146/137 145/145/136 156/156/147
f 145/145/136 144/144/135 156/156/147
f 144/144/135 143/143/134 156/156/147
f 143/143/134 142/142/133 156/156/147
f 156/156/147 142/142/133 157/157/148
f 142/142/133 141/141/132 157/157/148
f 157/157/148 141/141/132 158/158/149
f 158/158/149 141/141/132 159/159/150
f 141/141/132 140/140/131 159/159/150
f 159/159/150 140/140/131 160/160/151
f 140/140/131 139/139/130 160/160/151
f 160/160/151 139/139/130 161/161/152
f 139/139/130 138/138/129 161/161/152
f 161/161/152 138/138/129 162/162/153
f 138/138/129 137/137/128 162/162/153
f 162/162/153 137/137/128 163/163/154
f 137/137/128 136/136/127 163/163/154
f 163/163/154 136/136/127 164/164/155
f 136/136/127 135/135/126 164/164/155
f 164/164/155 135/135/126 165/165/156
f 135/135/126 134/134/125 165/165/156
f 165/165/156 134/134/125 166/166/157
f 134/134/125 133/133/124 166/166/157
f 133/133/124 131/131/122 166/166/157
f 166/166/157 131/131/122 167/167/158
f 167/167/158 131/131/122 168/168/159
f 131/131/122 132/132/123 168/168/159
f 168/168/159 132/132/123 169/169/160
f 169/169/160 132/132/123 170/170/161
f 132/132/123 127/127/118 170/170/161
f 127/127/118 128/128/119 170/170/161
f 170/170/161 128/128/119 171/171/162
f 128/128/119 172/172/163 171/171/162
f 156/156/147 157/157/148 155/155/146
f 157/157/148 173/173/164 155/155/146
f 155/155/146 173/173/164 154/154/145
f 158/158/149 173/173/164 157/157/148
f 171/171/162 174/174/165 170/170/161
f 174/174/165 175/175/166 170/170/161
f 175/175/166 176/176/167 170/170/161
f 170/170/161 176/176/167 169/169/160
f 176/176/167 177/177/168 169/169/160
f 169/169/160 177/177/168 168/168/159
f 177/177/168 178/178/169 168/168/159
f 168/168/159 178/178/169 167/167/158
f 178/178/169 179/179/170 167/167/158
f 167/167/158 179/179/170 166/166/157
f 179/179/170 180/180/171 166/166/157
f 166/166/157 180/180/171 165/165/156
f 180/180/171 181/181/172 165/165/156
f 165/165/156 181/181/172 164/164/155
f 181/181/172 182/182/173 164/164/155
f 164/164/155 182/182/173 163/163/154
f 182/182/173 183/183/174 163/163/154
f 163/163/154 183/183/174 162/162/153
f 183/183/174 184/184/175 162/162/153
f 162/162/153 184/184/175 161/161/152
f 184/184/175 185/185/176 161/161/152
f 161/161/152 185/185/176 160/160/151
f 185/185/176 186/186/177 160/160/151
f 160/160/151 186/186/177 159/159/150
f 186/186/177 187/187/178 159/159/150
f 159/159/150 187/187/178 158/158/149
f 158/158/149 187/187/178 173/173/164
f 187/187/178 188/188/179 173/173/164
f 173/173/164 188/188/179 154/154/145
f 154/154/145 188/188/179 153/153/144
f 188/188/179 189/189/180 153/153/144
f 153/153/144 189/189/180 152/152/143
f 189/189/180 190/190/181 152/152/143
f 152/152/143 190/190/181 151/151/142
f 190/190/181 191/191/182 151/151/142
f 151/151/142 191/191/182 78/78/70
f 78/78/70 191/191/182 76/76/31
f 191/191/182 192/192/183 76/76/31
f 76/76/31 192/192/183 74/74/69
f 192/192/183 193/193/184 74/74/69
f 74/74/69 193/193/184 72/72/68
f 72/72/68 193/193/184 70/70/66
f 193/193/184 194/194/185 70/70/66
f 70/70/66 194/194/185 68/68/64
f 194/194/185 195/195/186 68/68/64
f 68/68/64 195/195/186 66/66/62
f 195/195/186 196/196/187 66/66/62
f 66/66/62 196/196/187 62/62/59
f 62/62/59 196/196/187 60/60/57
f 196/196/187 197/197/188 60/60/57
f 60/60/57 197/197/188 58/58/55
f 194/194/185 193/193/184 198/198/189
f 198/198/189 193/193/184 192/192/183
f 198/198/189 199/199/190 194/194/185
f 194/194/185 199/199/190 195/195/186
f 199/199/190 200/200/191 195/195/186
f 195/195/186 200/200/191 196/196/187
f 196/196/187 200/200/191 197/197/188
f 200/200/191 201/201/192 197/197/188
f 201/201/192 202/202/193 197/197/188
f 197/197/188 202/202/193 58/58/55
f 58/58/55 202/202/193 56/56/53
f 202/202/193 203/203/194 56/56/53
f 56/56/53 203/203/194 54/54/51
f 199/199/190 204/204/195 200/200/191
f 200/200/191 204/204/195 201/201/192
f 204/204/195 205/205/196 201/201/192
f 205/205/196 206/206/197 201/201/192
f 201/201/192 206/206/197 202/202/193
f 206/206/197 203/203/194 202/202/193
f 199/199/190 207/207/67 204/204/195
f 207/207/67 208/208/198 204/204/195
f 204/204/195 208/208/198 205/205/196
f 199/199/190 198/198/189 207/207/67
f 198/198/189 192/192/183 207/207/67
f 207/207/67 192/192/183 209/209/199
f 192/192/183 191/191/182 209/209/199
f 209/209/199 191/191/182 210/210/200
f 191/191/182 190/190/181 210/210/200
f 210/210/200 190/190/181 211/211/201
f 211/211/201 190/190/181 212/212/202
f 190/190/181 189/189/180 212/212/202
f 212/212/202 189/189/180 213/213/203
f 189/189/180 188/188/179 213/213/203
f 188/188/179 187/187/178 213/213/203
f 187/187/178 186/186/177 213/213/203
f 213/213/203 186/186/177 214/214/204
f 186/186/177 185/185/176 214/214/204
f 214/214/204 185/185/176 215/215/205
f 185/185/176 184/184/175 215/215/205
f 215/215/205 184/184/175 216/216/206
f 184/184/175 183/183/174 216/216/206
f 216/216/206 183/183/174 217/217/207
f 183/183/174 182/182/173 217/217/207
f 217/217/207 182/182/173 218/218/208
f 182/182/173 181/181/172 218/218/208
f 218/218/208 181/181/172 219/219/209
f 181/181/172 180/180/171 219/219/209
f 219/219/209 180/180/171 220/220/210
f 180/180/171 179/179/170 220/220/210
f 220/220/210 179/179/170 221/221/211
f 179/179/170 178/178/169 221/221/211
f 221/221/211 178/178/169 222/222/212
f 178/178/169 177/177/168 222/222/212
f 222/222/212 177/177/168 223/223/213
f 177/177/168 176/176/167 223/223/213
f 223/223/213 176/176/167 224/224/214
f 176/176/167 175/175/166 224/224/214
f 175/175/166 225/225/215 224/224/214
f 225/225/215 226/226/216 224/224/214
f 224/224/214 226/226/216 223/223/213
f 226/226/216 227/227/217 223/223/213
f 223/223/213 227/227/217 222/222/212
f 227/227/217 228/228/218 222/222/212
f 222/222/212 228/228/218 221/221/211
f 228/228/218 229/229/219 221/221/211
f 221/221/211 229/229/219 220/220/210
f 229/229/219 230/230/220 220/220/210
f 220/220/210 230/230/220 219/219/209
f 208/208/198 207/207/67 209/209/199
f 213/213/203 214/214/204 212/212/202
f 214/214/204 231/231/221 212/212/202
f 212/212/202 231/231/221 211/211/201
f 215/215/205 231/231/221 214/214/204
f 230/230/220 229/229/219 232/232/222
f 229/229/219 228/228/218 232/232/222
f 232/232/222 228/228/218 233/233/223
f 228/228/218 227/227/217 233/233/223
f 233/233/223 227/227/217 234/234/224
f 227/227/217 226/226/216 234/234/224
f 234/234/224 226/226/216 235/235/225
f 226/226/216 225/225/215 235/235/225
f 235/235/225 225/225/215 236/236/226
f 225/225/215 237/237/227 236/236/226
f 236/236/226 237/237/227 238/238/30
f 238/238/30 237/237/227 239/239/228
f 239/239/228 237/237/227 240/240/229
f 240/240/229 237/237/227 175/175/166
f 237/237/227 225/225/215 175/175/166
f 236/236/226 238/238/30 235/235/225
f 238/238/30 241/241/230 235/235/225
f 235/235/225 241/241/230 234/234/224
f 241/241/230 242/242/10 234/234/224
f 234/234/224 242/242/10 233/233/223
f 242/242/10 243/243/231 233/233/223
f 233/233/223 243/243/231 232/232/222
f 243/243/231 244/244/232 232/232/222
f 232/232/222 244/244/232 230/230/220
f 244/244/232 245/245/233 230/230/220
f 245/245/233 246/246/234 230/230/220
f 230/230/220 246/246/234 219/219/209
f 219/219/209 246/246/234 218/218/208
f 246/246/234 247/247/235 218/218/208
f 218/218/208 247/247/235 217/217/207
f 247/247/235 248/248/236 217/217/207
f 217/217/207 248/248/236 216/216/206
f 248/248/236 247/247/235 249/249/237
f 247/247/235 246/246/234 249/249/237
f 246/246/234 245/245/233 249/249/237
f 249/249/237 245/245/233 250/250/31
f 245/245/233 251/251/31 250/250/31
f 250/250/31 251/251/31 252/252/238
f 251/251/31 244/244/232 252/252/238
f 252/252/238 244/244/232 243/243/231
f 251/251/31 245/245/233 244/244/232
f 252/252/238 253/253/239 250/250/31
f 250/250/31 253/253/239 249/249/237
f 253/253/239 254/254/240 249/249/237
f 249/249/237 254/254/240 248/248/236
f 254/254/240 253/253/239 255/255/239
f 253/253/239 252/252/238 255/255/239
f 252/252/238 256/256/16 255/255/239
f 256/256/16 257/257/241 255/255/239
f 257/257/241 258/258/242 255/255/239
f 255/255/239 258/258/242 259/259/239
f 258/258/242 260/260/243 259/259/239
f 260/260/243 261/261/239 259/259/239
f 261/261/239 254/254/240 259/259/239
f 259/259/239 254/254/240 255/255/239
f 260/260/243 258/258/242 262/262/244
f 262/262/244 258/258/242 263/263/245
f 258/258/242 257/257/241 263/263/245
f 263/263/245 257/257/241 264/264/246
f 257/257/241 265/265/247 264/264/246
f 264/264/246 265/265/247 266/266/248
f 266/266/248 265/265/247 267/267/249
f 267/267/249 265/265/247 268/268/239
f 265/265/247 256/256/16 268/268/239
f 268/268/239 256/256/16 252/252/238
f 256/256/16 265/265/247 257/257/241
f 266/266/248 269/269/250 264/264/246
f 264/264/246 269/269/250 263/263/245
f 263/263/245 269/269/250 262/262/244
f 269/269/250 270/270/251 262/262/244
f 262/262/244 270/270/251 260/260/243
f 270/270/251 271/271/252 260/260/243
f 260/260/243 271/271/252 261/261/239
f 271/271/252 270/270/251 272/272/253
f 270/270/251 269/269/250 272/272/253
f 272/272/253 269/269/250 273/273/254
f 269/269/250 274/274/255 273/273/254
f 273/273/254 274/274/255 275/275/256
f 275/275/256 274/274/255 276/276/257
f 274/274/255 277/277/258 276/276/257
f 276/276/257 277/277/258 278/278/259
f 277/277/258 279/279/260 278/278/259
f 278/278/259 279/279/260 280/280/261
f 279/279/260 281/281/262 280/280/261
f 280/280/261 281/281/262 282/282/263
f 282/282/263 281/281/262 283/283/264
f 283/283/264 281/281/262 269/269/250
f 281/281/262 279/279/260 269/269/250
f 279/279/260 277/277/258 269/269/250
f 269/269/250 277/277/258 274/274/255
f 271/271/252 272/272/253 284/284/265
f 272/272/253 273/273/254 284/284/265
f 284/284/265 273/273/254 275/275/256
f 282/282/263 283/283/264 285/285/266
f 285/285/266 283/283/264 286/286/267
f 283/283/264 269/269/250 286/286/267
f 286/286/267 269/269/250 287/287/268
f 269/269/250 288/288/269 287/287/268
f 287/287/268 288/288/269 289/289/270
f 289/289/270 288/288/269 290/290/271
f 288/288/269 291/291/272 290/290/271
f 290/290/271 291/291/272 292/292/273
f 291/291/272 293/293/274 292/292/273
f 292/292/273 293/293/274 294/294/275
f 294/294/275 293/293/274 295/295/276
f 293/293/274 269/269/250 295/295/276
f 269/269/250 296/296/277 295/295/276
f 296/296/277 297/297/278 295/295/276
f 295/295/276 297/297/278 294/294/275
f 297/297/278 298/298/239 294/294/275
f 298/298/239 299/299/31 294/294/275
f 294/294/275 299/299/31 292/292/273
f 299/299/31 300/300/279 292/292/273
f 292/292/273 300/300/279 290/290/271
f 300/300/279 301/301/280 290/290/271
f 290/290/271 301/301/280 289/289/270
f 301/301/280 302/302/281 289/289/270
f 289/289/270 302/302/281 303/303/282
f 302/302/281 304/304/283 303/303/282
f 303/303/282 304/304/283 285/285/266
f 304/304/283 305/305/284 285/285/266
f 285/285/266 305/305/284 282/282/263
f 305/305/284 306/306/285 282/282/263
f 282/282/263 306/306/285 280/280/261
f 306/306/285 307/307/286 280/280/261
f 280/280/261 307/307/286 278/278/259
f 307/307/286 308/308/287 278/278/259
f 278/278/259 308/308/287 276/276/257
f 308/308/287 309/309/288 276/276/257
f 276/276/257 309/309/288 275/275/256
f 309/309/288 310/310/239 275/275/256
f 275/275/256 310/310/239 284/284/265
f 310/310/239 311/311/289 284/284/265
f 284/284/265 311/311/289 271/271/252
f 271/271/252 311/311/289 261/261/239
f 261/261/239 311/311/289 254/254/240
f 311/311/289 312/312/290 254/254/240
f 312/312/290 313/313/291 254/254/240
f 254/254/240 313/313/291 248/248/236
f 248/248/236 313/313/291 216/216/206
f 216/216/206 313/313/291 215/215/205
f 215/215/205 313/313/291 231/231/221
f 231/231/221 313/313/291 314/314/292
f 313/313/291 312/312/290 314/314/292
f 312/312/290 311/311/289 314/314/292
f 311/311/289 310/310/239 314/314/292
f 310/310/239 309/309/288 314/314/292
f 309/309/288 308/308/287 314/314/292
f 314/314/292 308/308/287 315/315/293
f 315/315/293 308/308/287 316/316/16
f 308/308/287 307/307/286 316/316/16
f 307/307/286 306/306/285 316/316/16
f 316/316/16 306/306/285 317/317/182
f 306/306/285 305/305/284 317/317/182
f 317/317/182 305/305/284 318/318/294
f 305/305/284 304/304/283 318/318/294
f 318/318/294 304/304/283 319/319/295
f 304/304/283 302/302/281 319/319/295
f 302/302/281 301/301/280 319/319/295
f 319/319/295 301/301/280 320/320/279
f 301/301/280 300/300/279 320/320/279
f 300/300/279 299/299/31 320/320/279
f 320/320/279 299/299/31 321/321/296
f 299/299/31 298/298/239 321/321/296
f 321/321/296 298/298/239 322/322/31
f 298/298/239 297/297/278 322/322/31
f 322/322/31 297/297/278 323/323/297
f 297/297/278 296/296/277 323/323/297
f 285/285/266 286/286/267 303/303/282
f 286/286/267 287/287/268 303/303/282
f 303/303/282 287/287/268 289/289/270
f 288/288/269 269/269/250 291/291/272
f 291/291/272 269/269/250 293/293/274
f 323/323/297 324/324/31 322/322/31
f 322/322/31 324/324/31 321/321/296
f 321/321/296 324/324/31 325/325/239
f 325/325/239 324/324/31 326/326/298
f 324/324/31 323/323/297 326/326/298
f 326/326/298 323/323/297 327/327/299
f 323/323/297 296/296/277 327/327/299
f 296/296/277 269/269/250 327/327/299
f 327/327/299 269/269/250 328/328/300
f 269/269/250 329/329/301 328/328/300
f 329/329/301 330/330/302 328/328/300
f 328/328/300 330/330/302 326/326/298
f 330/330/302 325/325/239 326/326/298
f 326/326/298 327/327/299 328/328/300
f 266/266/248 331/331/303 269/269/250
f 269/269/250 331/331/303 332/332/304
f 332/332/304 331/331/303 333/333/305
f 331/331/303 267/267/249 333/333/305
f 333/333/305 267/267/249 334/334/239
f 267/267/249 268/268/239 334/334/239
f 334/334/239 268/268/239 335/335/239
f 268/268/239 252/252/238 335/335/239
f 269/269/250 332/332/304 329/329/301
f 332/332/304 336/336/306 329/329/301
f 329/329/301 336/336/306 330/330/302
f 330/330/302 336/336/306 337/337/239
f 336/336/306 338/338/31 337/337/239
f 337/337/239 338/338/31 335/335/239
f 335/335/239 338/338/31 334/334/239
f 334/334/239 338/338/31 333/333/305
f 338/338/31 336/336/306 333/333/305
f 333/333/305 336/336/306 332/332/304
f 267/267/249 331/331/303 266/266/248
f 330/330/302 337/337/239 325/325/239
f 337/337/239 339/339/307 325/325/239
f 325/325/239 339/339/307 321/321/296
f 339/339/307 340/340/308 321/321/296
f 321/321/296 340/340/308 341/341/309
f 341/341/309 340/340/308 42/42/39
f 42/42/39 340/340/308 342/342/310
f 342/342/310 340/340/308 343/343/311
f 340/340/308 339/339/307 343/343/311
f 343/343/311 339/339/307 344/344/312
f 339/339/307 335/335/239 344/344/312
f 335/335/239 345/345/313 344/344/312
f 345/345/313 346/346/314 344/344/312
f 344/344/312 346/346/314 343/343/311
f 346/346/314 347/347/315 343/343/311
f 343/343/311 347/347/315 342/342/310
f 347/347/315 40/40/37 342/342/310
f 342/342/310 40/40/37 42/42/39
f 337/337/239 335/335/239 339/339/307
f 341/341/309 320/320/279 321/321/296
f 40/40/37 347/347/315 38/38/35
f 38/38/35 347/347/315 37/37/34
f 347/347/315 346/346/314 37/37/34
f 37/37/34 346/346/314 36/36/33
f 346/346/314 345/345/313 36/36/33
f 36/36/33 345/345/313 35/35/32
f 345/345/313 335/335/239 35/35/32
f 35/35/32 335/335/239 34/34/31
f 34/34/31 335/335/239 33/33/13
f 33/33/13 335/335/239 348/348/316
f 335/335/239 252/252/238 348/348/316
f 252/252/238 243/243/231 348/348/316
f 348/348/316 243/243/231 349/349/10
f 243/243/231 242/242/10 349/349/10
f 349/349/10 242/242/10 350/350/317
f 242/242/10 241/241/230 350/350/317
f 350/350/317 241/241/230 351/351/318
f 241/241/230 238/238/30 351/351/318
f 351/351/318 238/238/30 352/352/319
f 238/238/30 239/239/228 352/352/319
f 352/352/319 353/353/319 351/351/318
f 353/353/319 354/354/30 351/351/318
f 351/351/318 354/354/30 350/350/317
f 354/354/30 355/355/320 350/350/317
f 350/350/317 355/355/320 349/349/10
f 355/355/320 32/32/10 349/349/10
f 349/349/10 32/32/10 348/348/316
f 32/32/10 33/33/13 348/348/316
f 353/353/319 356/356/319 354/354/30
f 356/356/319 357/357/30 354/354/30
f 354/354/30 357/357/30 355/355/320
f 357/357/30 31/31/9 355/355/320
f 355/355/320 31/31/9 32/32/10
f 356/356/319 358/358/319 357/357/30
f 357/357/30 358/358/319 30/30/30
f 358/358/319 359/359/228 30/30/30
f 30/30/30 359/359/228 360/360/30
f 359/359/228 361/361/319 360/360/30
f 360/360/30 361/361/319 362/362/30
f 361/361/319 363/363/229 362/362/30
f 362/362/30 363/363/229 364/364/321
f 363/363/229 365/365/322 364/364/321
f 364/364/321 365/365/322 366/366/323
f 365/365/322 367/367/320 366/366/323
f 366/366/323 367/367/320 368/368/239
f 367/367/320 369/369/324 368/368/239
f 368/368/239 369/369/324 370/370/325
f 369/369/324 371/371/326 370/370/325
f 371/371/326 372/372/327 370/370/325
f 370/370/325 372/372/327 373/373/328
f 372/372/327 374/374/329 373/373/328
f 373/373/328 374/374/329 375/375/330
f 374/374/329 376/376/331 375/375/330
f 375/375/330 376/376/331 377/377/332
f 376/376/331 378/378/333 377/377/332
f 377/377/332 378/378/333 379/379/334
f 378/378/333 380/380/335 379/379/334
f 379/379/334 380/380/335 381/381/336
f 380/380/335 382/382/337 381/381/336
f 381/381/336 382/382/337 383/383/338
f 382/382/337 384/384/339 383/383/338
f 31/31/9 357/357/30 30/30/30
f 363/363/229 385/385/340 365/365/322
f 365/365/322 385/385/340 367/367/320
f 385/385/340 371/371/326 367/367/320
f 367/367/320 371/371/326 369/369/324
f 383/383/338 386/386/341 381/381/336
f 381/381/336 386/386/341 379/379/334
f 386/386/341 387/387/342 379/379/334
f 379/379/334 387/387/342 377/377/332
f 387/387/342 388/388/343 377/377/332
f 377/377/332 388/388/343 375/375/330
f 388/388/343 389/389/344 375/375/330
f 375/375/330 389/389/344 373/373/328
f 389/389/344 390/390/345 373/373/328
f 373/373/328 390/390/345 370/370/325
f 370/370/325 390/390/345 368/368/239
f 368/368/239 390/390/345 366/366/323
f 366/366/323 390/390/345 391/391/346
f 391/391/346 390/390/345 392/392/347
f 390/390/345 389/389/344 392/392/347
f 392/392/347 389/389/344 393/393/348
f 389/389/344 388/388/343 393/393/348
f 393/393/348 388/388/343 394/394/349
f 388/388/343 387/387/342 394/394/349
f 394/394/349 387/387/342 395/395/350
f 387/387/342 386/386/341 395/395/350
f 395/395/350 386/386/341 396/396/351
f 386/386/341 383/383/338 396/396/351
f 396/396/351 383/383/338 397/397/352
f 383/383/338 398/398/353 397/397/352
f 397/397/352 398/398/353 384/384/339
f 398/398/353 383/383/338 384/384/339
f 396/396/351 399/399/351 395/395/350
f 399/399/351 400/400/354 395/395/350
f 395/395/350 400/400/354 401/401/355
f 400/400/354 402/402/356 401/401/355
f 402/402/356 403/403/357 401/401/355
f 401/401/355 403/403/357 394/394/349
f 394/394/349 403/403/357 393/393/348
f 403/403/357 404/404/358 393/393/348
f 393/393/348 404/404/358 392/392/347
f 384/384/339 405/405/359 397/397/352
f 401/401/355 394/394/349 395/395/350
f 402/402/356 400/400/354 406/406/360
f 404/404/358 403/403/357 407/407/361
f 403/403/357 402/402/356 407/407/361
f 402/402/356 408/408/362 407/407/361
f 408/408/362 409/409/363 407/407/361
f 409/409/363 410/410/364 407/407/361
f 407/407/361 410/410/364 404/404/358
f 410/410/364 411/411/365 404/404/358
f 404/404/358 411/411/365 392/392/347
f 392/392/347 411/411/365 391/391/346
f 391/391/346 411/411/365 412/412/366
f 411/411/365 413/413/367 412/412/366
f 412/412/366 413/413/367 414/414/368
f 413/413/367 415/415/369 414/414/368
f 414/414/368 415/415/369 416/416/17
f 416/416/17 415/415/369 417/417/370
f 415/415/369 418/418/371 417/417/370
f 418/418/371 419/419/372 417/417/370
f 419/419/372 420/420/373 417/417/370
f 417/417/370 420/420/373 416/416/17
f 420/420/373 421/421/16 416/416/17
f 416/416/17 421/421/16 414/414/368
f 421/421/16 422/422/16 414/414/368
f 414/414/368 422/422/16 412/412/366
f 422/422/16 423/423/239 412/412/366
f 423/423/239 424/424/374 412/412/366
f 412/412/366 424/424/374 391/391/346
f 391/391/346 424/424/374 366/366/323
f 424/424/374 425/425/375 366/366/323
f 425/425/375 426/426/376 366/366/323
f 366/366/323 426/426/376 364/364/321
f 426/426/376 427/427/230 364/364/321
f 364/364/321 427/427/230 362/362/30
f 411/411/365 410/410/364 413/413/367
f 413/413/367 410/410/364 418/418/371
f 410/410/364 409/409/363 418/418/371
f 418/418/371 415/415/369 413/413/367
f 427/427/230 426/426/376 428/428/377
f 426/426/376 425/425/375 428/428/377
f 428/428/377 425/425/375 429/429/316
f 425/425/375 424/424/374 429/429/316
f 424/424/374 423/423/239 429/429/316
f 423/423/239 422/422/16 429/429/316
f 429/429/316 422/422/16 430/430/13
f 422/422/16 421/421/16 430/430/13
f 430/430/13 421/421/16 431/431/16
f 421/421/16 420/420/373 431/431/16
f 420/420/373 432/432/378 431/431/16
f 431/431/16 432/432/378 430/430/13
f 432/432/378 433/433/10 430/430/13
f 430/430/13 433/433/10 428/428/377
f 428/428/377 433/433/10 427/427/230
f 433/433/10 434/434/9 427/427/230
f 427/427/230 434/434/9 362/362/30
f 362/362/30 434/434/9 360/360/30
f 434/434/9 435/435/379 360/360/30
f 435/435/379 436/436/380 360/360/30
f 360/360/30 436/436/380 30/30/30
f 436/436/380 437/437/381 30/30/30
f 30/30/30 437/437/381 29/29/29
f 29/29/29 437/437/381 438/438/382
f 437/437/381 436/436/380 438/438/382
f 438/438/382 436/436/380 439/439/31
f 436/436/380 435/435/379 439/439/31
f 439/439/31 435/435/379 440/440/383
f 435/435/379 441/441/384 440/440/383
f 440/440/383 441/441/384 442/442/385
f 430/430/13 428/428/377 429/429/316
f 435/435/379 434/434/9 441/441/384
f 434/434/9 443/443/386 441/441/384
f 441/441/384 443/443/386 444/444/387
f 443/443/386 433/433/10 444/444/387
f 444/444/387 433/433/10 445/445/388
f 433/433/10 432/432/378 445/445/388
f 432/432/378 420/420/373 445/445/388
f 445/445/388 420/420/373 444/444/387
f 420/420/373 419/419/372 444/444/387
f 444/444/387 419/419/372 446/446/389
f 419/419/372 418/418/371 446/446/389
f 446/446/389 418/418/371 447/447/390
f 418/418/371 448/448/391 447/447/390
f 447/447/390 448/448/391 442/442/385
f 442/442/385 448/448/391 449/449/31
f 449/449/31 448/448/391 450/450/392
f 448/448/391 28/28/28 450/450/392
f 28/28/28 29/29/29 450/450/392
f 450/450/392 29/29/29 438/438/382
f 443/443/386 434/434/9 433/433/10
f 444/444/387 446/446/389 441/441/384
f 446/446/389 447/447/390 441/441/384
f 441/441/384 447/447/390 442/442/385
f 418/418/371 409/409/363 448/448/391
f 448/448/391 409/409/363 451/451/393
f 409/409/363 452/452/394 451/451/393
f 452/452/394 129/129/120 451/451/393
f 129/129/120 26/26/26 451/451/393
f 26/26/26 27/27/27 451/451/393
f 451/451/393 27/27/27 448/448/391
f 27/27/27 28/28/28 448/448/391
f 452/452/394 409/409/363 453/453/362
f 319/319/295 454/454/199 318/318/294
f 318/318/294 454/454/199 317/317/182
f 454/454/199 319/319/295 455/455/395
f 319/319/295 320/320/279 455/455/395
f 455/455/395 320/320/279 456/456/396
f 320/320/279 341/341/309 456/456/396
f 456/456/396 341/341/309 457/457/397
f 341/341/309 42/42/39 457/457/397
f 42/42/39 43/43/40 457/457/397
f 457/457/397 43/43/40 458/458/398
f 43/43/40 48/48/45 458/458/398
f 48/48/45 50/50/47 458/458/398
f 458/458/398 50/50/47 459/459/399
f 50/50/47 52/52/49 459/459/399
f 459/459/399 52/52/49 460/460/400
f 52/52/49 54/54/51 460/460/400
f 54/54/51 203/203/194 460/460/400
f 460/460/400 203/203/194 461/461/401
f 203/203/194 206/206/197 461/461/401
f 461/461/401 206/206/197 462/462/402
f 206/206/197 205/205/196 462/462/402
f 462/462/402 205/205/196 463/463/403
f 205/205/196 208/208/198 463/463/403
f 463/463/403 208/208/198 464/464/69
f 208/208/198 209/209/199 464/464/69
f 464/464/69 465/465/404 463/463/403
f 463/463/403 465/465/404 462/462/402
f 465/465/404 466/466/405 462/462/402
f 462/462/402 466/466/405 461/461/401
f 466/466/405 465/465/404 467/467/189
f 465/465/404 464/464/69 467/467/189
f 467/467/189 464/464/69 455/455/395
f 455/455/395 464/464/69 454/454/199
f 454/454/199 464/464/69 317/317/182
f 317/317/182 464/464/69 316/316/16
f 464/464/69 468/468/406 316/316/16
f 316/316/16 468/468/406 315/315/293
f 315/315/293 468/468/406 314/314/292
f 468/468/406 211/211/201 314/314/292
f 314/314/292 211/211/201 231/231/221
f 464/464/69 209/209/199 468/468/406
f 209/209/199 210/210/200 468/468/406
f 468/468/406 210/210/200 211/211/201
f 466/466/405 467/467/189 469/469/407
f 467/467/189 455/455/395 469/469/407
f 455/455/395 456/456/396 469/469/407
f 469/469/407 456/456/396 470/470/408
f 456/456/396 457/457/397 470/470/408
f 457/457/397 458/458/398 470/470/408
f 458/458/398 459/459/399 470/470/408
f 470/470/408 459/459/399 471/471/409
f 459/459/399 460/460/400 471/471/409
f 460/460/400 461/461/401 471/471/409
f 461/461/401 466/466/405 471/471/409
f 466/466/405 469/469/407 471/471/409
f 471/471/409 469/469/407 470/470/408
f 472/438/410 474/439/411 473/472/411
f 473/472/411 474/439/411 475/473/412
f 474/439/411 476/440/413 475/473/412
f 477/450/414 478/474/415 479/449/416
f 478/474/415 480/475/417 479/449/416
f 479/449/416 480/475/417 481/442/418
f 482/476/419 484/477/420 483/478/421
f 483/478/421 484/477/420 485/479/422
f 484/477/420 486/480/423 485/479/422
f 485/479/422 486/480/423 487/481/424
f 487/481/424 486/480/423 488/482/425
f 486/480/423 484/477/420 488/482/425
f 487/481/424 489/483/426 485/479/422
f 485/479/422 489/483/426 483/478/421
f 489/483/426 490/484/419 483/478/421
f 483/478/421 490/484/419 482/476/419
f 482/476/419 490/484/419 491/485/427
f 490/484/419 492/486/428 491/485/427
f 491/485/427 492/486/428 493/487/429
f 492/486/428 490/484/419 494/488/430
f 490/484/419 489/483/426 494/488/430
f 494/488/430 489/483/426 495/489/431
f 489/483/426 487/481/424 495/489/431
f 495/489/431 487/481/424 496/490/432
f 495/489/431 497/491/433 494/488/430
f 494/488/430 497/491/433 498/492/434
f 497/491/433 499/493/435 498/492/434
f 494/488/430 498/492/434 492/486/428
f 498/492/434 500/494/429 492/486/428
f 492/486/428 500/494/429 493/487/429
f 500/494/429 501/495/436 493/487/429
f 493/487/429 501/495/436 502/496/437
f 501/495/436 500/494/429 503/497/436
f 503/497/436 500/494/429 504/498/438
f 500/494/429 498/492/434 504/498/438
f 498/492/434 499/493/435 504/498/438
f 499/493/435 505/499/439 504/498/438
f 505/499/439 506/500/440 504/498/438
f 504/498/438 506/500/440 503/497/436
f 507/501/441 496/490/432 508/502/442
f 496/490/432 509/503/443 508/502/442
f 509/503/443 510/504/444 508/502/442
f 508/502/442 510/504/444 511/505/445
f 510/504/444 512/506/446 511/505/445
f 511/505/445 512/506/446 513/507/447
f 512/506/446 514/508/448 513/507/447
f 513/507/447 514/508/448 515/509/449
f 514/508/448 516/510/450 515/509/449
f 515/509/449 516/510/450 517/511/451
f 516/510/450 518/512/452 517/511/451
f 508/502/442 511/505/445 507/501/441
f 507/501/441 511/505/445 519/513/453
f 511/505/445 513/507/447 519/513/453
f 519/513/453 513/507/447 520/514/454
f 513/507/447 515/509/449 520/514/454
f 515/509/449 517/511/451 520/514/454
f 520/514/454 517/511/451 521/515/455
f 521/515/455 517/511/451 522/516/456
f 517/511/451 523/517/457 522/516/456
f 522/516/456 523/517/457 524/518/458
f 523/517/457 525/519/459 524/518/458
f 525/519/459 526/520/460 524/518/458
f 524/518/458 526/520/460 527/521/461
f 526/520/460 528/522/462 527/521/461
f 518/512/452 529/523/463 517/511/451
f 517/511/451 529/523/463 523/517/457
f 529/523/463 525/519/459 523/517/457
f 522/516/456 524/518/458 530/524/464
f 524/518/458 527/521/461 530/524/464
f 530/524/464 527/521/461 531/525/465
f 527/521/461 532/526/466 531/525/465
f 531/525/465 532/526/466 533/527/467
f 533/527/467 532/526/466 534/528/468
f 532/526/466 528/522/462 534/528/468
f 534/528/468 528/522/462 535/529/469
f 528/522/462 536/530/470 535/529/469
f 535/529/469 536/530/470 537/531/471
f 537/531/471 536/530/470 538/532/472
f 538/532/472 536/530/470 539/533/473
f 539/533/473 536/530/470 540/534/474
f 536/530/470 528/522/462 540/534/474
f 528/522/462 532/526/466 527/521/461
f 535/529/469 537/531/471 534/528/468
f 534/528/468 537/531/471 533/527/467
f 537/531/471 541/535/475 533/527/467
f 533/527/467 541/535/475 542/536/476
f 541/535/475 537/531/471 543/537/477
f 537/531/471 538/532/472 543/537/477
f 538/532/472 539/533/473 543/537/477
f 539/533/473 544/538/478 543/537/477
f 544/538/478 545/539/479 543/537/477
f 543/537/477 545/539/479 546/540/480
f 545/539/479 547/541/481 546/540/480
f 546/540/480 547/541/481 548/542/482
f 548/542/482 547/541/481 549/543/483
f 547/541/481 550/544/484 549/543/483
f 549/543/483 550/544/484 551/545/483
f 550/544/484 552/546/483 551/545/483
f 543/537/477 546/540/480 541/535/475
f 546/540/480 553/547/485 541/535/475
f 541/535/475 553/547/485 554/548/486
f 553/547/485 548/542/482 554/548/486
f 554/548/486 548/542/482 555/549/487
f 548/542/482 556/550/488 555/549/487
f 546/540/480 548/542/482 553/547/485
f 555/549/487 557/551/489 554/548/486
f 554/548/486 557/551/489 541/535/475
f 541/535/475 557/551/489 542/536/476
f 557/551/489 558/552/490 542/536/476
f 542/536/476 558/552/490 559/553/491
f 558/552/490 557/551/489 560/554/492
f 557/551/489 555/549/487 560/554/492
f 555/549/487 556/550/488 560/554/492
f 556/550/488 561/555/493 560/554/492
f 560/554/492 561/555/493 562/556/494
f 561/555/493 563/557/495 562/556/494
f 560/554/492 562/556/494 558/552/490
f 562/556/494 564/558/496 558/552/490
f 558/552/490 564/558/496 559/553/491
f 559/553/491 564/558/496 565/559/497
f 564/558/496 566/560/498 565/559/497
f 565/559/497 566/560/498 567/561/499
f 567/561/499 566/560/498 568/562/440
f 568/562/440 566/560/498 569/563/436
f 566/560/498 570/564/495 569/563/436
f 569/563/436 570/564/495 571/565/437
f 570/564/495 563/557/495 571/565/437
f 571/565/437 563/557/495 572/566/436
f 566/560/498 564/558/496 570/564/495
f 564/558/496 562/556/494 570/564/495
f 570/564/495 562/556/494 563/557/495
f 573/567/500 575/568/501 574/569/500
f 574/569/500 575/568/501 576/570/500
f 575/568/501 577/571/502 576/570/500
f 576/570/500 577/571/502 484/477/420
f 484/477/420 577/571/502 488/482/425
f 577/571/502 578/572/503 488/482/425
f 488/482/425 578/572/503 579/573/504
f 578/572/503 580/574/505 579/573/504
f 579/573/504 580/574/505 581/575/506
f 488/482/425 579/573/504 487/481/424
f 579/573/504 582/576/507 487/481/424
f 487/481/424 582/576/507 496/490/432
f 496/490/432 582/576/507 509/503/443
f 582/576/507 583/577/508 509/503/443
f 509/503/443 583/577/508 510/504/444
f 583/577/508 584/578/509 510/504/444
f 510/504/444 584/578/509 585/579/510
f 585/579/510 584/578/509 581/575/506
f 584/578/509 586/580/511 581/575/506
f 581/575/506 586/580/511 579/573/504
f 579/573/504 586/580/511 582/576/507
f 586/580/511 584/578/509 582/576/507
f 582/576/507 584/578/509 583/577/508
f 587/581/512 589/582/513 588/583/514
f 588/583/514 589/582/513 590/584/515
f 589/582/513 591/585/516 590/584/515
f 587/581/512 588/583/514 592/586/517
f 588/583/514 593/587/518 592/586/517
f 592/586/517 593/587/518 594/588/519
f 593/587/518 595/589/520 594/588/519
f 594/588/519 595/589/520 596/590/521
f 596/590/521 595/589/520 597/591/522
f 597/591/522 595/589/520 598/592/523
f 595/589/520 599/593/524 598/592/523
f 598/592/523 599/593/524 600/594/525
f 595/589/520 601/595/526 599/593/524
f 599/593/524 601/595/526 602/596/527
f 601/595/526 603/597/528 602/596/527
f 602/596/527 603/597/528 604/598/529
f 604/598/529 603/597/528 605/599/530
f 603/597/528 606/600/531 605/599/530
f 605/599/530 606/600/531 607/601/531
f 608/602/532 610/603/532 609/604/533
f 610/603/532 600/594/525 609/604/533
f 600/594/525 599/593/524 609/604/533
f 609/604/533 599/593/524 611/605/534
f 599/593/524 612/606/535 611/605/534
s 0
f 611/605/535 612/606/535 613/607/535
s 1
f 612/606/535 614/608/535 613/607/535
f 615/609/531 616/610/536 617/611/537
f 616/610/536 618/612/538 617/611/537
f 617/611/537 618/612/538 619/613/539
f 619/613/539 618/612/538 620/614/540
f 618/612/538 621/615/541 620/614/540
f 620/614/540 621/615/541 622/616/542
f 621/615/541 623/617/543 622/616/542
f 622/616/542 623/617/543 624/618/544
f 624/618/544 623/617/543 625/619/545
f 625/619/545 623/617/543 626/620/546
f 626/620/546 623/617/543 591/585/516
f 623/617/543 590/584/515 591/585/516
f 624/618/544 627/621/547 622/616/542
f 627/621/547 628/622/548 622/616/542
f 628/622/548 629/623/549 622/616/542
f 622/616/542 629/623/549 630/624/550
f 629/623/549 631/625/550 630/624/550
f 630/624/550 631/625/550 632/626/550
f 627/621/547 633/627/551 628/622/548
f 628/622/548 633/627/551 634/628/551
f 635/629/552 637/630/553 636/631/554
f 636/631/554 637/630/553 638/632/553
f 637/630/553 639/633/554 638/632/553
f 638/632/553 639/633/554 640/634/554
f 639/633/554 641/635/554 640/634/554
f 640/634/554 641/635/554 642/636/554
f 641/635/554 643/637/554 642/636/554
f 642/636/554 643/637/554 644/638/554
f 644/638/554 643/637/554 645/639/554
f 645/639/554 643/637/554 646/640/552
f 646/640/552 643/637/554 647/641/552
f 643/637/554 641/635/554 647/641/552
f 647/641/552 641/635/554 648/642/552
f 641/635/554 639/633/554 648/642/552
f 648/642/552 639/633/554 635/629/552
f 639/633/554 637/630/553 635/629/552
f 644/638/554 645/639/554 649/643/554
f 649/643/554 645/639/554 650/644/555
f 645/639/554 651/645/556 650/644/555
f 650/644/555 651/645/556 652/646/557
f 652/646/557 651/645/556 653/647/557
f 653/647/557 651/645/556 654/648/558
f 654/648/558 651/645/556 655/649/559
f 651/645/556 645/639/554 655/649/559
f 655/649/559 645/639/554 656/650/552
f 645/639/554 646/640/552 656/650/552
f 657/651/354 658/652/560 659/653/351
f 658/652/560 660/654/351 659/653/351
f 660/654/351 661/655/351 659/653/351
f 661/655/351 662/656/351 659/653/351
f 659/653/351 662/656/351 663/657/351
s 0
f 660/654/351 658/652/351 664/658/351
s 1
f 664/658/351 658/652/351 665/659/351
f 658/652/351 666/660/351 665/659/351
f 665/659/351 666/660/351 667/661/351
s 0
f 667/661/351 666/660/351 668/662/351
f 666/660/351 669/663/351 668/662/351
s 1
f 667/661/351 670/664/351 665/659/351
f 670/664/351 671/665/351 665/659/351
s 0
f 671/665/351 672/666/351 665/659/351
f 665/659/351 672/666/351 673/667/351
f 673/667/351 672/666/351 674/668/351
s 1
f 672/666/351 675/669/351 674/668/351
f 671/665/351 670/664/351 676/670/351
s 0
f 670/664/351 677/671/351 676/670/351
f 673/667/351 678/672/351 665/659/351
f 678/672/351 679/673/351 665/659/351
f 679/673/351 680/674/351 665/659/351
f 665/659/351 680/674/351 681/675/351
f 681/675/351 680/674/351 682/676/351
f 680/674/351 683/677/351 682/676/351
f 679/673/351 678/672/351 684/678/351
f 678/672/351 685/679/351 684/678/351
f 681/675/351 686/680/351 665/659/351
f 686/680/351 687/681/351 665/659/351
f 687/681/351 688/682/351 665/659/351
s 1
f 665/659/351 688/682/351 689/683/351
s 0
f 688/682/354 690/684/354 689/683/354
f 687/681/351 686/680/351 691/685/351
f 686/680/351 692/686/351 691/685/351
s 1
f 689/683/351 693/687/351 665/659/351
f 694/688/561 696/689/561 695/690/561
f 696/689/561 697/691/561 695/690/561
f 695/690/561 697/691/561 698/692/561
f 699/693/16 701/694/16 700/695/16
f 701/694/16 702/696/16 700/695/16
f 700/695/16 702/696/16 703/697/16
f 703/697/16 702/696/16 704/698/16
f 702/696/16 705/699/16 704/698/16
f 706/700/562 707/701/563 708/702/563
f 707/701/563 709/703/564 708/702/563
f 708/702/563 709/703/564 710/704/564
f 709/703/564 711/705/565 710/704/564
f 712/706/566 713/707/567 714/708/568
f 713/707/567 715/709/569 714/708/568
f 714/708/568 715/709/569 716/710/570
f 715/709/569 717/711/571 716/710/570
f 718/712/229 719/713/229 720/714/229
f 719/713/229 721/584/229 720/714/229
f 720/714/229 721/584/229 722/617/229
f 721/584/229 719/713/229 723/583/319
f 723/583/319 719/713/229 724/587/229
f 719/713/229 725/715/229 724/587/229
f 724/587/229 725/715/229 726/589/572
f 719/713/229 727/716/229 725/715/229
f 728/717/573 729/718/574 730/719/574
f 729/718/574 731/720/574 730/719/574
f 730/719/574 731/720/574 732/721/573
f 731/720/574 733/722/575 732/721/573
f 732/721/573 733/722/575 734/723/575
f 733/722/575 735/724/575 734/723/575
f 731/720/574 729/718/574 733/722/575
f 729/718/574 736/725/575 733/722/575
f 737/726/575 738/727/575 734/723/575
f 738/727/575 732/721/573 734/723/575
f 739/728/573 730/719/574 740/729/574
f 730/719/574 732/721/573 740/729/574
f 732/721/573 741/730/574 740/729/574
f 740/729/574 741/730/574 742/731/576
f 743/732/577 745/733/578 744/734/579
f 744/734/579 745/733/578 746/735/580
f 745/733/578 747/736/581 746/735/580
f 747/736/581 748/737/580 746/735/580
f 748/737/580 749/738/582 746/735/580
f 746/735/580 749/738/582 744/734/579
f 749/738/582 743/732/577 744/734/579
f 747/736/581 745/733/578 750/739/583
f 745/733/578 743/732/577 750/739/583
f 743/732/577 751/740/584 750/739/583
f 751/740/584 752/741/585 750/739/583
f 752/741/585 753/742/586 750/739/583
f 750/739/583 753/742/586 747/736/581
f 753/742/586 754/743/587 747/736/581
f 747/736/581 754/743/587 748/737/580
f 754/743/587 755/744/588 748/737/580
f 755/744/588 756/745/582 748/737/580
f 748/737/580 756/745/582 749/738/582
f 756/745/582 757/746/589 749/738/582
f 749/738/582 757/746/589 743/732/577
f 757/746/589 758/747/590 743/732/577
f 743/732/577 758/747/590 759/748/591
f 758/747/590 760/749/592 759/748/591
f 759/748/591 760/749/592 751/740/584
f 760/749/592 761/750/593 751/740/584
f 751/740/584 761/750/593 752/741/585
f 761/750/593 762/751/594 752/741/585
f 762/751/594 763/752/595 752/741/585
f 752/741/585 763/752/595 753/742/586
f 763/752/595 764/753/586 753/742/586
f 753/742/586 764/753/586 754/743/587
f 764/753/586 765/754/581 754/743/587
f 754/743/587 765/754/581 755/744/588
f 765/754/581 766/755/596 755/744/588
f 766/755/596 767/756/597 755/744/588
f 755/744/588 767/756/597 756/745/582
f 767/756/597 768/757/598 756/745/582
f 756/745/582 768/757/598 757/746/589
f 768/757/598 769/758/599 757/746/589
f 769/758/599 760/749/592 757/746/589
f 757/746/589 760/749/592 758/747/590
f 743/732/577 759/748/591 751/740/584
f 760/749/592 770/759/600 761/750/593
f 770/759/600 762/751/594 761/750/593
f 769/758/599 768/757/598 771/760/601
f 768/757/598 772/761/602 771/760/601
f 771/760/601 772/761/602 773/762/603
f 772/761/602 774/763/604 773/762/603
f 773/762/603 774/763/604 775/764/605
f 774/763/604 776/765/606 775/764/605
f 776/765/606 777/766/607 775/764/605
f 777/766/607 778/767/608 775/764/605
f 778/767/608 779/768/609 775/764/605
f 775/764/605 779/768/609 773/762/603
f 779/768/609 780/769/610 773/762/603
f 773/762/603 780/769/610 771/760/601
f 780/769/610 781/770/611 771/760/601
f 771/760/601 781/770/611 769/758/599
f 781/770/611 782/771/612 769/758/599
f 769/758/599 782/771/612 760/749/592
f 782/771/612 783/772/613 760/749/592
f 760/749/592 783/772/613 770/759/600
f 768/757/598 767/756/597 772/761/602
f 772/761/602 767/756/597 774/763/604
f 767/756/597 776/765/606 774/763/604
f 783/772/613 782/771/612 784/773/614
f 784/773/614 782/771/612 785/774/615
f 782/771/612 781/770/611 785/774/615
f 785/774/615 781/770/611 786/775/616
f 781/770/611 780/769/610 786/775/616
f 786/775/616 780/769/610 787/776/617
f 780/769/610 779/768/609 787/776/617
f 787/776/617 779/768/609 788/777/618
f 779/768/609 778/767/608 788/777/618
f 788/777/618 778/767/608 789/778/619
f 778/767/608 777/766/607 789/778/619
f 789/778/619 790/779/620 788/777/618
f 790/779/620 791/780/621 788/777/618
f 788/777/618 791/780/621 787/776/617
f 791/780/621 792/781/622 787/776/617
f 787/776/617 792/781/622 786/775/616
f 792/781/622 793/782/623 786/775/616
f 786/775/616 793/782/623 785/774/615
f 793/782/623 794/783/624 785/774/615
f 785/774/615 794/783/624 784/773/614
f 794/783/624 795/784/625 784/773/614
f 784/773/614 795/784/625 796/785/626
f 795/784/625 797/786/627 796/785/626
f 796/785/626 797/786/627 798/787/628
f 797/786/627 799/788/629 798/787/628
f 798/787/628 799/788/629 800/789/630
f 799/788/629 801/790/631 800/789/630
f 800/789/630 801/790/631 802/791/632
f 802/791/632 801/790/631 803/792/633
f 801/790/631 804/793/354 803/792/633
f 803/792/633 804/793/354 805/794/634
f 804/793/354 806/795/351 805/794/634
f 806/795/351 807/796/351 805/794/634
f 805/794/634 807/796/351 808/797/635
f 807/796/351 809/798/636 808/797/635
f 808/797/635 809/798/636 810/799/637
f 784/773/614 796/785/626 783/772/613
f 801/790/631 811/800/638 804/793/354
f 807/796/351 812/801/639 809/798/636
f 809/798/636 812/801/639 813/802/640
f 812/801/639 814/803/641 813/802/640
f 813/802/640 814/803/641 809/798/636
f 814/803/641 815/804/642 809/798/636
f 809/798/636 815/804/642 810/799/637
f 815/804/642 816/805/643 810/799/637
f 810/799/637 816/805/643 817/806/644
f 816/805/643 818/807/645 817/806/644
f 814/803/641 812/801/639 819/808/646
f 810/799/637 817/806/644 808/797/635
f 817/806/644 820/809/647 808/797/635
f 808/797/635 820/809/647 805/794/634
f 820/809/647 821/810/648 805/794/634
f 805/794/634 821/810/648 803/792/633
f 803/792/633 821/810/648 802/791/632
f 802/791/632 821/810/648 822/811/649
f 822/811/649 821/810/648 823/812/650
f 821/810/648 820/809/647 823/812/650
f 823/812/650 820/809/647 824/813/651
f 820/809/647 817/806/644 824/813/651
f 817/806/644 818/807/645 824/813/651
f 818/807/645 825/814/652 824/813/651
f 824/813/651 825/814/652 826/815/653
f 825/814/652 827/816/654 826/815/653
f 826/815/653 827/816/654 828/817/655
f 827/816/654 829/818/656 828/817/655
f 828/817/655 829/818/656 830/819/657
f 829/818/656 831/820/658 830/819/657
f 824/813/651 826/815/653 823/812/650
f 826/815/653 832/821/659 823/812/650
f 823/812/650 832/821/659 822/811/649
f 832/821/659 833/822/660 822/811/649
f 833/822/660 834/823/661 822/811/649
f 822/811/649 834/823/661 802/791/632
f 802/791/632 834/823/661 800/789/630
f 834/823/661 835/824/662 800/789/630
f 800/789/630 835/824/662 798/787/628
f 826/815/653 828/817/655 832/821/659
f 832/821/659 828/817/655 836/825/663
f 828/817/655 830/819/657 836/825/663
f 832/821/659 836/825/663 833/822/660
f 836/825/663 837/826/664 833/822/660
f 837/826/664 838/827/665 833/822/660
f 833/822/660 838/827/665 834/823/661
f 838/827/665 835/824/662 834/823/661
f 837/826/664 836/825/663 839/828/666
f 836/825/663 840/829/597 839/828/666
f 839/828/666 840/829/597 841/830/667
f 840/829/597 842/831/668 841/830/667
f 841/830/667 842/831/668 831/820/658
f 831/820/658 842/831/668 830/819/657
f 842/831/668 840/829/597 830/819/657
f 830/819/657 840/829/597 836/825/663
f 831/820/658 843/832/340 841/830/667
f 841/830/667 843/832/340 844/833/669
f 843/832/340 845/834/229 844/833/669
f 844/833/669 845/834/229 846/835/670
f 846/835/670 845/834/229 847/836/595
f 845/834/229 848/837/319 847/836/595
f 847/836/595 848/837/319 849/838/595
f 848/837/319 850/839/228 849/838/595
f 849/838/595 850/839/228 763/752/595
f 850/839/228 851/840/319 763/752/595
f 763/752/595 851/840/319 852/841/595
f 851/840/319 853/842/319 852/841/595
f 852/841/595 853/842/319 854/843/595
f 853/842/319 855/844/319 854/843/595
f 854/843/595 855/844/319 856/845/595
f 855/844/319 857/846/319 856/845/595
f 856/845/595 857/846/319 858/847/595
f 857/846/319 859/848/228 858/847/595
f 858/847/595 859/848/228 860/849/671
f 859/848/228 861/850/229 860/849/671
f 861/850/229 862/851/672 860/849/671
f 860/849/671 862/851/672 863/852/673
f 862/851/672 864/853/163 863/852/673
f 863/852/673 864/853/163 865/854/674
f 865/854/674 864/853/163 866/855/675
f 864/853/163 867/856/676 866/855/675
f 867/856/676 868/857/117 866/855/675
f 866/855/675 868/857/117 869/858/677
f 868/857/117 870/859/115 869/858/677
f 869/858/677 870/859/115 871/860/678
f 870/859/115 872/861/113 871/860/678
f 871/860/678 872/861/113 873/862/679
f 872/861/113 874/863/111 873/862/679
f 873/862/679 874/863/111 875/864/680
f 874/863/111 876/865/681 875/864/680
f 875/864/680 876/865/681 877/866/682
f 876/865/681 878/867/107 877/866/682
f 877/866/682 878/867/107 879/868/683
f 878/867/107 880/869/105 879/868/683
f 879/868/683 880/869/105 881/870/684
f 880/869/105 882/871/103 881/870/684
f 881/870/684 882/871/103 883/872/685
f 882/871/103 884/873/101 883/872/685
f 883/872/685 884/873/101 885/874/686
f 884/873/101 886/875/99 885/874/686
f 885/874/686 886/875/99 887/876/687
f 886/875/99 888/877/97 887/876/687
f 887/876/687 888/877/97 889/878/688
f 888/877/97 890/879/689 889/878/688
f 889/878/688 890/879/689 891/880/690
f 890/879/689 892/881/93 891/880/690
f 891/880/690 892/881/93 893/882/691
f 892/881/93 894/883/91 893/882/691
f 893/882/691 894/883/91 895/884/692
f 894/883/91 896/885/693 895/884/692
f 895/884/692 896/885/693 897/886/694
f 896/885/693 898/887/88 897/886/694
f 841/830/667 844/833/669 839/828/666
f 844/833/669 846/835/670 839/828/666
f 897/886/694 899/888/695 895/884/692
f 899/888/695 900/889/696 895/884/692
f 895/884/692 900/889/696 893/882/691
f 900/889/696 901/890/697 893/882/691
f 893/882/691 901/890/697 891/880/690
f 901/890/697 902/891/698 891/880/690
f 891/880/690 902/891/698 889/878/688
f 902/891/698 903/892/699 889/878/688
f 889/878/688 903/892/699 887/876/687
f 903/892/699 904/893/700 887/876/687
f 887/876/687 904/893/700 885/874/686
f 904/893/700 905/894/701 885/874/686
f 885/874/686 905/894/701 883/872/685
f 905/894/701 906/895/702 883/872/685
f 883/872/685 906/895/702 881/870/684
f 906/895/702 907/896/703 881/870/684
f 881/870/684 907/896/703 879/868/683
f 907/896/703 908/897/704 879/868/683
f 879/868/683 908/897/704 877/866/682
f 908/897/704 909/898/705 877/866/682
f 877/866/682 909/898/705 875/864/680
f 909/898/705 910/899/706 875/864/680
f 875/864/680 910/899/706 873/862/679
f 910/899/706 911/900/707 873/862/679
f 873/862/679 911/900/707 871/860/678
f 911/900/707 912/901/708 871/860/678
f 871/860/678 912/901/708 869/858/677
f 912/901/708 913/902/709 869/858/677
f 869/858/677 913/902/709 866/855/675
f 866/855/675 913/902/709 865/854/674
f 913/902/709 914/903/710 865/854/674
f 865/854/674 914/903/710 915/904/711
f 914/903/710 858/847/595 915/904/711
f 858/847/595 860/849/671 915/904/711
f 860/849/671 863/852/673 915/904/711
f 915/904/711 863/852/673 865/854/674
f 900/889/696 899/888/695 916/905/712
f 914/903/710 917/906/586 858/847/595
f 917/906/586 856/845/595 858/847/595
f 917/906/586 914/903/710 918/907/713
f 914/903/710 913/902/709 918/907/713
f 913/902/709 912/901/708 918/907/713
f 918/907/713 912/901/708 919/908/714
f 919/908/714 912/901/708 920/909/715
f 912/901/708 911/900/707 920/909/715
f 920/909/715 911/900/707 921/910/716
f 911/900/707 910/899/706 921/910/716
f 921/910/716 910/899/706 922/911/717
f 910/899/706 909/898/705 922/911/717
f 922/911/717 909/898/705 923/912/718
f 909/898/705 908/897/704 923/912/718
f 923/912/718 924/913/719 922/911/717
f 922/911/717 924/913/719 921/910/716
f 924/913/719 925/914/580 921/910/716
f 921/910/716 925/914/580 920/909/715
f 920/909/715 925/914/580 919/908/714
f 925/914/580 926/915/581 919/908/714
f 919/908/714 926/915/581 918/907/713
f 918/907/713 926/915/581 917/906/586
f 926/915/581 927/916/586 917/906/586
f 917/906/586 927/916/586 856/845/595
f 856/845/595 927/916/586 854/843/595
f 927/916/586 928/917/586 854/843/595
f 854/843/595 928/917/586 852/841/595
f 928/917/586 764/753/586 852/841/595
f 852/841/595 764/753/586 763/752/595
f 764/753/586 928/917/586 765/754/581
f 765/754/581 928/917/586 929/918/581
f 928/917/586 927/916/586 929/918/581
f 927/916/586 926/915/581 929/918/581
f 926/915/581 925/914/580 929/918/581
f 929/918/581 925/914/580 766/755/596
f 925/914/580 924/913/719 766/755/596
f 766/755/596 924/913/719 767/756/597
f 767/756/597 924/913/719 930/919/597
f 930/919/597 924/913/719 931/920/582
f 931/920/582 924/913/719 932/921/597
f 932/921/597 924/913/719 933/922/597
f 933/922/597 924/913/719 934/923/720
f 924/913/719 923/912/718 934/923/720
f 923/912/718 908/897/704 934/923/720
f 908/897/704 907/896/703 934/923/720
f 907/896/703 906/895/702 934/923/720
f 934/923/720 906/895/702 935/924/721
f 935/924/721 906/895/702 936/925/722
f 906/895/702 905/894/701 936/925/722
f 936/925/722 905/894/701 937/926/723
f 905/894/701 904/893/700 937/926/723
f 937/926/723 904/893/700 938/927/724
f 904/893/700 903/892/699 938/927/724
f 938/927/724 903/892/699 939/928/725
f 903/892/699 902/891/698 939/928/725
f 902/891/698 901/890/697 939/928/725
f 939/928/725 901/890/697 940/929/726
f 940/929/726 901/890/697 941/930/727
f 901/890/697 900/889/696 941/930/727
f 900/889/696 916/905/712 941/930/727
f 941/930/727 916/905/712 942/931/728
f 916/905/712 943/932/729 942/931/728
f 943/932/729 944/933/728 942/931/728
f 944/933/728 945/934/728 942/931/728
f 942/931/728 945/934/728 941/930/727
f 945/934/728 946/935/582 941/930/727
f 941/930/727 946/935/582 940/929/726
f 940/929/726 946/935/582 939/928/725
f 946/935/582 947/936/730 939/928/725
f 939/928/725 947/936/730 938/927/724
f 766/755/596 765/754/581 929/918/581
f 946/935/582 945/934/728 947/936/730
f 947/936/730 945/934/728 948/937/597
f 945/934/728 944/933/728 948/937/597
f 944/933/728 949/938/731 948/937/597
f 948/937/597 949/938/731 950/939/730
f 949/938/731 951/940/730 950/939/730
f 950/939/730 951/940/730 952/941/732
f 951/940/730 953/942/732 952/941/732
f 952/941/732 953/942/732 954/943/733
f 953/942/732 955/944/734 954/943/733
f 954/943/733 955/944/734 956/945/735
f 955/944/734 957/946/735 956/945/735
f 956/945/735 957/946/735 958/947/736
f 957/946/735 959/948/737 958/947/736
f 958/947/736 959/948/737 960/949/738
f 959/948/737 961/950/738 960/949/738
f 960/949/738 961/950/738 962/951/739
f 961/950/738 963/952/739 962/951/739
f 960/949/738 962/951/739 964/953/740
f 962/951/739 965/954/741 964/953/740
f 964/953/740 965/954/741 966/955/742
f 965/954/741 967/956/743 966/955/742
f 966/955/742 967/956/743 968/957/744
f 967/956/743 969/958/745 968/957/744
f 968/957/744 969/958/745 970/959/746
f 969/958/745 971/960/747 970/959/746
f 970/959/746 971/960/747 972/961/748
f 971/960/747 973/962/749 972/961/748
f 972/961/748 973/962/749 974/963/750
f 973/962/749 975/964/751 974/963/750
f 974/963/750 975/964/751 976/965/752
f 975/964/751 977/966/753 976/965/752
f 976/965/752 977/966/753 978/967/754
f 977/966/753 979/968/755 978/967/754
f 979/968/755 980/969/121 978/967/754
f 978/967/754 980/969/121 790/779/620
f 980/969/121 791/780/621 790/779/620
f 790/779/620 789/778/619 978/967/754
f 789/778/619 981/970/756 978/967/754
f 978/967/754 981/970/756 976/965/752
f 981/970/756 982/971/757 976/965/752
f 976/965/752 982/971/757 974/963/750
f 982/971/757 983/972/758 974/963/750
f 974/963/750 983/972/758 972/961/748
f 983/972/758 984/973/759 972/961/748
f 972/961/748 984/973/759 970/959/746
f 984/973/759 985/974/760 970/959/746
f 970/959/746 985/974/760 968/957/744
f 985/974/760 986/975/761 968/957/744
f 968/957/744 986/975/761 966/955/742
f 986/975/761 987/976/762 966/955/742
f 966/955/742 987/976/762 964/953/740
f 987/976/762 988/977/763 964/953/740
f 964/953/740 988/977/763 960/949/738
f 960/949/738 988/977/763 958/947/736
f 988/977/763 989/978/764 958/947/736
f 958/947/736 989/978/764 956/945/735
f 989/978/764 988/977/763 990/979/765
f 988/977/763 987/976/762 990/979/765
f 990/979/765 987/976/762 991/980/766
f 987/976/762 986/975/761 991/980/766
f 991/980/766 986/975/761 992/981/767
f 986/975/761 985/974/760 992/981/767
f 992/981/767 985/974/760 993/982/768
f 985/974/760 984/973/759 993/982/768
f 993/982/768 984/973/759 994/983/769
f 984/973/759 983/972/758 994/983/769
f 994/983/769 983/972/758 995/984/770
f 983/972/758 982/971/757 995/984/770
f 995/984/770 982/971/757 996/985/771
f 982/971/757 981/970/756 996/985/771
f 996/985/771 981/970/756 997/986/772
f 981/970/756 789/778/619 997/986/772
f 789/778/619 777/766/607 997/986/772
f 997/986/772 777/766/607 998/987/773
f 777/766/607 776/765/606 998/987/773
f 998/987/773 999/988/774 997/986/772
f 997/986/772 999/988/774 996/985/771
f 999/988/774 1000/989/775 996/985/771
f 996/985/771 1000/989/775 995/984/770
f 1000/989/775 1001/990/776 995/984/770
f 995/984/770 1001/990/776 994/983/769
f 1001/990/776 1002/991/777 994/983/769
f 994/983/769 1002/991/777 993/982/768
f 1002/991/777 1003/992/778 993/982/768
f 993/982/768 1003/992/778 992/981/767
f 1003/992/778 1004/993/779 992/981/767
f 992/981/767 1004/993/779 991/980/766
f 1004/993/779 1005/994/780 991/980/766
f 991/980/766 1005/994/780 990/979/765
f 1005/994/780 1006/995/776 990/979/765
f 990/979/765 1006/995/776 989/978/764
f 1006/995/776 1007/996/781 989/978/764
f 989/978/764 1007/996/781 956/945/735
f 956/945/735 1007/996/781 954/943/733
f 954/943/733 1007/996/781 952/941/732
f 952/941/732 1007/996/781 1008/997/732
f 1007/996/781 1006/995/776 1008/997/732
f 1006/995/776 1005/994/780 1008/997/732
f 1008/997/732 1005/994/780 1009/998/782
f 1005/994/780 1004/993/779 1009/998/782
f 1009/998/782 1004/993/779 1010/999/732
f 1004/993/779 1003/992/778 1010/999/732
f 1003/992/778 1002/991/777 1010/999/732
f 1002/991/777 1001/990/776 1010/999/732
f 1001/990/776 1000/989/775 1010/999/732
f 1010/999/732 1000/989/775 1011/1000/783
f 1000/989/775 999/988/774 1011/1000/783
f 1010/999/732 1011/1000/783 1012/1001/784
f 1011/1000/783 1013/1002/785 1012/1001/784
f 1012/1001/784 1013/1002/785 1014/1003/786
f 1013/1002/785 1015/1004/787 1014/1003/786
f 1015/1004/787 1016/1005/788 1014/1003/786
f 1016/1005/788 1017/1006/789 1014/1003/786
f 1017/1006/789 1018/1007/790 1014/1003/786
f 1014/1003/786 1018/1007/790 1012/1001/784
f 1018/1007/790 1019/1008/791 1012/1001/784
f 1012/1001/784 1019/1008/791 1010/999/732
f 1015/1004/787 1013/1002/785 1020/1009/792
f 1013/1002/785 1011/1000/783 1020/1009/792
f 1011/1000/783 1021/1010/793 1020/1009/792
f 1021/1010/793 1022/1011/794 1020/1009/792
f 1020/1009/792 1022/1011/794 1015/1004/787
f 1022/1011/794 1023/1012/795 1015/1004/787
f 1015/1004/787 1023/1012/795 1016/1005/788
f 1023/1012/795 1024/1013/730 1016/1005/788
f 1016/1005/788 1024/1013/730 1017/1006/789
f 1024/1013/730 1023/1012/795 1025/1014/796
f 1023/1012/795 1022/1011/794 1025/1014/796
f 1025/1014/796 1022/1011/794 1026/1015/797
f 1022/1011/794 1021/1010/793 1026/1015/797
f 1026/1015/797 1027/1016/798 1025/1014/796
f 1025/1014/796 1027/1016/798 1024/1013/730
f 1027/1016/798 1028/1017/799 1024/1013/730
f 1024/1013/730 1028/1017/799 1029/1018/800
f 1028/1017/799 1030/1019/801 1029/1018/800
f 1030/1019/801 1031/1020/802 1029/1018/800
f 1029/1018/800 1031/1020/802 1032/1021/803
f 1031/1020/802 1033/1022/804 1032/1021/803
f 1032/1021/803 1033/1022/804 1034/1023/805
f 1033/1022/804 1035/1024/806 1034/1023/805
f 1034/1023/805 1035/1024/806 1036/1025/807
f 1035/1024/806 1037/1026/808 1036/1025/807
f 1037/1026/808 1038/1027/809 1036/1025/807
f 1038/1027/809 1024/1013/730 1036/1025/807
f 1036/1025/807 1024/1013/730 1034/1023/805
f 1034/1023/805 1024/1013/730 1032/1021/803
f 1024/1013/730 1029/1018/800 1032/1021/803
f 1026/1015/797 1039/1028/810 1027/1016/798
f 1027/1016/798 1039/1028/810 1028/1017/799
f 1039/1028/810 1030/1019/801 1028/1017/799
f 1037/1026/808 1040/1029/811 1038/1027/809
f 1040/1029/811 1041/1030/812 1038/1027/809
f 1038/1027/809 1041/1030/812 1024/1013/730
f 1041/1030/812 1042/1031/813 1024/1013/730
f 1024/1013/730 1042/1031/813 1043/1032/814
f 1042/1031/813 1044/1033/815 1043/1032/814
f 1044/1033/815 1045/1034/816 1043/1032/814
f 1043/1032/814 1045/1034/816 1046/1035/817
f 1045/1034/816 1047/1036/818 1046/1035/817
f 1046/1035/817 1047/1036/818 1048/1037/819
f 1047/1036/818 1049/1038/820 1048/1037/819
f 1048/1037/819 1049/1038/820 1050/1039/821
f 1049/1038/820 1051/1040/822 1050/1039/821
f 1051/1040/822 1052/1041/823 1050/1039/821
f 1050/1039/821 1052/1041/823 1024/1013/730
f 1024/1013/730 1052/1041/823 1053/1042/824
f 1053/1042/824 1052/1041/823 1054/1043/825
f 1052/1041/823 1051/1040/822 1054/1043/825
f 1054/1043/825 1051/1040/822 933/922/597
f 933/922/597 1051/1040/822 932/921/597
f 1051/1040/822 1049/1038/820 932/921/597
f 932/921/597 1049/1038/820 931/920/582
f 1049/1038/820 1047/1036/818 931/920/582
f 931/920/582 1047/1036/818 930/919/597
f 1047/1036/818 1045/1034/816 930/919/597
f 930/919/597 1045/1034/816 1055/1044/597
f 1045/1034/816 1044/1033/815 1055/1044/597
f 1043/1032/814 1046/1035/817 1024/1013/730
f 1046/1035/817 1048/1037/819 1024/1013/730
f 1024/1013/730 1048/1037/819 1050/1039/821
f 930/919/597 1055/1044/597 767/756/597
f 767/756/597 1055/1044/597 1056/1045/582
f 1055/1044/597 1044/1033/815 1056/1045/582
f 1056/1045/582 1044/1033/815 1057/1046/826
f 1044/1033/815 1042/1031/813 1057/1046/826
f 1042/1031/813 1041/1030/812 1057/1046/826
f 1041/1030/812 1040/1029/811 1057/1046/826
f 1057/1046/826 1040/1029/811 1058/1047/597
f 1040/1029/811 1059/1048/597 1058/1047/597
f 1058/1047/597 1059/1048/597 776/765/606
f 776/765/606 1059/1048/597 998/987/773
f 998/987/773 1059/1048/597 1060/1049/582
f 1059/1048/597 1037/1026/808 1060/1049/582
f 1037/1026/808 1035/1024/806 1060/1049/582
f 1060/1049/582 1035/1024/806 1061/1050/582
f 1035/1024/806 1033/1022/804 1061/1050/582
f 1061/1050/582 1033/1022/804 1062/1051/597
f 1033/1022/804 1031/1020/802 1062/1051/597
f 1057/1046/826 1058/1047/597 1056/1045/582
f 1056/1045/582 1058/1047/597 767/756/597
f 1058/1047/597 776/765/606 767/756/597
f 1059/1048/597 1040/1029/811 1037/1026/808
f 1060/1049/582 1061/1050/582 998/987/773
f 1061/1050/582 1062/1051/597 998/987/773
f 998/987/773 1062/1051/597 1063/1052/582
f 1062/1051/597 1031/1020/802 1063/1052/582
f 1031/1020/802 1030/1019/801 1063/1052/582
f 1063/1052/582 1030/1019/801 1064/1053/774
f 1030/1019/801 1039/1028/810 1064/1053/774
f 1064/1053/774 1039/1028/810 1065/1054/827
f 1039/1028/810 1026/1015/797 1065/1054/827
f 1026/1015/797 1021/1010/793 1065/1054/827
f 1021/1010/793 1011/1000/783 1065/1054/827
f 1011/1000/783 999/988/774 1065/1054/827
f 1065/1054/827 999/988/774 1064/1053/774
f 1064/1053/774 999/988/774 1063/1052/582
f 999/988/774 998/987/773 1063/1052/582
f 1066/1055/828 1067/1056/829 1068/1057/830
f 1067/1056/829 1069/1058/831 1068/1057/830
f 1068/1057/830 1069/1058/831 1070/1059/832
f 1070/1059/832 1069/1058/831 1071/1060/833
f 1071/1060/833 1069/1058/831 1072/1061/834
f 1069/1058/831 1067/1056/829 1072/1061/834
f 1067/1056/829 1066/1055/828 1073/1062/586
f 1066/1055/828 1074/1063/581 1073/1062/586
f 1074/1063/581 1075/1064/586 1073/1062/586
f 1073/1062/586 1075/1064/586 847/836/595
f 1075/1064/586 846/835/670 847/836/595
f 1068/1057/830 1074/1063/581 1066/1055/828
f 847/836/595 849/838/595 1073/1062/586
f 1073/1062/586 849/838/595 1076/1065/835
f 1076/1065/835 849/838/595 1077/1066/836
f 849/838/595 763/752/595 1077/1066/836
f 1077/1066/836 763/752/595 1078/1067/837
f 763/752/595 762/751/594 1078/1067/837
f 762/751/594 1079/1068/838 1078/1067/837
f 1078/1067/837 1079/1068/838 1077/1066/836
f 1079/1068/838 1080/1069/839 1077/1066/836
f 1077/1066/836 1080/1069/839 1076/1065/835
f 1080/1069/839 1081/1070/840 1076/1065/835
f 1076/1065/835 1081/1070/840 1067/1056/829
f 1081/1070/840 1082/1071/841 1067/1056/829
f 1067/1056/829 1082/1071/841 1072/1061/834
f 1072/1061/834 1082/1071/841 1083/1072/842
f 1082/1071/841 1084/1073/839 1083/1072/842
f 1084/1073/839 1085/1074/843 1083/1072/842
f 1083/1072/842 1085/1074/843 770/759/600
f 770/759/600 1085/1074/843 762/751/594
f 1085/1074/843 1079/1068/838 762/751/594
f 1073/1062/586 1076/1065/835 1067/1056/829
f 770/759/600 783/772/613 1083/1072/842
f 783/772/613 796/785/626 1083/1072/842
f 796/785/626 798/787/628 1083/1072/842
f 1083/1072/842 798/787/628 1071/1060/833
f 798/787/628 835/824/662 1071/1060/833
f 1071/1060/833 835/824/662 1086/1075/844
f 835/824/662 838/827/665 1086/1075/844
f 1086/1075/844 838/827/665 1087/1076/845
f 838/827/665 837/826/664 1087/1076/845
f 1087/1076/845 837/826/664 1088/1077/846
f 837/826/664 839/828/666 1088/1077/846
f 1088/1077/846 839/828/666 1089/1078/847
f 839/828/666 1090/1079/848 1089/1078/847
f 1089/1078/847 1090/1079/848 1091/1080/587
f 1090/1079/848 1075/1064/586 1091/1080/587
f 1091/1080/587 1075/1064/586 1074/1063/581
f 1072/1061/834 1083/1072/842 1071/1060/833
f 839/828/666 846/835/670 1090/1079/848
f 846/835/670 1075/1064/586 1090/1079/848
f 1091/1080/587 1092/1081/596 1089/1078/847
f 1089/1078/847 1092/1081/596 1088/1077/846
f 1092/1081/596 1093/1082/597 1088/1077/846
f 1088/1077/846 1093/1082/597 1087/1076/845
f 1087/1076/845 1093/1082/597 1094/1083/582
f 1093/1082/597 1092/1081/596 1094/1083/582
f 1094/1083/582 1092/1081/596 1095/1084/588
f 1092/1081/596 1091/1080/587 1095/1084/588
f 1091/1080/587 1074/1063/581 1095/1084/588
f 1095/1084/588 1074/1063/581 1096/1085/849
f 1074/1063/581 1097/1086/850 1096/1085/849
f 1096/1085/849 1097/1086/850 1098/1087/851
f 1097/1086/850 1068/1057/830 1098/1087/851
f 1068/1057/830 1070/1059/832 1098/1087/851
f 1098/1087/851 1070/1059/832 1099/1088/852
f 1070/1059/832 1071/1060/833 1099/1088/852
f 1099/1088/852 1071/1060/833 1100/1089/853
f 1071/1060/833 1086/1075/844 1100/1089/853
f 1100/1089/853 1086/1075/844 1101/1090/854
f 1086/1075/844 1087/1076/845 1101/1090/854
f 1087/1076/845 1094/1083/582 1101/1090/854
f 1094/1083/582 1102/1091/582 1101/1090/854
f 1101/1090/854 1102/1091/582 1103/1092/589
f 1102/1091/582 1098/1087/851 1103/1092/589
f 1098/1087/851 1099/1088/852 1103/1092/589
f 1099/1088/852 1100/1089/853 1103/1092/589
f 1103/1092/589 1100/1089/853 1101/1090/854
f 1068/1057/830 1097/1086/850 1074/1063/581
f 1094/1083/582 1095/1084/588 1102/1091/582
f 1095/1084/588 1104/1093/841 1102/1091/582
f 1102/1091/582 1104/1093/841 1098/1087/851
f 1098/1087/851 1104/1093/841 1096/1085/849
f 1104/1093/841 1095/1084/588 1096/1085/849
f 934/923/720 1105/1094/597 933/922/597
f 933/922/597 1105/1094/597 1054/1043/825
f 1105/1094/597 1106/1095/855 1054/1043/825
f 1054/1043/825 1106/1095/855 1053/1042/824
f 1106/1095/855 1107/1096/856 1053/1042/824
f 1053/1042/824 1107/1096/856 1024/1013/730
f 1024/1013/730 1107/1096/856 1108/1097/857
f 1108/1097/857 1107/1096/856 1109/1098/858
f 1107/1096/856 1106/1095/855 1109/1098/858
f 1109/1098/858 1106/1095/855 1110/1099/859
f 1106/1095/855 1105/1094/597 1110/1099/859
f 1105/1094/597 934/923/720 1110/1099/859
f 934/923/720 935/924/721 1110/1099/859
f 935/924/721 936/925/722 1110/1099/859
f 1110/1099/859 936/925/722 1111/1100/597
f 936/925/722 1112/1101/860 1111/1100/597
f 1111/1100/597 1112/1101/860 1113/1102/861
f 1112/1101/860 1114/1103/862 1113/1102/861
f 1113/1102/861 1114/1103/862 1115/1104/863
f 1114/1103/862 1116/1105/864 1115/1104/863
f 1115/1104/863 1116/1105/864 1024/1013/730
f 1116/1105/864 1117/1106/865 1024/1013/730
f 1024/1013/730 1117/1106/865 1017/1006/789
f 1017/1006/789 1117/1106/865 1018/1007/790
f 1018/1007/790 1117/1106/865 1118/1107/866
f 1117/1106/865 1116/1105/864 1118/1107/866
f 1116/1105/864 1114/1103/862 1118/1107/866
f 1118/1107/866 1114/1103/862 1119/1108/867
f 1114/1103/862 1112/1101/860 1119/1108/867
f 1112/1101/860 936/925/722 1119/1108/867
f 1119/1108/867 936/925/722 1120/1109/582
f 936/925/722 937/926/723 1120/1109/582
f 1120/1109/582 937/926/723 1121/1110/582
f 937/926/723 938/927/724 1121/1110/582
f 1121/1110/582 938/927/724 1122/1111/839
f 938/927/724 947/936/730 1122/1111/839
f 947/936/730 948/937/597 1122/1111/839
f 948/937/597 950/939/730 1122/1111/839
f 1122/1111/839 950/939/730 1008/997/732
f 950/939/730 952/941/732 1008/997/732
f 1110/1099/859 1111/1100/597 1109/1098/858
f 1111/1100/597 1113/1102/861 1109/1098/858
f 1109/1098/858 1113/1102/861 1108/1097/857
f 1113/1102/861 1115/1104/863 1108/1097/857
f 1108/1097/857 1115/1104/863 1024/1013/730
f 1008/997/732 1009/998/782 1122/1111/839
f 1122/1111/839 1009/998/782 1121/1110/582
f 1121/1110/582 1009/998/782 1120/1109/582
f 1009/998/782 1010/999/732 1120/1109/582
f 1120/1109/582 1010/999/732 1119/1108/867
f 1010/999/732 1019/1008/791 1119/1108/867
f 1119/1108/867 1019/1008/791 1118/1107/866
f 1019/1008/791 1018/1007/790 1118/1107/866
f 1123/1068/868 1124/1112/869 1125/1069/869
f 1124/1112/869 1126/1113/870 1125/1069/869
f 1125/1069/869 1126/1113/870 1127/1070/413
f 1128/1074/414 1130/1073/871 1129/1114/872
f 1129/1114/872 1130/1073/871 1131/1115/873
f 1130/1073/871 1132/1071/418 1131/1115/873
f 1133/1116/354 1134/1117/351 1135/1118/560
f 1134/1117/351 1136/1119/351 1135/1118/560
s 0
f 1136/1119/351 1137/1120/351 1135/1118/351
s 1
f 1137/1120/351 1138/1121/351 1135/1118/351
f 1135/1118/351 1138/1121/351 1139/1122/351
f 1138/1121/351 1140/1123/351 1139/1122/351
s 0
f 1140/1123/351 1141/1124/351 1139/1122/351
f 1139/1122/351 1141/1124/351 1142/1125/351
s 1
f 1136/1119/351 1134/1117/351 1143/1126/351
f 1143/1126/351 1134/1117/351 1144/1127/351
f 1134/1117/351 1145/1128/351 1144/1127/351
f 1140/1123/351 1138/1121/351 1146/1129/351
f 1138/1121/351 1147/1130/351 1146/1129/351
f 1147/1130/351 1148/1131/351 1146/1129/351
s 0
f 1146/1129/351 1148/1131/351 1149/1132/351
f 1147/1130/351 1138/1121/351 1150/1133/351
f 1150/1133/351 1138/1121/351 1151/1134/351
f 1151/1134/351 1138/1121/351 1152/1135/351
f 1138/1121/351 1153/1136/351 1152/1135/351
f 1153/1136/351 1154/1137/351 1152/1135/351
f 1152/1135/351 1154/1137/351 1155/1138/351
f 1151/1134/351 1156/1139/351 1150/1133/351
s 1
f 1150/1133/351 1156/1139/351 1157/1140/351
s 0
f 1153/1136/351 1138/1121/351 1158/1141/351
f 1158/1141/351 1138/1121/351 1159/1142/351
f 1159/1142/351 1138/1121/351 1160/1143/351
f 1138/1121/351 1161/1144/351 1160/1143/351
f 1161/1144/351 1162/1145/351 1160/1143/351
f 1160/1143/351 1162/1145/351 1163/1146/351
f 1159/1142/351 1164/1147/351 1158/1141/351
f 1158/1141/351 1164/1147/351 1165/1148/351
f 1161/1144/351 1138/1121/351 1166/1149/351
s 1
f 1166/1149/351 1138/1121/351 1167/1150/351
f 1138/1121/351 1168/1151/351 1167/1150/351
s 0
f 1167/1150/354 1169/1152/354 1166/1149/354
s 1
f 1170/1153/561 1172/1154/561 1171/1155/561
f 1171/1155/561 1172/1154/561 1173/1156/561
f 1172/1154/561 1174/1157/561 1173/1156/561
f 1175/1158/362 1176/1159/874 1177/1160/875
f 1177/1160/875 1176/1159/874 1178/1161/876
f 1176/1159/874 1179/1162/877 1178/1161/876
f 1178/1161/876 1179/1162/877 1180/1163/878
f 1179/1162/877 1181/1164/631 1180/1163/878
f 1178/1161/876 1180/1163/878 1182/1165/879
f 1180/1163/878 1183/1166/880 1182/1165/879
f 1182/1165/879 1183/1166/880 1184/1167/881
f 1183/1166/880 1185/1168/881 1184/1167/881
f 1184/1167/881 1185/1168/881 1186/1169/882
f 1185/1168/881 1187/1170/882 1186/1169/882
f 1187/1170/882 1188/1171/883 1186/1169/882
f 1186/1169/882 1188/1171/883 1189/1172/883
f 1188/1171/883 1190/1173/884 1189/1172/883
f 1189/1172/883 1190/1173/884 1191/1174/884
f 1190/1173/884 1192/1175/885 1191/1174/884
f 1191/1174/884 1192/1175/885 1193/1176/886
f 1193/1176/886 1192/1175/885 1194/1177/887
f 1192/1175/885 1195/1178/888 1194/1177/887
f 1194/1177/887 1195/1178/888 1196/1179/889
f 1195/1178/888 1197/1180/889 1196/1179/889
f 1197/1180/889 1198/1181/890 1196/1179/889
f 1196/1179/889 1198/1181/890 1199/1182/890
f 1200/1183/561 1202/1184/561 1201/1185/561
f 1203/1186/582 1204/1187/582 1205/1188/582
f 1204/1187/582 1206/1189/582 1205/1188/582
f 1203/1186/582 1207/1190/582 1204/1187/582
f 1207/1190/582 1208/1191/582 1204/1187/582
f 1204/1187/582 1208/1191/582 1209/1192/582
f 1208/1191/582 1210/1193/582 1209/1192/582
f 1210/1193/582 1211/1194/582 1209/1192/582
f 1211/1194/582 1212/1195/582 1209/1192/582
f 1212/1195/582 1213/1196/582 1209/1192/582
f 1213/1196/582 1214/1197/582 1209/1192/582
f 1209/1192/582 1214/1197/582 1215/1198/582
f 1214/1197/582 1216/1199/582 1215/1198/582
f 1215/1198/582 1216/1199/582 1217/1200/719
f 1216/1199/582 1218/1201/891 1217/1200/719
f 1218/1201/891 1219/1202/582 1217/1200/719
f 1219/1202/582 1220/1203/582 1217/1200/719
f 1220/1203/582 1221/1204/582 1217/1200/719
f 1221/1204/582 1222/1205/728 1217/1200/719
f 1222/1205/728 1223/1206/582 1217/1200/719
f 1217/1200/719 1223/1206/582 1224/1207/892
f 1223/1206/582 1225/1208/582 1224/1207/892
f 1214/1197/582 1226/1209/582 1216/1199/582
f 1226/1209/582 1227/1210/719 1216/1199/582
f 1227/1210/719 1228/1211/582 1216/1199/582
f 1228/1211/582 1229/1212/582 1216/1199/582
f 1216/1199/582 1229/1212/582 1218/1201/891
f 1215/1198/582 1217/1200/719 1230/1213/582
f 1230/1213/582 1217/1200/719 1231/1214/580
f 1217/1200/719 1224/1207/892 1231/1214/580
f 1231/1214/580 1224/1207/892 1232/1215/893
f 1224/1207/892 1233/1216/893 1232/1215/893
f 1232/1215/893 1233/1216/893 1234/1217/894
f 1233/1216/893 1235/1218/895 1234/1217/894
f 1234/1217/894 1235/1218/895 1236/1219/896
f 1235/1218/895 1237/1220/896 1236/1219/896
f 1236/1219/896 1237/1220/896 1238/1221/897
f 1237/1220/896 1239/1222/898 1238/1221/897
f 1238/1221/897 1239/1222/898 1240/1223/229
f 1239/1222/898 1241/1224/229 1240/1223/229
f 1236/1219/896 1242/1225/899 1234/1217/894
f 1236/1219/896 1238/1221/897 1243/1226/900
f 1238/1221/897 1244/1227/901 1243/1226/900
f 1243/1226/900 1244/1227/901 1245/1228/902
f 1244/1227/901 1246/1229/903 1245/1228/902
f 1246/1229/903 1247/1230/904 1245/1228/902
f 1247/1230/904 1248/1231/905 1245/1228/902
f 1245/1228/902 1248/1231/905 1243/1226/900
f 1248/1231/905 1249/1232/906 1243/1226/900
f 1243/1226/900 1249/1232/906 1236/1219/896
f 1249/1232/906 1250/1233/907 1236/1219/896
f 1236/1219/896 1250/1233/907 1251/1234/894
f 1250/1233/907 1252/1235/908 1251/1234/894
f 1251/1234/894 1252/1235/908 1253/1236/893
f 1251/1234/894 1254/1237/909 1236/1219/896
f 1236/1219/896 1254/1237/909 1255/1238/910
f 1255/1238/910 1254/1237/909 1256/1239/893
f 1254/1237/909 1257/1240/893 1256/1239/893
f 1257/1240/893 1258/1241/892 1256/1239/893
f 1256/1239/893 1258/1241/892 1259/1242/892
f 1259/1242/892 1258/1241/892 1260/1243/582
f 1258/1241/892 1261/1244/911 1260/1243/582
f 1261/1244/911 1262/1245/582 1260/1243/582
f 1260/1243/582 1262/1245/582 1263/1246/912
f 1248/1231/905 1264/1247/913 1249/1232/906
f 1249/1232/906 1264/1247/913 1250/1233/907
f 1264/1247/913 1265/1248/914 1250/1233/907
f 1250/1233/907 1265/1248/914 1252/1235/908
f 1265/1248/914 1266/1249/915 1252/1235/908
f 1266/1249/915 1267/1250/916 1252/1235/908
f 1252/1235/908 1267/1250/916 1253/1236/893
f 1267/1250/916 1268/1251/892 1253/1236/893
f 1266/1249/915 1265/1248/914 1269/1252/917
f 1269/1252/917 1265/1248/914 1270/1253/918
f 1265/1248/914 1264/1247/913 1270/1253/918
f 1270/1253/918 1264/1247/913 1271/1254/919
f 1264/1247/913 1248/1231/905 1271/1254/919
f 1271/1254/919 1248/1231/905 1272/1255/920
f 1248/1231/905 1247/1230/904 1272/1255/920
f 1272/1255/920 1247/1230/904 1273/1256/921
f 1273/1256/921 1247/1230/904 1274/1257/922
f 1247/1230/904 1246/1229/903 1274/1257/922
f 1274/1257/922 1246/1229/903 1275/1258/923
f 1275/1258/923 1246/1229/903 1276/1259/924
f 1246/1229/903 1244/1227/901 1276/1259/924
f 1276/1259/924 1244/1227/901 1277/1260/925
f 1244/1227/901 1238/1221/897 1277/1260/925
f 1277/1260/925 1238/1221/897 1278/1261/229
f 1238/1221/897 1279/1262/926 1278/1261/229
f 1278/1261/229 1280/1263/229 1277/1260/925
f 1280/1263/229 1281/1264/927 1277/1260/925
f 1277/1260/925 1281/1264/927 1276/1259/924
f 1281/1264/927 1282/1265/928 1276/1259/924
f 1282/1265/928 1283/1266/929 1276/1259/924
f 1276/1259/924 1283/1266/929 1275/1258/923
f 1275/1258/923 1283/1266/929 1284/1267/930
f 1284/1267/930 1283/1266/929 1285/1268/931
f 1283/1266/929 1282/1265/928 1285/1268/931
f 1282/1265/928 1286/1269/932 1285/1268/931
f 1285/1268/931 1286/1269/932 1287/1270/933
f 1286/1269/932 1288/1271/934 1287/1270/933
f 1289/1272/229 1290/1273/927 1280/1263/229
f 1280/1263/229 1290/1273/927 1281/1264/927
f 1290/1273/927 1291/1274/935 1281/1264/927
f 1281/1264/927 1291/1274/935 1282/1265/928
f 1291/1274/935 1292/1275/9 1282/1265/928
f 1287/1270/933 1293/1276/936 1285/1268/931
f 1285/1268/931 1293/1276/936 1284/1267/930
f 1293/1276/936 1294/1277/937 1284/1267/930
f 1284/1267/930 1294/1277/937 1295/1278/938
f 1294/1277/937 1296/1279/939 1295/1278/938
f 1296/1279/939 1297/1280/940 1295/1278/938
f 1295/1278/938 1297/1280/940 1274/1257/922
f 1297/1280/940 1273/1256/921 1274/1257/922
f 1284/1267/930 1295/1278/938 1275/1258/923
f 1295/1278/938 1274/1257/922 1275/1258/923
f 1288/1271/934 1298/1281/941 1287/1270/933
f 1298/1281/941 1299/1282/942 1287/1270/933
f 1287/1270/933 1299/1282/942 1293/1276/936
f 1299/1282/942 1300/1283/943 1293/1276/936
f 1293/1276/936 1300/1283/943 1294/1277/937
f 1300/1283/943 1301/1284/944 1294/1277/937
f 1294/1277/937 1301/1284/944 1296/1279/939
f 1288/1271/934 1302/1285/945 1298/1281/941
f 1298/1281/941 1302/1285/945 1303/1286/946
f 1302/1285/945 1304/1287/947 1303/1286/946
f 1303/1286/946 1304/1287/947 1305/1288/948
f 1304/1287/947 1306/1289/31 1305/1288/948
f 1306/1289/31 1307/1290/949 1305/1288/948
f 1305/1288/948 1307/1290/949 1308/1291/950
f 1307/1290/949 1309/1292/950 1308/1291/950
f 1308/1291/950 1309/1292/950 1310/1293/951
f 1309/1292/950 1311/1294/951 1310/1293/951
f 1303/1286/946 1312/1295/952 1298/1281/941
f 1312/1295/952 1299/1282/942 1298/1281/941
f 1312/1295/952 1303/1286/946 1313/1296/950
f 1303/1286/946 1305/1288/948 1313/1296/950
f 1305/1288/948 1308/1291/950 1313/1296/950
f 1313/1296/950 1308/1291/950 1314/1297/953
f 1308/1291/950 1310/1293/951 1314/1297/953
f 1314/1297/953 1315/1298/954 1313/1296/950
f 1313/1296/950 1315/1298/954 1312/1295/952
f 1312/1295/952 1315/1298/954 1299/1282/942
f 1315/1298/954 1316/1299/955 1299/1282/942
f 1299/1282/942 1316/1299/955 1300/1283/943
f 1316/1299/955 1317/1300/956 1300/1283/943
f 1300/1283/943 1317/1300/956 1301/1284/944
f 1315/1298/954 1318/1301/957 1316/1299/955
f 1318/1301/957 1319/1302/958 1316/1299/955
f 1316/1299/955 1319/1302/958 1317/1300/956
f 1315/1298/954 1314/1297/953 1318/1301/957
f 1318/1301/957 1314/1297/953 1320/1303/959
f 1314/1297/953 1310/1293/951 1320/1303/959
f 1320/1303/959 1310/1293/951 1321/1304/959
f 1310/1293/951 1311/1294/951 1321/1304/959
f 1321/1304/959 1311/1294/951 1322/1305/960
f 1322/1305/960 1311/1294/951 1323/1306/961
f 1311/1294/951 1324/1307/959 1323/1306/961
f 1323/1306/961 1324/1307/959 1325/1308/962
f 1324/1307/959 1326/1309/963 1325/1308/962
f 1326/1309/963 1327/1310/964 1325/1308/962
f 1325/1308/962 1327/1310/964 1328/1311/964
f 1329/1312/964 1331/1313/964 1330/1314/962
f 1331/1313/964 1332/1315/965 1330/1314/962
f 1330/1314/962 1332/1315/965 1322/1305/960
f 1322/1305/960 1332/1315/965 1321/1304/959
f 1332/1315/965 1333/1316/962 1321/1304/959
f 1321/1304/959 1333/1316/962 1320/1303/959
f 1333/1316/962 1334/1317/966 1320/1303/959
f 1320/1303/959 1334/1317/966 1318/1301/957
f 1334/1317/966 1335/1318/967 1318/1301/957
f 1318/1301/957 1335/1318/967 1319/1302/958
f 1336/1315/964 1337/1319/964 1332/1315/965
f 1332/1315/965 1337/1319/964 1333/1316/962
f 1337/1319/964 1338/1316/964 1333/1316/962
f 1333/1316/962 1339/1320/964 1334/1317/966
f 1339/1320/964 1340/1321/964 1334/1317/966
f 1334/1317/966 1340/1321/964 1335/1318/967
f 1335/1318/967 1340/1321/964 1341/1322/964
f 1340/1321/964 1342/1323/964 1341/1322/964
f 1342/1323/964 1343/1324/964 1341/1322/964
f 1341/1322/964 1343/1324/964 1344/1325/964
f 1343/1324/964 1345/1326/968 1344/1325/964
f 1345/1326/968 1346/1327/969 1344/1325/964
f 1346/1327/969 1347/1328/970 1344/1325/964
f 1344/1325/964 1347/1328/970 1341/1322/964
f 1341/1322/964 1347/1328/970 1335/1318/967
f 1335/1318/967 1347/1328/970 1319/1302/958
f 1319/1302/958 1347/1328/970 1317/1300/956
f 1317/1300/956 1347/1328/970 1348/1329/971
f 1347/1328/970 1346/1327/969 1348/1329/971
f 1346/1327/969 1349/1330/972 1348/1329/971
f 1349/1330/972 1350/1331/973 1348/1329/971
f 1348/1329/971 1350/1331/973 1301/1284/944
f 1301/1284/944 1350/1331/973 1296/1279/939
f 1296/1279/939 1350/1331/973 1351/1332/974
f 1350/1331/973 1349/1330/972 1351/1332/974
f 1349/1330/972 1352/1333/964 1351/1332/974
f 1352/1333/964 1353/1334/964 1351/1332/974
f 1351/1332/974 1353/1334/964 1354/1335/975
f 1353/1334/964 1355/1336/964 1354/1335/975
f 1356/1337/964 1357/1338/964 1339/1320/964
f 1339/1320/964 1357/1338/964 1340/1321/964
f 1357/1338/964 1342/1323/964 1340/1321/964
f 1317/1300/956 1348/1329/971 1301/1284/944
f 1296/1279/939 1351/1332/974 1297/1280/940
f 1351/1332/974 1354/1335/975 1297/1280/940
f 1297/1280/940 1354/1335/975 1273/1256/921
f 1273/1256/921 1354/1335/975 1358/1339/976
f 1354/1335/975 1355/1336/964 1358/1339/976
f 1355/1336/964 1359/1340/964 1358/1339/976
f 1358/1339/976 1359/1340/964 1360/1341/964
f 1359/1340/964 1361/1342/964 1360/1341/964
f 1361/1342/964 1362/1343/964 1360/1341/964
f 1360/1341/964 1362/1343/964 1363/1344/964
f 1362/1343/964 1364/1345/964 1363/1344/964
f 1363/1344/964 1365/1346/977 1360/1341/964
f 1360/1341/964 1365/1346/977 1358/1339/976
f 1365/1346/977 1366/1347/978 1358/1339/976
f 1358/1339/976 1366/1347/978 1273/1256/921
f 1273/1256/921 1366/1347/978 1272/1255/920
f 1366/1347/978 1367/1348/979 1272/1255/920
f 1272/1255/920 1367/1348/979 1271/1254/919
f 1367/1348/979 1368/1349/980 1271/1254/919
f 1271/1254/919 1368/1349/980 1270/1253/918
f 1368/1349/980 1369/1350/981 1270/1253/918
f 1270/1253/918 1369/1350/981 1269/1252/917
f 1366/1347/978 1365/1346/977 1367/1348/979
f 1367/1348/979 1365/1346/977 1370/1351/982
f 1365/1346/977 1363/1344/964 1370/1351/982
f 1370/1351/982 1363/1344/964 1371/1352/964
f 1363/1344/964 1364/1345/964 1371/1352/964
f 1364/1345/964 1372/1353/964 1371/1352/964
f 1372/1353/964 1373/1354/964 1371/1352/964
f 1371/1352/964 1373/1354/964 1374/1355/983
f 1373/1354/964 1375/1356/984 1374/1355/983
f 1374/1355/983 1375/1356/984 1369/1350/981
f 1375/1356/984 1376/1357/985 1369/1350/981
f 1369/1350/981 1376/1357/985 1269/1252/917
f 1376/1357/985 1377/1358/986 1269/1252/917
f 1269/1252/917 1377/1358/986 1266/1249/915
f 1377/1358/986 1378/1359/987 1266/1249/915
f 1266/1249/915 1378/1359/987 1267/1250/916
f 1378/1359/987 1379/1360/988 1267/1250/916
f 1267/1250/916 1379/1360/988 1268/1251/892
f 1268/1251/892 1379/1360/988 1380/1361/582
f 1379/1360/988 1381/1362/989 1380/1361/582
f 1380/1361/582 1381/1362/989 1382/1363/582
f 1382/1363/582 1381/1362/989 1383/1364/989
f 1383/1364/989 1381/1362/989 1384/1365/990
f 1384/1365/990 1381/1362/989 1385/1366/990
f 1381/1362/989 1379/1360/988 1385/1366/990
f 1379/1360/988 1378/1359/987 1385/1366/990
f 1385/1366/990 1378/1359/987 1386/1367/991
f 1378/1359/987 1377/1358/986 1386/1367/991
f 1367/1348/979 1370/1351/982 1368/1349/980
f 1370/1351/982 1374/1355/983 1368/1349/980
f 1368/1349/980 1374/1355/983 1369/1350/981
f 1374/1355/983 1370/1351/982 1371/1352/964
f 1384/1365/990 1385/1366/990 1387/1368/992
f 1385/1366/990 1386/1367/991 1387/1368/992
f 1386/1367/991 1388/1369/993 1387/1368/992
f 1388/1369/993 1389/1370/994 1387/1368/992
f 1387/1368/992 1389/1370/994 1390/1371/985
f 1390/1371/985 1389/1370/994 1391/1372/995
f 1389/1370/994 1392/1373/995 1391/1372/995
f 1392/1373/995 1393/1374/964 1391/1372/995
f 1391/1372/995 1393/1374/964 1394/1375/964
f 1377/1358/986 1395/1376/996 1386/1367/991
f 1386/1367/991 1395/1376/996 1388/1369/993
f 1388/1369/993 1395/1376/996 1396/1377/995
f 1395/1376/996 1397/1378/997 1396/1377/995
f 1396/1377/995 1397/1378/997 1398/1379/964
f 1398/1379/964 1397/1378/997 1372/1353/964
f 1372/1353/964 1397/1378/997 1373/1354/964
f 1373/1354/964 1397/1378/997 1375/1356/984
f 1375/1356/984 1397/1378/997 1376/1357/985
f 1397/1378/997 1395/1376/996 1376/1357/985
f 1376/1357/985 1395/1376/996 1377/1358/986
f 1398/1379/964 1399/1380/964 1396/1377/995
f 1400/1381/582 1401/1382/582 1402/1383/582
f 1401/1382/582 1403/1384/582 1402/1383/582
f 1404/1385/964 1405/1386/964 1406/1387/964
f 1405/1386/964 1407/1388/964 1406/1387/964
f 1407/1388/964 1408/1389/964 1406/1387/964
f 1406/1387/964 1408/1389/964 1409/1390/964
f 1408/1389/964 1410/1391/964 1409/1390/964
f 1409/1390/964 1410/1391/964 1411/1392/964
f 1410/1391/964 1412/1393/964 1411/1392/964
f 1411/1392/964 1412/1393/964 1413/1394/964
f 1413/1394/964 1412/1393/964 1414/1395/964
f 1414/1395/964 1412/1393/964 1415/1396/964
f 1415/1396/964 1412/1393/964 1416/1397/964
f 1416/1397/964 1412/1393/964 1417/1398/964
f 1412/1393/964 1418/1399/964 1417/1398/964
f 1417/1398/964 1418/1399/964 1419/1400/998
f 1418/1399/964 1420/1401/998 1419/1400/998
f 1419/1400/998 1420/1401/998 1421/1402/999
f 1420/1401/998 1422/1403/999 1421/1402/999
f 1421/1402/999 1422/1403/999 1423/1404/1000
f 1422/1403/999 1424/1405/1000 1423/1404/1000
f 1423/1404/1000 1424/1405/1000 1425/1406/1001
f 1424/1405/1000 1426/1407/1001 1425/1406/1001
f 1425/1406/1001 1426/1407/1001 1427/1408/1002
f 1426/1407/1001 1428/1409/1002 1427/1408/1002
f 1427/1408/1002 1428/1409/1002 1429/1410/1003
f 1428/1409/1002 1430/1411/1003 1429/1410/1003
f 1429/1410/1003 1430/1411/1003 1431/1412/1004
f 1430/1411/1003 1432/1413/1005 1431/1412/1004
f 1431/1412/1004 1432/1413/1005 1433/1414/1006
f 1432/1413/1005 1434/1415/1007 1433/1414/1006
f 1434/1415/1007 1435/1416/1008 1433/1414/1006
f 1433/1414/1006 1435/1416/1008 1436/1417/1008
f 1435/1416/1008 1437/1418/1009 1436/1417/1008
f 1436/1417/1008 1437/1418/1009 1438/1419/1010
f 1437/1418/1009 1439/1420/1011 1438/1419/1010
f 1438/1419/1010 1439/1420/1011 1440/1421/1011
f 1439/1420/1011 1441/1422/1012 1440/1421/1011
s 0
f 1442/1423/229 1443/1424/229 1444/1425/229
f 1444/1425/229 1443/1424/229 1445/1426/229
s 1
f 1443/1424/229 1446/1427/229 1445/1426/229
f 1447/1428/31 1448/1429/1013 1449/1430/1013
f 1448/1429/1013 1450/1431/1014 1449/1430/1013
f 1451/1432/561 1452/1433/561 1453/1434/561
f 1452/1433/561 1454/1382/561 1453/1434/561
f 1453/1434/561 1454/1382/561 1455/1435/561
f 1454/1382/561 1456/1381/561 1455/1435/561
f 1457/1428/561 1458/1430/561 1459/1436/561
f 1458/1430/561 1460/1383/561 1459/1436/561
f 1459/1436/561 1460/1383/561 1461/1384/1015
f 1462/1437/1016 1464/1438/1017 1463/1439/1018
f 1463/1439/1018 1464/1438/1017 1465/1440/1019
f 1465/1440/1019 1464/1438/1017 1466/1441/1020
f 1464/1438/1017 1467/1442/1021 1466/1441/1020
f 1466/1441/1020 1467/1442/1021 1468/1443/1022
f 1467/1442/1021 1469/1444/561 1468/1443/1022
f 1469/1444/561 1470/1445/561 1468/1443/1022
f 1470/1445/561 1471/1446/1023 1468/1443/1022
f 1468/1443/1022 1471/1446/1023 1472/1447/1024
f 1471/1446/1023 1473/1448/1025 1472/1447/1024
f 1468/1443/1022 1472/1447/1024 1466/1441/1020
f 1469/1444/561 1467/1442/1021 1474/1449/1026
f 1474/1449/1026 1467/1442/1021 1464/1438/1017
f 1469/1444/561 1474/1449/1026 1475/1450/561
f 1475/1450/561 1474/1449/1026 1476/1451/561
f 1474/1449/1026 1477/1452/1027 1476/1451/561
f 1476/1451/561 1477/1452/1027 1478/1453/561
f 1477/1452/1027 1479/1454/1028 1478/1453/561
f 1478/1453/561 1479/1454/1028 1480/1455/1029
f 1479/1454/1028 1481/1456/1030 1480/1455/1029
f 1480/1455/1029 1481/1456/1030 1482/1457/1031
f 1480/1455/1029 1483/1458/561 1478/1453/561
f 1481/1456/1030 1479/1454/1028 1484/1459/1032
f 1479/1454/1028 1477/1452/1027 1484/1459/1032
f 1477/1452/1027 1474/1449/1026 1484/1459/1032
f 1484/1459/1032 1474/1449/1026 1485/1460/1033
f 1474/1449/1026 1464/1438/1017 1485/1460/1033
f 1464/1438/1017 1462/1437/1016 1485/1460/1033
f 1462/1437/1016 1486/1461/1034 1485/1460/1033
f 1486/1461/1034 1487/1462/1035 1485/1460/1033
f 1485/1460/1033 1487/1462/1035 1484/1459/1032
f 1484/1459/1032 1487/1462/1035 1481/1456/1030
f 1481/1456/1030 1487/1462/1035 1488/1463/1036
f 1487/1462/1035 1489/1464/1036 1488/1463/1036
f 1490/1457/582 1491/1456/582 1492/1465/582
f 1491/1456/582 1493/1466/719 1492/1465/582
f 1492/1465/582 1493/1466/719 1494/1467/582
f 1494/1467/582 1493/1466/719 1204/1187/582
f 1493/1466/719 1495/1468/582 1204/1187/582
f 1204/1187/582 1495/1468/582 1206/1189/582
f 1491/1456/582 1496/1463/582 1493/1466/719
f 1496/1463/582 1497/1464/1037 1493/1466/719
f 1497/1464/1037 1498/1469/892 1493/1466/719
f 1493/1466/719 1498/1469/892 1499/1470/582
f 1499/1470/582 1498/1469/892 1500/1471/892
f 1500/1471/892 1498/1469/892 1501/1472/893
f 1498/1469/892 1502/1473/893 1501/1472/893
f 1501/1472/893 1502/1473/893 1503/1474/895
f 1502/1473/893 1504/1475/895 1503/1474/895
f 1503/1474/895 1504/1475/895 1505/1476/1038
f 1504/1475/895 1506/1477/1039 1505/1476/1038
f 1505/1476/1038 1506/1477/1039 1507/1478/1040
f 1506/1477/1039 1508/1479/897 1507/1478/1040
f 1508/1479/897 1509/1480/229 1507/1478/1040
f 1507/1478/1040 1509/1480/229 1510/1481/229
f 1510/1481/229 1509/1480/229 1511/1482/1041
f 1509/1480/229 1512/1483/927 1511/1482/1041
f 1511/1482/1041 1512/1483/927 1513/1484/1042
f 1512/1483/927 1514/1485/928 1513/1484/1042
f 1513/1484/1042 1514/1485/928 1515/1486/1043
f 1495/1468/582 1493/1466/719 1516/1487/582
f 1516/1487/582 1493/1466/719 1499/1470/582
f 1509/1480/229 1517/1488/229 1512/1483/927
f 1517/1488/229 1518/1489/1044 1512/1483/927
f 1512/1483/927 1518/1489/1044 1514/1485/928
f 1509/1480/229 1508/1479/897 1517/1488/229
f 1517/1488/229 1508/1479/897 1519/1439/1045
f 1508/1479/897 1506/1477/1039 1519/1439/1045
f 1519/1439/1045 1506/1477/1039 1520/1437/1039
f 1506/1477/1039 1504/1475/895 1520/1437/1039
f 1520/1437/1039 1504/1475/895 1521/1461/895
f 1504/1475/895 1502/1473/893 1521/1461/895
f 1521/1461/895 1502/1473/893 1522/1462/893
f 1502/1473/893 1498/1469/892 1522/1462/893
f 1522/1462/893 1498/1469/892 1497/1464/1037
f 1523/1447/229 1525/1448/229 1524/1441/229
f 1524/1441/229 1525/1448/229 1526/1440/229
f 1526/1440/229 1525/1448/229 1519/1439/1045
f 1519/1439/1045 1525/1448/229 1517/1488/229
f 1517/1488/229 1525/1448/229 1518/1489/1044
f 1518/1489/1044 1525/1448/229 1527/1490/229
f 1527/1490/229 1525/1448/229 1528/1491/229
f 1525/1448/229 1529/1492/229 1528/1491/229
f 1518/1489/1044 1530/1493/1046 1514/1485/928
f 1530/1493/1046 1531/1494/230 1514/1485/928
f 1514/1485/928 1531/1494/230 1515/1486/1043
f 1531/1494/230 1532/1495/934 1515/1486/1043
f 1532/1495/934 1533/1496/934 1515/1486/1043
f 1515/1486/1043 1533/1496/934 1292/1275/9
f 1533/1496/934 1534/1497/1047 1292/1275/9
f 1292/1275/9 1534/1497/1047 1282/1265/928
f 1530/1493/1046 1535/1498/9 1531/1494/230
f 1531/1494/230 1535/1498/9 1536/1499/934
f 1535/1498/9 1537/1500/1048 1536/1499/934
f 1531/1494/230 1536/1499/934 1532/1495/934
f 1536/1499/934 1538/1501/13 1532/1495/934
f 1538/1501/13 1539/1502/13 1532/1495/934
f 1532/1495/934 1539/1502/13 1533/1496/934
f 1539/1502/13 1540/1503/1048 1533/1496/934
f 1533/1496/934 1540/1503/1048 1534/1497/1047
f 1540/1503/1048 1539/1502/13 1541/1504/945
f 1542/1505/31 1543/1506/31 1544/1507/31
f 1543/1506/31 1545/1508/31 1544/1507/31
f 1544/1507/31 1545/1508/31 1546/1509/31
f 1546/1509/31 1545/1508/31 1547/1510/945
f 1545/1508/31 1548/1511/1049 1547/1510/945
f 1547/1510/945 1548/1511/1049 1537/1500/1048
f 1537/1500/1048 1548/1511/1049 1536/1499/934
f 1536/1499/934 1548/1511/1049 1538/1501/13
f 1548/1511/1049 1549/1512/31 1538/1501/13
f 1549/1512/31 1550/1513/31 1538/1501/13
f 1538/1501/13 1550/1513/31 1539/1502/13
f 1539/1502/13 1550/1513/31 1541/1504/945
f 1541/1504/945 1550/1513/31 1551/1514/31
f 1551/1514/31 1550/1513/31 1552/1515/31
f 1552/1515/31 1550/1513/31 1553/1516/31
f 1550/1513/31 1554/1517/31 1553/1516/31
f 1553/1516/31 1554/1517/31 1555/1518/31
f 1543/1506/31 1556/1519/31 1545/1508/31
f 1556/1519/31 1557/1520/31 1545/1508/31
f 1545/1508/31 1557/1520/31 1549/1512/31
f 1557/1520/31 1554/1517/31 1549/1512/31
f 1549/1512/31 1554/1517/31 1550/1513/31
f 1549/1512/31 1548/1511/1049 1545/1508/31
s 0
f 1558/1458/351 1559/1455/351 1560/1521/351
f 1560/1521/351 1559/1455/351 1561/1522/351
s 1
f 1559/1455/351 1562/1457/351 1561/1522/351
f 1563/1523/351 1562/1457/1050 1564/1524/1050
f 1562/1457/1050 1565/1465/351 1564/1524/1050
f 1564/1524/1050 1565/1465/351 1566/1525/1051
f 1565/1465/351 1567/1467/351 1566/1525/1051
f 1567/1467/351 1568/1187/351 1566/1525/1051
f 1566/1525/1051 1568/1187/351 1569/1526/351
f 1568/1187/351 1570/1192/1050 1569/1526/351
f 1569/1526/351 1570/1192/1050 1571/1527/1050
f 1572/1493/1052 1574/1528/1053 1573/1498/1054
f 1573/1498/1054 1574/1528/1053 1575/1500/1055
f 1574/1528/1053 1572/1493/1052 1576/1529/1056
f 1572/1493/1052 1577/1489/1057 1576/1529/1056
f 1577/1489/1057 1578/1490/1058 1576/1529/1056
f 1578/1490/1058 1579/1491/1059 1576/1529/1056
f 1576/1529/1056 1579/1491/1059 1580/1530/1060
f 1580/1530/1060 1579/1491/1059 1581/1531/1061
f 1579/1491/1059 1582/1492/1062 1581/1531/1061
f 1581/1531/1061 1582/1492/1062 1583/1532/1063
f 1582/1492/1062 1473/1448/1025 1583/1532/1063
f 1583/1532/1063 1473/1448/1025 1584/1533/1064
f 1473/1448/1025 1471/1446/1023 1584/1533/1064
f 1584/1533/1064 1471/1446/1023 1585/1534/561
f 1471/1446/1023 1470/1445/561 1585/1534/561
f 1585/1534/561 1586/1535/561 1584/1533/1064
f 1586/1535/561 1587/1536/561 1584/1533/1064
f 1584/1533/1064 1587/1536/561 1583/1532/1063
f 1587/1536/561 1588/1537/561 1583/1532/1063
f 1583/1532/1063 1588/1537/561 1581/1531/1061
f 1588/1537/561 1589/1538/561 1581/1531/1061
f 1581/1531/1061 1589/1538/561 1580/1530/1060
f 1589/1538/561 1590/1539/1065 1580/1530/1060
f 1580/1530/1060 1590/1539/1065 1576/1529/1056
f 1589/1538/561 1591/1540/561 1590/1539/1065
f 1591/1540/561 1592/1541/561 1590/1539/1065
f 1590/1539/1065 1592/1541/561 1593/1542/1066
f 1592/1541/561 1594/1543/561 1593/1542/1066
f 1593/1542/1066 1594/1543/561 1595/1544/1067
f 1594/1543/561 1596/1545/1068 1595/1544/1067
f 1595/1544/1067 1596/1545/1068 1597/1507/1069
f 1596/1545/1068 1598/1505/1070 1597/1507/1069
f 1596/1545/1068 1594/1543/561 1599/1546/561
f 1576/1529/1056 1590/1539/1065 1574/1528/1053
f 1574/1528/1053 1590/1539/1065 1600/1547/1071
f 1590/1539/1065 1593/1542/1066 1600/1547/1071
f 1593/1542/1066 1595/1544/1067 1600/1547/1071
f 1595/1544/1067 1597/1507/1069 1600/1547/1071
f 1600/1547/1071 1597/1507/1069 1575/1500/1055
f 1597/1507/1069 1601/1509/1072 1575/1500/1055
f 1575/1500/1055 1601/1509/1072 1602/1510/1073
f 1575/1500/1055 1574/1528/1053 1600/1547/1071
s 0
f 1603/1546/351 1604/1548/351 1605/1545/351
f 1604/1548/351 1606/1549/351 1605/1545/351
s 1
f 1605/1545/351 1606/1549/351 1607/1505/351
f 1608/1550/351 1609/1551/351 1607/1505/351
f 1607/1505/351 1609/1551/351 1610/1506/351
f 1609/1551/351 1611/1552/1074 1610/1506/351
f 1610/1506/351 1611/1552/1074 1612/1519/1075
f 1611/1552/1074 1613/1553/1076 1612/1519/1075
f 1612/1519/1075 1613/1553/1076 1614/1520/1077
f 1613/1553/1076 1615/1554/351 1614/1520/1077
f 1614/1520/1077 1615/1554/351 1616/1517/1078
f 1617/1555/561 1619/1556/561 1618/1557/561
f 1619/1556/561 1620/1558/561 1618/1557/561
f 1620/1558/561 1621/1559/561 1618/1557/561
f 1618/1557/561 1621/1559/561 1622/1560/561
f 1621/1559/561 1623/1561/561 1622/1560/561
f 1624/1562/964 1625/1563/964 1626/1564/964
f 1625/1563/964 1627/1565/964 1626/1564/964
f 1626/1564/964 1627/1565/964 1628/1566/964
f 1627/1565/964 1629/1567/964 1628/1566/964
f 1625/1563/964 1630/1568/964 1627/1565/964
f 1631/1569/964 1633/1570/964 1632/1571/964
f 1632/1571/964 1633/1570/964 1634/1572/964
f 1633/1570/964 1635/1573/964 1634/1572/964
f 1632/1571/964 1634/1572/964 1636/1574/964
f 1634/1572/964 1637/1575/964 1636/1574/964
f 1638/1576/561 1639/1577/561 1640/1578/561
f 1639/1577/561 1641/1579/561 1640/1578/561
f 1641/1579/561 1642/1580/561 1640/1578/561
f 1640/1578/561 1642/1580/561 1643/1581/561
f 1642/1580/561 1644/1582/561 1643/1581/561
f 1645/1583/968 1646/1584/964 1647/1585/1079
f 1646/1584/964 1648/1586/1079 1647/1585/1079
f 1647/1585/1079 1648/1586/1079 1649/1587/1079
f 1648/1586/1079 1650/1588/964 1649/1587/1079
f 1646/1584/964 1651/1589/964 1648/1586/1079
f 1652/1590/561 1654/1591/561 1653/1592/561
f 1654/1591/561 1655/1593/561 1653/1592/561
f 1655/1593/561 1656/1594/561 1653/1592/561
f 1653/1592/561 1656/1594/561 1657/1595/561
f 1656/1594/561 1658/1596/561 1657/1595/561
f 1659/1597/964 1660/1598/964 1661/1599/1079
f 1660/1598/964 1662/1600/1079 1661/1599/1079
f 1661/1599/1079 1662/1600/1079 1663/1601/1079
f 1662/1600/1079 1664/1602/1079 1663/1601/1079
f 1660/1598/964 1665/1603/964 1662/1600/1079
f 1666/1604/561 1668/1605/561 1667/1606/561
f 1668/1605/561 1669/1607/561 1667/1606/561
s 0
f 1669/1607/561 1670/1608/561 1667/1606/561
s 1
f 1667/1606/561 1670/1608/561 1671/1609/561
f 1670/1608/561 1672/1610/561 1671/1609/561
f 1673/1611/964 1674/1612/964 1675/1613/1079
f 1674/1612/964 1676/1614/1079 1675/1613/1079
f 1675/1613/1079 1676/1614/1079 1677/1615/1079
f 1676/1614/1079 1678/1616/1079 1677/1615/1079
f 1674/1612/964 1679/1617/964 1676/1614/1079
f 1680/1246/561 1682/1618/561 1681/1243/561
f 1682/1618/561 1683/1619/561 1681/1243/561
f 1683/1619/561 1684/1238/1080 1681/1243/561
f 1681/1243/561 1684/1238/1080 1685/1242/561
f 1684/1238/1080 1686/1239/561 1685/1242/561
f 1687/1241/964 1688/1240/964 1689/1244/1079
f 1688/1240/964 1690/1620/1079 1689/1244/1079
f 1689/1244/1079 1690/1620/1079 1691/1245/1079
f 1690/1620/1079 1692/1621/964 1691/1245/1079
f 1688/1240/964 1693/1237/964 1690/1620/1079
f 1694/1363/561 1696/1622/561 1695/1361/561
f 1696/1622/561 1697/1623/561 1695/1361/561
f 1697/1623/561 1698/1234/561 1695/1361/561
f 1695/1361/561 1698/1234/561 1699/1251/561
f 1698/1234/561 1700/1236/561 1699/1251/561
f 1701/1214/964 1702/1215/964 1703/1213/1079
f 1702/1215/964 1704/1624/964 1703/1213/1079
f 1703/1213/1079 1704/1624/964 1705/1198/964
f 1704/1624/964 1706/1625/964 1705/1198/964
f 1702/1215/964 1707/1217/964 1704/1624/964
f 1708/1626/561 1710/1627/561 1709/1628/1015
f 1710/1627/561 1711/1629/1015 1709/1628/1015
f 1711/1629/1015 1712/1225/561 1709/1628/1015
f 1709/1628/1015 1712/1225/561 1713/1630/561
f 1712/1225/561 1714/1631/561 1713/1630/561
f 1715/1632/561 1716/1633/561 1717/1634/561
f 1717/1634/561 1716/1633/561 1718/1635/561
f 1716/1633/561 1719/1636/561 1718/1635/561
f 1719/1636/561 1720/1637/561 1718/1635/561
f 1718/1635/561 1720/1637/561 1721/1638/561
f 1722/1639/964 1724/1640/964 1723/1641/964
f 1723/1641/964 1724/1640/964 1725/1642/964
f 1724/1640/964 1726/1643/968 1725/1642/964
f 1725/1642/964 1727/1644/964 1723/1641/964
f 1727/1644/964 1728/1645/964 1723/1641/964
f 1729/1646/964 1730/1647/964 1731/1648/964
f 1730/1647/964 1732/1649/964 1731/1648/964
f 1732/1649/964 1733/1650/964 1731/1648/964
f 1731/1648/964 1733/1650/964 1734/1651/964
f 1730/1647/964 1735/1652/964 1732/1649/964
f 1736/1653/561 1737/1654/561 1738/1655/561
f 1738/1655/561 1737/1654/561 1739/1656/561
f 1737/1654/561 1740/1657/561 1739/1656/561
f 1740/1657/561 1741/1658/561 1739/1656/561
f 1739/1656/561 1741/1658/561 1742/1659/561
f 1743/1660/964 1745/1661/964 1744/1662/964
f 1744/1662/964 1745/1661/964 1746/1663/964
f 1745/1661/964 1747/1664/964 1746/1663/964
f 1746/1663/964 1748/1665/964 1744/1662/964
f 1748/1665/964 1749/1666/964 1744/1662/964
f 1750/1667/561 1751/1668/561 1752/1669/561
f 1752/1669/561 1751/1668/561 1753/1670/561
f 1751/1668/561 1754/1671/561 1753/1670/561
f 1754/1671/561 1755/1672/561 1753/1670/561
f 1753/1670/561 1755/1672/561 1756/1673/561
f 1757/1674/964 1759/1675/964 1758/1676/964
f 1758/1676/964 1759/1675/964 1760/1677/964
f 1759/1675/964 1761/1678/964 1760/1677/964
f 1760/1677/964 1762/1679/964 1758/1676/964
f 1762/1679/964 1763/1680/964 1758/1676/964
f 1764/1681/561 1765/1682/561 1766/1683/561
f 1766/1683/561 1765/1682/561 1767/1684/1015
f 1765/1682/561 1768/1685/1015 1767/1684/1015
f 1768/1685/1015 1769/1686/561 1767/1684/1015
f 1767/1684/1015 1769/1686/561 1770/1687/561
f 1771/1688/964 1773/1689/964 1772/1690/964
f 1772/1690/964 1773/1689/964 1774/1691/964
f 1773/1689/964 1775/1692/968 1774/1691/964
f 1774/1691/964 1776/1693/964 1772/1690/964
f 1776/1693/964 1777/1694/964 1772/1690/964
f 1778/1695/561 1779/1696/561 1780/1697/561
f 1780/1697/561 1779/1696/561 1781/1698/1015
f 1779/1696/561 1782/1699/1015 1781/1698/1015
f 1782/1699/1015 1783/1700/561 1781/1698/1015
f 1781/1698/1015 1783/1700/561 1784/1701/561
f 1785/1702/964 1787/1703/964 1786/1704/964
f 1786/1704/964 1787/1703/964 1788/1705/964
f 1787/1703/964 1789/1706/964 1788/1705/964
f 1788/1705/964 1790/1707/964 1786/1704/964
f 1790/1707/964 1791/1708/964 1786/1704/964
f 1792/1271/561 1793/1269/561 1794/1285/561
f 1794/1285/561 1793/1269/561 1795/1287/561
f 1793/1269/561 1796/1709/1015 1795/1287/561
f 1796/1709/1015 1797/1710/561 1795/1287/561
f 1795/1287/561 1797/1710/561 1798/1289/561
f 1799/1497/964 1801/1503/964 1800/1711/964
f 1800/1711/964 1801/1503/964 1802/1514/964
f 1801/1503/964 1803/1504/968 1802/1514/964
f 1802/1514/964 1804/1515/964 1800/1711/964
f 1804/1515/964 1805/1712/964 1800/1711/964
f 1806/1713/561 1807/1714/561 1808/1715/561
f 1808/1715/561 1807/1714/561 1809/1716/561
f 1807/1714/561 1810/1717/1015 1809/1716/561
f 1810/1717/1015 1811/1718/561 1809/1716/561
f 1809/1716/561 1811/1718/561 1812/1719/561
s 0
f 1813/1720/560 1815/1721/560 1814/1722/560
f 1814/1722/354 1815/1721/354 1816/1723/354
s 1
f 1815/1721/351 1817/1724/351 1816/1723/351
s 0
f 1818/1725/354 1819/1726/354 1820/1727/354
s 1
f 1820/1727/351 1819/1726/351 1821/1728/351
s 0
f 1819/1726/351 1822/1729/351 1821/1728/351
s 1
f 1823/1730/1081 1824/1731/229 1825/1732/229
f 1825/1732/229 1824/1731/229 1826/1733/229
s 0
f 1824/1731/229 1827/1734/229 1826/1733/229
s 1
f 1828/1735/1082 1829/1736/1083 1830/1737/1084
f 1830/1737/1084 1829/1736/1083 1831/1738/1085
f 1831/1738/1085 1829/1736/1083 1832/1739/1086
f 1829/1736/1083 1833/1740/1087 1832/1739/1086
f 1832/1739/1086 1833/1740/1087 1834/1741/1088
f 1833/1740/1087 1835/1742/1089 1834/1741/1088
f 1828/1735/1082 1830/1737/1084 1836/1743/1090
f 1836/1743/1090 1830/1737/1084 1837/1744/1091
f 1830/1737/1084 1838/1745/1092 1837/1744/1091
f 1837/1744/1091 1838/1745/1092 1839/1746/1093
f 1839/1746/1093 1838/1745/1092 1840/1747/1094
f 1838/1745/1092 1831/1738/1085 1840/1747/1094
f 1840/1747/1094 1831/1738/1085 1841/1748/1095
f 1831/1738/1085 1832/1739/1086 1841/1748/1095
f 1841/1748/1095 1832/1739/1086 1842/1749/1096
f 1832/1739/1086 1834/1741/1088 1842/1749/1096
f 1842/1749/1096 1834/1741/1088 1843/1750/1097
f 1843/1750/1097 1834/1741/1088 1844/1751/1098
f 1834/1741/1088 1835/1742/1089 1844/1751/1098
f 1835/1742/1089 1845/1752/1099 1844/1751/1098
f 1845/1752/1099 1846/1753/1100 1844/1751/1098
f 1846/1753/1100 1847/1754/1101 1844/1751/1098
f 1844/1751/1098 1847/1754/1101 1843/1750/1097
f 1847/1754/1101 1848/1755/1102 1843/1750/1097
f 1843/1750/1097 1848/1755/1102 1841/1748/1095
f 1841/1748/1095 1848/1755/1102 1849/1756/1103
f 1849/1756/1103 1848/1755/1102 1850/1757/1104
f 1850/1757/1104 1848/1755/1102 1851/1758/1105
f 1848/1755/1102 1847/1754/1101 1851/1758/1105
f 1851/1758/1105 1847/1754/1101 1852/1759/1106
f 1847/1754/1101 1846/1753/1100 1852/1759/1106
f 1852/1759/1106 1846/1753/1100 1853/1760/1107
f 1838/1745/1092 1830/1737/1084 1831/1738/1085
f 1837/1744/1091 1839/1746/1093 1854/1761/1108
f 1841/1748/1095 1842/1749/1096 1843/1750/1097
f 1850/1757/1104 1855/1762/1104 1849/1756/1103
f 1855/1762/1104 1856/1763/1103 1849/1756/1103
f 1849/1756/1103 1856/1763/1103 1841/1748/1095
f 1855/1762/1104 1857/1764/1104 1856/1763/1103
f 1856/1763/1103 1857/1764/1104 1858/1765/1103
f 1857/1764/1104 1859/1766/1109 1858/1765/1103
f 1858/1765/1103 1859/1766/1109 1860/1767/1110
f 1859/1766/1109 1861/1768/1111 1860/1767/1110
f 1860/1767/1110 1861/1768/1111 1862/1769/1112
f 1861/1768/1111 1863/1770/1113 1862/1769/1112
f 1863/1770/1113 1864/1771/1114 1862/1769/1112
f 1864/1771/1114 1865/1772/1115 1862/1769/1112
f 1862/1769/1112 1865/1772/1115 1866/1773/1116
f 1865/1772/1115 1867/1774/1117 1866/1773/1116
f 1866/1773/1116 1867/1774/1117 1868/1775/1118
f 1868/1775/1118 1867/1774/1117 1869/1776/1119
f 1869/1776/1119 1867/1774/1117 1870/1777/1120
f 1867/1774/1117 1865/1772/1115 1870/1777/1120
f 1862/1769/1112 1866/1773/1116 1860/1767/1110
f 1866/1773/1116 1871/1778/1121 1860/1767/1110
f 1860/1767/1110 1871/1778/1121 1858/1765/1103
f 1871/1778/1121 1872/1779/1122 1858/1765/1103
f 1858/1765/1103 1872/1779/1122 1856/1763/1103
f 1866/1773/1116 1868/1775/1118 1871/1778/1121
f 1871/1778/1121 1868/1775/1118 1873/1780/1123
f 1868/1775/1118 1869/1776/1119 1873/1780/1123
f 1873/1780/1123 1869/1776/1119 1874/1781/1124
f 1869/1776/1119 1875/1782/1125 1874/1781/1124
f 1875/1782/1125 1876/1783/1126 1874/1781/1124
f 1876/1783/1126 1877/1784/1127 1874/1781/1124
f 1877/1784/1127 1878/1785/1128 1874/1781/1124
f 1874/1781/1124 1878/1785/1128 1872/1779/1122
f 1878/1785/1128 1879/1786/1129 1872/1779/1122
f 1872/1779/1122 1879/1786/1129 1856/1763/1103
f 1856/1763/1103 1879/1786/1129 1841/1748/1095
f 1841/1748/1095 1879/1786/1129 1840/1747/1094
f 1840/1747/1094 1879/1786/1129 1839/1746/1093
f 1879/1786/1129 1880/1787/1130 1839/1746/1093
f 1839/1746/1093 1880/1787/1130 1854/1761/1108
f 1854/1761/1108 1880/1787/1130 1881/1788/1131
f 1880/1787/1130 1877/1784/1127 1881/1788/1131
f 1877/1784/1127 1876/1783/1126 1881/1788/1131
f 1881/1788/1131 1876/1783/1126 1882/1789/1132
f 1871/1778/1121 1873/1780/1123 1872/1779/1122
f 1872/1779/1122 1873/1780/1123 1874/1781/1124
f 1879/1786/1129 1878/1785/1128 1880/1787/1130
f 1880/1787/1130 1878/1785/1128 1877/1784/1127
f 1883/1790/964 1885/1791/964 1884/1792/964
f 1884/1792/964 1885/1791/964 1886/1793/964
f 1885/1791/964 1887/1794/964 1886/1793/964
f 1886/1793/964 1887/1794/964 1888/1795/964
f 1887/1794/964 1889/1796/964 1888/1795/964
f 1888/1795/964 1889/1796/964 1890/1797/964
f 1884/1792/964 1886/1793/964 1891/1798/964
f 1891/1798/964 1886/1793/964 1892/1799/964
f 1886/1793/964 1888/1795/964 1892/1799/964
f 1889/1796/964 1887/1794/964 1893/1800/964
f 1893/1800/964 1887/1794/964 1894/1801/964
f 1887/1794/964 1895/1802/964 1894/1801/964
f 1894/1801/964 1895/1802/964 1896/1803/964
f 1897/1804/964 1899/1805/964 1898/1806/964
f 1898/1806/964 1899/1805/964 1900/1807/964
f 1899/1805/964 1901/1808/1079 1900/1807/964
f 1900/1807/964 1901/1808/1079 1885/1791/964
f 1885/1791/964 1901/1808/1079 1887/1794/964
f 1887/1794/964 1901/1808/1079 1895/1802/964
f 1901/1808/1079 1902/1809/964 1895/1802/964
f 1895/1802/964 1902/1809/964 1903/1810/964
f 1902/1809/964 1904/1811/964 1903/1810/964
f 1904/1811/964 1905/1812/964 1903/1810/964
f 1905/1812/964 1906/1813/964 1903/1810/964
f 1906/1813/964 1907/1814/964 1903/1810/964
f 1903/1810/964 1907/1814/964 1908/1815/964
f 1909/1816/964 1910/1817/964 1901/1808/1079
f 1910/1817/964 1911/1818/964 1901/1808/1079
f 1911/1818/964 1912/1819/964 1901/1808/1079
f 1912/1819/964 1913/1820/964 1901/1808/1079
f 1901/1808/1079 1913/1820/964 1902/1809/964
f 1903/1810/964 1914/1821/964 1895/1802/964
f 1895/1802/964 1914/1821/964 1896/1803/964
f 1914/1821/964 1915/1822/964 1896/1803/964
f 1896/1803/964 1915/1822/964 1916/1823/964
f 1917/1824/1133 1919/1825/1134 1918/1826/1135
f 1918/1826/1135 1919/1825/1134 1920/1827/1136
f 1920/1827/1136 1919/1825/1134 1921/1828/1137
f 1921/1828/1137 1919/1825/1134 1922/1829/1138
f 1922/1829/1138 1919/1825/1134 1923/1830/1139
f 1923/1830/1139 1919/1825/1134 1924/1831/1140
f 1924/1831/1140 1919/1825/1134 1925/1832/1141
f 1925/1832/1141 1919/1825/1134 1926/1833/1142
f 1926/1833/1142 1919/1825/1134 1927/1834/1143
f 1919/1825/1134 1928/1835/1144 1927/1834/1143
f 1929/1836/1145 1930/1837/1146 1931/1838/1147
f 1931/1838/1147 1930/1837/1146 1932/1839/1148
f 1932/1839/1148 1930/1837/1146 1933/1840/1149
f 1933/1840/1149 1930/1837/1146 1934/1841/1150
f 1934/1841/1150 1930/1837/1146 1935/1842/1151
f 1935/1842/1151 1930/1837/1146 1936/1843/1152
f 1936/1843/1152 1930/1837/1146 1937/1844/1153
f 1937/1844/1153 1930/1837/1146 1938/1845/1154
f 1938/1845/1154 1930/1837/1146 1939/1846/1155
f 1930/1837/1146 1940/1847/1156 1939/1846/1155
f 1941/1848/1157 1942/1422/1158 1943/1849/1158
f 1942/1422/1158 1944/1420/1159 1943/1849/1158
f 1943/1849/1158 1944/1420/1159 1945/1850/1159
f 1944/1420/1159 1946/1418/1160 1945/1850/1159
f 1945/1850/1159 1946/1418/1160 1947/1851/1160
f 1946/1418/1160 1948/1416/1161 1947/1851/1160
f 1947/1851/1160 1948/1416/1161 1949/1852/1161
f 1948/1416/1161 1950/1415/1162 1949/1852/1161
f 1949/1852/1161 1950/1415/1162 1951/1853/1162
f 1950/1415/1162 1952/1413/1163 1951/1853/1162
s 0
f 1951/1853/1163 1952/1413/1163 1953/1854/1163
s 1
f 1952/1413/1162 1954/1411/1164 1953/1854/1162
f 1953/1854/1162 1954/1411/1164 1955/1855/1165
f 1954/1411/1164 1956/1409/1166 1955/1855/1165
f 1955/1855/1165 1956/1409/1166 1957/1856/1166
f 1956/1409/1166 1958/1407/1167 1957/1856/1166
f 1957/1856/1166 1958/1407/1167 1959/1857/1167
f 1958/1407/1167 1960/1405/1168 1959/1857/1167
f 1959/1857/1167 1960/1405/1168 1961/1858/1168
f 1960/1405/1168 1962/1403/1169 1961/1858/1168
f 1961/1858/1168 1962/1403/1169 1963/1859/1169
f 1962/1403/1169 1964/1401/1170 1963/1859/1169
f 1963/1859/1169 1964/1401/1170 1965/1860/1170
f 1964/1401/1170 1966/1399/1170 1965/1860/1170
f 1965/1860/1170 1966/1399/1170 1967/1861/1170
f 1966/1399/1170 1968/1393/1171 1967/1861/1170
f 1967/1861/1170 1968/1393/1171 1969/1862/1170
f 1968/1393/1171 1971/1391/1172 1970/1863/1172
s 0
f 1970/1863/1172 1971/1391/1172 1972/1864/1172
s 1
f 1973/1865/582 1975/1866/1173 1974/1867/1173
f 1974/1867/1173 1975/1866/1173 1976/1868/1174
f 1975/1866/1173 1977/1869/1174 1976/1868/1174
f 1976/1868/1174 1977/1869/1174 1978/1870/1175
f 1977/1869/1174 1979/1871/1175 1978/1870/1175
f 1978/1870/1175 1979/1871/1175 1980/1872/586
f 1979/1871/1175 1981/1873/586 1980/1872/586
f 1980/1872/586 1981/1873/586 1982/1874/1176
f 1981/1873/586 1983/1875/1176 1982/1874/1176
f 1982/1874/1176 1983/1875/1176 1984/1876/1177
f 1983/1875/1176 1985/1877/1177 1984/1876/1177
f 1985/1877/1177 1986/1878/1178 1984/1876/1177
f 1984/1876/1177 1986/1878/1178 1987/1879/1179
f 1987/1879/1179 1986/1878/1178 1988/1880/1180
f 1986/1878/1178 1989/1881/1181 1988/1880/1180
f 1989/1881/1181 1990/1882/1182 1988/1880/1180
f 1988/1880/1180 1990/1882/1182 1991/1883/1182
f 1990/1882/1182 1992/1884/9 1991/1883/1182
f 1991/1883/1182 1992/1884/9 1993/1885/9
f 1992/1884/9 1994/1886/1183 1993/1885/9
f 1993/1885/9 1994/1886/1183 1995/1887/1184
f 1994/1886/1183 1996/1888/1185 1995/1887/1184
f 1995/1887/1184 1996/1888/1185 1997/1889/1185
f 1996/1888/1185 1998/1890/1186 1997/1889/1185
f 1997/1889/1185 1998/1890/1186 1999/1891/1186
f 1998/1890/1186 2000/1892/16 1999/1891/1186
f 1999/1891/1186 2000/1892/16 2001/1893/16
f 2001/1893/16 2000/1892/16 2002/1894/31
f 2000/1892/16 2003/1895/31 2002/1894/31
f 1974/1867/1173 2004/1896/582 1973/1865/582
f 2004/1896/582 2005/1897/582 1973/1865/582
f 1973/1865/582 2005/1897/582 2006/1898/582
f 2007/473/31 2009/475/31 2008/472/31
f 2008/472/31 2009/475/31 2010/474/31
f 2011/473/1187 2013/440/1187 2012/475/1187
f 2012/475/1187 2013/440/1187 2014/442/1187
f 2015/474/1188 2017/450/1188 2016/472/1188
f 2016/472/1188 2017/450/1188 2018/438/1188
f 2019/1899/1189 2021/1900/1188 2020/1901/1188
f 2020/1901/1188 2021/1900/1188 2022/1902/1188
f 2021/1900/1188 2023/1903/1188 2022/1902/1188
f 2022/1902/1188 2023/1903/1188 2024/1904/1188
f 2023/1903/1188 2025/1905/1188 2024/1904/1188
f 2024/1904/1188 2025/1905/1188 2026/1906/1188
f 2025/1905/1188 2027/1907/1190 2026/1906/1188
f 2026/1906/1188 2027/1907/1190 2028/1908/1190
f 2027/1907/1190 2029/1909/1188 2028/1908/1190
f 2028/1908/1190 2029/1909/1188 2030/1910/1188
f 2029/1909/1188 2031/1911/1188 2030/1910/1188
f 2030/1910/1188 2031/1911/1188 2032/1912/1190
f 2031/1911/1188 2033/1913/1188 2032/1912/1190
f 2032/1912/1190 2033/1913/1188 2034/1914/1190
f 2033/1913/1188 2035/1915/1188 2034/1914/1190
f 2034/1914/1190 2035/1915/1188 2036/1916/1188
f 2037/1917/414 2039/1918/1191 2038/1919/1192
f 2039/1918/1191 2040/1920/1192 2038/1919/1192
f 2040/1920/1192 2041/1913/1193 2038/1919/1192
f 2038/1919/1192 2041/1913/1193 2042/1921/1194
f 2043/1922/1187 2045/1921/1187 2044/1923/1187
f 2044/1923/1187 2045/1921/1187 2046/1924/1187
f 2045/1921/1187 2047/1925/1187 2046/1924/1187
f 2046/1924/1187 2047/1925/1187 2048/1926/1187
f 2047/1925/1187 2049/1927/1187 2048/1926/1187
f 2048/1926/1187 2049/1927/1187 2050/1928/1187
f 2049/1927/1187 2051/1929/1187 2050/1928/1187
f 2050/1928/1187 2051/1929/1187 2052/1930/1187
f 2051/1929/1187 2053/1931/1187 2052/1930/1187
f 2052/1930/1187 2053/1931/1187 2054/1932/1187
f 2053/1931/1187 2055/1933/1187 2054/1932/1187
f 2054/1932/1187 2055/1933/1187 2056/1934/1195
f 2055/1933/1187 2057/1935/1187 2056/1934/1195
f 2056/1934/1195 2057/1935/1187 2058/1936/1187
f 2057/1935/1187 2059/1937/1187 2058/1936/1187
f 2058/1936/1187 2059/1937/1187 2060/1938/1187
f 2061/1939/1196 2063/1940/1196 2062/1941/1197
f 2063/1940/1196 2064/1942/1197 2062/1941/1197
f 2064/1942/1197 2065/1935/1198 2062/1941/1197
f 2062/1941/1197 2065/1935/1198 2066/1900/1198
f 2067/1903/1194 2069/1900/1194 2068/1933/1194
f 2068/1933/1194 2069/1900/1194 2070/1935/1194
f 2071/1905/1198 2073/1903/1199 2072/1931/1198
f 2072/1931/1198 2073/1903/1199 2074/1933/1198
f 2075/1907/1194 2077/1905/1194 2076/1929/1200
f 2076/1929/1200 2077/1905/1194 2078/1931/1201
f 2079/1909/1198 2081/1907/1199 2080/1927/1198
f 2080/1927/1198 2081/1907/1199 2082/1929/1198
f 2083/1911/1194 2085/1909/1194 2084/1925/1200
f 2084/1925/1200 2085/1909/1194 2086/1927/1194
f 2087/1913/1198 2089/1911/1198 2088/1921/1198
f 2088/1921/1198 2089/1911/1198 2090/1925/1198
f 2091/1943/1202 2093/1944/1203 2092/1945/1204
f 2092/1945/1204 2093/1944/1203 2094/1946/1205
f 2093/1944/1203 2095/1947/270 2094/1946/1205
f 2094/1946/1205 2095/1947/270 2096/1948/1206
f 2095/1947/270 2097/1949/1206 2096/1948/1206
f 2096/1948/1206 2097/1949/1206 2098/1950/1207
f 2097/1949/1206 2099/1951/1207 2098/1950/1207
f 2098/1950/1207 2099/1951/1207 2100/1952/1208
f 2091/1943/1202 2092/1945/1204 2101/1953/41
f 2101/1953/41 2092/1945/1204 2102/1954/1209
f 2102/1954/1209 2092/1945/1204 2103/1955/1210
f 2103/1955/1210 2092/1945/1204 2104/1956/1211
f 2092/1945/1204 2094/1946/1205 2104/1956/1211
f 2104/1956/1211 2094/1946/1205 2105/1957/1212
f 2094/1946/1205 2106/1948/1212 2105/1957/1212
f 2106/1948/1212 2107/1950/1213 2105/1957/1212
f 2105/1957/1212 2107/1950/1213 2108/1958/1214
f 2108/1958/1214 2107/1950/1213 2109/1959/1215
f 2107/1950/1213 2110/1952/1216 2109/1959/1215
f 2110/1952/1216 2111/1960/1217 2109/1959/1215
f 2109/1959/1215 2111/1960/1217 2112/1961/1217
f 2111/1960/1217 2113/1182/351 2112/1961/1217
f 2112/1961/1217 2113/1182/351 2114/1181/351
f 2099/1951/1207 2115/1962/1206 2100/1952/1208
f 2115/1962/1206 2116/1963/1208 2100/1952/1208
f 2100/1952/1208 2116/1963/1208 2117/1960/1206
f 2116/1963/1208 2118/1964/31 2117/1960/1206
f 2117/1960/1206 2118/1964/31 2119/1965/31
f 2118/1964/31 2120/1966/31 2119/1965/31
f 2119/1965/31 2120/1966/31 2121/1182/31
f 2121/1182/31 2120/1966/31 2122/1179/69
f 2120/1966/31 2123/1967/199 2122/1179/69
f 2123/1967/199 2124/1968/69 2122/1179/69
f 2122/1179/69 2124/1968/69 2125/1177/199
f 2124/1968/69 2126/1969/1218 2125/1177/199
f 2125/1177/199 2126/1969/1218 2127/1176/1219
f 2126/1969/1218 2128/1970/31 2127/1176/1219
f 2127/1176/1219 2128/1970/31 2129/1174/31
f 2128/1970/31 2130/1971/16 2129/1174/31
f 2129/1174/31 2130/1971/16 2131/1172/16
f 2131/1172/16 2130/1971/16 2132/1169/1220
f 2130/1971/16 2133/1972/183 2132/1169/1220
f 2132/1169/1220 2133/1972/183 2134/1167/199
f 2133/1972/183 2135/1973/199 2134/1167/199
f 2134/1167/199 2135/1973/199 2136/1165/1221
f 2135/1973/199 2137/1974/1222 2136/1165/1221
f 2136/1165/1221 2137/1974/1222 2138/1161/1223
f 2137/1974/1222 2139/1160/1223 2138/1161/1223
s 0
f 2140/1975/229 2141/1976/229 2142/1977/229
f 2142/1977/229 2141/1976/229 2143/1978/229
f 2143/1978/229 2141/1976/229 2144/1979/229
f 2141/1976/229 2145/1980/229 2144/1979/229
s 1
f 2146/1981/1224 2147/1982/1225 2148/1983/901
f 2148/1983/901 2147/1982/1225 2149/1984/1225
f 2147/1982/1225 2150/1985/1226 2149/1984/1225
f 2149/1984/1225 2150/1985/1226 2151/1986/1226
f 2150/1985/1226 2152/1987/1227 2151/1986/1226
f 2151/1986/1226 2152/1987/1227 2153/1988/1227
f 2152/1987/1227 2154/1989/1228 2153/1988/1227
f 2146/1981/1224 2148/1983/901 2155/1990/1229
f 2148/1983/901 2156/1991/1229 2155/1990/1229
f 2155/1990/1229 2156/1991/1229 2157/1992/1230
f 2156/1991/1229 2158/1993/1231 2157/1992/1230
f 2157/1992/1230 2158/1993/1231 2159/1994/1232
f 2158/1993/1231 2160/1995/1232 2159/1994/1232
f 2159/1994/1232 2160/1995/1232 2161/1996/1233
f 2160/1995/1232 2162/1997/1233 2161/1996/1233
f 2161/1996/1233 2162/1997/1233 2163/1998/1234
f 2162/1997/1233 2164/1999/1235 2163/1998/1234
f 2163/1998/1234 2164/1999/1235 2165/2000/1236
f 2164/1999/1235 2166/2001/1236 2165/2000/1236
f 2165/2000/1236 2166/2001/1236 2167/2002/1237
f 2166/2001/1236 2168/2003/1237 2167/2002/1237
f 2167/2002/1237 2168/2003/1237 2169/2004/1238
f 2168/2003/1237 2170/2005/1238 2169/2004/1238
f 2169/2004/1238 2170/2005/1238 2171/2006/1239
f 2170/2005/1238 2172/2007/1239 2171/2006/1239
f 2171/2006/1239 2172/2007/1239 2173/2008/1240
f 2173/2008/1240 2172/2007/1239 2174/2009/1239
f 2172/2007/1239 2170/2005/1238 2174/2009/1239
f 2174/2009/1239 2170/2005/1238 2175/2010/1238
f 2170/2005/1238 2168/2003/1237 2175/2010/1238
f 2175/2010/1238 2168/2003/1237 2176/2011/1237
f 2168/2003/1237 2166/2001/1236 2176/2011/1237
f 2176/2011/1237 2166/2001/1236 2177/2012/1236
f 2166/2001/1236 2164/1999/1235 2177/2012/1236
f 2177/2012/1236 2164/1999/1235 2178/2013/1234
f 2164/1999/1235 2162/1997/1233 2178/2013/1234
f 2178/2013/1234 2162/1997/1233 2179/2014/1241
f 2162/1997/1233 2160/1995/1232 2179/2014/1241
f 2179/2014/1241 2160/1995/1232 2180/2015/1232
f 2160/1995/1232 2158/1993/1231 2180/2015/1232
f 2180/2015/1232 2158/1993/1231 2181/2016/1230
f 2158/1993/1231 2156/1991/1229 2181/2016/1230
f 2181/2016/1230 2156/1991/1229 2182/2017/1229
f 2156/1991/1229 2148/1983/901 2182/2017/1229
f 2182/2017/1229 2148/1983/901 2183/2018/901
f 2183/2018/901 2148/1983/901 2184/2019/1225
f 2148/1983/901 2149/1984/1225 2184/2019/1225
f 2184/2019/1225 2149/1984/1225 2185/2020/1242
f 2149/1984/1225 2151/1986/1226 2185/2020/1242
f 2185/2020/1242 2151/1986/1226 2186/2021/1243
f 2151/1986/1226 2153/1988/1227 2186/2021/1243
f 2186/2021/1243 2153/1988/1227 2187/2022/1228
f 2153/1988/1227 2188/2023/1228 2187/2022/1228
f 2187/2022/1228 2188/2023/1228 2189/2024/1244
f 2188/2023/1228 2190/2025/1245 2189/2024/1244
f 2189/2024/1244 2190/2025/1245 2191/2026/1246
f 2190/2025/1245 2192/2027/1245 2191/2026/1246
f 2192/2027/1245 2193/2028/1246 2191/2026/1246
f 2191/2026/1246 2193/2028/1246 2194/2029/1247
f 2193/2028/1246 2195/2030/1247 2194/2029/1247
f 2173/2008/1240 2196/2031/1240 2171/2006/1239
f 2153/1988/1227 2154/1989/1228 2188/2023/1228
f 2154/1989/1228 2192/2027/1245 2188/2023/1228
f 2188/2023/1228 2192/2027/1245 2190/2025/1245
f 2189/2024/1244 2191/2026/1246 2197/2032/1248
f 2191/2026/1246 2194/2029/1247 2197/2032/1248
f 2197/2032/1248 2194/2029/1247 2198/2033/1247
f 2199/2034/295 2201/2035/295 2200/2036/295
f 2200/2036/295 2201/2035/295 2202/2037/295
f 2203/2038/1249 2205/2039/1250 2204/2040/1250
f 2203/2038/1249 2206/2041/1251 2205/2039/1250
f 2203/2038/1249 2208/2042/968 2207/2043/1251
f 2208/2042/968 2209/1980/968 2207/2043/1251
f 2207/2043/1251 2209/1980/968 2210/2044/968
f 2209/1980/968 2211/1976/968 2210/2044/968
f 2211/1976/968 2212/1975/964 2210/2044/968
f 2210/2044/968 2212/1975/964 2213/2045/1252
f 2212/1975/964 2214/2046/964 2213/2045/1252
f 2214/2046/964 2215/2047/1253 2213/2045/1252
f 2213/2045/1252 2215/2047/1253 2216/2048/1254
f 2215/2047/1253 2217/2049/1254 2216/2048/1254
f 2213/2045/1252 2218/2050/166 2210/2044/968
f 2218/2050/166 2219/2051/1255 2210/2044/968
f 2219/2051/1255 2220/2052/1256 2210/2044/968
f 2210/2044/968 2220/2052/1256 2207/2043/1251
s 0
f 2221/2036/351 2223/2037/351 2222/2053/351
f 2222/2053/351 2223/2037/351 2224/2048/351
f 2225/2046/229 2227/2054/229 2226/2047/229
f 2227/2054/229 2228/2055/229 2226/2047/229
f 2226/2047/229 2228/2055/229 2229/2049/229
f 2228/2055/229 2230/2056/229 2229/2049/229
s 1
f 2231/1975/582 2232/1977/582 2233/2046/582
f 2232/1977/582 2234/2054/582 2233/2046/582
f 2235/2056/16 2236/2053/239 2237/2049/239
f 2236/2053/239 2238/2048/239 2237/2049/239
f 2239/97/1257 2240/96/1258 2241/2057/1259
f 2241/2057/1259 2240/96/1258 2242/2058/1258
f 2242/2058/1258 2240/96/1258 2243/2059/1260
f 2240/96/1258 2244/93/1260 2243/2059/1260
f 2244/93/1260 2245/92/1261 2243/2059/1260
f 2243/2059/1260 2245/92/1261 2246/2060/1261
f 2246/2060/1261 2245/92/1261 2247/2061/1262
f 2245/92/1261 2248/90/1262 2247/2061/1262
f 2247/2061/1262 2248/90/1262 2249/2062/1263
f 2248/90/1262 2250/88/1264 2249/2062/1263
f 2249/2062/1263 2250/88/1264 2251/2063/1265
f 2250/88/1264 2252/86/1265 2251/2063/1265
f 2252/86/1265 2253/83/1266 2251/2063/1265
f 2251/2063/1265 2253/83/1266 2254/2064/1266
f 2253/83/1266 2255/82/1267 2254/2064/1266
f 2254/2064/1266 2255/82/1267 2256/2065/1267
f 82/82/73 2258/79/1268 2257/2065/1269
f 2257/2065/1269 2258/79/1268 2259/2066/1268
f 2258/79/1268 2260/77/1270 2259/2066/1268
f 2259/2066/1268 2260/77/1270 2261/2067/1270
f 2260/77/1270 2262/75/1271 2261/2067/1270
f 2261/2067/1270 2262/75/1271 2263/2068/1271
f 2262/75/1271 2264/73/1272 2263/2068/1271
f 2263/2068/1271 2264/73/1272 2265/2069/1272
f 2264/73/1272 2266/71/1273 2265/2069/1272
f 2265/2069/1272 2266/71/1273 2267/2070/1274
f 2266/71/1273 2268/69/1275 2267/2070/1274
f 2267/2070/1274 2268/69/1275 2269/2071/1276
f 2268/69/1275 2270/67/1277 2269/2071/1276
f 2269/2071/1276 2270/67/1277 2271/2072/1277
f 2270/67/1277 2272/65/1278 2271/2072/1277
f 2271/2072/1277 2272/65/1278 2273/2073/1278
f 2272/65/1278 2274/64/1279 2273/2073/1278
f 2273/2073/1278 2274/64/1279 2275/2074/1280
f 2276/2075/1281 2278/2076/1282 2277/2077/1283
f 2278/2076/1282 2279/2078/1284 2277/2077/1283
f 2277/2077/1283 2279/2078/1284 2280/2079/1285
f 2279/2078/1284 2281/2080/1285 2280/2079/1285
f 2280/2079/1285 2281/2080/1285 2282/2081/1286
f 2281/2080/1285 2283/2082/1287 2282/2081/1286
f 2282/2081/1286 2283/2082/1287 2284/2083/1288
f 2283/2082/1287 2285/2084/1289 2284/2083/1288
f 2284/2083/1288 2285/2084/1289 2286/2085/1290
f 2285/2084/1289 2287/2086/1290 2286/2085/1290
f 2286/2085/1290 2287/2086/1290 2288/2087/1291
f 2287/2086/1290 2289/2088/1291 2288/2087/1291
f 2288/2087/1291 2289/2088/1291 2290/2089/1292
f 2289/2088/1291 2291/2090/1293 2290/2089/1292
f 2291/2090/1293 2292/2091/229 2290/2089/1292
f 2290/2089/1292 2292/2091/229 2293/2092/229
f 2293/2092/229 2292/2091/229 2294/2093/1294
f 2292/2091/229 2295/2094/1294 2294/2093/1294
f 2295/2094/1294 2296/2095/1295 2294/2093/1294
f 2294/2093/1294 2296/2095/1295 2297/2096/1296
f 2296/2095/1295 2298/2097/1297 2297/2096/1296
f 2297/2096/1296 2298/2097/1297 2299/2098/1297
f 2298/2097/1297 2300/2099/1298 2299/2098/1297
f 2299/2098/1297 2300/2099/1298 2301/2100/1299
f 2300/2099/1298 2302/2101/1300 2301/2100/1299
f 2301/2100/1299 2302/2101/1300 2303/2102/1301
f 2302/2101/1300 2304/2103/1302 2303/2102/1301
f 2303/2102/1301 2304/2103/1302 2305/2104/1303
f 2304/2103/1302 2306/2105/1304 2305/2104/1303
f 2305/2104/1303 2306/2105/1304 2307/2106/1304
f 2306/2105/1304 2308/2107/1305 2307/2106/1304
f 2307/2106/1304 2308/2107/1305 2309/2108/1306
f 2308/2107/1305 2310/2109/1307 2309/2108/1306
f 2309/2108/1306 2310/2109/1307 2311/2110/1308
f 2311/2110/1308 2310/2109/1307 2312/2111/351
f 2310/2109/1307 2313/2112/560 2312/2111/351
f 2313/2112/560 2314/2113/1309 2312/2111/351
f 2312/2111/351 2314/2113/1309 2315/2114/1309
f 2315/2114/1309 2314/2113/1309 2316/2115/1310
f 2314/2113/1309 2317/2116/1311 2316/2115/1310
f 2318/2117/1312 2319/2118/1313 2320/2119/1314
f 2319/2118/1313 2321/2120/1315 2320/2119/1314
f 2320/2119/1314 2321/2120/1315 2322/2121/1316
f 2321/2120/1315 2323/2122/1317 2322/2121/1316
f 2322/2121/1316 2323/2122/1317 2324/2123/1318
f 2323/2122/1317 2325/2124/1319 2324/2123/1318
f 2324/2123/1318 2325/2124/1319 2326/2125/1320
f 2325/2124/1319 2327/2126/1321 2326/2125/1320
f 2326/2125/1320 2327/2126/1321 2328/2127/1322
f 2327/2126/1321 2329/2128/1323 2328/2127/1322
f 2328/2127/1322 2329/2128/1323 2330/2129/531
f 2319/2118/1313 2331/2130/1324 2321/2120/1315
f 2321/2120/1315 2331/2130/1324 2332/2131/1325
f 2331/2130/1324 2333/2132/1326 2332/2131/1325
f 2332/2131/1325 2333/2132/1326 2334/2133/1327
f 2321/2120/1315 2332/2131/1325 2323/2122/1317
f 2323/2122/1317 2332/2131/1325 2335/2134/1328
f 2332/2131/1325 2334/2133/1327 2335/2134/1328
f 2334/2133/1327 2336/2135/1329 2335/2134/1328
f 2335/2134/1328 2336/2135/1329 2337/2136/1330
f 2336/2135/1329 2338/2137/1331 2337/2136/1330
f 2337/2136/1330 2338/2137/1331 2339/2138/1332
f 2338/2137/1331 2340/2139/1333 2339/2138/1332
f 2339/2138/1332 2340/2139/1333 2341/2140/1334
f 2340/2139/1333 2342/2141/1335 2341/2140/1334
f 2323/2122/1317 2335/2134/1328 2325/2124/1319
f 2335/2134/1328 2337/2136/1330 2325/2124/1319
f 2325/2124/1319 2337/2136/1330 2327/2126/1321
f 2337/2136/1330 2339/2138/1332 2327/2126/1321
f 2327/2126/1321 2339/2138/1332 2329/2128/1323
f 2339/2138/1332 2341/2140/1334 2329/2128/1323
f 2329/2128/1323 2341/2140/1334 2343/2142/1336
f 2341/2140/1334 2344/2143/1337 2343/2142/1336
f 2343/2142/1336 2344/2143/1337 2345/2144/1338
f 2344/2143/1337 2346/2145/1339 2345/2144/1338
f 2345/2144/1338 2346/2145/1339 2347/2146/1340
f 2329/2128/1323 2343/2142/1336 2330/2129/531
f 2330/2129/531 2343/2142/1336 2348/2147/1341
f 2343/2142/1336 2345/2144/1338 2348/2147/1341
f 2341/2140/1334 2342/2141/1335 2344/2143/1337
f 2342/2141/1335 2349/2148/1342 2344/2143/1337
f 2344/2143/1337 2349/2148/1342 2346/2145/1339
f 2330/2129/531 2348/2147/1341 2350/2149/1343
f 2350/2149/1343 2348/2147/1341 2351/2150/1344
f 2348/2147/1341 2352/2151/1345 2351/2150/1344
f 2351/2150/1344 2352/2151/1345 2353/2152/1346
f 2352/2151/1345 2354/2153/1347 2353/2152/1346
f 2353/2152/1346 2354/2153/1347 2355/2154/1348
f 2350/2149/1343 2351/2150/1344 2356/2155/1349
f 2356/2155/1349 2351/2150/1344 2357/2156/1350
f 2351/2150/1344 2353/2152/1346 2357/2156/1350
f 2348/2147/1341 2345/2144/1338 2352/2151/1345
f 2345/2144/1338 2347/2146/1340 2352/2151/1345
f 2352/2151/1345 2347/2146/1340 2354/2153/1347
f 2356/2155/1349 2357/2156/1350 2358/2157/1351
f 2358/2157/1351 2357/2156/1350 2359/2158/1352
f 2357/2156/1350 2360/2159/1353 2359/2158/1352
f 2359/2158/1352 2360/2159/1353 2361/2160/1354
f 2360/2159/1353 2362/2161/1355 2361/2160/1354
f 2361/2160/1354 2362/2161/1355 2363/2162/1356
f 2358/2157/1351 2359/2158/1352 2364/2163/1357
f 2364/2163/1357 2359/2158/1352 2365/2164/1358
f 2359/2158/1352 2361/2160/1354 2365/2164/1358
f 2357/2156/1350 2353/2152/1346 2360/2159/1353
f 2353/2152/1346 2355/2154/1348 2360/2159/1353
f 2360/2159/1353 2355/2154/1348 2362/2161/1355
f 2364/2163/1357 2365/2164/1358 2366/2165/1359
f 2366/2165/1359 2365/2164/1358 2367/2166/1360
f 2365/2164/1358 2368/2167/1361 2367/2166/1360
f 2367/2166/1360 2368/2167/1361 2369/2168/1362
f 2368/2167/1361 2370/2169/1363 2369/2168/1362
f 2369/2168/1362 2370/2169/1363 2371/2170/1364
f 2366/2165/1359 2367/2166/1360 2372/2171/1365
f 2372/2171/1365 2367/2166/1360 2373/2172/1366
f 2367/2166/1360 2369/2168/1362 2373/2172/1366
f 2365/2164/1358 2361/2160/1354 2368/2167/1361
f 2361/2160/1354 2363/2162/1356 2368/2167/1361
f 2368/2167/1361 2363/2162/1356 2370/2169/1363
f 2372/2171/1365 2373/2172/1366 2374/2173/1367
f 2374/2173/1367 2373/2172/1366 2375/2174/1368
f 2373/2172/1366 2376/2175/1369 2375/2174/1368
f 2375/2174/1368 2376/2175/1369 2377/2176/1370
f 2376/2175/1369 2378/2177/1371 2377/2176/1370
f 2377/2176/1370 2378/2177/1371 2379/2178/1372
f 2374/2173/1367 2375/2174/1368 2380/2179/1373
f 2380/2179/1373 2375/2174/1368 2381/2180/1374
f 2375/2174/1368 2377/2176/1370 2381/2180/1374
f 2373/2172/1366 2369/2168/1362 2376/2175/1369
f 2369/2168/1362 2371/2170/1364 2376/2175/1369
f 2376/2175/1369 2371/2170/1364 2378/2177/1371
f 2380/2179/1373 2381/2180/1374 2382/2181/1375
f 2382/2181/1375 2381/2180/1374 2383/2182/1376
f 2383/2182/1376 2381/2180/1374 2384/2183/1377
f 2384/2183/1377 2381/2180/1374 2385/2184/1378
f 2381/2180/1374 2377/2176/1370 2385/2184/1378
f 2377/2176/1370 2379/2178/1372 2385/2184/1378
f 2385/2184/1378 2379/2178/1372 2386/2185/1379
f 2379/2178/1372 2387/2186/1380 2386/2185/1379
f 2386/2185/1379 2387/2186/1380 2388/2187/1381
f 2387/2186/1380 2389/2188/1382 2388/2187/1381
f 2388/2187/1381 2389/2188/1382 2390/2189/1383
f 2389/2188/1382 2391/2190/1384 2390/2189/1383
f 2390/2189/1383 2391/2190/1384 2392/2191/1324
f 2391/2190/1384 2393/2192/1326 2392/2191/1324
f 2392/2191/1324 2394/2193/1385 2390/2189/1383
f 2394/2193/1385 2395/2194/1386 2390/2189/1383
f 2390/2189/1383 2395/2194/1386 2388/2187/1381
f 2395/2194/1386 2396/2195/1387 2388/2187/1381
f 2388/2187/1381 2396/2195/1387 2386/2185/1379
f 2396/2195/1387 2397/2196/1388 2386/2185/1379
f 2386/2185/1379 2397/2196/1388 2385/2184/1378
f 2385/2184/1378 2397/2196/1388 2384/2183/1377
f 2384/2183/1377 2397/2196/1388 2383/2182/1376
f 2383/2182/1376 2397/2196/1388 2398/2197/1389
f 2398/2197/1389 2397/2196/1388 2399/2198/1390
f 2397/2196/1388 2396/2195/1387 2399/2198/1390
f 2399/2198/1390 2396/2195/1387 2400/2199/1391
f 2396/2195/1387 2395/2194/1386 2400/2199/1391
f 2400/2199/1391 2395/2194/1386 2401/2200/1312
f 2395/2194/1386 2394/2193/1385 2401/2200/1312
f 2402/2201/1392 2403/2117/1393 2404/2202/1394
f 2403/2117/1393 2405/2119/1394 2404/2202/1394
f 2404/2202/1394 2405/2119/1394 2406/2203/1395
f 2405/2119/1394 2407/2121/1396 2406/2203/1395
f 2406/2203/1395 2407/2121/1396 2408/2204/1397
f 2407/2121/1396 2409/2123/1397 2408/2204/1397
f 2408/2204/1397 2409/2123/1397 2410/2205/1398
f 2409/2123/1397 2411/2125/1399 2410/2205/1398
f 2410/2205/1398 2411/2125/1399 2412/2206/1400
f 2411/2125/1399 2413/2127/1400 2412/2206/1400
f 2413/2127/1400 2414/2129/560 2412/2206/1400
f 2412/2206/1400 2414/2129/560 2415/2207/560
f 2415/2207/560 2414/2129/560 2416/2208/1401
f 2414/2129/560 2417/2149/1401 2416/2208/1401
f 2417/2149/1401 2418/2155/1402 2416/2208/1401
f 2416/2208/1401 2418/2155/1402 2419/2209/1402
f 2418/2155/1402 2420/2157/1403 2419/2209/1402
f 2419/2209/1402 2420/2157/1403 2421/2210/1403
f 2420/2157/1403 2422/2163/1404 2421/2210/1403
f 2421/2210/1403 2422/2163/1404 2423/2211/1405
f 2422/2163/1404 2424/2165/1406 2423/2211/1405
f 2423/2211/1405 2424/2165/1406 2425/2212/1406
f 2424/2165/1406 2426/2171/1407 2425/2212/1406
f 2425/2212/1406 2426/2171/1407 2427/2213/1408
f 2426/2171/1407 2428/2173/1409 2427/2213/1408
f 2427/2213/1408 2428/2173/1409 2429/2214/1409
f 2428/2173/1409 2430/2179/1410 2429/2214/1409
f 2429/2214/1409 2430/2179/1410 2431/2215/1410
f 2430/2179/1410 2432/2181/1411 2431/2215/1410
f 2431/2215/1410 2432/2181/1411 2433/2216/1412
f 2433/2216/1412 2432/2181/1411 2434/2217/340
f 2432/2181/1411 2435/2182/229 2434/2217/340
f 2435/2182/229 2436/2197/1413 2434/2217/340
f 2434/2217/340 2436/2197/1413 2437/2218/1413
f 2437/2218/1413 2436/2197/1413 2438/2219/1414
f 2436/2197/1413 2439/2198/1415 2438/2219/1414
f 2438/2219/1414 2439/2198/1415 2440/2220/1416
f 2439/2198/1415 2441/2199/1417 2440/2220/1416
f 2440/2220/1416 2441/2199/1417 2442/2221/1418
f 2441/2199/1417 2443/2200/1418 2442/2221/1418
f 2444/2222/1419 2445/2223/1420 2446/2224/1421
f 2445/2223/1420 2447/2225/1422 2446/2224/1421
f 2446/2224/1421 2448/2226/1423 2444/2222/1419
f 2444/2222/1419 2448/2226/1423 2449/2227/1424
f 2448/2226/1423 2450/2228/1425 2449/2227/1424
f 2449/2227/1424 2450/2228/1425 2451/2229/1426
f 2450/2228/1425 2452/2230/1427 2451/2229/1426
f 2451/2229/1426 2452/2230/1427 2453/2231/1428
f 2452/2230/1427 2454/2232/1429 2453/2231/1428
f 2453/2231/1428 2454/2232/1429 2455/2233/1430
f 2454/2232/1429 2456/2234/1431 2455/2233/1430
f 2456/2234/1431 2457/2235/1432 2455/2233/1430
f 2457/2235/1432 2458/2236/1433 2455/2233/1430
f 2458/2236/1433 2459/2237/1079 2455/2233/1430
f 2455/2233/1430 2459/2237/1079 2453/2231/1428
f 2459/2237/1079 2460/2238/964 2453/2231/1428
f 2453/2231/1428 2460/2238/964 2451/2229/1426
f 2460/2238/964 2461/2239/964 2451/2229/1426
f 2451/2229/1426 2461/2239/964 2449/2227/1424
f 2461/2239/964 2462/2240/964 2449/2227/1424
f 2449/2227/1424 2462/2240/964 2444/2222/1419
f 2462/2240/964 2463/2241/964 2444/2222/1419
f 2444/2222/1419 2463/2241/964 2445/2223/1420
f 2463/2241/964 2464/2242/964 2445/2223/1420
f 2445/2223/1420 2464/2242/964 2465/2243/1434
f 2464/2242/964 2466/2244/1079 2465/2243/1434
f 2465/2243/1434 2466/2244/1079 2467/2245/1435
f 2466/2244/1079 2468/2246/964 2467/2245/1435
f 2467/2245/1435 2468/2246/964 2469/2247/1436
f 2468/2246/964 2470/2248/964 2469/2247/1436
f 2470/2248/964 2471/2249/1079 2469/2247/1436
f 2471/2249/1079 2472/2250/436 2469/2247/1436
f 2469/2247/1436 2472/2250/436 2473/2251/1437
f 2473/2251/1437 2472/2250/436 2474/2252/1438
f 2474/2252/1438 2472/2250/436 2475/2253/1439
f 2475/2253/1439 2472/2250/436 2476/2254/1440
f 2472/2250/436 2471/2249/1079 2476/2254/1440
f 2471/2249/1079 2477/2255/964 2476/2254/1440
f 2477/2255/964 2478/2256/964 2476/2254/1440
f 2476/2254/1440 2478/2256/964 2479/2257/1441
f 2478/2256/964 2480/2258/1079 2479/2257/1441
f 2445/2223/1420 2465/2243/1434 2447/2225/1422
f 2447/2225/1422 2465/2243/1434 2481/2259/1442
f 2465/2243/1434 2467/2245/1435 2481/2259/1442
f 2481/2259/1442 2467/2245/1435 2473/2251/1437
f 2467/2245/1435 2469/2247/1436 2473/2251/1437
f 2476/2254/1440 2479/2257/1441 2475/2253/1439
f 2475/2253/1439 2479/2257/1441 2482/2260/1443
f 2479/2257/1441 2483/2261/1444 2482/2260/1443
f 2482/2260/1443 2483/2261/1444 2484/2262/1445
f 2483/2261/1444 2485/2263/1446 2484/2262/1445
f 2484/2262/1445 2485/2263/1446 2486/2264/1447
f 2485/2263/1446 2487/2265/1448 2486/2264/1447
f 2486/2264/1447 2487/2265/1448 2488/2266/1449
f 2479/2257/1441 2480/2258/1079 2483/2261/1444
f 2480/2258/1079 2489/2267/964 2483/2261/1444
f 2483/2261/1444 2489/2267/964 2485/2263/1446
f 2489/2267/964 2490/2268/964 2485/2263/1446
f 2485/2263/1446 2490/2268/964 2487/2265/1448
f 2490/2268/964 2491/2269/964 2487/2265/1448
f 2487/2265/1448 2491/2269/964 2492/2270/1450
f 2491/2269/964 2493/2271/964 2492/2270/1450
f 2492/2270/1450 2493/2271/964 2494/2272/1451
f 2493/2271/964 2495/2273/964 2494/2272/1451
f 2495/2273/964 2496/2274/1452 2494/2272/1451
f 2494/2272/1451 2496/2274/1452 2497/2275/1453
f 2497/2275/1453 2496/2274/1452 2498/2276/1454
f 2496/2274/1452 2499/2277/1455 2498/2276/1454
f 2498/2276/1454 2499/2277/1455 2500/2278/1456
f 2500/2278/1456 2499/2277/1455 2457/2235/1432
f 2457/2235/1432 2499/2277/1455 2458/2236/1433
f 2499/2277/1455 2501/2279/964 2458/2236/1433
f 2501/2279/964 2502/2280/968 2458/2236/1433
f 2458/2236/1433 2502/2280/968 2459/2237/1079
f 2487/2265/1448 2492/2270/1450 2488/2266/1449
f 2488/2266/1449 2492/2270/1450 2503/2281/1457
f 2492/2270/1450 2494/2272/1451 2503/2281/1457
f 2503/2281/1457 2494/2272/1451 2497/2275/1453
f 2499/2277/1455 2496/2274/1452 2501/2279/964
f 2501/2279/964 2496/2274/1452 2495/2273/964
f 2504/2282/16 2506/2283/16 2505/2284/16
f 2505/2284/16 2506/2283/16 2507/2285/16
f 2508/2286/1458 2510/2287/1459 2509/2288/1460
f 2510/2287/1459 2511/2289/1459 2509/2288/1460
f 2511/2289/1459 2512/2290/1461 2509/2288/1460
f 2509/2288/1460 2512/2290/1461 2513/2291/1462
f 2512/2290/1461 2514/2292/1462 2513/2291/1462
f 2513/2291/1462 2514/2292/1462 2515/2293/1463
f 2514/2292/1462 2516/2294/1463 2515/2293/1463
f 2515/2293/1463 2516/2294/1463 2517/2295/1464
f 2516/2294/1463 2518/2296/1464 2517/2295/1464
f 2517/2295/1464 2518/2296/1464 2519/2297/1465
f 2518/2296/1464 2520/2298/1466 2519/2297/1465
f 2519/2297/1465 2520/2298/1466 2521/2299/1467
f 2520/2298/1466 2522/2300/1468 2521/2299/1467
f 2521/2299/1467 2522/2300/1468 2523/2301/1469
f 2522/2300/1468 2524/2302/1470 2523/2301/1469
f 2523/2301/1469 2524/2302/1470 2525/2303/1471
f 2524/2302/1470 2526/2304/1472 2525/2303/1471
f 2525/2303/1471 2526/2304/1472 2527/2305/1473
f 2526/2304/1472 2528/2306/1474 2527/2305/1473
f 2527/2305/1473 2528/2306/1474 2529/2307/1475
f 2528/2306/1474 2530/2308/1476 2529/2307/1475
f 2529/2307/1475 2530/2308/1476 2531/2309/1477
f 2530/2308/1476 2532/2310/1478 2531/2309/1477
f 2533/2311/1477 2534/2312/1476 2531/2309/1477
f 2531/2309/1477 2534/2312/1476 2529/2307/1475
f 2534/2312/1476 2535/2313/1479 2529/2307/1475
f 2529/2307/1475 2535/2313/1479 2527/2305/1473
f 2535/2313/1479 2536/2314/1480 2527/2305/1473
f 2527/2305/1473 2536/2314/1480 2525/2303/1471
f 2536/2314/1480 2537/2315/1481 2525/2303/1471
f 2525/2303/1471 2537/2315/1481 2523/2301/1469
f 2537/2315/1481 2538/2316/1467 2523/2301/1469
f 2523/2301/1469 2538/2316/1467 2521/2299/1467
f 2538/2316/1467 2539/2317/1146 2521/2299/1467
f 2521/2299/1467 2539/2317/1146 2519/2297/1465
f 2539/2317/1146 2540/2318/1482 2519/2297/1465
f 2519/2297/1465 2540/2318/1482 2517/2295/1464
f 2540/2318/1482 2541/2319/1483 2517/2295/1464
f 2517/2295/1464 2541/2319/1483 2515/2293/1463
f 2541/2319/1483 2542/2320/1484 2515/2293/1463
f 2515/2293/1463 2542/2320/1484 2513/2291/1462
f 2542/2320/1484 2543/2321/1485 2513/2291/1462
f 2513/2291/1462 2543/2321/1485 2509/2288/1460
f 2543/2321/1485 2508/2286/1458 2509/2288/1460
f 2544/2322/31 2545/2323/1486 2546/2324/31
f 2545/2323/1486 2547/2325/31 2546/2324/31
f 2546/2324/31 2547/2325/31 2548/2326/31
f 2547/2325/31 2549/2327/31 2548/2326/31
f 2548/2326/31 2549/2327/31 2550/2328/31
f 2549/2327/31 2551/2329/31 2550/2328/31
f 2550/2328/31 2551/2329/31 2552/2330/31
f 2551/2329/31 2553/2331/31 2552/2330/31
f 2552/2330/31 2553/2331/31 2554/2332/31
f 2553/2331/31 2555/2333/31 2554/2332/31
f 2554/2332/31 2555/2333/31 2556/2334/31
f 2555/2333/31 2557/2335/31 2556/2334/31
f 2556/2334/31 2557/2335/31 2558/2336/1487
f 2557/2335/31 2559/2337/31 2558/2336/1487
f 2558/2336/1487 2559/2337/31 2560/2338/31
f 2559/2337/31 2561/2339/31 2560/2338/31
f 2560/2338/31 2561/2339/31 2562/2340/1488
f 2561/2339/31 2563/2341/31 2562/2340/1488
f 2562/2340/1488 2563/2341/31 2564/2342/1487
f 2563/2341/31 2565/2343/31 2564/2342/1487
f 2564/2342/1487 2565/2343/31 2566/2344/31
f 2565/2343/31 2567/2345/31 2566/2344/31
f 2568/2311/1489 2569/2309/1490 2570/2344/1489
f 2570/2344/1489 2569/2309/1490 2571/2346/1490
f 2571/2346/1490 2569/2309/1490 2572/2347/1490
f 2569/2309/1490 2573/2310/1490 2572/2347/1490
f 2574/2348/1491 2575/2349/1492 2576/477/1491
f 2576/477/1491 2575/2349/1492 2577/570/1493
f 2577/570/1493 2575/2349/1492 2578/569/1494
f 2575/2349/1492 2579/2350/1495 2578/569/1494
f 2578/569/1494 2579/2350/1495 2580/567/1496
f 2579/2350/1495 2581/2351/1497 2580/567/1496
f 2580/567/1496 2581/2351/1497 2582/568/1498
f 2581/2351/1497 2583/2352/1498 2582/568/1498
f 2582/568/1498 2583/2352/1498 2584/571/1225
f 2583/2352/1498 2585/2353/1225 2584/571/1225
f 2585/2353/1225 2586/2354/1499 2584/571/1225
f 2584/571/1225 2586/2354/1499 2587/572/1499
f 2586/2354/1499 2588/2355/1500 2587/572/1499
f 2587/572/1499 2588/2355/1500 2589/574/1501
f 2589/574/1501 2588/2355/1500 2590/575/1502
f 2588/2355/1500 2591/2356/1502 2590/575/1502
f 2591/2356/1502 2592/2357/1503 2590/575/1502
f 2590/575/1502 2592/2357/1503 2593/579/1504
f 2592/2357/1503 2594/2358/1505 2593/579/1504
f 2593/579/1504 2594/2358/1505 2595/504/1505
f 2596/504/1506 2598/2358/1507 2597/506/1225
f 2598/2358/1507 2599/2359/1225 2597/506/1225
f 2597/506/1225 2599/2359/1225 2600/508/1508
f 2599/2359/1225 2601/2360/1508 2600/508/1508
f 2600/508/1508 2601/2360/1508 2602/510/1509
f 2601/2360/1508 2603/2361/1509 2602/510/1509
f 2602/510/1509 2603/2361/1509 2604/512/1510
f 2603/2361/1509 2605/2362/1510 2604/512/1510
f 2605/2362/1510 2606/2363/1225 2604/512/1510
f 2604/512/1510 2606/2363/1225 2607/523/1225
f 2606/2363/1225 2608/2364/1511 2607/523/1225
f 2607/523/1225 2608/2364/1511 2609/519/1511
f 2608/2364/1511 2610/2365/1509 2609/519/1511
f 2609/519/1511 2610/2365/1509 2611/520/1509
f 2610/2365/1509 2612/2366/1512 2611/520/1509
f 2611/520/1509 2612/2366/1512 2613/522/1513
f 2614/2348/1514 2616/477/1515 2615/2367/1516
f 2616/477/1515 2617/476/1516 2615/2367/1516
f 2615/2367/1516 2617/476/1516 2618/2368/1517
f 2617/476/1516 2619/485/1517 2618/2368/1517
f 2618/2368/1517 2619/485/1517 2620/2369/1518
f 2619/485/1517 2621/487/1519 2620/2369/1518
f 2621/487/1519 2622/496/1520 2620/2369/1518
f 2620/2369/1518 2622/496/1520 2623/2370/1520
f 2624/2371/1521 2626/2372/1522 2625/2373/1523
f 2626/2372/1522 2627/2374/1524 2625/2373/1523
f 2625/2373/1523 2627/2374/1524 2628/2375/1525
f 2627/2374/1524 2629/2376/1526 2628/2375/1525
f 2628/2375/1525 2629/2376/1526 2630/2377/1527
f 2629/2376/1526 2631/2378/1528 2630/2377/1527
f 2624/2371/1521 2625/2373/1523 2632/2379/1529
f 2625/2373/1523 2633/2380/1530 2632/2379/1529
f 2632/2379/1529 2633/2380/1530 2634/2381/1531
f 2625/2373/1523 2628/2375/1525 2633/2380/1530
f 2633/2380/1530 2628/2375/1525 2635/2382/1532
f 2628/2375/1525 2630/2377/1527 2635/2382/1532
f 2630/2377/1527 2636/2383/1533 2635/2382/1532
f 2635/2382/1532 2636/2383/1533 2637/2384/1534
f 2636/2383/1533 2638/2385/1535 2637/2384/1534
f 2637/2384/1534 2638/2385/1535 2639/2386/1536
f 2638/2385/1535 2640/2387/1537 2639/2386/1536
f 2641/2388/1538 2642/2389/1539 2639/2386/1536
f 2642/2389/1539 2643/2390/1540 2639/2386/1536
f 2639/2386/1536 2643/2390/1540 2637/2384/1534
f 2643/2390/1540 2644/2391/1541 2637/2384/1534
f 2637/2384/1534 2644/2391/1541 2635/2382/1532
f 2635/2382/1532 2644/2391/1541 2633/2380/1530
f 2633/2380/1530 2644/2391/1541 2634/2381/1531
f 2634/2381/1531 2644/2391/1541 2645/640/1542
f 2644/2391/1541 2643/2390/1540 2645/640/1542
f 2645/640/1542 2643/2390/1540 2646/650/1543
f 2643/2390/1540 2642/2389/1539 2646/650/1543
f 2647/2392/1543 2648/2393/1544 2649/2394/16
f 2649/2394/16 2648/2393/1544 2650/2395/16
f 2650/2395/16 2648/2393/1544 2651/2396/16
f 2651/2396/16 2648/2393/1544 2652/2397/16
f 2648/2393/1544 2653/2398/1545 2652/2397/16
f 2652/2397/16 2653/2398/1545 2654/2399/16
f 2653/2398/1545 2655/722/1546 2654/2399/16
f 2654/2399/16 2655/722/1546 2656/2400/16
f 2655/722/1546 2653/2398/1545 2657/724/1537
f 2657/724/1537 2653/2398/1545 2658/2401/1547
f 2659/2400/1548 2661/2402/1548 2660/2399/1548
f 2660/2399/1548 2661/2402/1548 2662/2403/1548
f 2661/2402/1548 2663/2404/1548 2662/2403/1548
f 2662/2403/1548 2663/2404/1548 2664/2405/1548
f 2663/2404/1548 2665/2406/1548 2664/2405/1548
f 2665/2406/1548 2666/2407/1549 2664/2405/1548
f 2664/2405/1548 2666/2407/1549 2667/2397/1548
f 2667/2397/1548 2666/2407/1549 2668/2396/1550
f 2666/2407/1549 2669/2408/1551 2668/2396/1550
f 2668/2396/1550 2669/2408/1551 2670/2395/1552
f 2662/2403/1548 2664/2405/1548 2660/2399/1548
f 2660/2399/1548 2664/2405/1548 2667/2397/1548
f 2663/2404/1548 2661/2402/1548 2671/2409/1548
f 2665/2406/1548 2672/2410/1553 2666/2407/1549
f 2666/2407/1549 2672/2410/1553 2669/2408/1551
f 2672/2410/1553 2673/2411/1551 2669/2408/1551
f 2674/2412/31 2675/2413/31 2676/2414/31
f 2675/2413/31 2677/2415/31 2676/2414/31
f 2676/2414/31 2677/2415/31 2678/2416/1554
f 2677/2415/31 2679/2417/1555 2678/2416/1554
f 2678/2416/1554 2679/2417/1555 2680/2418/31
f 2679/2417/1555 2681/2419/31 2680/2418/31
f 2682/2420/582 2683/2421/582 2684/2422/582
f 2683/2421/582 2685/2423/582 2684/2422/582
f 2686/2424/1556 2687/2425/1556 2688/2426/1556
f 2687/2425/1556 2689/2427/1556 2688/2426/1556
f 2690/2426/229 2691/2420/229 2692/2424/229
f 2691/2420/229 2693/2422/229 2692/2424/229
f 2694/2422/1557 2695/2423/1558 2696/2424/1559
f 2696/2424/1559 2695/2423/1558 2697/2428/1558
f 2697/2428/1558 2695/2423/1558 2698/2429/1560
f 2695/2423/1558 2699/2430/1560 2698/2429/1560
f 2699/2430/1560 2700/2431/1561 2698/2429/1560
f 2698/2429/1560 2700/2431/1561 2701/2432/1561
f 2701/2432/1561 2700/2431/1561 2702/2433/1557
f 2700/2431/1561 2703/2434/1562 2702/2433/1557
f 2704/2426/1233 2705/2435/1241 2706/2420/1241
f 2706/2420/1241 2705/2435/1241 2707/2421/1241
f 2705/2435/1241 2708/2436/1241 2707/2421/1241
f 2707/2421/1241 2708/2436/1241 2709/2437/1241
f 2709/2437/1241 2708/2436/1241 2710/2438/1563
f 2708/2436/1241 2711/2439/1233 2710/2438/1563
f 2710/2438/1563 2711/2439/1233 2712/2440/1233
f 2711/2439/1233 2713/2441/1241 2712/2440/1233
f 2714/2442/31 2715/2443/1555 2716/2444/31
f 2715/2443/1555 2717/2445/31 2716/2444/31
s 0
f 2718/2446/351 2719/699/351 2720/2447/351
f 2719/699/351 2721/696/351 2720/2447/351
s 1
f 2722/2448/1564 2723/2449/1565 2724/699/1564
f 2724/699/1564 2723/2449/1565 2725/698/1565
f 2723/2449/1565 2726/2450/964 2725/698/1565
f 2725/698/1565 2726/2450/964 2727/697/964
f 2726/2450/964 2728/2451/1566 2727/697/964
f 2727/697/964 2728/2451/1566 2729/695/1567
f 2728/2451/1566 2730/2452/1568 2729/695/1567
f 2729/695/1567 2730/2452/1568 2731/693/1568
s 0
f 2732/2453/229 2734/694/229 2733/2454/229
f 2733/2454/229 2734/694/229 2735/693/229
s 1
f 2736/2455/561 2738/696/561 2737/2456/561
f 2737/2456/561 2738/696/561 2739/694/561
f 2740/702/1569 2742/707/1570 2741/700/1570
f 2741/700/1570 2742/707/1570 2743/706/1570
f 2744/711/1571 2746/709/1571 2745/705/1571
f 2745/705/1571 2746/709/1571 2747/704/1571
f 2748/709/16 2750/707/16 2749/704/16
f 2749/704/16 2750/707/16 2751/702/16
f 2752/39/1572 2754/24/1573 2753/2457/1574
f 2753/2457/1574 2754/24/1573 2755/2458/1575
f 2754/24/1573 2756/23/1575 2755/2458/1575
f 2755/2458/1575 2756/23/1575 2757/2459/1576
f 2756/23/1575 2758/25/1576 2757/2459/1576
f 2757/2459/1576 2758/25/1576 2759/2460/1577
f 2758/25/1576 2760/129/1577 2759/2460/1577
f 2752/39/1572 2753/2457/1574 2761/2461/1572
f 2761/2461/1572 2753/2457/1574 2762/2462/1572
f 2762/2462/1572 2753/2457/1574 2763/2463/1578
f 2753/2457/1574 2755/2458/1575 2763/2463/1578
f 2763/2463/1578 2755/2458/1575 2764/2464/1579
f 2755/2458/1575 2757/2459/1576 2764/2464/1579
f 2764/2464/1579 2757/2459/1576 2765/2465/1576
f 2757/2459/1576 2759/2460/1577 2765/2465/1576
f 2765/2465/1576 2759/2460/1577 2766/2466/1577
f 2759/2460/1577 2767/2467/1580 2766/2466/1577
f 2766/2466/1577 2767/2467/1580 2768/2468/1580
f 2767/2467/1580 2769/2469/1581 2768/2468/1580
f 2768/2468/1580 2769/2469/1581 2770/2470/1581
f 2759/2460/1577 2760/129/1577 2767/2467/1580
f 2760/129/1577 2771/452/1580 2767/2467/1580
f 2767/2467/1580 2771/452/1580 2769/2469/1581
f 2771/452/1580 2772/453/1581 2769/2469/1581
f 2773/2471/1581 2196/2031/1240 2774/2472/1581
f 2196/2031/1240 2173/2008/1240 2774/2472/1581
f 2774/2472/1581 2173/2008/1240 2775/2473/1240
f 2173/2008/1240 2174/2009/1239 2775/2473/1240
f 2774/2472/1581 2775/2473/1240 2776/2474/1581
f 2777/2475/1582 2779/2476/1582 2778/2477/1582
f 2778/2477/1582 2779/2476/1582 2780/2478/1582
f 2780/2478/1582 2779/2476/1582 2781/2479/1582
f 2779/2476/1582 2782/2480/1582 2781/2479/1582
s 0
f 2783/2285/351 2784/2283/351 2785/2481/351
f 2784/2283/351 2786/2482/351 2785/2481/351
f 2786/2482/351 2787/2483/351 2785/2481/351
f 2785/2481/351 2787/2483/351 2788/2484/351
s 1
f 2789/2485/1230 2791/2486/1583 2790/2487/1230
f 2790/2487/1230 2791/2486/1583 2792/2488/1584
f 2791/2486/1583 2793/2489/1585 2792/2488/1584
f 2793/2489/1585 2794/2490/1585 2792/2488/1584
f 2794/2490/1585 2795/2491/1586 2792/2488/1584
f 2795/2491/1586 2796/2492/1587 2792/2488/1584
f 2792/2488/1584 2796/2492/1587 2790/2487/1230
f 2796/2492/1587 2797/2326/1230 2790/2487/1230
f 2798/2328/1588 2799/2493/1589 2800/2326/1590
f 2800/2326/1590 2799/2493/1589 2801/2487/1590
f 2801/2487/1590 2799/2493/1589 2802/2485/1591
f 2802/2485/1591 2799/2493/1589 2803/2494/1238
f 2803/2494/1238 2799/2493/1589 2804/2495/1592
f 2799/2493/1589 2798/2328/1588 2804/2495/1592
f 2798/2328/1588 2805/2330/1593 2804/2495/1592
f 2804/2495/1592 2805/2330/1593 2806/2496/1594
f 2805/2330/1593 2807/2332/1595 2806/2496/1594
f 2806/2496/1594 2807/2332/1595 2808/2497/1596
f 2807/2332/1595 2809/2334/1597 2808/2497/1596
f 2808/2497/1596 2809/2334/1597 2810/2498/1598
f 2809/2334/1597 2811/2336/1598 2810/2498/1598
f 2810/2498/1598 2811/2336/1598 2812/2499/1599
f 2811/2336/1598 2813/2338/1600 2812/2499/1599
f 2812/2499/1599 2813/2338/1600 2814/2500/1601
f 2813/2338/1600 2815/2340/1602 2814/2500/1601
f 2814/2500/1601 2815/2340/1602 2816/2501/1603
f 2815/2340/1602 2817/2342/1604 2816/2501/1603
f 2816/2501/1603 2817/2342/1604 2818/2346/1605
f 2817/2342/1604 2819/2344/1605 2818/2346/1605
f 2820/2347/1605 2821/2502/1606 2818/2346/1605
f 2818/2346/1605 2821/2502/1606 2816/2501/1603
f 2821/2502/1606 2822/2503/1607 2816/2501/1603
f 2816/2501/1603 2822/2503/1607 2814/2500/1601
f 2822/2503/1607 2823/2504/1600 2814/2500/1601
f 2814/2500/1601 2823/2504/1600 2812/2499/1599
f 2823/2504/1600 2824/2505/1608 2812/2499/1599
f 2812/2499/1599 2824/2505/1608 2810/2498/1598
f 2824/2505/1608 2825/2506/1597 2810/2498/1598
f 2810/2498/1598 2825/2506/1597 2808/2497/1596
f 2825/2506/1597 2826/2507/1609 2808/2497/1596
f 2808/2497/1596 2826/2507/1609 2806/2496/1594
f 2826/2507/1609 2827/2508/1593 2806/2496/1594
f 2806/2496/1594 2827/2508/1593 2804/2495/1592
f 2827/2508/1593 2803/2494/1238 2804/2495/1592
f 2828/2412/964 2829/2509/964 2830/2413/964
f 2830/2413/964 2829/2509/964 2831/2510/964
f 2831/2510/964 2829/2509/964 2832/2511/964
f 2829/2509/964 2833/2512/964 2832/2511/964
f 2834/2421/229 2835/2437/1610 2836/2423/229
f 2836/2423/229 2835/2437/1610 2837/2430/1610
f 2837/2430/1610 2835/2437/1610 2838/2431/229
f 2835/2437/1610 2839/2438/229 2838/2431/229
f 2840/2442/1611 2841/2513/1611 2842/2514/1611
f 2842/2514/1611 2841/2513/1611 2843/2515/1611
f 2843/2515/1611 2841/2513/1611 2844/2516/1612
f 2841/2513/1611 2845/2517/1611 2844/2516/1612
f 2846/2444/229 2847/2518/229 2848/2442/229
f 2848/2442/229 2847/2518/229 2849/2513/229
f 2849/2513/229 2847/2518/229 2850/2517/926
f 2847/2518/229 2851/2519/229 2850/2517/926
s 0
f 2852/2520/1613 2853/2521/1613 2854/2444/1613
f 2854/2444/1614 2853/2521/1614 2855/2518/1614
f 2855/2518/1615 2853/2521/1615 2856/2519/1615
f 2853/2521/1613 2857/2522/1613 2856/2519/1613
s 1
f 2858/1114/582 2859/1115/582 2860/1112/582
f 2859/1115/582 2861/1113/582 2860/1112/582
f 2862/1071/1187 2863/1070/1187 2864/1115/1187
f 2863/1070/1187 2865/1113/1187 2864/1115/1187
f 2866/1068/1188 2867/1074/1188 2868/1112/1188
f 2867/1074/1188 2869/1114/1188 2868/1112/1188
f 2870/2021/839 2871/2523/1616 2872/2020/1617
f 2872/2020/1617 2871/2523/1616 2873/2019/1618
f 2871/2523/1616 2874/2524/1617 2873/2019/1618
f 2873/2019/1618 2874/2524/1617 2875/2018/839
f 2874/2524/1617 2876/2525/1619 2875/2018/839
f 2875/2018/839 2876/2525/1619 2877/2017/839
f 2876/2525/1619 2878/2526/839 2877/2017/839
f 2878/2526/839 2879/2527/839 2877/2017/839
f 2877/2017/839 2879/2527/839 2880/2016/839
f 2880/2016/839 2879/2527/839 2881/2015/839
f 2879/2527/839 2882/2528/839 2881/2015/839
f 2881/2015/839 2882/2528/839 2883/2014/839
f 2882/2528/839 2884/2529/839 2883/2014/839
f 2883/2014/839 2884/2529/839 2885/2013/839
f 2884/2529/839 2886/2530/839 2885/2013/839
f 2885/2013/839 2886/2530/839 2887/2012/582
f 2886/2530/839 2888/2531/582 2887/2012/582
f 2888/2531/582 2889/2532/1620 2887/2012/582
f 2887/2012/582 2889/2532/1620 2890/2011/783
f 2889/2532/1620 2891/2533/732 2890/2011/783
f 2890/2011/783 2891/2533/732 2892/2010/782
f 2891/2533/732 2893/2534/1621 2892/2010/782
f 2892/2010/782 2893/2534/1621 2894/2009/1621
f 2893/2534/1621 2895/2535/1622 2894/2009/1621
f 2894/2009/1621 2895/2535/1622 2896/2473/1622
f 2871/2523/1616 2870/2021/839 2897/2536/839
f 2870/2021/839 2898/2022/839 2897/2536/839
f 2897/2536/839 2898/2022/839 2899/2537/839
f 2898/2022/839 2900/2024/1623 2899/2537/839
f 2899/2537/839 2900/2024/1623 2901/2538/1623
f 2900/2024/1623 2902/2032/1624 2901/2538/1623
f 2901/2538/1623 2902/2032/1624 2903/2539/1624
f 2902/2032/1624 2904/2033/1625 2903/2539/1624
f 2903/2539/1624 2904/2033/1625 2905/2540/1626
f 2906/2535/1627 2908/2541/1628 2907/2473/1629
f 2907/2473/1629 2908/2541/1628 2909/2474/1630
f 2910/2542/1631 2912/2543/1631 2911/2544/1631
f 2911/2544/1631 2912/2543/1631 2913/2545/1631
s 0
f 2914/2039/351 2916/2542/351 2915/2546/351
f 2915/2546/351 2916/2542/351 2917/2544/351
f 2918/2042/229 2920/2038/229 2919/2547/229
f 2919/2547/229 2920/2038/229 2921/2548/229
f 2920/2038/229 2922/2040/229 2921/2548/229
f 2921/2548/229 2922/2040/229 2923/2549/229
s 1
f 2924/2547/16 2926/1979/16 2925/2042/16
f 2925/2042/16 2926/1979/16 2927/1980/16
f 2928/2039/597 2930/2546/597 2929/2040/597
f 2929/2040/597 2930/2546/597 2931/2549/582
f 2932/2550/1632 2934/2551/1633 2933/887/1257
f 2933/887/1257 2934/2551/1633 2935/886/1634
f 2934/2551/1633 2936/2552/1635 2935/886/1634
f 2935/886/1634 2936/2552/1635 2937/888/1635
f 2937/888/1635 2936/2552/1635 2938/905/1636
f 2936/2552/1635 2939/2553/1636 2938/905/1636
f 2938/905/1636 2939/2553/1636 2940/932/1637
f 2939/2553/1636 2941/2554/1638 2940/932/1637
f 2942/932/1639 2943/2554/1640 2944/933/1641
f 2943/2554/1640 2945/2555/1641 2944/933/1641
f 2944/933/1641 2945/2555/1641 2946/938/1642
f 2945/2555/1641 2947/2556/1642 2946/938/1642
f 2946/938/1642 2947/2556/1642 2948/940/1643
f 2947/2556/1642 2949/2557/1644 2948/940/1643
f 2948/940/1643 2949/2557/1644 2950/942/1645
f 2949/2557/1644 2951/2558/1645 2950/942/1645
f 2950/942/1645 2951/2558/1645 2952/944/1646
f 2951/2558/1645 2953/2559/1647 2952/944/1646
f 2952/944/1646 2953/2559/1647 2954/946/1648
f 2953/2559/1647 2955/2560/1649 2954/946/1648
f 2954/946/1648 2955/2560/1649 2956/948/1650
f 2955/2560/1649 2957/2561/1650 2956/948/1650
f 2956/948/1650 2957/2561/1650 2958/950/1651
f 2957/2561/1650 2959/2562/1651 2958/950/1651
f 2958/950/1651 2959/2562/1651 2960/952/1652
f 2959/2562/1651 2961/2563/1653 2960/952/1652
f 2962/2564/839 2963/2565/839 2964/2566/839
f 2964/2566/839 2963/2565/839 2965/2567/839
f 2963/2565/839 2966/2485/839 2965/2567/839
f 2965/2567/839 2966/2485/839 2967/2568/839
f 2966/2485/839 2968/2494/839 2967/2568/839
f 2967/2568/839 2968/2494/839 2969/2569/839
f 2968/2494/839 2970/2508/839 2969/2569/839
f 2969/2569/839 2970/2508/839 2971/2570/839
f 2970/2508/839 2972/2507/839 2971/2570/839
f 2971/2570/839 2972/2507/839 2973/2571/839
f 2972/2507/839 2974/2506/839 2973/2571/839
f 2973/2571/839 2974/2506/839 2975/2572/839
f 2974/2506/839 2976/2505/839 2975/2572/839
f 2975/2572/839 2976/2505/839 2977/2573/839
f 2976/2505/839 2978/2504/839 2977/2573/839
f 2977/2573/839 2978/2504/839 2979/2574/839
f 2978/2504/839 2980/2503/839 2979/2574/839
f 2979/2574/839 2980/2503/839 2981/2575/839
f 2980/2503/839 2982/2502/839 2981/2575/839
f 2981/2575/839 2982/2502/839 2983/2576/839
f 2982/2502/839 2984/2347/839 2983/2576/839
f 2983/2576/839 2984/2347/839 2985/2577/839
f 2986/2578/1654 2988/542/1655 2987/2579/1656
f 2988/542/1655 2989/543/1657 2987/2579/1656
f 2989/543/1657 2990/545/1658 2987/2579/1656
f 2987/2579/1656 2990/545/1658 2991/2580/1658
f 2990/545/1658 2992/546/1659 2991/2580/1658
f 2991/2580/1658 2992/546/1659 2993/2581/1659
f 2992/546/1659 2994/544/1660 2993/2581/1659
f 2993/2581/1659 2994/544/1660 2995/2582/1660
f 2994/544/1660 2996/541/1509 2995/2582/1660
f 2995/2582/1660 2996/541/1509 2997/2583/1509
f 2997/2583/1509 2996/541/1509 2998/2584/1520
f 2996/541/1509 2999/539/1520 2998/2584/1520
f 2998/2584/1520 2999/539/1520 3000/2585/1661
f 2999/539/1520 3001/538/1661 3000/2585/1661
f 3001/538/1661 3002/533/1662 3000/2585/1661
f 3000/2585/1661 3002/533/1662 3003/2586/1662
f 3003/2586/1662 3002/533/1662 3004/2587/1663
f 3002/533/1662 3005/534/1663 3004/2587/1663
f 3004/2587/1663 3005/534/1663 3006/2366/1664
f 3005/534/1663 3007/522/1664 3006/2366/1664
f 3008/2578/1665 3009/2588/1666 3010/542/1667
f 3010/542/1667 3009/2588/1666 3011/550/1666
f 3009/2588/1666 3012/2589/1668 3011/550/1666
f 3011/550/1666 3012/2589/1668 3013/555/1668
f 3012/2589/1668 3014/2590/1669 3013/555/1668
f 3013/555/1668 3014/2590/1669 3015/557/1669
f 3015/557/1669 3014/2590/1669 3016/566/1520
f 3014/2590/1669 3017/2591/1520 3016/566/1520
f 2631/2378/1528 2629/2376/1526 3018/2592/1670
f 2629/2376/1526 3019/2593/1671 3018/2592/1670
f 3018/2592/1670 3019/2593/1671 3020/2594/1672
f 3020/2594/1672 3019/2593/1671 3021/2595/1673
f 3019/2593/1671 3022/2596/1674 3021/2595/1673
f 3021/2595/1673 3022/2596/1674 3023/2597/1675
f 3023/2597/1675 3022/2596/1674 3024/2598/1676
f 3024/2598/1676 3022/2596/1674 2626/2372/1522
f 2626/2372/1522 3022/2596/1674 2627/2374/1524
f 3022/2596/1674 3019/2593/1671 2627/2374/1524
f 2627/2374/1524 3019/2593/1671 2629/2376/1526
f 3018/2592/1670 3020/2594/1672 3025/2599/1677
f 3025/2599/1677 3020/2594/1672 3026/2600/1678
f 3026/2600/1678 3020/2594/1672 3027/2601/1679
f 3020/2594/1672 3021/2595/1673 3027/2601/1679
f 3027/2601/1679 3021/2595/1673 3028/2602/1680
f 3021/2595/1673 3023/2597/1675 3028/2602/1680
f 3028/2602/1680 3029/2603/1681 3027/2601/1679
f 3029/2603/1681 3030/2604/1682 3027/2601/1679
f 3027/2601/1679 3030/2604/1682 3026/2600/1678
f 3030/2604/1682 3031/2605/1683 3026/2600/1678
f 3026/2600/1678 3031/2605/1683 3032/2606/1684
f 3031/2605/1683 3033/2607/1685 3032/2606/1684
f 3025/2599/1677 3026/2600/1678 3032/2606/1684
f 3029/2603/1681 3034/2608/1686 3030/2604/1682
f 3030/2604/1682 3034/2608/1686 3035/2609/1687
f 3034/2608/1686 3036/2610/582 3035/2609/1687
f 3036/2610/582 3037/2411/582 3035/2609/1687
f 3037/2411/582 3038/2410/582 3035/2609/1687
f 3038/2410/582 3039/2406/582 3035/2609/1687
f 3035/2609/1687 3039/2406/582 3040/2611/1688
f 3039/2406/582 3041/2404/582 3040/2611/1688
f 3040/2611/1688 3041/2404/582 3042/2612/1689
f 3041/2404/582 3043/2409/582 3042/2612/1689
f 3030/2604/1682 3035/2609/1687 3031/2605/1683
f 3035/2609/1687 3040/2611/1688 3031/2605/1683
f 3031/2605/1683 3040/2611/1688 3033/2607/1685
f 3040/2611/1688 3042/2612/1689 3033/2607/1685
f 3044/2512/839 3045/2613/839 3046/2511/839
f 3046/2511/839 3045/2613/839 3047/2614/839
f 3045/2613/839 3048/2615/839 3047/2614/839
f 3047/2614/839 3048/2615/839 3049/2616/839
f 3048/2615/839 3050/2617/839 3049/2616/839
f 3049/2616/839 3050/2617/839 3051/2618/839
f 3052/2431/238 3054/2438/16 3053/2434/16
f 3053/2434/16 3054/2438/16 3055/2440/238
f 3056/2619/1690 3058/2620/1691 3057/2441/1690
f 3057/2441/1690 3058/2620/1691 3059/2433/1690
f 3060/2434/229 3062/2440/229 3061/2433/925
f 3061/2433/925 3062/2440/229 3063/2441/925
f 3064/2621/839 3066/2622/839 3065/2519/839
f 3065/2519/839 3066/2622/839 3067/2517/839
f 3068/2074/1692 3070/64/1692 3069/2623/1692
f 3069/2623/1692 3070/64/1692 3071/63/1692
f 3072/2624/1693 3074/1432/1693 3073/2625/1694
f 3074/1432/1693 3075/1434/1695 3073/2625/1694
f 3073/2625/1694 3075/1434/1695 3076/2626/582
f 3075/1434/1695 3077/1435/582 3076/2626/582
f 3078/1432/1696 3079/2624/1696 3080/2627/320
f 3079/2624/1696 3081/2628/320 3080/2627/320
f 3082/2629/1078 3083/2630/351 3084/1518/1050
f 3083/2630/351 3085/1516/1050 3084/1518/1050
f 3086/2631/561 3087/2632/561 3088/2633/561
f 3087/2632/561 3089/2634/561 3088/2633/561
f 3089/2634/561 3090/1431/1015 3088/2633/561
f 3090/1431/1015 3091/1429/561 3088/2633/561
f 3091/1429/561 3092/2635/561 3088/2633/561
f 3088/2633/561 3092/2635/561 3093/2636/561
f 3094/1553/1487 3096/1552/31 3095/1554/31
f 3095/1554/31 3096/1552/31 3097/2629/1555
f 3098/1554/1697 3100/2629/1697 3099/1517/1697
f 3099/1517/1697 3100/2629/1697 3101/1518/1697
f 3102/2637/1698 3104/2638/1698 3103/2639/1699
f 3104/2638/1698 3105/2640/1699 3103/2639/1699
f 3103/2639/1699 3105/2640/1699 3106/2641/351
f 3105/2640/1699 3107/2642/351 3106/2641/351
f 3106/2641/351 3107/2642/351 3108/2643/1700
f 3102/2637/1698 3109/2644/1701 3104/2638/1698
f 3104/2638/1698 3109/2644/1701 3110/2645/1701
f 3110/2645/1701 3109/2644/1701 3111/2646/1702
f 3109/2644/1701 3112/2647/1702 3111/2646/1702
f 3111/2646/1702 3112/2647/1702 3113/2648/1703
f 3112/2647/1702 3114/2649/1704 3113/2648/1703
f 3113/2648/1703 3114/2649/1704 3115/2650/1705
f 3114/2649/1704 3116/2651/1706 3115/2650/1705
f 3115/2650/1705 3116/2651/1706 3117/2652/1707
f 3116/2651/1706 3118/2653/1707 3117/2652/1707
f 3117/2652/1707 3118/2653/1707 3119/2654/1708
f 3118/2653/1707 3120/2655/31 3119/2654/1708
f 3119/2654/1708 3120/2655/31 3121/1721/31
f 3120/2655/31 3122/1724/31 3121/1721/31
f 3107/2642/351 3123/2656/1709 3108/2643/1700
f 3108/2643/1700 3123/2656/1709 3124/2657/1710
f 3123/2656/1709 3125/2658/1711 3124/2657/1710
f 3124/2657/1710 3125/2658/1711 3126/2659/1712
f 3125/2658/1711 3127/2660/1712 3126/2659/1712
f 3127/2660/1712 3128/2661/1713 3126/2659/1712
f 3126/2659/1712 3128/2661/1713 3129/2662/1713
f 3129/2662/1713 3128/2661/1713 3130/2663/1714
f 3128/2661/1713 3131/2664/1715 3130/2663/1714
f 3130/2663/1714 3131/2664/1715 3132/2665/1716
f 3131/2664/1715 3133/2666/1717 3132/2665/1716
f 3132/2665/1716 3133/2666/1717 3134/2667/1718
f 3133/2666/1717 3135/2668/1719 3134/2667/1718
f 3134/2667/1718 3135/2668/1719 3136/2669/719
f 3135/2668/1719 3137/2670/582 3136/2669/719
f 3136/2669/719 3137/2670/582 3138/1727/582
f 3137/2670/582 3139/1725/1720 3138/1727/582
f 3140/2671/351 3141/2672/351 3142/2673/1721
f 3141/2672/351 3143/2674/1722 3142/2673/1721
f 3142/2673/1721 3143/2674/1722 3144/2675/1723
f 3143/2674/1722 3145/2676/1723 3144/2675/1723
f 3144/2675/1723 3145/2676/1723 3146/2677/1724
f 3145/2676/1723 3147/2678/1724 3146/2677/1724
f 3146/2677/1724 3147/2678/1724 3148/2679/1725
f 3147/2678/1724 3149/2680/881 3148/2679/1725
f 3148/2679/1725 3149/2680/881 3150/2681/1726
f 3149/2680/881 3151/2682/1726 3150/2681/1726
f 3150/2681/1726 3151/2682/1726 3152/2683/561
f 3151/2682/1726 3153/2684/561 3152/2683/561
f 3152/2683/561 3153/2684/561 3154/2685/1245
f 3153/2684/561 3155/2686/1245 3154/2685/1245
f 3154/2685/1245 3155/2686/1245 3156/2687/1727
f 3155/2686/1245 3157/2688/1727 3156/2687/1727
f 3156/2687/1727 3157/2688/1727 3158/2689/1728
f 3157/2688/1727 3159/2690/1728 3158/2689/1728
f 3158/2689/1728 3159/2690/1728 3160/2691/1729
f 3159/2690/1728 3161/2692/1729 3160/2691/1729
f 3160/2691/1729 3161/2692/1729 3162/1848/1730
f 3161/2692/1729 3163/2693/1730 3162/1848/1730
f 3163/2693/1730 3164/1421/1731 3162/1848/1730
f 3162/1848/1730 3164/1421/1731 3165/1422/229
f 3166/1521/728 3168/2694/1732 3167/1458/582
f 3167/1458/582 3168/2694/1732 3169/2695/1732
f 3168/2694/1732 3170/2696/1733 3169/2695/1732
f 3169/2695/1732 3170/2696/1733 3171/2697/1734
f 3170/2696/1733 3172/2698/1735 3171/2697/1734
f 3171/2697/1734 3172/2698/1735 3173/2699/1735
f 3172/2698/1735 3174/2700/1736 3173/2699/1735
f 3173/2699/1735 3174/2700/1736 3175/2701/1737
f 3174/2700/1736 3176/2702/1738 3175/2701/1737
f 3175/2701/1737 3176/2702/1738 3177/2703/1739
f 3176/2702/1738 3178/2704/1740 3177/2703/1739
f 3177/2703/1739 3178/2704/1740 3179/2705/1740
f 3178/2704/1740 3180/2706/351 3179/2705/1740
f 3179/2705/1740 3180/2706/351 3181/2707/351
f 3181/2707/351 3180/2706/351 3182/2708/1741
f 3180/2706/351 3183/2709/1742 3182/2708/1741
f 3184/1548/31 3185/1546/31 3186/2710/1743
f 3185/1546/31 3187/2711/1744 3186/2710/1743
f 3186/2710/1743 3187/2711/1744 3188/2712/1745
f 3187/2711/1744 3189/2713/1746 3188/2712/1745
f 3188/2712/1745 3189/2713/1746 3190/2714/1747
f 3189/2713/1746 3191/2715/1748 3190/2714/1747
f 3190/2714/1747 3191/2715/1748 3192/2716/1749
f 3191/2715/1748 3193/2717/1749 3192/2716/1749
f 3192/2716/1749 3193/2717/1749 3194/2718/1750
f 3193/2717/1749 3195/2719/1750 3194/2718/1750
f 3194/2718/1750 3195/2719/1750 3196/2720/1742
f 3195/2719/1750 3197/2721/1742 3196/2720/1742
f 3198/1604/719 3199/1606/582 3200/1615/582
f 3200/1615/582 3199/1606/582 3201/1613/582
f 3201/1613/582 3199/1606/582 3202/1611/892
f 3199/1606/582 3203/1609/892 3202/1611/892
f 3203/1609/892 3204/1610/893 3202/1611/892
f 3202/1611/892 3204/1610/893 3205/1612/893
f 3205/1612/893 3204/1610/893 3206/1617/1751
f 3204/1610/893 3207/1608/1752 3206/1617/1751
f 3206/1617/1751 3207/1608/1752 1236/1219/896
f 3207/1608/1752 3208/1603/1753 1236/1219/896
f 1236/1219/896 3208/1603/1753 3209/1594/1752
f 3209/1594/1752 3208/1603/1753 3210/1596/893
f 3208/1603/1753 3211/1598/893 3210/1596/893
f 3211/1598/893 3212/1597/892 3210/1596/893
f 3210/1596/893 3212/1597/892 3213/1595/892
f 3213/1595/892 3212/1597/892 3214/1592/582
f 3212/1597/892 3215/1599/582 3214/1592/582
f 3215/1599/582 3216/1601/582 3214/1592/582
f 3214/1592/582 3216/1601/582 3217/1590/719
f 1236/1219/896 1255/1238/910 3206/1617/1751
f 3209/1594/1752 3218/1589/894 1236/1219/896
f 1236/1219/896 3218/1589/894 3219/1580/910
f 3219/1580/910 3218/1589/894 3220/1582/893
f 3218/1589/894 3221/1584/893 3220/1582/893
f 3221/1584/893 3222/1583/892 3220/1582/893
f 3220/1582/893 3222/1583/892 3223/1581/1037
f 3223/1581/1037 3222/1583/892 3224/1578/582
f 3222/1583/892 3225/1585/582 3224/1578/582
f 3225/1585/582 3226/1587/582 3224/1578/582
f 3224/1578/582 3226/1587/582 3227/1576/582
f 3219/1580/910 3228/1573/1754 1236/1219/896
f 3228/1573/1754 3229/1559/894 1236/1219/896
f 3229/1559/894 3230/1568/894 1236/1219/896
f 1236/1219/896 3230/1568/894 1242/1225/899
f 3230/1568/894 3231/1563/893 1242/1225/899
f 1242/1225/899 3231/1563/893 3232/1631/893
f 3231/1563/893 3233/1562/892 3232/1631/893
f 3232/1631/893 3233/1562/892 3234/1630/580
f 3234/1630/580 3233/1562/892 3235/1628/582
f 3233/1562/892 3236/1564/582 3235/1628/582
f 3235/1628/582 3236/1564/582 3237/1626/582
f 3236/1564/582 3238/1566/582 3237/1626/582
f 3229/1559/894 3228/1573/1754 3239/1561/893
f 3228/1573/1754 3240/1570/893 3239/1561/893
f 3240/1570/893 3241/1569/1755 3239/1561/893
f 3239/1561/893 3241/1569/1755 3242/1560/892
f 3242/1560/892 3241/1569/1755 3243/1557/582
f 3241/1569/1755 3244/1571/582 3243/1557/582
f 3244/1571/582 3245/1574/582 3243/1557/582
f 3243/1557/582 3245/1574/582 3246/1555/719
f 3247/1559/582 3249/1558/582 3248/1568/582
f 3248/1568/582 3249/1558/582 3250/1565/582
f 3250/1565/582 3249/1558/582 3251/1567/582
f 3249/1558/582 3252/1556/582 3251/1567/582
f 3253/1580/582 3254/1579/582 3255/1573/582
f 3255/1573/582 3254/1579/582 3256/1572/582
f 3256/1572/582 3254/1579/582 3257/1575/582
f 3254/1579/582 3258/1577/582 3257/1575/582
f 3259/1594/1756 3260/1593/582 3261/1589/582
f 3261/1589/582 3260/1593/582 3262/1586/582
f 3262/1586/582 3260/1593/582 3263/1588/582
f 3260/1593/582 3264/1591/582 3263/1588/582
f 3265/1608/582 3266/1607/582 3267/1603/582
f 3267/1603/582 3266/1607/582 3268/1600/582
f 3268/1600/582 3266/1607/582 3269/1602/582
f 3266/1607/582 3270/1605/582 3269/1602/582
f 3271/1238/582 3272/1619/582 3273/1617/582
f 3273/1617/582 3272/1619/582 3274/1614/582
f 3274/1614/582 3272/1619/582 3275/1616/582
f 3272/1619/582 3276/1618/582 3275/1616/582
f 3277/1234/582 3278/1623/582 3279/1237/582
f 3279/1237/582 3278/1623/582 3280/1620/582
f 3280/1620/582 3278/1623/582 3281/1621/582
f 3278/1623/582 3282/1622/582 3281/1621/582
f 3283/1225/582 3284/1629/582 3285/1217/582
f 3285/1217/582 3284/1629/582 3286/1624/719
f 3286/1624/719 3284/1629/582 3287/1625/582
f 3284/1629/582 3288/1627/582 3287/1625/582
f 3289/1701/31 3290/1707/31 3291/1698/31
f 3290/1707/31 3292/1705/31 3291/1698/31
f 3292/1705/31 3293/1706/13 3291/1698/31
f 3291/1698/31 3293/1706/13 3294/1697/945
f 3294/1697/945 3293/1706/13 3295/1695/934
f 3293/1706/13 3296/1703/1757 3295/1695/934
f 3296/1703/1757 3297/1702/1047 3295/1695/934
f 3295/1695/934 3297/1702/1047 3298/1696/317
f 3297/1702/1047 1282/1265/928 3298/1696/317
f 3298/1696/317 1282/1265/928 3299/1688/1047
f 1282/1265/928 3300/1682/9 3299/1688/1047
f 3300/1682/9 3301/1681/934 3299/1688/1047
f 3299/1688/1047 3301/1681/934 3302/1689/934
f 3302/1689/934 3301/1681/934 3303/1692/945
f 3301/1681/934 3304/1683/945 3303/1692/945
f 3304/1683/945 3305/1684/31 3303/1692/945
f 3303/1692/945 3305/1684/31 3306/1691/31
f 3306/1691/31 3305/1684/31 3307/1693/31
f 3305/1684/31 3308/1687/31 3307/1693/31
f 1282/1265/928 3297/1702/1047 1286/1269/932
f 3300/1682/9 1282/1265/928 3309/1674/932
f 1282/1265/928 3310/1668/317 3309/1674/932
f 3310/1668/317 3311/1667/934 3309/1674/932
f 3309/1674/932 3311/1667/934 3312/1675/1757
f 3312/1675/1757 3311/1667/934 3313/1678/945
f 3311/1667/934 3314/1669/945 3313/1678/945
f 3314/1669/945 3315/1670/1555 3313/1678/945
f 3313/1678/945 3315/1670/1555 3316/1677/31
f 3316/1677/31 3315/1670/1555 3317/1679/31
f 3315/1670/1555 3318/1673/31 3317/1679/31
f 1534/1497/1047 3319/1714/1758 1282/1265/928
f 1282/1265/928 3319/1714/1758 3320/1639/1047
f 3320/1639/1047 3319/1714/1758 3321/1640/1048
f 3319/1714/1758 3322/1713/934 3321/1640/1048
f 3321/1640/1048 3322/1713/934 3323/1643/945
f 3322/1713/934 3324/1715/945 3323/1643/945
f 3324/1715/945 3325/1716/31 3323/1643/945
f 3323/1643/945 3325/1716/31 3326/1642/31
f 3326/1642/31 3325/1716/31 3327/1644/31
f 3325/1716/31 3328/1719/1555 3327/1644/31
f 3320/1639/1047 3329/1633/1758 1282/1265/928
f 1282/1265/928 3329/1633/1758 3330/1646/1759
f 3329/1633/1758 3331/1632/1048 3330/1646/1759
f 3330/1646/1759 3331/1632/1048 3332/1647/934
f 3332/1647/934 3331/1632/1048 3333/1652/13
f 3331/1632/1048 3334/1634/945 3333/1652/13
f 3334/1634/945 3335/1635/31 3333/1652/13
f 3333/1652/13 3335/1635/31 3336/1649/31
f 3336/1649/31 3335/1635/31 3337/1650/31
f 3335/1635/31 3338/1638/31 3337/1650/31
f 3330/1646/1759 3339/1654/317 1282/1265/928
f 3339/1654/317 3340/1660/1047 1282/1265/928
f 1282/1265/928 3340/1660/1047 3310/1668/317
f 3339/1654/317 3341/1653/934 3340/1660/1047
f 3340/1660/1047 3341/1653/934 3342/1661/934
f 3342/1661/934 3341/1653/934 3343/1664/945
f 3341/1653/934 3344/1655/13 3343/1664/945
f 3344/1655/13 3345/1656/31 3343/1664/945
f 3343/1664/945 3345/1656/31 3346/1663/31
f 3346/1663/31 3345/1656/31 3347/1665/31
f 3345/1656/31 3348/1659/31 3347/1665/31
f 3349/1633/31 3350/1639/31 3351/1636/31
f 3350/1639/31 3352/1641/31 3351/1636/31
f 3352/1641/31 3353/1645/31 3351/1636/31
f 3351/1636/31 3353/1645/31 3354/1637/31
f 3355/1654/31 3357/1646/31 3356/1657/31
f 3357/1646/31 3358/1648/31 3356/1657/31
f 3358/1648/31 3359/1651/31 3356/1657/31
f 3356/1657/31 3359/1651/31 3360/1658/31
f 3361/1668/31 3363/1660/31 3362/1671/31
f 3363/1660/31 3364/1662/31 3362/1671/31
f 3364/1662/31 3365/1666/31 3362/1671/31
f 3362/1671/31 3365/1666/31 3366/1672/31
f 3367/1682/31 3369/1674/31 3368/1685/31
f 3369/1674/31 3370/1676/31 3368/1685/31
f 3370/1676/31 3371/1680/31 3368/1685/31
f 3368/1685/31 3371/1680/31 3372/1686/31
f 3373/1696/31 3375/1688/31 3374/1699/31
f 3375/1688/31 3376/1690/31 3374/1699/31
f 3376/1690/31 3377/1694/31 3374/1699/31
f 3374/1699/31 3377/1694/31 3378/1700/31
f 3379/1269/31 3381/1702/31 3380/1709/31
f 3381/1702/31 3382/1704/31 3380/1709/31
f 3382/1704/31 3383/1708/31 3380/1709/31
f 3380/1709/31 3383/1708/31 3384/1710/31
f 3385/1714/31 3387/1497/31 3386/1717/31
f 3387/1497/31 3388/1711/31 3386/1717/31
f 3388/1711/31 3389/1712/31 3386/1717/31
f 3386/1717/31 3389/1712/31 3390/1718/31
f 3391/2722/31 3393/2723/31 3392/1733/31
f 3392/1733/31 3393/2723/31 3394/1732/1555
f 3395/2724/582 3397/1423/582 3396/2725/582
s 0
f 3396/2725/582 3397/1423/582 3398/1425/582
s 1
f 3399/1424/582 3401/1728/582 3400/1427/582
f 3400/1427/582 3401/1728/582 3402/1729/719
f 3403/1731/1555 3405/1722/1760 3404/1734/31
f 3404/1734/31 3405/1722/1760 3406/1723/31
f 3407/1388/1050 3409/2726/351 3408/1389/351
f 3409/2726/351 3410/2727/351 3408/1389/351
f 3408/1389/351 3410/2727/351 3411/1391/1050
f 3410/2727/351 3412/1864/351 3411/1391/1050
f 3413/2728/582 3414/2729/582 3415/1386/1761
f 3414/2729/582 3416/2730/582 3415/1386/1761
f 3415/1386/1761 3416/2730/582 3417/1388/582
f 3416/2730/582 3418/2726/582 3417/1388/582
f 3419/1788/964 3420/2731/964 3421/1761/964
f 3420/2731/964 3422/2732/964 3421/1761/964
f 3422/2732/964 3423/2733/1079 3421/1761/964
f 3421/1761/964 3423/2733/1079 3424/1744/964
f 3425/2734/561 3427/2735/561 3426/2736/561
f 3427/2735/561 3428/2737/561 3426/2736/561
f 3428/2737/561 3429/2738/561 3426/2736/561
f 3426/2736/561 3429/2738/561 3430/2739/561
f 3431/2740/229 3433/2741/229 3432/2742/229
f 3432/2742/229 3433/2741/229 3434/2743/926
f 3433/2741/229 3435/2744/229 3434/2743/926
f 3434/2743/926 3435/2744/229 3436/2745/229
s 0
f 3433/2741/229 3437/2746/229 3435/2744/229
s 1
f 3435/2744/229 3437/2746/229 3438/2738/229
f 3439/2747/964 3441/2740/964 3440/2748/964
f 3440/2748/964 3441/2740/964 3442/2749/964
f 3443/2750/351 3445/2751/351 3444/2747/351
f 3444/2747/351 3445/2751/351 3446/2752/351
f 3445/2751/351 3447/2753/351 3446/2752/351
f 3447/2753/351 3448/2754/351 3446/2752/351
f 3448/2754/351 3449/2739/351 3446/2752/351
f 3446/2752/351 3449/2739/351 3450/2755/354
f 3451/2740/1762 3453/2747/1762 3452/2741/1762
f 3452/2741/1762 3453/2747/1762 3454/2752/1762
f 3455/2746/582 3457/2755/582 3456/2738/582
f 3456/2738/582 3457/2755/582 3458/2739/582
f 3459/2746/1249 3461/2741/1249 3460/2755/1249
f 3460/2755/1249 3461/2741/1249 3462/2752/1249
f 3463/2756/1763 3465/2757/229 3464/2758/229
f 3464/2758/229 3465/2757/229 3466/2759/1764
f 3465/2757/229 3467/2760/1765 3466/2759/1764
f 3466/2759/1764 3467/2760/1765 3468/2761/1766
f 3467/2760/1765 3469/2762/1766 3468/2761/1766
f 3468/2761/1766 3469/2762/1766 3470/2763/1767
f 3469/2762/1766 3471/2764/1767 3470/2763/1767
f 3470/2763/1767 3471/2764/1767 3472/2765/1768
f 3471/2764/1767 3473/2766/1769 3472/2765/1768
f 3472/2765/1768 3473/2766/1769 3474/2767/1770
f 3473/2766/1769 3475/2768/1771 3474/2767/1770
f 3474/2767/1770 3475/2768/1771 3476/2769/1772
f 3475/2768/1771 3477/2770/1773 3476/2769/1772
f 3477/2770/1773 3478/2771/31 3476/2769/1772
f 3476/2769/1772 3478/2771/31 3479/2772/31
f 3478/2771/31 3480/2773/31 3479/2772/31
f 3479/2772/31 3480/2773/31 3481/2774/1555
f 3465/2757/229 3463/2756/1763 3482/2775/1763
f 3482/2775/1763 3463/2756/1763 3483/2776/1774
f 3463/2756/1763 3484/2777/1774 3483/2776/1774
f 3483/2776/1774 3484/2777/1774 3485/2778/1775
f 3484/2777/1774 3486/2779/1775 3485/2778/1775
f 3485/2778/1775 3486/2779/1775 3487/2780/1776
f 3486/2779/1775 3488/2781/1776 3487/2780/1776
f 3487/2780/1776 3488/2781/1776 3489/2782/1777
f 3488/2781/1776 3490/2783/1777 3489/2782/1777
f 3489/2782/1777 3490/2783/1777 3491/2784/1778
f 3490/2783/1777 3492/2785/1779 3491/2784/1778
f 3492/2785/1779 3493/2786/582 3491/2784/1778
f 3491/2784/1778 3493/2786/582 3494/2787/582
f 3493/2786/582 3495/2788/719 3494/2787/582
f 3494/2787/582 3495/2788/719 3496/2789/719
f 3497/2790/351 3499/2791/351 3498/2792/351
s 0
f 3498/2792/351 3499/2791/351 3500/2793/351
f 3501/2794/351 3503/2795/351 3502/2796/351
f 3503/2795/351 3504/2797/351 3502/2796/351
s 1
f 3504/2797/351 3505/2798/351 3502/2796/351
f 3502/2796/351 3505/2798/351 3506/2799/351
s 0
f 3507/2773/351 3509/2800/351 3508/2774/351
f 3508/2774/351 3509/2800/351 3510/2801/351
s 1
f 3511/2802/31 3513/2803/31 3512/2793/31
f 3512/2793/31 3513/2803/31 3514/2792/1555
f 3515/2804/31 3517/2805/31 3516/2794/31
f 3516/2794/31 3517/2805/31 3518/2795/31
f 3519/2806/582 3521/2801/582 3520/2807/582
f 3520/2807/582 3521/2801/582 3522/2800/582
f 3523/2805/351 3525/2804/351 3524/2807/351
f 3524/2807/351 3525/2804/351 3526/2806/351
f 3527/2808/582 3529/2809/582 3528/2810/582
f 3528/2810/582 3529/2809/582 3530/2811/911
f 3531/2803/351 3533/2802/351 3532/2810/351
f 3532/2810/351 3533/2802/351 3534/2808/1078
f 3535/2798/911 3537/2812/1780 3536/2799/582
f 3536/2799/582 3537/2812/1780 3538/2813/1780
f 3538/2813/1780 3537/2812/1780 3539/2814/1781
f 3537/2812/1780 3540/2815/1781 3539/2814/1781
f 3539/2814/1781 3540/2815/1781 3541/2816/1782
f 3540/2815/1781 3542/2817/1783 3541/2816/1782
f 3541/2816/1782 3542/2817/1783 3543/2818/1784
f 3542/2817/1783 3544/2819/1784 3543/2818/1784
f 3544/2819/1784 3545/2811/1785 3543/2818/1784
f 3543/2818/1784 3545/2811/1785 3546/2809/1785
f 3547/2820/1786 3549/2821/1786 3548/2822/1786
f 3548/2822/1786 3549/2821/1786 3550/2823/1786
f 3551/2824/964 3553/2820/964 3552/2825/964
f 3552/2825/964 3553/2820/964 3554/2822/964
f 3555/2826/1787 3557/2824/1787 3556/2827/1787
f 3556/2827/1787 3557/2824/1787 3558/2825/1787
f 3559/2828/31 3561/2829/31 3560/2822/31
f 3560/2822/31 3561/2829/31 3562/2825/16
f 3563/2820/582 3565/2824/582 3564/2830/582
f 3564/2830/582 3565/2824/582 3566/2831/582
f 3567/2832/1786 3569/2833/1786 3568/2834/1786
f 3568/2834/1786 3569/2833/1786 3570/2835/1788
f 3571/2836/968 3573/2832/968 3572/2837/964
f 3572/2837/964 3573/2832/968 3574/2834/964
f 3575/2838/1787 3577/2836/1787 3576/2839/1787
f 3576/2839/1787 3577/2836/1787 3578/2837/1787
f 3579/2840/31 3581/2841/31 3580/2834/31
f 3580/2834/31 3581/2841/31 3582/2837/16
f 3583/2832/582 3585/2836/582 3584/2842/582
f 3584/2842/582 3585/2836/582 3586/2843/582
f 3587/2844/1786 3589/2845/1786 3588/2846/1786
f 3588/2846/1786 3589/2845/1786 3590/2847/1786
f 3591/2848/964 3593/2844/964 3592/2849/968
f 3592/2849/968 3593/2844/964 3594/2846/968
f 3595/2850/1789 3597/2848/1789 3596/2851/1789
f 3596/2851/1789 3597/2848/1789 3598/2849/1789
f 3599/2852/31 3601/2853/16 3600/2846/16
f 3600/2846/16 3601/2853/16 3602/2849/16
f 3603/2844/582 3605/2848/582 3604/2854/582
f 3604/2854/582 3605/2848/582 3606/2855/582
f 3607/2856/1786 3609/2857/1786 3608/2858/1786
f 3608/2858/1786 3609/2857/1786 3610/2859/1788
f 3611/2860/964 3613/2856/964 3612/2861/964
f 3612/2861/964 3613/2856/964 3614/2858/964
f 3615/2862/1787 3617/2860/1787 3616/2863/1787
f 3616/2863/1787 3617/2860/1787 3618/2861/1787
f 3619/2864/31 3621/2865/31 3620/2858/31
f 3620/2858/31 3621/2865/31 3622/2861/16
f 3623/2856/582 3625/2860/582 3624/2866/582
f 3624/2866/582 3625/2860/582 3626/2867/582
f 3627/2868/1786 3629/2869/1786 3628/2870/1786
f 3628/2870/1786 3629/2869/1786 3630/2871/1788
f 3631/2872/964 3633/2868/964 3632/2873/964
f 3632/2873/964 3633/2868/964 3634/2870/964
f 3635/2874/1787 3637/2872/1787 3636/2875/1787
f 3636/2875/1787 3637/2872/1787 3638/2873/1787
f 3639/2876/31 3641/2877/31 3640/2870/31
f 3640/2870/31 3641/2877/31 3642/2873/16
f 3643/2868/582 3645/2872/582 3644/2878/582
f 3644/2878/582 3645/2872/582 3646/2879/582
f 3647/2880/1790 3649/2881/1791 3648/2882/1705
f 3649/2881/1791 3650/2883/31 3648/2882/1705
f 3648/2882/1705 3650/2883/31 3651/2884/31
f 3650/2883/31 3652/2885/1792 3651/2884/31
f 3651/2884/31 3652/2885/1792 3653/2886/1770
f 3652/2885/1792 3654/2887/1793 3653/2886/1770
f 3653/2886/1770 3654/2887/1793 3655/2888/1769
f 3654/2887/1793 3656/2889/1767 3655/2888/1769
f 3655/2888/1769 3656/2889/1767 3657/2890/1767
f 3656/2889/1767 3658/2891/1794 3657/2890/1767
f 3657/2890/1767 3658/2891/1794 3659/2892/1766
f 3658/2891/1794 3660/2893/1795 3659/2892/1766
f 3659/2892/1766 3660/2893/1795 3661/2894/572
f 3660/2893/1795 3662/2895/1796 3661/2894/572
f 3661/2894/572 3662/2895/1796 3663/2896/1797
f 3662/2895/1796 3664/2897/1798 3663/2896/1797
f 3663/2896/1797 3664/2897/1798 3665/2898/1798
f 3664/2897/1798 3666/2899/1799 3665/2898/1798
f 3665/2898/1798 3666/2899/1799 3667/2900/1799
f 3666/2899/1799 3668/2901/1800 3667/2900/1799
f 3667/2900/1799 3668/2901/1800 3669/2902/1800
f 3668/2901/1800 3670/2903/1720 3669/2902/1800
f 3669/2902/1800 3670/2903/1720 3671/2904/582
f 3670/2903/1720 3672/2905/1801 3671/2904/582
f 3671/2904/582 3672/2905/1801 3673/2906/1802
f 3672/2905/1801 3674/2907/1803 3673/2906/1802
f 3673/2906/1802 3674/2907/1803 3675/2908/1804
f 3647/2880/1790 3676/2909/1805 3649/2881/1791
f 3677/1824/1806 3678/1826/1807 3679/2910/1808
f 3679/2910/1808 3678/1826/1807 3680/2911/1809
f 3678/1826/1807 3681/1827/1769 3680/2911/1809
f 3680/2911/1809 3681/1827/1769 3682/2912/1810
f 3681/1827/1769 3683/1828/1767 3682/2912/1810
f 3682/2912/1810 3683/1828/1767 3684/2913/1811
f 3683/1828/1767 3685/1829/1794 3684/2913/1811
f 3684/2913/1811 3685/1829/1794 3686/2914/871
f 3685/1829/1794 3687/1830/1812 3686/2914/871
f 3686/2914/871 3687/1830/1812 3688/2915/1813
f 3687/1830/1812 3689/1831/1774 3688/2915/1813
f 3688/2915/1813 3689/1831/1774 3690/2916/1814
f 3689/1831/1774 3691/1832/1775 3690/2916/1814
f 3690/2916/1814 3691/1832/1775 3692/2917/1815
f 3691/1832/1775 3693/1833/1816 3692/2917/1815
f 3692/2917/1815 3693/1833/1816 3694/2918/1817
f 3693/1833/1816 3695/1834/1818 3694/2918/1817
f 3694/2918/1817 3695/1834/1818 3696/2919/1819
f 3695/1834/1818 3697/1835/1820 3696/2919/1819
f 3696/2919/1819 3698/2920/1819 3694/2918/1817
f 3698/2920/1819 3699/2921/1817 3694/2918/1817
f 3694/2918/1817 3699/2921/1817 3692/2917/1815
f 3699/2921/1817 3700/2922/1815 3692/2917/1815
f 3692/2917/1815 3700/2922/1815 3690/2916/1814
f 3700/2922/1815 3701/2923/1821 3690/2916/1814
f 3690/2916/1814 3701/2923/1821 3688/2915/1813
f 3698/2920/1819 3702/2924/1820 3699/2921/1817
f 3702/2924/1820 3703/2925/1818 3699/2921/1817
f 3699/2921/1817 3703/2925/1818 3700/2922/1815
f 3703/2925/1818 3704/2926/1816 3700/2922/1815
f 3700/2922/1815 3704/2926/1816 3701/2923/1821
f 3704/2926/1816 3705/2927/1775 3701/2923/1821
f 3701/2923/1821 3705/2927/1775 3706/2928/1822
f 3705/2927/1775 3707/2929/1823 3706/2928/1822
f 3706/2928/1822 3707/2929/1823 3708/2930/872
f 3707/2929/1823 3709/2931/229 3708/2930/872
f 3708/2930/872 3709/2931/229 3710/2932/1811
f 3709/2931/229 3711/2933/1794 3710/2932/1811
f 3711/2933/1794 3712/2934/1824 3710/2932/1811
f 3712/2934/1824 3682/2912/1810 3710/2932/1811
f 3682/2912/1810 3684/2913/1811 3710/2932/1811
f 3710/2932/1811 3684/2913/1811 3708/2930/872
f 3684/2913/1811 3686/2914/871 3708/2930/872
f 3708/2930/872 3686/2914/871 3706/2928/1822
f 3686/2914/871 3688/2915/1813 3706/2928/1822
f 3706/2928/1822 3688/2915/1813 3701/2923/1821
f 3711/2933/1794 3713/2935/1767 3712/2934/1824
f 3712/2934/1824 3713/2935/1767 3714/2936/1809
f 3713/2935/1767 3715/2937/1769 3714/2936/1809
f 3714/2936/1809 3715/2937/1769 3716/2938/1808
f 3715/2937/1769 3717/2939/1770 3716/2938/1808
f 3716/2938/1808 3717/2939/1770 3718/2940/1825
f 3717/2939/1770 3719/2941/1806 3718/2940/1825
f 3682/2912/1810 3712/2934/1824 3680/2911/1809
f 3712/2934/1824 3714/2936/1809 3680/2911/1809
f 3680/2911/1809 3714/2936/1809 3679/2910/1808
f 3714/2936/1809 3716/2938/1808 3679/2910/1808
f 3679/2910/1808 3716/2938/1808 3720/2942/1826
f 3716/2938/1808 3718/2940/1825 3720/2942/1826
f 3679/2910/1808 3720/2942/1826 3677/1824/1806
f 3721/1846/1827 3723/2943/1828 3722/1845/1829
f 3723/2943/1828 3724/2944/1830 3722/1845/1829
f 3722/1845/1829 3724/2944/1830 3725/1844/1831
f 3724/2944/1830 3726/2945/1832 3725/1844/1831
f 3725/1844/1831 3726/2945/1832 3727/1843/1832
f 3726/2945/1832 3728/2946/1833 3727/1843/1832
f 3727/1843/1832 3728/2946/1833 3729/1842/1834
f 3728/2946/1833 3730/2947/1835 3729/1842/1834
f 3729/1842/1834 3730/2947/1835 3731/1841/1835
f 3730/2947/1835 3732/2948/1836 3731/1841/1835
f 3731/1841/1835 3732/2948/1836 3733/1840/1836
f 3732/2948/1836 3734/2949/1837 3733/1840/1836
f 3733/1840/1836 3734/2949/1837 3735/1839/1838
f 3734/2949/1837 3736/2950/1839 3735/1839/1838
f 3735/1839/1838 3736/2950/1839 3737/1838/1840
f 3736/2950/1839 3738/2951/1841 3737/1838/1840
f 3737/1838/1840 3738/2951/1841 3739/1836/1842
f 3723/2943/1828 3721/1846/1827 3740/2952/1827
f 3721/1846/1827 3741/1847/1843 3740/2952/1827
f 3740/2952/1827 3741/1847/1843 3742/2953/1843
f 3743/2950/1844 3745/2949/1845 3744/2954/1845
f 3744/2954/1845 3745/2949/1845 3746/2955/1846
f 3745/2949/1845 3747/2948/1846 3746/2955/1846
f 3746/2955/1846 3747/2948/1846 3748/2956/1847
f 3747/2948/1846 3749/2947/1847 3748/2956/1847
f 3748/2956/1847 3749/2947/1847 3750/2957/1848
f 3749/2947/1847 3751/2946/1849 3750/2957/1848
f 3750/2957/1848 3751/2946/1849 3752/2958/1850
f 3751/2946/1849 3753/2945/1850 3752/2958/1850
f 3752/2958/1850 3753/2945/1850 3754/2959/1851
f 3753/2945/1850 3755/2944/1852 3754/2959/1851
f 3754/2959/1851 3755/2944/1852 3756/2960/1853
f 3755/2944/1852 3757/2943/1853 3756/2960/1853
f 3756/2960/1853 3757/2943/1853 3758/2961/1854
f 3757/2943/1853 3759/2952/1854 3758/2961/1854
f 3758/2961/1854 3759/2952/1854 3760/2962/1855
f 3759/2952/1854 3761/2953/1855 3760/2962/1855
f 3744/2954/1845 3762/2963/1844 3743/2950/1844
f 3743/2950/1844 3762/2963/1844 3763/2951/1856
f 3762/2963/1844 3764/2964/1857 3763/2951/1856
f 3765/2955/1858 3766/2956/1823 3767/2965/1823
f 3767/2965/1823 3766/2956/1823 3768/2966/1859
f 3766/2956/1823 3769/2957/1859 3768/2966/1859
f 3768/2966/1859 3769/2957/1859 3770/2967/1794
f 3769/2957/1859 3771/2958/1794 3770/2967/1794
f 3770/2967/1794 3771/2958/1794 3772/2968/1767
f 3771/2958/1794 3773/2959/1767 3772/2968/1767
f 3772/2968/1767 3773/2959/1767 3774/2969/1769
f 3773/2959/1767 3775/2960/1769 3774/2969/1769
f 3774/2969/1769 3775/2960/1769 3776/2970/1792
f 3775/2960/1769 3777/2961/1792 3776/2970/1792
f 3776/2970/1792 3777/2961/1792 3778/2971/1806
f 3777/2961/1792 3779/2962/1806 3778/2971/1806
f 3767/2965/1823 3780/2972/1775 3765/2955/1858
f 3765/2955/1858 3780/2972/1775 3781/2954/1776
f 3780/2972/1775 3782/2973/1776 3781/2954/1776
f 3781/2954/1776 3782/2973/1776 3783/2963/1818
f 3782/2973/1776 3784/2974/1818 3783/2963/1818
f 3783/2963/1818 3784/2974/1818 3785/2964/1820
f 3784/2974/1818 3786/2975/1820 3785/2964/1820
f 3787/2972/1860 3788/2965/1861 3789/2929/1861
f 3789/2929/1861 3788/2965/1861 3790/2931/1862
f 3788/2965/1861 3791/2966/1862 3790/2931/1862
f 3790/2931/1862 3791/2966/1862 3792/2933/1863
f 3791/2966/1862 3793/2967/1864 3792/2933/1863
f 3792/2933/1863 3793/2967/1864 3794/2935/1865
f 3793/2967/1864 3795/2968/1865 3794/2935/1865
f 3794/2935/1865 3795/2968/1865 3796/2937/1866
f 3795/2968/1865 3797/2969/1866 3796/2937/1866
f 3796/2937/1866 3797/2969/1866 3798/2939/1867
f 3797/2969/1866 3799/2970/1867 3798/2939/1867
f 3798/2939/1867 3799/2970/1867 3800/2941/1868
f 3799/2970/1867 3801/2971/1869 3800/2941/1868
f 3789/2929/1861 3802/2927/1870 3787/2972/1860
f 3787/2972/1860 3802/2927/1870 3803/2973/1871
f 3802/2927/1870 3804/2926/1871 3803/2973/1871
f 3803/2973/1871 3804/2926/1871 3805/2974/1872
f 3804/2926/1871 3806/2925/1872 3805/2974/1872
f 3805/2974/1872 3806/2925/1872 3807/2975/1873
f 3806/2925/1872 3808/2924/1874 3807/2975/1873
f 3809/2060/1875 3810/2060/1875 3811/2059/1876
f 3810/2060/1875 3812/2059/1875 3811/2059/1876
f 3813/2061/1877 3814/2061/1877 3815/2060/1877
f 3814/2061/1877 3816/2060/1877 3815/2060/1877
f 3817/2062/1878 3818/2062/1878 3819/2061/1878
f 3818/2062/1878 3820/2061/1878 3819/2061/1878
f 3821/2063/1879 3822/2063/1879 3823/2062/1879
f 3822/2063/1879 3824/2062/1879 3823/2062/1879
f 3825/2064/1880 3826/2064/1880 3827/2063/1880
f 3826/2064/1880 3828/2063/1880 3827/2063/1880
f 3829/2065/1881 3830/2065/1882 3831/2064/1882
f 3830/2065/1882 3832/2064/1882 3831/2064/1882
f 3833/2066/1883 3834/2066/1884 3835/2065/1883
f 3834/2066/1884 3836/2065/1883 3835/2065/1883
f 3837/2067/1885 3838/2067/1885 3839/2066/1885
f 3838/2067/1885 3840/2066/1885 3839/2066/1885
f 3841/2068/1886 3842/2068/1886 3843/2067/1887
f 3842/2068/1886 3844/2067/1886 3843/2067/1887
f 3845/2069/1888 3846/2069/1889 3847/2068/1889
f 3846/2069/1889 3848/2068/1888 3847/2068/1889
f 3849/2070/1890 3850/2070/1890 3851/2069/1890
f 3850/2070/1890 3852/2069/1890 3851/2069/1890
f 3853/2071/1891 3854/2071/1891 3855/2070/1891
f 3854/2071/1891 3856/2070/1892 3855/2070/1891
f 3857/2072/1893 3858/2072/1894 3859/2071/1894
f 3858/2072/1894 3860/2071/1894 3859/2071/1894
f 3861/2073/1895 3862/2073/1895 3863/2072/1895
f 3862/2073/1895 3864/2072/1895 3863/2072/1895
f 3865/2074/1896 3866/2074/1896 3867/2073/1897
f 3866/2074/1896 3868/2073/1897 3867/2073/1897
f 3869/2059/1898 3870/2059/1898 3871/2058/1898
f 3870/2059/1898 3872/2058/1899 3871/2058/1898
f 3873/2058/1900 3874/2058/1901 3875/2057/1901
f 3874/2058/1901 3876/2057/1901 3875/2057/1901
f 3877/2550/1902 3878/2550/1903 3879/2551/1902
f 3878/2550/1903 3880/2551/1903 3879/2551/1902
f 3881/2551/1904 3882/2551/1904 3883/2552/1904
f 3882/2551/1904 3884/2552/1904 3883/2552/1904
s 0
f 3885/2552/1905 3886/2552/1905 3887/2553/1905
s 1
f 3886/2552/1906 3888/2553/1906 3887/2553/1906
f 3889/2553/1907 3890/2553/1907 3891/2554/1907
f 3890/2553/1907 3892/2554/1907 3891/2554/1907
f 3893/2554/1908 3894/2554/1908 3895/2555/1908
f 3894/2554/1908 3896/2555/1908 3895/2555/1908
f 3897/2555/1909 3898/2555/1909 3899/2556/1909
s 0
f 3898/2555/1910 3900/2556/1910 3899/2556/1910
s 1
f 3901/2556/1911 3902/2556/1911 3903/2557/1911
s 0
f 3902/2556/1912 3904/2557/1912 3903/2557/1912
s 1
f 3905/2557/1913 3906/2557/1914 3907/2558/1914
f 3906/2557/1914 3908/2558/1914 3907/2558/1914
f 3909/2558/1915 3910/2558/1915 3911/2559/1916
f 3910/2558/1915 3912/2559/1915 3911/2559/1916
f 3913/2559/1917 3914/2559/1917 3915/2560/1918
f 3914/2559/1917 3916/2560/1917 3915/2560/1918
f 3917/2560/1919 3918/2560/1920 3919/2561/1921
f 3918/2560/1920 3920/2561/1922 3919/2561/1921
f 3921/2561/1923 3922/2561/1923 3923/2562/1923
f 3922/2561/1923 3924/2562/1923 3923/2562/1923
f 3925/2562/1924 3926/2562/1924 3927/2563/1925
f 3926/2562/1924 3928/2563/1926 3927/2563/1925
f 3929/2623/1927 3930/2623/1928 3931/2074/1928
f 3930/2623/1928 3932/2074/1928 3931/2074/1928
