# Blender 5.0.1
# www.blender.org
mtllib frenzy.mtl
o _gltfNode_0
v -0.026407 0.070410 0.051998
v -0.023293 0.070410 0.051998
v -0.026407 0.070410 -0.000991
v -0.023293 0.070410 -0.000991
v -0.026949 0.066279 -0.000991
v -0.026949 0.066279 0.051998
v -0.026949 0.069873 -0.000991
v -0.026949 0.069873 0.051998
v -0.026949 0.069873 0.051998
v -0.026407 0.070410 0.051998
v -0.026949 0.069873 -0.000991
v -0.026407 0.070410 -0.000991
v -0.011195 0.058528 0.175341
v -0.011195 0.058528 0.177312
v -0.025086 0.058528 0.175341
v -0.025086 0.058528 0.177312
v -0.026423 0.058313 0.177312
v -0.026423 0.058313 0.175341
v -0.027630 0.057701 0.177312
v -0.027630 0.057701 0.175341
v -0.028589 0.056743 0.177312
v -0.028589 0.056743 0.175341
v -0.029203 0.055537 0.177312
v -0.029203 0.055537 0.175341
v -0.029415 0.054198 0.177312
v -0.029415 0.054198 0.175341
v -0.029415 0.045101 0.175341
v -0.029415 0.045101 0.177312
v -0.029415 0.042235 0.176037
v -0.029415 0.042746 0.177950
v -0.029203 0.041458 0.178298
v -0.029203 0.040946 0.176385
v -0.028589 0.040293 0.178607
v -0.028589 0.039780 0.176694
v -0.027630 0.039368 0.178858
v -0.027630 0.038855 0.176945
v -0.026423 0.038773 0.179013
v -0.026423 0.038260 0.177109
v -0.025086 0.038566 0.179071
v -0.025086 0.038054 0.177158
v -0.010036 0.038054 0.177158
v -0.010036 0.038566 0.179071
v 0.005002 0.038566 0.179071
v 0.005002 0.038054 0.177158
v 0.006339 0.038260 0.177109
v 0.006339 0.038773 0.179013
v 0.007544 0.038855 0.176945
v 0.007544 0.039368 0.178858
v 0.008501 0.039780 0.176694
v 0.008501 0.040293 0.178607
v 0.009116 0.040946 0.176385
v 0.009116 0.041458 0.178298
v 0.009328 0.042235 0.176037
v 0.009328 0.042746 0.177950
v 0.009328 0.045101 0.177312
v 0.009328 0.045101 0.175341
v 0.009328 0.054198 0.177312
v 0.009328 0.054198 0.175341
v 0.009116 0.055537 0.175341
v 0.009116 0.055537 0.177312
v 0.008501 0.056743 0.175341
v 0.008501 0.056743 0.177312
v 0.007544 0.057701 0.175341
v 0.007544 0.057701 0.177312
v 0.006339 0.058313 0.175341
v 0.006339 0.058313 0.177312
v 0.005002 0.058528 0.175341
v 0.005002 0.058528 0.177312
v -0.008879 0.058528 0.177312
v -0.008879 0.058528 0.175341
v -0.011195 0.063427 0.175341
v -0.025086 0.063427 0.175341
v -0.011195 0.058528 0.175341
v -0.025086 0.058528 0.175341
v -0.026423 0.058313 0.175341
v -0.027938 0.062973 0.175341
v -0.027630 0.057701 0.175341
v -0.030512 0.061667 0.175341
v -0.028589 0.056743 0.175341
v -0.032555 0.059627 0.175341
v -0.029203 0.055537 0.175341
v -0.033867 0.057049 0.175341
v -0.029415 0.054198 0.175341
v -0.034319 0.054198 0.175341
v -0.034319 0.045101 0.175341
v -0.029415 0.045101 0.175341
v -0.034319 0.042235 0.176037
v -0.029415 0.042235 0.176037
v -0.029203 0.040946 0.176385
v -0.033867 0.039483 0.176781
v -0.028589 0.039780 0.176694
v -0.032555 0.036997 0.177447
v -0.027630 0.038855 0.176945
v -0.030512 0.035021 0.177970
v -0.026423 0.038260 0.177109
v -0.027938 0.033757 0.178308
v -0.025086 0.038054 0.177158
v -0.025086 0.033319 0.178423
v -0.010036 0.033319 0.178423
v -0.010036 0.038054 0.177158
v 0.005002 0.038054 0.177158
v 0.005002 0.033319 0.178423
v 0.007853 0.033757 0.178308
v 0.006339 0.038260 0.177109
v 0.010425 0.035021 0.177970
v 0.007544 0.038855 0.176945
v 0.012465 0.036997 0.177447
v 0.008501 0.039780 0.176694
v 0.013776 0.039483 0.176781
v 0.009116 0.040946 0.176385
v 0.014228 0.042235 0.176037
v 0.009328 0.042235 0.176037
v 0.009328 0.045101 0.175341
v 0.014228 0.045101 0.175341
v 0.009328 0.054198 0.175341
v 0.014228 0.054198 0.175341
v 0.013776 0.057049 0.175341
v 0.009116 0.055537 0.175341
v 0.012465 0.059627 0.175341
v 0.008501 0.056743 0.175341
v 0.010425 0.061667 0.175341
v 0.007544 0.057701 0.175341
v 0.007853 0.062973 0.175341
v 0.006339 0.058313 0.175341
v 0.005002 0.063427 0.175341
v 0.005002 0.058528 0.175341
v -0.008879 0.058528 0.175341
v -0.008879 0.063427 0.175341
v -0.011195 0.063427 0.177312
v -0.025086 0.063427 0.177312
v -0.011195 0.063427 0.175341
v -0.025086 0.063427 0.175341
v -0.027938 0.062973 0.175341
v -0.027938 0.062973 0.177312
v -0.030512 0.061667 0.175341
v -0.030512 0.061667 0.177312
v -0.032555 0.059627 0.175341
v -0.032555 0.059627 0.177312
v -0.032555 0.059627 0.175341
v -0.032555 0.059627 0.177312
v -0.033867 0.057049 0.175341
v -0.033867 0.057049 0.177312
v -0.034319 0.054198 0.175341
v -0.034319 0.054198 0.177312
v -0.034319 0.045101 0.177312
v -0.034319 0.045101 0.175341
v -0.034319 0.042746 0.177950
v -0.034319 0.042235 0.176037
v -0.033867 0.039483 0.176781
v -0.033867 0.039996 0.178685
v -0.032555 0.036997 0.177447
v -0.032555 0.037508 0.179351
v -0.030512 0.035021 0.177970
v -0.030512 0.035534 0.179882
v -0.011195 0.058528 0.177312
v -0.025086 0.058528 0.177312
v -0.011195 0.063427 0.177312
v -0.025086 0.063427 0.177312
v -0.027938 0.062973 0.177312
v -0.026423 0.058313 0.177312
v -0.030512 0.061667 0.177312
v -0.027630 0.057701 0.177312
v -0.032555 0.059627 0.177312
v -0.028589 0.056743 0.177312
v -0.033867 0.057049 0.177312
v -0.029203 0.055537 0.177312
v -0.034319 0.054198 0.177312
v -0.029415 0.054198 0.177312
v -0.029415 0.045101 0.177312
v -0.034319 0.045101 0.177312
v -0.029415 0.042746 0.177950
v -0.034319 0.042746 0.177950
v -0.033867 0.039996 0.178685
v -0.029203 0.041458 0.178298
v -0.032555 0.037508 0.179351
v -0.028589 0.040293 0.178607
v -0.030512 0.035534 0.179882
v -0.027630 0.039368 0.178858
v -0.027938 0.034270 0.180221
v -0.026423 0.038773 0.179013
v -0.025086 0.033831 0.180337
v -0.025086 0.038566 0.179071
v -0.010036 0.038566 0.179071
v -0.010036 0.033831 0.180337
v 0.005002 0.033831 0.180337
v 0.005002 0.038566 0.179071
v 0.006339 0.038773 0.179013
v 0.007853 0.034270 0.180221
v 0.007544 0.039368 0.178858
v 0.010425 0.035534 0.179882
v 0.008501 0.040293 0.178607
v 0.012465 0.037508 0.179351
v 0.009116 0.041458 0.178298
v 0.013776 0.039996 0.178685
v 0.009328 0.042746 0.177950
v 0.014228 0.042746 0.177950
v 0.014228 0.045101 0.177312
v 0.009328 0.045101 0.177312
v 0.014228 0.054198 0.177312
v 0.009328 0.054198 0.177312
v 0.009116 0.055537 0.177312
v 0.013776 0.057049 0.177312
v 0.008501 0.056743 0.177312
v 0.012465 0.059627 0.177312
v 0.007544 0.057701 0.177312
v 0.010425 0.061667 0.177312
v 0.006339 0.058313 0.177312
v 0.007853 0.062973 0.177312
v 0.005002 0.058528 0.177312
v 0.005002 0.063427 0.177312
v -0.008879 0.063427 0.177312
v -0.008879 0.058528 0.177312
v -0.030512 0.035021 0.177970
v -0.030512 0.035534 0.179882
v -0.027938 0.033757 0.178308
v -0.027938 0.034270 0.180221
v -0.025086 0.033319 0.178423
v -0.025086 0.033831 0.180337
v -0.010036 0.033831 0.180337
v -0.010036 0.033319 0.178423
v 0.005002 0.033319 0.178423
v 0.005002 0.033831 0.180337
v 0.007853 0.034270 0.180221
v 0.007853 0.033757 0.178308
v 0.010425 0.035534 0.179882
v 0.010425 0.035021 0.177970
v 0.012465 0.037508 0.179351
v 0.012465 0.036997 0.177447
v -0.008879 0.063427 0.177312
v 0.005002 0.063427 0.177312
v -0.008879 0.063427 0.175341
v 0.005002 0.063427 0.175341
v 0.007853 0.062973 0.175341
v 0.007853 0.062973 0.177312
v 0.010425 0.061667 0.175341
v 0.010425 0.061667 0.177312
v 0.012465 0.059627 0.175341
v 0.012465 0.059627 0.177312
v 0.012465 0.059627 0.175341
v 0.012465 0.059627 0.177312
v 0.013776 0.057049 0.175341
v 0.013776 0.057049 0.177312
v 0.014228 0.054198 0.175341
v 0.014228 0.054198 0.177312
v 0.014228 0.045101 0.177312
v 0.014228 0.045101 0.175341
v 0.014228 0.042746 0.177950
v 0.014228 0.042235 0.176037
v 0.013776 0.039483 0.176781
v 0.013776 0.039996 0.178685
v 0.012465 0.036997 0.177447
v 0.012465 0.037508 0.179351
v -0.029422 0.048638 -0.064068
v -0.024904 0.048638 -0.064068
v -0.029200 0.047242 -0.064068
v -0.028558 0.045977 -0.064068
v -0.029422 0.059172 -0.064068
v -0.010036 0.059172 -0.064068
v -0.010036 0.048233 -0.064068
v -0.024904 0.044118 -0.064068
v -0.010036 0.044118 -0.064068
v -0.024904 0.041747 -0.064068
v -0.010036 0.041747 -0.064068
v -0.027031 0.042086 -0.064068
v -0.026300 0.044341 -0.064068
v -0.027558 0.044978 -0.064068
v -0.028949 0.043069 -0.064068
v -0.029422 0.059172 -0.064068
v -0.010036 0.059172 -0.064068
v -0.029422 0.059172 -0.069490
v -0.010036 0.059172 -0.069490
v 0.009350 0.059172 -0.069490
v 0.009350 0.059172 -0.064068
v -0.029422 0.059172 -0.069490
v -0.010036 0.059172 -0.069490
v -0.029417 0.084893 -0.069490
v -0.010036 0.084893 -0.069490
v 0.009359 0.084893 -0.069490
v 0.009350 0.059172 -0.069490
v 0.011491 0.084893 -0.069490
v 0.011491 0.067674 -0.069490
v 0.011491 0.048638 -0.069490
v 0.009350 0.048638 -0.069490
v 0.009128 0.047242 -0.068997
v 0.011165 0.046572 -0.068997
v 0.008486 0.045977 -0.068098
v 0.010220 0.044722 -0.068098
v 0.007487 0.044978 -0.066649
v 0.008746 0.043243 -0.066649
v 0.008877 0.043069 -0.066426
v 0.010401 0.044589 -0.067846
v 0.010401 0.044589 -0.067846
v 0.011379 0.046506 -0.068755
v 0.011379 0.046506 -0.068755
v 0.011715 0.048638 -0.069267
v 0.011715 0.048638 -0.069267
v 0.011715 0.067674 -0.069267
v 0.011715 0.084893 -0.069267
v 0.011108 0.086728 -0.069490
v 0.011715 0.085976 -0.068958
v 0.011491 0.088025 -0.069490
v 0.011715 0.088041 -0.069267
v 0.011491 0.102782 -0.069480
v 0.011715 0.102847 -0.069257
v 0.011491 0.103699 -0.069480
v 0.011715 0.103939 -0.069238
v 0.009361 0.102782 -0.069480
v 0.009158 0.102782 -0.069480
v 0.008981 0.102600 -0.069480
v -0.010036 0.102782 -0.069480
v 0.004227 0.102782 -0.069480
v 0.008805 0.102782 -0.069480
v 0.008805 0.107020 -0.069480
v 0.008455 0.107657 -0.069480
v 0.006833 0.108624 -0.069480
v -0.008190 0.112961 -0.069480
v -0.008066 0.113580 -0.069480
v -0.006787 0.116712 -0.069480
v -0.008220 0.114440 -0.069480
v -0.007795 0.117208 -0.069480
v -0.008537 0.114944 -0.069480
v -0.008851 0.117423 -0.069480
v -0.008993 0.115333 -0.069480
v -0.009426 0.115531 -0.069480
v -0.010036 0.115621 -0.069480
v -0.010036 0.117853 -0.069480
v -0.011222 0.117712 -0.069480
v -0.010646 0.115531 -0.069480
v -0.011079 0.115333 -0.069480
v -0.012306 0.117299 -0.069480
v -0.011536 0.114944 -0.069480
v -0.013285 0.116712 -0.069480
v -0.011854 0.114440 -0.069480
v -0.026907 0.108624 -0.069480
v -0.012006 0.113580 -0.069480
v -0.028529 0.107657 -0.069480
v -0.011884 0.112961 -0.069480
v -0.024299 0.102782 -0.069480
v -0.011627 0.112490 -0.069480
v -0.011254 0.112102 -0.069480
v -0.010707 0.111788 -0.069480
v -0.010036 0.111681 -0.069480
v -0.009365 0.111788 -0.069480
v -0.008818 0.112102 -0.069480
v -0.008445 0.112490 -0.069480
v -0.029053 0.102600 -0.069480
v -0.028879 0.102782 -0.069480
v -0.028879 0.107020 -0.069480
v -0.029230 0.102782 -0.069480
v -0.029406 0.102782 -0.069480
v 0.011715 0.088041 -0.069267
v 0.011715 0.084893 -0.064068
v 0.011715 0.085976 -0.068958
v 0.011715 0.084893 -0.069267
v 0.011715 0.102847 -0.069257
v 0.011715 0.104376 -0.064068
v 0.011715 0.103939 -0.069238
v 0.011715 0.108301 -0.064880
v 0.011715 0.108161 -0.065828
v 0.011715 0.107863 -0.066552
v 0.011715 0.106748 -0.067624
v 0.011715 0.105409 -0.068891
v 0.011715 0.104897 -0.069103
v 0.011715 0.108326 -0.064068
v 0.011715 0.104376 -0.040782
v 0.011715 0.067674 -0.064068
v 0.011715 0.100750 -0.037168
v 0.011715 0.071103 -0.007659
v 0.011715 0.067674 -0.009088
v 0.011715 0.062841 -0.004247
v 0.011715 0.050497 -0.004247
v 0.011715 0.067674 0.143716
v 0.011715 0.067674 0.000583
v 0.011715 0.068071 -0.002431
v 0.011715 0.069245 -0.005243
v 0.011715 0.108392 -0.044821
v 0.011715 0.065204 -0.033477
v 0.011715 0.065204 -0.042608
v 0.011715 0.064105 -0.036695
v 0.011715 0.063650 -0.035796
v 0.011715 0.062932 -0.035081
v 0.011715 0.062032 -0.034617
v 0.011715 0.061032 -0.034462
v 0.011715 0.056132 -0.033477
v 0.011715 0.060023 -0.034617
v 0.011715 0.059123 -0.035081
v 0.011715 0.058412 -0.035796
v 0.011715 0.057950 -0.036695
v 0.011715 0.056132 -0.042608
v 0.011715 0.057792 -0.037700
v 0.011715 0.057950 -0.038705
v 0.011715 0.058412 -0.039603
v 0.011715 0.059123 -0.040318
v 0.011715 0.060023 -0.040782
v 0.011715 0.061032 -0.040936
v 0.011715 0.062032 -0.040782
v 0.011715 0.062932 -0.040318
v 0.011715 0.063650 -0.039603
v 0.011715 0.064105 -0.038705
v 0.011715 0.064270 -0.037700
v 0.011715 0.050497 -0.064068
v 0.011715 0.048638 -0.004247
v 0.011715 0.048638 0.143716
v 0.011715 0.050497 0.143716
v 0.011715 0.048638 0.174491
v 0.011379 0.046506 0.143716
v 0.011379 0.046506 0.174491
v 0.010401 0.044589 0.143716
v 0.010401 0.044589 0.174491
v 0.008877 0.043069 0.143716
v 0.008877 0.043069 0.174491
v 0.006959 0.042086 0.143716
v 0.006959 0.042086 0.174491
v 0.004832 0.041747 0.143716
v 0.004832 0.041747 0.174491
v -0.010036 0.041747 0.143716
v -0.010036 0.041747 0.174491
v -0.024904 0.041747 0.174491
v -0.024904 0.041747 0.143716
v -0.027031 0.042086 0.174491
v 0.011715 0.048638 -0.064068
v -0.010036 0.041747 -0.004247
v 0.004832 0.041747 -0.004247
v 0.006959 0.042086 -0.004247
v 0.008877 0.043069 -0.004247
v 0.010401 0.044589 -0.004247
v 0.011379 0.046506 -0.004247
v 0.011379 0.046506 -0.064068
v 0.010401 0.044589 -0.064068
v 0.008877 0.043069 -0.064068
v 0.006959 0.042086 -0.064068
v 0.004832 0.041747 -0.064068
v -0.010036 0.041747 -0.064068
v -0.024904 0.041747 -0.004247
v -0.027031 0.042086 0.143716
v -0.028949 0.043069 0.174491
v -0.028949 0.043069 0.143716
v -0.030473 0.044589 0.174491
v -0.024904 0.041747 -0.064068
v -0.027031 0.042086 -0.004247
v -0.027031 0.042086 -0.064068
v -0.028949 0.043069 -0.004247
v -0.028949 0.043069 -0.064068
v -0.030473 0.044589 0.143716
v -0.030473 0.044589 -0.004247
v -0.031451 0.046506 0.143716
v -0.031451 0.046506 0.174491
v -0.031787 0.048638 0.174491
v -0.030473 0.044589 -0.064068
v -0.028949 0.043069 -0.066426
v -0.030473 0.044589 -0.067846
v -0.031451 0.046506 -0.064068
v -0.031451 0.046506 -0.068755
v -0.031787 0.048638 -0.064068
v -0.031787 0.048638 -0.069267
v -0.031787 0.067674 -0.064068
v -0.031787 0.067674 -0.069267
v -0.031787 0.084893 -0.069267
v -0.031787 0.084893 -0.064068
v -0.031787 0.085976 -0.068958
v -0.031787 0.088041 -0.069267
v -0.031787 0.102847 -0.069257
v -0.031787 0.104376 -0.064068
v -0.031787 0.103939 -0.069238
v -0.031787 0.108301 -0.064880
v -0.031787 0.108161 -0.065828
v -0.031787 0.107698 -0.066949
v -0.031787 0.106971 -0.067905
v -0.031787 0.106013 -0.068639
v -0.031787 0.104897 -0.069103
v -0.031787 0.108326 -0.064068
v -0.031787 0.104376 -0.040782
v -0.031787 0.084893 -0.064068
v -0.031787 0.071103 -0.007659
v -0.031787 0.067674 -0.009088
v -0.031787 0.062841 -0.004247
v -0.031787 0.050497 -0.004247
v -0.031787 0.067674 0.143716
v -0.031787 0.067674 0.000583
v -0.031787 0.068071 -0.002431
v -0.031787 0.069245 -0.005243
v -0.031787 0.108392 -0.044821
v -0.031787 0.065204 -0.033477
v -0.031787 0.065204 -0.042608
v -0.031787 0.056132 -0.042608
v -0.031787 0.050497 -0.064068
v -0.031787 0.048638 -0.004247
v -0.031451 0.046506 -0.004247
v -0.031787 0.048638 0.143716
v -0.031787 0.050497 0.143716
v -0.031787 0.050497 0.174491
v -0.031787 0.051340 0.154441
v -0.031787 0.051587 0.156006
v -0.031787 0.052306 0.157417
v -0.031787 0.053430 0.158538
v -0.031787 0.062841 0.174491
v -0.031787 0.054843 0.159262
v -0.031787 0.056404 0.159504
v -0.031787 0.067674 0.169660
v -0.031787 0.057966 0.159262
v -0.031787 0.059379 0.158538
v -0.031787 0.060495 0.157417
v -0.031787 0.061213 0.156006
v -0.031787 0.061461 0.154441
v -0.031787 0.061213 0.152885
v -0.031787 0.060495 0.151465
v -0.031787 0.059379 0.150353
v -0.031787 0.057966 0.149629
v -0.031787 0.056404 0.149387
v -0.031787 0.054843 0.149629
v -0.031787 0.053430 0.150353
v -0.031787 0.052306 0.151465
v -0.031787 0.051587 0.152885
v -0.031787 0.064692 0.174124
v -0.031787 0.066262 0.173080
v -0.031787 0.067311 0.171505
v -0.031787 0.056132 -0.033477
v -0.031787 0.061032 -0.034462
v -0.031787 0.060023 -0.034617
v -0.031787 0.059123 -0.035081
v -0.031787 0.058412 -0.035796
v -0.031787 0.057950 -0.036695
v -0.031787 0.057792 -0.037700
v -0.031787 0.057950 -0.038705
v -0.031787 0.058412 -0.039603
v -0.031787 0.059123 -0.040318
v -0.031787 0.060023 -0.040782
v -0.031787 0.061032 -0.040936
v -0.031787 0.062032 -0.040782
v -0.031787 0.062932 -0.040318
v -0.031787 0.063650 -0.039603
v -0.031787 0.064105 -0.038705
v -0.031787 0.064270 -0.037700
v -0.031787 0.064105 -0.036695
v -0.031787 0.063650 -0.035796
v -0.031787 0.062932 -0.035081
v -0.031787 0.062032 -0.034617
v 0.009257 0.108549 -0.064068
v 0.009361 0.108549 -0.064639
v 0.011491 0.108549 -0.064068
v 0.011491 0.108549 -0.064639
v 0.009361 0.108384 -0.065886
v 0.011491 0.108384 -0.065886
v 0.009361 0.107896 -0.067054
v 0.010897 0.107896 -0.067054
v 0.009361 0.107127 -0.068059
v 0.010473 0.107127 -0.068059
v 0.009361 0.106120 -0.068833
v 0.011491 0.105219 -0.069209
v 0.009361 0.104955 -0.069315
v 0.011491 0.104955 -0.069315
v 0.009361 0.103699 -0.069480
v 0.011715 0.104897 -0.069103
v 0.011715 0.105409 -0.068891
v 0.011715 0.106748 -0.067624
v 0.011715 0.107863 -0.066552
v 0.011715 0.108161 -0.065828
v 0.011715 0.108301 -0.064880
v 0.011715 0.108326 -0.064068
v 0.009257 0.102782 -0.066784
v 0.009361 0.102782 -0.069480
v 0.009257 0.108549 -0.064068
v 0.009361 0.108549 -0.064639
v 0.009361 0.103699 -0.069480
v 0.009361 0.108384 -0.065886
v 0.009361 0.104955 -0.069315
v 0.009361 0.106120 -0.068833
v 0.009361 0.107127 -0.068059
v 0.009361 0.107896 -0.067054
v 0.011715 0.053430 0.150353
v 0.009431 0.052306 0.151465
v 0.011715 0.052306 0.151465
v 0.009431 0.051587 0.152885
v 0.011715 0.051587 0.152885
v 0.009431 0.051340 0.154441
v 0.011715 0.051340 0.154441
v 0.009431 0.051587 0.156006
v 0.011715 0.051587 0.156006
v 0.009431 0.052306 0.157417
v 0.011715 0.052306 0.157417
v 0.009431 0.053430 0.158538
v 0.011715 0.053430 0.158538
v 0.009431 0.054843 0.159262
v 0.011715 0.054843 0.159262
v 0.009431 0.056404 0.159504
v 0.011715 0.056404 0.159504
v 0.009431 0.057966 0.159262
v 0.011715 0.057966 0.159262
v 0.009431 0.059379 0.158538
v 0.011715 0.059379 0.158538
v 0.009431 0.060495 0.157417
v 0.011715 0.060495 0.157417
v 0.009431 0.061213 0.156006
v 0.011715 0.061213 0.156006
v 0.009431 0.061461 0.154441
v 0.011715 0.061461 0.154441
v 0.009431 0.061213 0.152885
v 0.011715 0.061213 0.152885
v 0.009431 0.060495 0.151465
v 0.011715 0.060495 0.151465
v 0.009431 0.059379 0.150353
v 0.011715 0.059379 0.150353
v 0.009431 0.057966 0.149629
v 0.011715 0.057966 0.149629
v 0.009431 0.056404 0.149387
v 0.011715 0.056404 0.149387
v 0.009431 0.054843 0.149629
v 0.011715 0.054843 0.149629
v 0.009431 0.053430 0.150353
v 0.011715 0.053430 0.150353
v 0.009431 0.053430 0.150353
v 0.011715 0.108392 -0.044821
v 0.011715 0.108326 -0.064068
v 0.011491 0.108549 -0.044985
v 0.011491 0.108549 -0.064068
v 0.009151 0.108549 -0.044985
v 0.009257 0.108549 -0.064068
v -0.010036 0.108549 -0.044985
v -0.010036 0.108549 -0.064068
v -0.029329 0.108549 -0.064068
v -0.029223 0.108549 -0.044985
v 0.009151 0.108549 -0.044985
v 0.011491 0.108549 -0.044985
v 0.009151 0.100592 -0.037014
v 0.011715 0.108392 -0.044821
v 0.011715 0.104376 -0.040782
v 0.011715 0.100750 -0.037168
v 0.011715 0.071103 -0.007659
v 0.009151 0.071103 -0.007659
v 0.011715 0.069245 -0.005243
v 0.009151 0.069245 -0.005243
v 0.011715 0.068071 -0.002431
v 0.009151 0.068071 -0.002431
v 0.011715 0.067674 0.000583
v 0.009151 0.067674 0.000583
v 0.009151 0.067674 0.169660
v 0.011715 0.067674 0.169660
v 0.011715 0.067311 0.171505
v 0.009151 0.067311 0.171505
v 0.011715 0.066262 0.173080
v 0.009151 0.066262 0.173080
v 0.011715 0.064692 0.174124
v 0.009151 0.064692 0.174124
v -0.010036 0.041747 -0.064068
v -0.010036 0.044118 -0.064068
v 0.004832 0.041747 -0.064068
v 0.004832 0.044118 -0.064068
v 0.006959 0.042086 -0.064068
v 0.006226 0.044341 -0.064068
v 0.004832 0.048638 -0.064068
v -0.010036 0.048233 -0.064068
v -0.010036 0.059172 -0.064068
v 0.009350 0.059172 -0.064068
v 0.009350 0.048638 -0.064068
v 0.009128 0.047242 -0.064068
v 0.008486 0.045977 -0.064068
v 0.007487 0.044978 -0.064068
v 0.008877 0.043069 -0.064068
v 0.008877 0.043069 0.174491
v 0.010401 0.044589 0.174491
v 0.006959 0.042086 0.174491
v 0.011379 0.046506 0.174491
v 0.011715 0.048638 0.174491
v 0.004832 0.041747 0.174491
v 0.009151 0.048638 0.174491
v 0.011715 0.050497 0.174491
v 0.009151 0.050497 0.174491
v 0.011715 0.062841 0.174491
v 0.009151 0.062841 0.174491
v 0.009151 0.064692 0.174124
v 0.011715 0.064692 0.174124
v 0.011715 0.067311 0.171505
v 0.011715 0.066262 0.173080
v 0.011715 0.067674 0.169660
v 0.011715 0.064692 0.174124
v 0.011715 0.062841 0.174491
v 0.011715 0.056404 0.159504
v 0.011715 0.054843 0.159262
v 0.011715 0.053430 0.158538
v 0.011715 0.050497 0.174491
v 0.011715 0.052306 0.157417
v 0.011715 0.051587 0.156006
v 0.011715 0.051340 0.154441
v 0.011715 0.051587 0.152885
v 0.011715 0.052306 0.151465
v 0.011715 0.053430 0.150353
v 0.011715 0.054843 0.149629
v 0.011715 0.056404 0.149387
v 0.011715 0.057966 0.149629
v 0.011715 0.059379 0.150353
v 0.011715 0.060495 0.151465
v 0.011715 0.061213 0.152885
v 0.011715 0.061461 0.154441
v 0.011715 0.061213 0.156006
v 0.011715 0.060495 0.157417
v 0.011715 0.059379 0.158538
v 0.011715 0.057966 0.159262
v 0.009151 0.100592 -0.037014
v -0.010036 0.104376 -0.040782
v 0.009151 0.108549 -0.044985
v -0.010036 0.108549 -0.044985
v -0.029223 0.108549 -0.044985
v -0.029223 0.100592 -0.037014
v 0.011715 0.067674 -0.069267
v 0.011715 0.048638 -0.069267
v 0.011379 0.046506 -0.068755
v 0.010401 0.044589 -0.067846
v 0.008877 0.043069 -0.066426
v 0.009350 0.059172 -0.064068
v 0.009350 0.059172 -0.069490
v 0.009350 0.048638 -0.064068
v 0.009350 0.048638 -0.069490
v 0.009128 0.047242 -0.064068
v 0.009128 0.047242 -0.068997
v 0.008486 0.045977 -0.064068
v 0.008486 0.045977 -0.068098
v 0.007487 0.044978 -0.064068
v 0.007487 0.044978 -0.066649
v 0.008877 0.043069 -0.064068
v 0.007487 0.044978 -0.064068
v 0.008877 0.043069 -0.066426
v 0.008746 0.043243 -0.066649
v 0.007487 0.044978 -0.066649
v 0.011715 0.063650 -0.039603
v 0.010213 0.062932 -0.040318
v 0.011715 0.062932 -0.040318
v 0.010213 0.062032 -0.040782
v 0.011715 0.062032 -0.040782
v 0.010213 0.061032 -0.040936
v 0.011715 0.061032 -0.040936
v 0.010213 0.060023 -0.040782
v 0.011715 0.060023 -0.040782
v 0.010213 0.059123 -0.040318
v 0.011715 0.059123 -0.040318
v 0.010213 0.058412 -0.039603
v 0.011715 0.058412 -0.039603
v 0.010213 0.057950 -0.038705
v 0.011715 0.057950 -0.038705
v 0.010213 0.057792 -0.037700
v 0.011715 0.057792 -0.037700
v 0.010213 0.057950 -0.036695
v 0.011715 0.057950 -0.036695
v 0.010213 0.058412 -0.035796
v 0.011715 0.058412 -0.035796
v 0.010213 0.059123 -0.035081
v 0.011715 0.059123 -0.035081
v 0.010213 0.060023 -0.034617
v 0.011715 0.060023 -0.034617
v 0.010213 0.061032 -0.034462
v 0.011715 0.061032 -0.034462
v 0.010213 0.062032 -0.034617
v 0.011715 0.062032 -0.034617
v 0.010213 0.062932 -0.035081
v 0.011715 0.062932 -0.035081
v 0.010213 0.063650 -0.035796
v 0.011715 0.063650 -0.035796
v 0.010213 0.064105 -0.036695
v 0.011715 0.064105 -0.036695
v 0.010213 0.064270 -0.037700
v 0.011715 0.064270 -0.037700
v 0.010213 0.064105 -0.038705
v 0.011715 0.064105 -0.038705
v 0.010213 0.063650 -0.039603
v 0.011715 0.063650 -0.039603
v 0.010213 0.063650 -0.039603
v 0.009257 0.108549 -0.064068
v 0.009257 0.102782 -0.066784
v -0.010036 0.108549 -0.064068
v -0.010036 0.102782 -0.066784
v -0.029329 0.102782 -0.066784
v -0.029329 0.108549 -0.064068
v -0.011064 0.115068 -0.066784
v -0.010036 0.118034 -0.066784
v -0.010577 0.115316 -0.066784
v -0.010036 0.115398 -0.066784
v -0.011232 0.117885 -0.066784
v -0.011451 0.114680 -0.066784
v -0.012361 0.117464 -0.066784
v -0.011699 0.114192 -0.066784
v -0.013379 0.116861 -0.066784
v -0.011785 0.113655 -0.066784
v -0.027691 0.108359 -0.066784
v -0.011699 0.113118 -0.066784
v -0.024299 0.102782 -0.066784
v -0.011451 0.112631 -0.066784
v -0.011064 0.112242 -0.066784
v -0.010577 0.111994 -0.066784
v -0.010036 0.102782 -0.066784
v -0.010036 0.111904 -0.066784
v -0.009496 0.111994 -0.066784
v 0.004227 0.102782 -0.066784
v -0.009010 0.112242 -0.066784
v -0.008623 0.112631 -0.066784
v -0.008375 0.113118 -0.066784
v 0.008572 0.107789 -0.066784
v -0.008289 0.113655 -0.066784
v 0.007617 0.108359 -0.066784
v -0.008375 0.114192 -0.066784
v -0.006695 0.116861 -0.066784
v -0.008623 0.114680 -0.066784
v -0.007711 0.117464 -0.066784
v -0.009010 0.115068 -0.066784
v -0.008840 0.117885 -0.066784
v -0.009496 0.115316 -0.066784
v 0.008981 0.107070 -0.066784
v 0.008981 0.102782 -0.066784
v -0.028644 0.107789 -0.066784
v -0.029053 0.102782 -0.066784
v -0.029053 0.107070 -0.066784
v -0.012361 0.117464 -0.066784
v -0.012361 0.117464 -0.069306
v -0.013379 0.116861 -0.066784
v -0.013379 0.116861 -0.069306
v -0.027691 0.108359 -0.066784
v -0.027691 0.108359 -0.069306
v -0.028646 0.107789 -0.066784
v -0.028646 0.107789 -0.069306
v -0.029053 0.107070 -0.066784
v -0.029053 0.107070 -0.069306
v -0.029053 0.102782 -0.066784
v -0.029053 0.102782 -0.069306
v -0.028879 0.102782 -0.069480
v -0.028879 0.107020 -0.069480
v -0.028529 0.107657 -0.069480
v -0.026907 0.108624 -0.069480
v -0.013285 0.116712 -0.069480
v -0.012306 0.117299 -0.069480
v -0.011232 0.117885 -0.069306
v -0.011222 0.117712 -0.069480
v -0.010036 0.118034 -0.069306
v -0.011232 0.117885 -0.066784
v -0.010036 0.118034 -0.066784
v -0.008840 0.117885 -0.068862
v -0.008840 0.117885 -0.066784
v -0.007711 0.117464 -0.069180
v -0.007711 0.117464 -0.066784
v -0.006695 0.116861 -0.069306
v -0.006695 0.116861 -0.066784
v 0.007617 0.108359 -0.069306
v 0.007617 0.108359 -0.066784
v 0.008572 0.107789 -0.069306
v 0.008572 0.107789 -0.066784
v 0.008981 0.107070 -0.069306
v 0.008981 0.107070 -0.066784
v 0.008981 0.102782 -0.066784
v 0.008981 0.102782 -0.069306
v 0.008805 0.107020 -0.069480
v 0.008805 0.102782 -0.069480
v 0.008455 0.107657 -0.069480
v 0.006833 0.108624 -0.069480
v -0.006787 0.116712 -0.069480
v -0.007795 0.117208 -0.069480
v -0.008851 0.117423 -0.069480
v -0.010036 0.117853 -0.069480
v -0.029406 0.102782 -0.066784
v -0.029053 0.102782 -0.066784
v -0.029406 0.102782 -0.069480
v -0.029230 0.102782 -0.069480
v -0.029053 0.102782 -0.069306
v -0.028879 0.102782 -0.069480
v -0.029230 0.102782 -0.069480
v -0.029053 0.102600 -0.069480
v -0.011785 0.113655 -0.066784
v -0.011699 0.113118 -0.066784
v -0.011699 0.113118 -0.069257
v -0.011451 0.112631 -0.069257
v -0.011785 0.113655 -0.069257
v -0.011699 0.114192 -0.066784
v -0.011699 0.114192 -0.069257
v -0.011451 0.114680 -0.066784
v -0.011451 0.114680 -0.069257
v -0.011064 0.115068 -0.066784
v -0.011064 0.115068 -0.069257
v -0.010577 0.115316 -0.066784
v -0.010577 0.115316 -0.069257
v -0.010036 0.115398 -0.066784
v -0.010036 0.115398 -0.069257
v -0.011451 0.112631 -0.066784
v -0.011064 0.112242 -0.069257
v -0.011064 0.112242 -0.066784
v -0.010577 0.111994 -0.069257
v -0.010577 0.111994 -0.066784
v -0.010036 0.111904 -0.069257
v -0.010036 0.111904 -0.066784
v -0.009496 0.111994 -0.069257
v -0.009496 0.111994 -0.066784
v -0.009010 0.112242 -0.069257
v -0.009010 0.112242 -0.066784
v -0.008623 0.112631 -0.069257
v -0.008623 0.112631 -0.066784
v -0.008375 0.113118 -0.069257
v -0.008375 0.113118 -0.066784
v -0.008289 0.113655 -0.069257
v -0.008289 0.113655 -0.066784
v -0.008375 0.114192 -0.069257
v -0.008375 0.114192 -0.066784
v -0.008623 0.114680 -0.069257
v -0.008622 0.114680 -0.066784
v -0.009010 0.115068 -0.069257
v -0.009010 0.115068 -0.066784
v -0.009496 0.115316 -0.069257
v -0.009496 0.115316 -0.066784
v -0.010036 0.115398 -0.069257
v -0.010036 0.115398 -0.066784
v 0.009361 0.102782 -0.069480
v 0.009158 0.102782 -0.069480
v 0.009361 0.102782 -0.066784
v 0.008981 0.102782 -0.066784
v 0.008981 0.102782 -0.069306
v 0.009158 0.102782 -0.069480
v 0.008805 0.102782 -0.069480
v 0.008981 0.102600 -0.069480
v -0.010036 0.115621 -0.069480
v -0.009426 0.115531 -0.069480
v -0.010036 0.115398 -0.069257
v -0.009496 0.115316 -0.069257
v -0.008993 0.115333 -0.069480
v -0.009010 0.115068 -0.069257
v -0.008537 0.114944 -0.069480
v -0.008623 0.114680 -0.069257
v -0.008220 0.114440 -0.069480
v -0.008375 0.114192 -0.069257
v -0.008066 0.113580 -0.069480
v -0.008289 0.113655 -0.069257
v -0.008190 0.112961 -0.069480
v -0.008375 0.113118 -0.069257
v -0.008445 0.112490 -0.069480
v -0.008623 0.112631 -0.069257
v -0.008818 0.112102 -0.069480
v -0.009010 0.112242 -0.069257
v -0.009365 0.111788 -0.069480
v -0.009496 0.111994 -0.069257
v -0.010036 0.111681 -0.069480
v -0.010036 0.111904 -0.069257
v -0.010707 0.111788 -0.069480
v -0.010577 0.111994 -0.069257
v -0.011254 0.112102 -0.069480
v -0.011064 0.112242 -0.069257
v -0.011627 0.112490 -0.069480
v -0.011451 0.112631 -0.069257
v -0.011884 0.112961 -0.069480
v -0.011699 0.113118 -0.069257
v -0.012006 0.113580 -0.069480
v -0.011785 0.113655 -0.069257
v -0.011854 0.114440 -0.069480
v -0.011699 0.114192 -0.069257
v -0.011536 0.114944 -0.069480
v -0.011451 0.114680 -0.069257
v -0.011079 0.115333 -0.069480
v -0.011064 0.115068 -0.069257
v -0.010646 0.115531 -0.069480
v -0.010577 0.115316 -0.069257
v -0.010036 0.115621 -0.069480
v -0.010036 0.115398 -0.069257
v -0.023832 0.036946 0.177032
v -0.023832 0.037971 0.177206
v 0.003789 0.036946 0.177032
v 0.003789 0.037971 0.177206
v -0.023832 0.038764 0.177873
v -0.023832 0.018447 0.178656
v 0.003789 0.018447 0.178656
v 0.003789 0.016381 0.178298
v -0.023832 0.016381 0.178298
v 0.003789 0.014778 0.176945
v -0.023832 0.014778 0.176945
v 0.003789 0.014059 0.174974
v -0.023832 0.014059 0.174974
v 0.003789 0.014423 0.172906
v -0.023832 0.014423 0.172906
v 0.003789 0.015770 0.171303
v -0.023832 0.015770 0.171303
v 0.003789 0.017744 0.170577
v -0.023832 0.017744 0.170577
v 0.003789 0.019810 0.170945
v -0.023832 0.019810 0.170945
v 0.003789 0.021421 0.172297
v -0.023832 0.021421 0.172297
v 0.003789 0.022132 0.174268
v -0.023832 0.022132 0.174268
v 0.003789 0.021768 0.176337
v -0.023832 0.021768 0.176337
v 0.003789 0.038764 0.177873
v -0.023832 0.039128 0.178849
v 0.003789 0.039128 0.178849
v -0.023832 0.038946 0.179873
v 0.003789 0.038946 0.179873
v -0.023832 0.038277 0.180665
v 0.003789 0.038277 0.180665
v -0.023832 0.037294 0.181023
v 0.003789 0.037294 0.181023
v -0.023832 0.036203 0.180829
v 0.003789 0.036203 0.180829
v 0.003789 0.026280 0.178694
v -0.023832 0.026280 0.178694
v 0.003789 0.025387 0.178800
v -0.023832 0.025387 0.178800
v 0.003789 0.020992 0.180385
v -0.023832 0.020992 0.180385
v 0.003789 0.036946 0.177032
v 0.003789 0.037971 0.177206
v 0.003789 0.036773 0.175023
v 0.003789 0.038822 0.175380
v 0.003789 0.038764 0.177873
v 0.003789 0.018447 0.178656
v 0.003789 0.021768 0.176337
v 0.003789 0.018100 0.174617
v 0.003789 0.016381 0.178298
v 0.003789 0.014778 0.176945
v 0.003789 0.014059 0.174974
v 0.003789 0.014423 0.172906
v 0.003789 0.015770 0.171303
v 0.003789 0.017744 0.170577
v 0.003789 0.019810 0.170945
v 0.003789 0.021421 0.172297
v 0.003789 0.022132 0.174268
v 0.003789 0.040417 0.176723
v 0.003789 0.039128 0.178849
v 0.003789 0.041128 0.178675
v 0.003789 0.038946 0.179873
v 0.003789 0.040763 0.180723
v 0.003789 0.038277 0.180665
v 0.003789 0.039426 0.182318
v 0.003789 0.037294 0.181023
v 0.003789 0.037476 0.183023
v 0.003789 0.036203 0.180829
v 0.003789 0.035352 0.182646
v 0.003789 0.026420 0.180463
v 0.003789 0.026280 0.178694
v 0.003789 0.025536 0.180540
v 0.003789 0.025387 0.178800
v 0.003789 0.021835 0.182057
v 0.003789 0.020992 0.180385
v -0.023832 0.021768 0.176337
v 0.003789 0.021768 0.176337
v -0.023832 0.036773 0.175023
v 0.003789 0.036773 0.175023
v 0.003789 0.038822 0.175380
v -0.023832 0.038822 0.175380
v 0.003789 0.040417 0.176723
v -0.023832 0.040417 0.176723
v 0.003789 0.041128 0.178675
v -0.023832 0.041128 0.178675
v 0.003789 0.040763 0.180723
v -0.023832 0.040763 0.180723
v 0.003789 0.039426 0.182318
v -0.023832 0.039426 0.182318
v 0.003789 0.037476 0.183023
v -0.023832 0.037476 0.183023
v 0.003789 0.035352 0.182646
v -0.023832 0.035352 0.182646
v -0.023832 0.026420 0.180463
v 0.003789 0.026420 0.180463
v -0.023832 0.025536 0.180540
v 0.003789 0.025536 0.180540
v -0.023832 0.021835 0.182057
v 0.003789 0.021835 0.182057
v -0.023832 0.016381 0.178298
v -0.023832 0.018100 0.174617
v -0.023832 0.018447 0.178656
v -0.023832 0.021768 0.176337
v -0.023832 0.036773 0.175023
v -0.023832 0.036946 0.177032
v -0.023832 0.038822 0.175380
v -0.023832 0.037971 0.177206
v -0.023832 0.040417 0.176723
v -0.023832 0.014778 0.176945
v -0.023832 0.014059 0.174974
v -0.023832 0.014423 0.172906
v -0.023832 0.015770 0.171303
v -0.023832 0.017744 0.170577
v -0.023832 0.019810 0.170945
v -0.023832 0.021421 0.172297
v -0.023832 0.022132 0.174268
v -0.023832 0.038764 0.177873
v -0.023832 0.041128 0.178675
v -0.023832 0.039128 0.178849
v -0.023832 0.040763 0.180723
v -0.023832 0.038946 0.179873
v -0.023832 0.039426 0.182318
v -0.023832 0.038277 0.180665
v -0.023832 0.037476 0.183023
v -0.023832 0.037294 0.181023
v -0.023832 0.035352 0.182646
v -0.023832 0.036203 0.180829
v -0.023832 0.026280 0.178694
v -0.023832 0.026420 0.180463
v -0.023832 0.025387 0.178800
v -0.023832 0.025536 0.180540
v -0.023832 0.020992 0.180385
v -0.023832 0.021835 0.182057
v -0.023832 0.021835 0.182057
v 0.003789 0.021835 0.182057
v -0.023832 0.020992 0.180385
v 0.003789 0.020992 0.180385
v -0.029329 0.108549 -0.064068
v -0.031563 0.108549 -0.064068
v -0.029433 0.108549 -0.064639
v -0.031563 0.108549 -0.064639
v -0.029433 0.108384 -0.065886
v -0.031563 0.108384 -0.065886
v -0.029433 0.107896 -0.067054
v -0.031563 0.107896 -0.067054
v -0.029433 0.107127 -0.068059
v -0.031787 0.108326 -0.064068
v -0.031787 0.108301 -0.064880
v -0.031787 0.108161 -0.065828
v -0.031787 0.107698 -0.066949
v -0.031787 0.106971 -0.067905
v -0.031563 0.107127 -0.068059
v -0.031787 0.106013 -0.068639
v -0.031563 0.106120 -0.068833
v -0.031787 0.104897 -0.069103
v -0.031563 0.104955 -0.069315
v -0.029433 0.104955 -0.069315
v -0.029433 0.103699 -0.069480
v -0.031563 0.103699 -0.069480
v -0.029433 0.102782 -0.069480
v -0.029433 0.106120 -0.068833
v -0.031787 0.103939 -0.069238
v -0.031787 0.102847 -0.069257
v -0.031563 0.102782 -0.069480
v -0.031787 0.088041 -0.069267
v -0.031563 0.088025 -0.069490
v -0.031787 0.085976 -0.068958
v -0.031182 0.086728 -0.069490
v -0.031787 0.084893 -0.069267
v -0.031563 0.084893 -0.069490
v -0.031787 0.067674 -0.069267
v -0.031563 0.067674 -0.069490
v -0.031787 0.048638 -0.069267
v -0.031563 0.048638 -0.069490
v -0.029422 0.059172 -0.069490
v -0.029431 0.084893 -0.069490
v -0.029422 0.048638 -0.069490
v -0.029200 0.047242 -0.068997
v -0.031237 0.046572 -0.068997
v -0.028558 0.045977 -0.068098
v -0.030292 0.044722 -0.068098
v -0.027558 0.044978 -0.066649
v -0.028818 0.043243 -0.066649
v -0.028949 0.043069 -0.066426
v -0.030473 0.044589 -0.067846
v -0.031787 0.048638 -0.069267
v -0.031451 0.046506 -0.068755
v -0.030473 0.044589 -0.067846
v -0.031451 0.046506 -0.068755
v -0.029329 0.102782 -0.066784
v -0.029329 0.108549 -0.064068
v -0.029433 0.102782 -0.069480
v -0.029433 0.108549 -0.064639
v -0.029433 0.103699 -0.069480
v -0.029433 0.108384 -0.065886
v -0.029433 0.104955 -0.069315
v -0.029433 0.106120 -0.068833
v -0.029433 0.107127 -0.068059
v -0.029433 0.107896 -0.067054
v -0.029503 0.051587 0.156006
v -0.031787 0.051340 0.154441
v -0.029503 0.051340 0.154441
v -0.031787 0.051587 0.152885
v -0.031787 0.051587 0.156006
v -0.029503 0.052306 0.157417
v -0.031787 0.052306 0.157417
v -0.029503 0.053430 0.158538
v -0.031787 0.053430 0.158538
v -0.029503 0.054843 0.159262
v -0.031787 0.054843 0.159262
v -0.029503 0.056404 0.159504
v -0.031787 0.056404 0.159504
v -0.029503 0.057966 0.159262
v -0.031787 0.057966 0.159262
v -0.029503 0.059379 0.158538
v -0.031787 0.059379 0.158538
v -0.029503 0.060495 0.157417
v -0.031787 0.060495 0.157417
v -0.029503 0.061213 0.156006
v -0.031787 0.061213 0.156006
v -0.029503 0.061461 0.154441
v -0.031787 0.061461 0.154441
v -0.029503 0.061213 0.152885
v -0.031787 0.061213 0.152885
v -0.029503 0.060495 0.151465
v -0.031787 0.060495 0.151465
v -0.029503 0.059379 0.150353
v -0.031787 0.059379 0.150353
v -0.029503 0.057966 0.149629
v -0.031787 0.057966 0.149629
v -0.029503 0.056404 0.149387
v -0.031787 0.056404 0.149387
v -0.029503 0.054843 0.149629
v -0.031787 0.054843 0.149629
v -0.029503 0.053430 0.150353
v -0.031787 0.053430 0.150353
v -0.029503 0.053430 0.150353
v -0.031787 0.053430 0.150353
v -0.029503 0.052306 0.151465
v -0.031787 0.052306 0.151465
v -0.029503 0.051587 0.152885
v -0.029329 0.108549 -0.064068
v -0.029223 0.108549 -0.044985
v -0.031563 0.108549 -0.064068
v -0.031563 0.108549 -0.044985
v -0.031787 0.108326 -0.064068
v -0.031787 0.108392 -0.044821
v -0.031787 0.104376 -0.040782
v -0.029223 0.071103 -0.007659
v -0.031787 0.071103 -0.007659
v -0.031787 0.069245 -0.005243
v -0.029223 0.069245 -0.005243
v -0.031787 0.068071 -0.002431
v -0.029223 0.068071 -0.002431
v -0.031787 0.067674 0.000583
v -0.029223 0.067674 0.000583
v -0.029223 0.067674 0.169660
v -0.031787 0.067674 0.169660
v -0.031787 0.067311 0.171505
v -0.029223 0.067311 0.171505
v -0.031787 0.066262 0.173080
v -0.029223 0.066262 0.173080
v -0.031787 0.064692 0.174124
v -0.029223 0.064692 0.174124
v -0.029223 0.100592 -0.037014
v -0.031787 0.108392 -0.044821
v -0.031563 0.108549 -0.044985
v -0.029223 0.108549 -0.044985
v -0.028949 0.043069 0.174491
v -0.027031 0.042086 0.174491
v -0.030473 0.044589 0.174491
v -0.031451 0.046506 0.174491
v -0.031787 0.048638 0.174491
v -0.024904 0.041747 0.174491
v -0.029223 0.048638 0.174491
v -0.031787 0.050497 0.174491
v -0.029223 0.050497 0.174491
v -0.031787 0.062841 0.174491
v -0.029223 0.062841 0.174491
v -0.029223 0.064692 0.174124
v -0.031787 0.064692 0.174124
v -0.029422 0.059172 -0.064068
v -0.029422 0.059172 -0.069490
v -0.029422 0.048638 -0.064068
v -0.029422 0.048638 -0.069490
v -0.029200 0.047242 -0.064068
v -0.029200 0.047242 -0.068997
v -0.028558 0.045977 -0.064068
v -0.028558 0.045977 -0.068098
v -0.027558 0.044978 -0.064068
v -0.027558 0.044978 -0.066649
v -0.027558 0.044978 -0.066649
v -0.028818 0.043243 -0.066649
v -0.027558 0.044978 -0.064068
v -0.028949 0.043069 -0.066426
v -0.028949 0.043069 -0.064068
v -0.030285 0.060023 -0.040782
v -0.030285 0.061032 -0.040936
v -0.031787 0.061032 -0.040936
v -0.031787 0.062032 -0.040782
v -0.031787 0.060023 -0.040782
v -0.030285 0.059123 -0.040318
v -0.031787 0.059123 -0.040318
v -0.030285 0.058412 -0.039603
v -0.031787 0.058412 -0.039603
v -0.030285 0.057950 -0.038705
v -0.031787 0.057950 -0.038705
v -0.030285 0.057792 -0.037700
v -0.031787 0.057792 -0.037700
v -0.030285 0.057950 -0.036695
v -0.031787 0.057950 -0.036695
v -0.030285 0.058412 -0.035796
v -0.031787 0.058412 -0.035796
v -0.030285 0.059123 -0.035081
v -0.031787 0.059123 -0.035081
v -0.030285 0.060023 -0.034617
v -0.031787 0.060023 -0.034617
v -0.030285 0.061032 -0.034462
v -0.031787 0.061032 -0.034462
v -0.030285 0.062032 -0.034617
v -0.031787 0.062032 -0.034617
v -0.030285 0.062932 -0.035081
v -0.031787 0.062932 -0.035081
v -0.030285 0.063650 -0.035796
v -0.031787 0.063650 -0.035796
v -0.030285 0.064105 -0.036695
v -0.031787 0.064105 -0.036695
v -0.030285 0.064270 -0.037700
v -0.031787 0.064270 -0.037700
v -0.030285 0.064105 -0.038705
v -0.031787 0.064105 -0.038705
v -0.030285 0.063650 -0.039603
v -0.031787 0.063650 -0.039603
v -0.030285 0.062032 -0.040782
v -0.031787 0.062932 -0.040318
v -0.030285 0.062932 -0.040318
v -0.031787 0.063650 -0.039603
v -0.030285 0.063650 -0.039603
v -0.010036 0.041747 0.044268
v -0.020451 0.041747 0.044268
v -0.010036 -0.044373 0.044268
v -0.020451 -0.044373 0.044268
v -0.022223 -0.044373 0.043795
v -0.022223 0.041747 0.043795
v -0.023520 -0.044373 0.042500
v -0.023520 0.041747 0.042500
v -0.023995 -0.044373 0.040722
v -0.023995 0.041747 0.040722
v -0.023995 0.041747 0.022943
v -0.023995 -0.044373 0.022943
v -0.023995 0.041747 0.005154
v -0.023995 -0.044373 0.005154
v -0.023520 -0.044373 0.003386
v -0.023520 0.041747 0.003386
v -0.022223 -0.044373 0.002091
v -0.022223 0.041747 0.002091
v -0.020451 -0.044373 0.001617
v -0.020451 0.041747 0.001617
v -0.010036 -0.044373 0.044268
v 0.000379 -0.044373 0.044268
v -0.010036 0.041747 0.044268
v 0.000379 0.041747 0.044268
v 0.002150 0.041747 0.043795
v 0.002150 -0.044373 0.043795
v 0.003448 0.041747 0.042500
v 0.003448 -0.044373 0.042500
v 0.003923 0.041747 0.040722
v 0.003923 -0.044373 0.040722
v 0.003923 -0.044373 0.022943
v 0.003923 0.041747 0.022943
v 0.003923 0.041747 0.005154
v 0.003923 -0.044373 0.005154
v 0.003448 0.041747 0.003386
v 0.003448 -0.044373 0.003386
v 0.002150 0.041747 0.002091
v 0.002150 -0.044373 0.002091
v 0.000379 0.041747 0.001617
v 0.000379 -0.044373 0.001617
v 0.003448 -0.044373 0.003386
v 0.003923 -0.044373 0.005154
v 0.002150 -0.044373 0.002091
v 0.000379 -0.044373 0.001617
v -0.010036 -0.044373 0.001617
v 0.003923 -0.044373 0.022943
v -0.010036 -0.044373 0.022943
v 0.003923 -0.044373 0.040722
v -0.023520 -0.044373 0.003386
v -0.022223 -0.044373 0.002091
v -0.023995 -0.044373 0.005154
v -0.020451 -0.044373 0.001617
v -0.023995 -0.044373 0.022943
v -0.010036 -0.044373 0.044268
v -0.020451 -0.044373 0.044268
v -0.023995 -0.044373 0.040722
v -0.022223 -0.044373 0.043795
v -0.023520 -0.044373 0.042500
v 0.000379 -0.044373 0.044268
v 0.002150 -0.044373 0.043795
v 0.003448 -0.044373 0.042500
v -0.004203 0.041747 -0.027921
v -0.004203 0.040194 -0.026993
v -0.015869 0.040194 -0.026993
v -0.015869 0.033980 -0.018336
v -0.004203 0.033980 -0.018336
v -0.015869 0.026643 -0.013292
v -0.004203 0.026643 -0.013292
v -0.015869 0.019364 -0.011572
v -0.004203 0.019364 -0.011572
v -0.015869 0.010721 -0.012442
v -0.004203 0.010721 -0.012442
v -0.015869 0.001840 -0.016017
v -0.004203 0.001840 -0.016017
v -0.015869 -0.010951 -0.020278
v -0.004203 -0.010951 -0.020278
v -0.015869 -0.020642 -0.023022
v -0.004203 -0.020642 -0.023022
v -0.015869 -0.025038 -0.023795
v -0.004203 -0.025038 -0.023795
v -0.017512 -0.025559 -0.023477
v -0.019943 -0.029021 -0.023466
v -0.018928 -0.026823 -0.023331
v -0.019980 -0.020651 -0.021872
v -0.020017 -0.010951 -0.019089
v -0.019970 0.001682 -0.014896
v -0.019988 0.010721 -0.011292
v -0.019935 0.019364 -0.010480
v -0.020114 0.026643 -0.011987
v -0.020377 0.034228 -0.016741
v -0.020862 0.040194 -0.024829
v -0.015869 0.041747 -0.027921
v -0.020862 0.041747 -0.025911
v -0.023451 0.040194 -0.020075
v -0.023451 0.041747 -0.020974
v -0.023170 0.034823 -0.012934
v -0.023017 0.026643 -0.008635
v -0.022909 0.019364 -0.007494
v -0.022940 0.010721 -0.008200
v -0.022930 0.001252 -0.011871
v -0.022957 -0.010951 -0.015939
v -0.022935 -0.020659 -0.018799
v -0.022913 -0.029037 -0.020084
v -0.022907 -0.044373 -0.020143
v -0.019931 -0.044373 -0.023495
v -0.022935 -0.020659 -0.018799
v -0.023995 -0.029062 -0.016007
v -0.023995 -0.020676 -0.014674
v -0.023995 -0.020717 -0.000721
v -0.023995 -0.010951 -0.000721
v -0.023995 -0.010951 -0.011765
v -0.022957 -0.010951 -0.015939
v -0.022930 0.001252 -0.011871
v -0.023995 0.000674 -0.007803
v -0.022940 0.010721 -0.008200
v -0.023995 0.010721 -0.004064
v -0.022909 0.019364 -0.007494
v -0.023995 0.019364 -0.003426
v -0.023017 0.026643 -0.008635
v -0.023995 0.026643 -0.004334
v -0.023170 0.034823 -0.012934
v -0.023995 0.035534 -0.008354
v -0.023451 0.040194 -0.020075
v -0.023995 0.040194 -0.014838
v -0.023451 0.041747 -0.020974
v -0.023995 0.041747 -0.015602
v -0.023995 0.041747 -0.000721
v -0.023995 0.040194 -0.000721
v -0.023995 0.036732 -0.000721
v -0.023995 0.026643 -0.000721
v -0.023995 0.019364 -0.000721
v -0.023995 0.010721 -0.000721
v -0.023995 -0.000326 -0.000721
v -0.023646 -0.010951 0.000583
v -0.023646 -0.020726 0.000583
v -0.023646 -0.029162 0.000583
v -0.023995 -0.029145 -0.000721
v -0.023995 -0.044373 -0.016084
v -0.022913 -0.029037 -0.020084
v -0.022907 -0.044373 -0.020143
v -0.023995 -0.044373 -0.000721
v -0.023646 -0.044373 0.000583
v -0.022691 -0.044373 0.001540
v -0.022691 -0.029162 0.001540
v -0.021388 -0.044373 0.001888
v -0.021388 -0.029162 0.001888
v -0.022691 -0.020726 0.001540
v -0.021388 -0.020726 0.001888
v -0.022691 -0.010951 0.001540
v -0.021388 -0.010951 0.001888
v -0.023651 -0.000557 0.000574
v -0.023646 0.010721 0.000583
v -0.023646 0.019364 0.000583
v -0.023646 0.026643 0.000583
v -0.023652 0.036971 0.000574
v -0.023646 0.040194 0.000583
v -0.023646 0.041747 0.000583
v -0.022691 0.040194 0.001540
v -0.022691 0.041747 0.001540
v -0.021388 0.040194 0.001888
v -0.021388 0.041747 0.001888
v -0.021388 0.037227 0.001888
v -0.022702 0.037162 0.001531
v -0.022691 0.026643 0.001540
v -0.022691 0.019364 0.001540
v -0.022691 0.010721 0.001540
v -0.022700 -0.000722 0.001540
v -0.021388 -0.000788 0.001888
v -0.021388 0.010721 0.001888
v -0.021388 0.019364 0.001888
v -0.021388 0.026643 0.001888
v -0.004203 -0.044373 -0.020017
v -0.015869 -0.044373 -0.020017
v -0.004203 -0.029013 -0.020017
v -0.015869 -0.029013 -0.020017
v -0.023646 -0.044373 0.000583
v -0.023995 -0.044373 -0.000721
v -0.022691 -0.044373 0.001540
v -0.021388 -0.044373 0.001888
v 0.001316 -0.044373 0.001888
v -0.023995 -0.044373 -0.016084
v -0.015869 -0.044373 -0.020017
v -0.019931 -0.044373 -0.023495
v -0.022907 -0.044373 -0.020143
v -0.004203 -0.044373 -0.020017
v 0.003923 -0.044373 -0.016084
v 0.003923 -0.044373 -0.000721
v 0.002619 -0.044373 0.001540
v 0.003573 -0.044373 0.000583
v -0.000141 -0.044373 -0.023495
v 0.002835 -0.044373 -0.020143
v -0.015869 -0.044373 -0.020017
v -0.019931 -0.044373 -0.023495
v -0.015869 -0.029013 -0.020017
v -0.019943 -0.029021 -0.023466
v -0.015869 -0.025038 -0.023795
v -0.004203 -0.025038 -0.023795
v -0.004203 -0.029013 -0.020017
v -0.000129 -0.029021 -0.023466
v -0.000141 -0.044373 -0.023495
v -0.004203 -0.044373 -0.020017
v 0.002835 -0.044373 -0.020143
v 0.003923 -0.044373 -0.016084
v 0.002841 -0.029037 -0.020084
v 0.003923 -0.029062 -0.016007
v 0.002863 -0.020659 -0.018799
v 0.003923 -0.020676 -0.014674
v 0.002885 -0.010951 -0.015939
v 0.003923 -0.010951 -0.011765
v 0.002858 0.001252 -0.011871
v 0.003923 -0.029145 -0.000721
v 0.003923 -0.044373 -0.000721
v 0.003573 -0.044373 0.000583
v 0.003573 -0.029162 0.000583
v 0.002619 -0.044373 0.001540
v 0.002619 -0.029162 0.001540
v 0.001316 -0.044373 0.001888
v 0.001316 -0.029162 0.001888
v 0.002619 -0.020726 0.001540
v 0.001316 -0.020726 0.001888
v 0.003573 -0.020726 0.000583
v 0.003923 -0.020717 -0.000721
v 0.003923 -0.010951 -0.000721
v 0.003573 -0.010951 0.000583
v 0.002619 -0.010951 0.001540
v 0.001316 -0.010951 0.001888
v 0.002628 -0.000722 0.001540
v 0.001316 -0.000788 0.001888
v 0.003579 -0.000557 0.000574
v 0.003923 -0.000326 -0.000721
v 0.003923 0.000674 -0.007803
v 0.002868 0.010721 -0.008200
v 0.003923 0.010721 -0.004064
v 0.002836 0.019364 -0.007494
v 0.003923 0.010721 -0.000721
v 0.003573 0.010721 0.000583
v 0.002619 0.010721 0.001540
v 0.001316 0.010721 0.001888
v 0.002619 0.019364 0.001540
v 0.001316 0.019364 0.001888
v 0.003573 0.019364 0.000583
v 0.003923 0.019364 -0.000721
v 0.003923 0.019364 -0.003426
v 0.002945 0.026643 -0.008635
v 0.003923 0.026643 -0.004334
v 0.003098 0.034823 -0.012934
v 0.003923 0.026643 -0.000721
v 0.003573 0.026643 0.000583
v 0.002619 0.026643 0.001540
v 0.001316 0.026643 0.001888
v 0.002630 0.037162 0.001531
v 0.001316 0.037227 0.001888
v 0.003580 0.036971 0.000574
v 0.003923 0.036732 -0.000721
v 0.003923 0.035534 -0.008354
v 0.003379 0.040194 -0.020075
v 0.003923 0.040194 -0.014838
v 0.003379 0.041747 -0.020974
v 0.003923 0.041747 -0.015602
v 0.003923 0.041747 -0.000721
v 0.003923 0.040194 -0.000721
v 0.003573 0.040194 0.000583
v 0.002619 0.040194 0.001540
v 0.001316 0.040194 0.001888
v 0.002619 0.041747 0.001540
v 0.001316 0.041747 0.001888
v 0.003573 0.041747 0.000583
v 0.003379 0.041747 -0.020974
v 0.003379 0.040194 -0.020075
v 0.000790 0.041747 -0.025911
v 0.000790 0.040194 -0.024829
v 0.000305 0.034228 -0.016741
v 0.000042 0.026643 -0.011987
v -0.000137 0.019364 -0.010480
v -0.000084 0.010721 -0.011292
v 0.003098 0.034823 -0.012934
v 0.002945 0.026643 -0.008635
v 0.002836 0.019364 -0.007494
v 0.002868 0.010721 -0.008200
v 0.002858 0.001252 -0.011871
v -0.000102 0.001682 -0.014896
v 0.002885 -0.010951 -0.015939
v -0.000057 -0.010951 -0.019089
v 0.002863 -0.020659 -0.018799
v -0.000092 -0.020651 -0.021872
v -0.002646 -0.025584 -0.023505
v -0.001194 -0.026889 -0.023351
v -0.000129 -0.029021 -0.023466
v 0.002841 -0.029037 -0.020084
v 0.002835 -0.044373 -0.020143
v -0.000141 -0.044373 -0.023495
v -0.004913 0.041747 0.047148
v -0.015159 0.041747 0.047148
v -0.004913 0.018455 0.047148
v -0.015159 0.018455 0.047148
v -0.004913 0.016067 0.047457
v -0.015159 0.016067 0.047457
v -0.004913 0.013836 0.048374
v -0.015159 0.013836 0.048374
v -0.004913 0.011928 0.049843
v -0.015159 0.011928 0.049843
v -0.004913 0.010465 0.051757
v -0.015159 0.010465 0.051757
v -0.004913 0.009540 0.053979
v -0.015159 0.009540 0.053979
v -0.004913 0.009226 0.056366
v -0.015159 0.009226 0.056366
v -0.015159 0.007515 0.088465
v -0.004913 0.007515 0.088465
v -0.004913 0.007945 0.091721
v -0.015159 0.007945 0.091721
v -0.004913 0.009201 0.094755
v -0.015159 0.009201 0.094755
v -0.004913 0.011201 0.097364
v -0.015159 0.011201 0.097364
v -0.004913 0.013812 0.099364
v -0.015159 0.013812 0.099364
v -0.004913 0.016844 0.100620
v -0.015159 0.016844 0.100620
v -0.004913 0.020099 0.101055
v -0.015159 0.020099 0.101055
v -0.004913 0.041747 0.101055
v -0.015159 0.041747 0.101055
v -0.015159 0.041747 0.047148
v -0.015159 0.041747 0.044008
v -0.015159 0.018455 0.047148
v -0.015159 0.018455 0.044008
v -0.015159 0.016067 0.047457
v -0.015159 0.015258 0.044432
v -0.015159 0.013836 0.048374
v -0.015159 0.012275 0.045659
v -0.015159 0.011928 0.049843
v -0.015159 0.009714 0.047631
v -0.015159 0.010465 0.051757
v -0.015159 0.007747 0.050191
v -0.015159 0.009540 0.053979
v -0.015159 0.006516 0.053168
v -0.015159 0.009226 0.056366
v -0.015159 0.006095 0.056366
v -0.015159 0.004368 0.088465
v -0.015159 0.007515 0.088465
v -0.015159 0.007945 0.091721
v -0.015159 0.004905 0.092543
v -0.015159 0.009201 0.094755
v -0.015159 0.006475 0.096330
v -0.015159 0.011201 0.097364
v -0.015159 0.008978 0.099596
v -0.015159 0.013812 0.099364
v -0.015159 0.012234 0.102089
v -0.015159 0.016844 0.100620
v -0.015159 0.016035 0.103664
v -0.015159 0.020099 0.101055
v -0.015159 0.020099 0.104195
v -0.015159 0.041747 0.101055
v -0.015159 0.041747 0.104195
v -0.015159 0.018455 0.044008
v -0.004913 0.018455 0.044008
v -0.015159 0.015258 0.044432
v -0.004913 0.015258 0.044432
v -0.015159 0.012275 0.045659
v -0.004913 0.012275 0.045659
v -0.015159 0.009714 0.047631
v -0.004913 0.009714 0.047631
v -0.015159 0.007747 0.050191
v -0.004913 0.007747 0.050191
v -0.015159 0.006516 0.053168
v -0.004913 0.006516 0.053168
v -0.015159 0.006095 0.056366
v -0.004913 0.006095 0.056366
v -0.004913 0.004368 0.088465
v -0.015159 0.004368 0.088465
v -0.015159 0.004905 0.092543
v -0.004913 0.004905 0.092543
v -0.015159 0.006475 0.096330
v -0.004913 0.006475 0.096330
v -0.015159 0.008978 0.099596
v -0.004913 0.008978 0.099596
v -0.015159 0.012234 0.102089
v -0.004913 0.012234 0.102089
v -0.015159 0.016035 0.103664
v -0.004913 0.016035 0.103664
v -0.015159 0.020099 0.104195
v -0.004913 0.020099 0.104195
v -0.015159 0.041747 0.104195
v -0.004913 0.041747 0.104195
v -0.004913 0.041747 0.044008
v -0.004913 0.041747 0.047148
v -0.004913 0.018455 0.044008
v -0.004913 0.018455 0.047148
v -0.004913 0.015258 0.044432
v -0.004913 0.016067 0.047457
v -0.004913 0.012275 0.045659
v -0.004913 0.013836 0.048374
v -0.004913 0.009714 0.047631
v -0.004913 0.011928 0.049843
v -0.004913 0.007747 0.050191
v -0.004913 0.010465 0.051757
v -0.004913 0.006516 0.053168
v -0.004913 0.009540 0.053979
v -0.004913 0.006095 0.056366
v -0.004913 0.009226 0.056366
v -0.004913 0.004368 0.088465
v -0.004913 0.007515 0.088465
v -0.004913 0.004905 0.092543
v -0.004913 0.007945 0.091721
v -0.004913 0.006475 0.096330
v -0.004913 0.009201 0.094755
v -0.004913 0.008978 0.099596
v -0.004913 0.011201 0.097364
v -0.004913 0.012234 0.102089
v -0.004913 0.013812 0.099364
v -0.004913 0.016035 0.103664
v -0.004913 0.016844 0.100620
v -0.004913 0.020099 0.104195
v -0.004913 0.020099 0.101055
v -0.004913 0.041747 0.104195
v -0.004913 0.041747 0.101055
v -0.014559 0.041747 0.062985
v -0.014559 0.036104 0.061680
v -0.005513 0.041747 0.062985
v -0.005513 0.036104 0.061680
v -0.014559 0.028618 0.061680
v -0.005513 0.028618 0.061680
v -0.014559 0.021430 0.062936
v -0.005513 0.021430 0.062936
v -0.014559 0.014357 0.066241
v -0.005513 0.014357 0.066241
v -0.005513 0.041747 0.055786
v -0.014559 0.041747 0.055786
v -0.005513 0.036534 0.055563
v -0.014559 0.036534 0.055563
v -0.005513 0.028105 0.056655
v -0.014559 0.028105 0.056655
v -0.005513 0.020628 0.059352
v -0.014559 0.020628 0.059352
v -0.005513 0.014357 0.064907
v -0.014559 0.014357 0.064907
v -0.014559 0.014357 0.066241
v -0.005513 0.014357 0.066241
v -0.014559 0.014357 0.064907
v -0.005513 0.014357 0.064907
v -0.005513 0.041747 0.062985
v -0.005513 0.041747 0.055786
v -0.005513 0.036104 0.061680
v -0.005513 0.036534 0.055563
v -0.005513 0.028618 0.061680
v -0.005513 0.028105 0.056655
v -0.005513 0.021430 0.062936
v -0.005513 0.020628 0.059352
v -0.005513 0.014357 0.066241
v -0.005513 0.014357 0.064907
v -0.014559 0.041747 0.055786
v -0.014559 0.041747 0.062985
v -0.014559 0.036534 0.055563
v -0.014559 0.036104 0.061680
v -0.014559 0.028105 0.056655
v -0.014559 0.028618 0.061680
v -0.014559 0.020628 0.059352
v -0.014559 0.021430 0.062936
v -0.014559 0.014357 0.064907
v -0.014559 0.014357 0.066241
v -0.026569 0.041028 0.113395
v -0.025755 0.041590 0.113984
v -0.026569 0.034534 0.106756
v -0.018441 0.041590 0.113984
v -0.018441 0.034534 0.106756
v -0.018441 0.034261 0.106089
v -0.026569 0.034261 0.106089
v -0.026569 0.034261 0.099055
v -0.018441 0.034261 0.099055
v -0.018441 0.034534 0.098389
v -0.026569 0.034534 0.098389
v -0.026569 0.041028 0.091741
v -0.018441 0.041590 0.091160
v -0.025755 0.041590 0.091160
v -0.018441 0.041590 0.091160
v -0.025755 0.041590 0.091160
v -0.018441 0.041590 0.113984
v -0.025755 0.041590 0.113984
v -0.026569 0.041028 0.113395
v -0.026569 0.041028 0.091741
v -0.018441 0.034261 0.106089
v -0.018441 0.034261 0.099055
v -0.018441 0.034534 0.106756
v -0.018441 0.034534 0.098389
v -0.018441 0.041590 0.091160
v -0.018441 0.041590 0.113984
v -0.026569 0.034261 0.099055
v -0.026569 0.034534 0.098389
v -0.026569 0.034261 0.106089
v -0.026569 0.034534 0.106756
v -0.026569 0.041028 0.113395
v -0.026569 0.041028 0.091741
v -0.023832 0.006408 0.174617
v -0.025509 0.006739 0.174617
v -0.023832 0.005549 0.172548
v -0.025836 0.005946 0.172548
v -0.023832 0.003484 0.171698
v -0.026932 0.007689 0.174617
v -0.027537 0.007086 0.172548
v -0.027882 0.009110 0.174617
v -0.028672 0.008788 0.172548
v -0.028215 0.010788 0.174617
v -0.029072 0.010788 0.172548
v -0.027882 0.012465 0.174617
v -0.028672 0.012795 0.172548
v -0.026932 0.013894 0.174617
v -0.027537 0.014498 0.172548
v -0.025509 0.014845 0.174617
v -0.025836 0.015630 0.172548
v -0.023832 0.015175 0.174617
v -0.023832 0.016035 0.172548
v -0.026628 0.017538 0.171698
v -0.023832 0.018100 0.171698
v -0.028998 0.015960 0.171698
v -0.030583 0.013589 0.171698
v -0.031138 0.010788 0.171698
v -0.030583 0.007995 0.171698
v -0.028998 0.005623 0.171698
v -0.026628 0.004037 0.171698
v -0.023832 0.001418 0.172548
v -0.027419 0.002129 0.172548
v -0.023832 0.000559 0.174617
v -0.030460 0.004161 0.172548
v -0.032491 0.007201 0.172548
v -0.033205 0.010788 0.172548
v -0.032491 0.014373 0.172548
v -0.030460 0.017423 0.172548
v -0.027419 0.019447 0.172548
v -0.023832 0.020166 0.172548
v -0.027747 0.020240 0.174617
v -0.023832 0.021017 0.174617
v -0.031064 0.018025 0.174617
v -0.033282 0.014704 0.174617
v -0.034060 0.010788 0.174617
v -0.033282 0.006880 0.174617
v -0.031064 0.003558 0.174617
v -0.027747 0.001343 0.174617
v -0.023832 0.001418 0.176684
v -0.027419 0.002129 0.176684
v -0.023832 0.003484 0.177544
v -0.030460 0.004161 0.176684
v -0.032491 0.007201 0.176684
v -0.033205 0.010788 0.176684
v -0.032491 0.014373 0.176684
v -0.030460 0.017423 0.176684
v -0.027419 0.019447 0.176684
v -0.023832 0.020166 0.176684
v -0.026628 0.017538 0.177544
v -0.023832 0.018100 0.177544
v -0.028998 0.015960 0.177544
v -0.030583 0.013589 0.177544
v -0.031138 0.010788 0.177544
v -0.030583 0.007995 0.177544
v -0.028998 0.005623 0.177544
v -0.026628 0.004037 0.177544
v -0.023832 0.005549 0.176684
v -0.025836 0.005946 0.176684
v -0.023832 0.006408 0.174617
v -0.025509 0.006739 0.174617
v -0.027537 0.007086 0.176684
v -0.028672 0.008788 0.176684
v -0.029072 0.010788 0.176684
v -0.028672 0.012795 0.176684
v -0.027537 0.014498 0.176684
v -0.025836 0.015630 0.176684
v -0.023832 0.016035 0.176684
v -0.025509 0.014845 0.174617
v -0.023832 0.015175 0.174617
v -0.026932 0.013894 0.174617
v -0.027882 0.012465 0.174617
v -0.028215 0.010788 0.174617
v -0.027882 0.009110 0.174617
v -0.026932 0.007689 0.174617
v 0.008631 0.008788 0.172548
v 0.006888 0.007689 0.174617
v 0.007494 0.007086 0.172548
v 0.005467 0.006739 0.174617
v 0.007839 0.009110 0.174617
v 0.009029 0.010788 0.172548
v 0.008174 0.010788 0.174617
v 0.008631 0.012795 0.172548
v 0.007839 0.012465 0.174617
v 0.007494 0.014498 0.172548
v 0.006888 0.013894 0.174617
v 0.005795 0.015630 0.172548
v 0.005467 0.014845 0.174617
v 0.003789 0.016035 0.172548
v 0.003789 0.015175 0.174617
v 0.003789 0.018100 0.171698
v 0.006584 0.017538 0.171698
v 0.008955 0.015960 0.171698
v 0.010539 0.013589 0.171698
v 0.011095 0.010788 0.171698
v 0.010539 0.007995 0.171698
v 0.008955 0.005623 0.171698
v 0.005795 0.005946 0.172548
v 0.006584 0.004037 0.171698
v 0.003789 0.005549 0.172548
v 0.003789 0.003484 0.171698
v 0.007375 0.002129 0.172548
v 0.003789 0.001418 0.172548
v 0.003789 0.020166 0.172548
v 0.003789 0.006408 0.174617
v 0.010416 0.004161 0.172548
v 0.012449 0.007201 0.172548
v 0.013162 0.010788 0.172548
v 0.012449 0.014373 0.172548
v 0.010416 0.017423 0.172548
v 0.007375 0.019447 0.172548
v 0.003789 0.021017 0.174617
v 0.007703 0.020240 0.174617
v 0.003789 0.020166 0.176684
v 0.011023 0.018025 0.174617
v 0.013238 0.014704 0.174617
v 0.014018 0.010788 0.174617
v 0.013238 0.006880 0.174617
v 0.011023 0.003558 0.174617
v 0.007703 0.001343 0.174617
v 0.003789 0.000559 0.174617
v 0.007375 0.002129 0.176684
v 0.003789 0.001418 0.176684
v 0.010416 0.004161 0.176684
v 0.012449 0.007201 0.176684
v 0.013162 0.010788 0.176684
v 0.012449 0.014373 0.176684
v 0.010416 0.017423 0.176684
v 0.007375 0.019447 0.176684
v 0.003789 0.018100 0.177544
v 0.006584 0.017538 0.177544
v 0.003789 0.016035 0.176684
v 0.008955 0.015960 0.177544
v 0.010539 0.013589 0.177544
v 0.011095 0.010788 0.177544
v 0.010539 0.007995 0.177544
v 0.008955 0.005623 0.177544
v 0.006584 0.004037 0.177544
v 0.003789 0.003484 0.177544
v 0.005795 0.005946 0.176684
v 0.003789 0.005549 0.176684
v 0.005467 0.006739 0.174617
v 0.003789 0.006408 0.174617
v 0.006888 0.007689 0.174617
v 0.007494 0.007086 0.176684
v 0.008631 0.008788 0.176684
v 0.009029 0.010788 0.176684
v 0.008631 0.012795 0.176684
v 0.007494 0.014498 0.176684
v 0.005795 0.015630 0.176684
v 0.003789 0.015175 0.174617
v 0.005467 0.014845 0.174617
v 0.006888 0.013894 0.174617
v 0.007839 0.012465 0.174617
v 0.008174 0.010788 0.174617
v 0.007839 0.009110 0.174617
v 0.006161 0.058949 0.049872
v -0.025401 0.058949 0.049872
v 0.006161 0.077582 0.049872
v -0.025401 0.094717 0.049872
v 0.006161 0.077582 0.049872
v -0.025401 0.094717 0.049872
v 0.006161 0.077582 0.002468
v -0.025401 0.094717 0.002468
v 0.006161 0.077582 0.002468
v -0.025401 0.094717 0.002468
v 0.006161 0.058949 0.002468
v -0.025401 0.058949 0.002468
v 0.006161 0.058949 0.002468
v -0.025401 0.058949 0.002468
v 0.006161 0.058949 0.049872
v -0.025401 0.058949 0.049872
v 0.006161 0.058949 0.002468
v 0.006161 0.058949 0.049872
v 0.006161 0.077582 0.002468
v 0.006161 0.077582 0.049872
v -0.006999 0.072161 0.051612
v -0.005856 0.073309 0.051612
v -0.005856 0.073309 0.041273
v -0.005122 0.074748 0.041273
v -0.005122 0.074748 0.051612
v -0.004868 0.076342 0.041273
v -0.004868 0.076342 0.051612
v -0.005122 0.077937 0.041273
v -0.005122 0.077937 0.051612
v -0.005856 0.079383 0.041273
v -0.005856 0.079383 0.051612
v -0.006999 0.080523 0.041273
v -0.006999 0.080523 0.051612
v -0.008440 0.081258 0.041273
v -0.008440 0.081258 0.051612
v -0.010036 0.081514 0.041273
v -0.010036 0.081514 0.051612
v -0.011632 0.081258 0.041273
v -0.011632 0.081258 0.051612
v -0.013074 0.080523 0.041273
v -0.013074 0.080523 0.051612
v -0.014216 0.079383 0.041273
v -0.014216 0.079383 0.051612
v -0.014950 0.077937 0.041273
v -0.014950 0.077937 0.051612
v -0.015204 0.076342 0.041273
v -0.015204 0.076342 0.051612
v -0.014950 0.074748 0.041273
v -0.014950 0.074748 0.051612
v -0.014216 0.073309 0.041273
v -0.014216 0.073309 0.051612
v -0.013074 0.072161 0.041273
v -0.013074 0.072161 0.051612
v -0.011632 0.071426 0.041273
v -0.011632 0.071426 0.051612
v -0.010036 0.071178 0.041273
v -0.010036 0.071178 0.051612
v -0.008440 0.071426 0.041273
v -0.008440 0.071426 0.051612
v -0.006999 0.072161 0.041273
v -0.006999 0.072161 0.051612
v -0.006999 0.072161 0.041273
v -0.002069 0.076342 0.041640
v -0.002459 0.078804 0.051235
v -0.002459 0.078804 0.041640
v -0.003592 0.081027 0.051235
v -0.002069 0.076342 0.051235
v -0.002459 0.073879 0.041640
v -0.002459 0.073879 0.051235
v -0.003592 0.071657 0.041640
v -0.003592 0.071657 0.051235
v -0.005354 0.069897 0.041640
v -0.005354 0.069897 0.051235
v -0.007575 0.068765 0.041640
v -0.007575 0.068765 0.051235
v -0.010036 0.068377 0.041640
v -0.010036 0.068377 0.051235
v -0.012497 0.068765 0.041640
v -0.012497 0.068765 0.051235
v -0.014718 0.069897 0.041640
v -0.014718 0.069897 0.051235
v -0.016480 0.071657 0.041640
v -0.016480 0.071657 0.051235
v -0.017613 0.073879 0.041640
v -0.017613 0.073879 0.051235
v -0.018003 0.076342 0.041640
v -0.018003 0.076342 0.051235
v -0.017613 0.078804 0.041640
v -0.017613 0.078804 0.051235
v -0.016480 0.081027 0.041640
v -0.016480 0.081027 0.051235
v -0.003592 0.081027 0.041640
v -0.005354 0.082787 0.051235
v -0.005354 0.082787 0.041640
v -0.007575 0.083919 0.051235
v -0.007575 0.083919 0.041640
v -0.010036 0.084307 0.051235
v -0.010036 0.084307 0.041640
v -0.012497 0.083919 0.051235
v -0.012497 0.083919 0.041640
v -0.014718 0.082787 0.051235
v -0.014718 0.082787 0.041640
v -0.016480 0.081027 0.051235
v -0.016480 0.081027 0.041640
v -0.004868 0.076342 0.041273
v -0.005122 0.077937 0.041273
v -0.002459 0.078804 0.041640
v -0.003592 0.081027 0.041640
v -0.002069 0.076342 0.041640
v -0.005122 0.074748 0.041273
v -0.002459 0.073879 0.041640
v -0.005856 0.073309 0.041273
v -0.003592 0.071657 0.041640
v -0.006999 0.072161 0.041273
v -0.005354 0.069897 0.041640
v -0.008440 0.071426 0.041273
v -0.007575 0.068765 0.041640
v -0.010036 0.071178 0.041273
v -0.010036 0.068377 0.041640
v -0.011632 0.071426 0.041273
v -0.012497 0.068765 0.041640
v -0.013074 0.072161 0.041273
v -0.014718 0.069897 0.041640
v -0.014216 0.073309 0.041273
v -0.016480 0.071657 0.041640
v -0.014950 0.074748 0.041273
v -0.017613 0.073879 0.041640
v -0.015204 0.076342 0.041273
v -0.018003 0.076342 0.041640
v -0.014950 0.077937 0.041273
v -0.017613 0.078804 0.041640
v -0.014216 0.079383 0.041273
v -0.016480 0.081027 0.041640
v -0.013074 0.080523 0.041273
v -0.014718 0.082787 0.041640
v -0.011632 0.081258 0.041273
v -0.012497 0.083919 0.041640
v -0.010036 0.081514 0.041273
v -0.010036 0.084307 0.041640
v -0.008440 0.081258 0.041273
v -0.007575 0.083919 0.041640
v -0.006999 0.080523 0.041273
v -0.005354 0.082787 0.041640
v -0.005856 0.079383 0.041273
v -0.023644 0.116365 0.169727
v -0.023644 0.115754 0.168809
v -0.025114 0.115754 0.168809
v -0.025114 0.114836 0.168200
v -0.025114 0.116365 0.169727
v -0.023644 0.116580 0.170810
v -0.025114 0.116580 0.170810
v -0.023644 0.116365 0.171882
v -0.025114 0.116365 0.171882
v -0.023644 0.115754 0.172800
v -0.025114 0.115754 0.172800
v -0.023644 0.114836 0.173409
v -0.025114 0.114836 0.173409
v -0.023644 0.113754 0.173621
v -0.025114 0.113754 0.173621
v -0.023644 0.112680 0.173409
v -0.025114 0.112680 0.173409
v -0.023644 0.111763 0.172800
v -0.025114 0.111763 0.172800
v -0.023644 0.111151 0.171882
v -0.025114 0.111151 0.171882
v -0.023644 0.110937 0.170810
v -0.025114 0.110937 0.170810
v -0.023644 0.111151 0.169727
v -0.025114 0.111151 0.169727
v -0.023644 0.114836 0.168200
v -0.025114 0.113754 0.167988
v -0.023644 0.113754 0.167988
v -0.025114 0.112680 0.168200
v -0.023644 0.113705 0.167998
v -0.023644 0.112680 0.168200
v -0.025114 0.111763 0.168809
v -0.023644 0.111763 0.168809
v -0.025114 0.111151 0.169727
v -0.023644 0.111151 0.169727
v -0.025114 0.113705 0.167998
v -0.023644 0.110937 0.170810
v -0.023644 0.107905 0.176723
v -0.023644 0.111151 0.169727
v -0.023644 0.112854 0.154576
v -0.023644 0.111763 0.168809
v -0.023644 0.112680 0.168200
v -0.023644 0.113705 0.167998
v -0.023644 0.113415 0.155533
v -0.023644 0.113754 0.167988
v -0.023644 0.117927 0.164993
v -0.023644 0.114836 0.168200
v -0.023644 0.119431 0.168509
v -0.023644 0.115754 0.168809
v -0.023644 0.116365 0.169727
v -0.023644 0.119736 0.169640
v -0.023644 0.119827 0.170810
v -0.023644 0.116580 0.170810
v -0.023644 0.116365 0.171882
v -0.023644 0.119678 0.171969
v -0.023644 0.119323 0.173080
v -0.023644 0.118753 0.174104
v -0.023644 0.117993 0.175003
v -0.023644 0.115754 0.172800
v -0.023644 0.117084 0.175727
v -0.023644 0.116043 0.176279
v -0.023644 0.114836 0.173409
v -0.023644 0.114919 0.176607
v -0.023644 0.113754 0.176723
v -0.023644 0.113754 0.173621
v -0.023644 0.112680 0.173409
v -0.023644 0.111763 0.172800
v -0.023644 0.111151 0.171882
v -0.023644 0.113597 0.155089
v -0.023644 0.107905 0.154576
v -0.023571 0.107533 0.154576
v -0.023571 0.107533 0.176723
v -0.023363 0.107227 0.154576
v -0.023363 0.107227 0.176723
v -0.023051 0.107012 0.154576
v -0.023051 0.107012 0.176723
v -0.022685 0.106946 0.154576
v -0.022685 0.106946 0.176723
v 0.002613 0.106946 0.176723
v 0.002613 0.106946 0.154576
v 0.002979 0.107012 0.176723
v 0.002979 0.107012 0.154576
v 0.003292 0.107227 0.176723
v 0.003292 0.107227 0.154576
v 0.003499 0.107533 0.176723
v 0.003499 0.107533 0.154576
v 0.003572 0.107905 0.176723
v 0.003572 0.107905 0.154576
v 0.003572 0.110937 0.170810
v 0.003572 0.111151 0.171882
v 0.003572 0.111763 0.172800
v 0.003572 0.112680 0.173409
v 0.003572 0.113754 0.173621
v 0.003572 0.113754 0.176723
v 0.003572 0.114836 0.173409
v 0.003572 0.114919 0.176607
v 0.003572 0.116043 0.176279
v 0.003572 0.115754 0.172800
v 0.003572 0.117084 0.175727
v 0.003572 0.117993 0.175003
v 0.003572 0.116365 0.171882
v 0.003572 0.118753 0.174104
v 0.003572 0.119323 0.173080
v 0.003572 0.119678 0.171969
v 0.003572 0.119827 0.170810
v 0.003572 0.116580 0.170810
v 0.003572 0.116365 0.169727
v 0.003572 0.119736 0.169640
v 0.003572 0.119431 0.168509
v 0.003572 0.115754 0.168809
v 0.003572 0.114836 0.168200
v 0.003572 0.117927 0.164993
v 0.003572 0.113754 0.167988
v 0.003572 0.113415 0.155533
v 0.003572 0.113597 0.155089
v 0.003572 0.112854 0.154576
v 0.003572 0.111151 0.169727
v 0.003572 0.111763 0.168809
v 0.003572 0.112680 0.168200
v 0.003572 0.113705 0.167998
v -0.025114 0.112680 0.173409
v -0.025114 0.107905 0.176723
v -0.025114 0.111763 0.172800
v -0.025114 0.111151 0.171882
v -0.025114 0.110937 0.170810
v -0.025114 0.111151 0.169727
v -0.025114 0.113415 0.155533
v -0.025114 0.111763 0.168809
v -0.025114 0.112680 0.168200
v -0.025114 0.113705 0.167998
v -0.025114 0.113754 0.167988
v -0.025114 0.117927 0.164993
v -0.025114 0.114836 0.168200
v -0.025114 0.115754 0.168809
v -0.025114 0.119431 0.168509
v -0.025114 0.116365 0.169727
v -0.025114 0.119736 0.169640
v -0.025114 0.119827 0.170810
v -0.025114 0.116580 0.170810
v -0.025114 0.116365 0.171882
v -0.025114 0.119678 0.171969
v -0.025114 0.119323 0.173080
v -0.025114 0.118753 0.174104
v -0.025114 0.117993 0.175003
v -0.025114 0.115754 0.172800
v -0.025114 0.114836 0.173409
v -0.025114 0.116043 0.176279
v -0.025114 0.113754 0.173621
v -0.025114 0.113754 0.176723
v -0.025114 0.117084 0.175727
v -0.025114 0.114919 0.176607
v -0.025114 0.113597 0.155089
v -0.025114 0.112854 0.154576
v -0.025114 0.107905 0.154576
v -0.024929 0.106971 0.176723
v -0.024929 0.106971 0.154576
v -0.024403 0.106186 0.176723
v -0.024403 0.106186 0.154576
v -0.023614 0.105657 0.176723
v -0.023614 0.105657 0.154576
v -0.022685 0.105476 0.176723
v -0.022685 0.105476 0.154576
v 0.002613 0.105476 0.154576
v 0.002613 0.105476 0.176723
v 0.003542 0.105657 0.154576
v 0.003542 0.105657 0.176723
v 0.004331 0.106186 0.154576
v 0.004331 0.106186 0.176723
v 0.004857 0.106971 0.154576
v 0.004857 0.106971 0.176723
v 0.005042 0.107905 0.154576
v 0.005042 0.107905 0.176723
v 0.005042 0.112854 0.154576
v 0.005042 0.111151 0.169727
v 0.005042 0.111763 0.168809
v 0.005042 0.112680 0.168200
v 0.005042 0.113705 0.167998
v 0.005042 0.113415 0.155533
v 0.005042 0.113754 0.167988
v 0.005042 0.114836 0.168200
v 0.005042 0.113597 0.155089
v 0.005042 0.117927 0.164993
v 0.005042 0.115754 0.168809
v 0.005042 0.119431 0.168509
v 0.005042 0.116365 0.169727
v 0.005042 0.119736 0.169640
v 0.005042 0.119827 0.170810
v 0.005042 0.116580 0.170810
v 0.005042 0.116365 0.171882
v 0.005042 0.119678 0.171969
v 0.005042 0.119323 0.173080
v 0.005042 0.118753 0.174104
v 0.005042 0.117993 0.175003
v 0.005042 0.115754 0.172800
v 0.005042 0.114836 0.173409
v 0.005042 0.116043 0.176279
v 0.005042 0.113754 0.173621
v 0.005042 0.113754 0.176723
v 0.005042 0.112680 0.173409
v 0.005042 0.111763 0.172800
v 0.005042 0.111151 0.171882
v 0.005042 0.110937 0.170810
v 0.005042 0.117084 0.175727
v 0.005042 0.114919 0.176607
v -0.023644 0.119431 0.168509
v -0.023644 0.119736 0.169640
v -0.025114 0.119431 0.168509
v -0.025114 0.119736 0.169640
v -0.023644 0.119827 0.170810
v -0.023644 0.117927 0.164993
v -0.025114 0.117927 0.164993
v -0.023644 0.113597 0.155089
v -0.025114 0.113597 0.155089
v -0.025114 0.112854 0.154576
v -0.023644 0.112854 0.154576
v -0.023644 0.107905 0.154576
v -0.025114 0.107905 0.154576
v -0.024929 0.106971 0.154576
v -0.023571 0.107533 0.154576
v -0.024403 0.106186 0.154576
v -0.023363 0.107227 0.154576
v -0.023614 0.105657 0.154576
v -0.023051 0.107012 0.154576
v -0.022685 0.105476 0.154576
v -0.022685 0.106946 0.154576
v -0.025114 0.119827 0.170810
v -0.023644 0.119678 0.171969
v -0.025114 0.119678 0.171969
v -0.023644 0.119323 0.173080
v -0.025114 0.119323 0.173080
v -0.023644 0.118753 0.174104
v -0.025114 0.118753 0.174104
v -0.023644 0.117993 0.175003
v -0.025114 0.117993 0.175003
v -0.023644 0.117084 0.175727
v -0.025114 0.117084 0.175727
v -0.023644 0.116043 0.176279
v -0.025114 0.116043 0.176279
v -0.023644 0.114919 0.176607
v -0.025114 0.114919 0.176607
v -0.023644 0.113754 0.176723
v -0.025114 0.113754 0.176723
v -0.025114 0.107905 0.176723
v -0.023644 0.107905 0.176723
v -0.023571 0.107533 0.176723
v -0.024929 0.106971 0.176723
v -0.023363 0.107227 0.176723
v -0.024403 0.106186 0.176723
v -0.023051 0.107012 0.176723
v -0.023614 0.105657 0.176723
v -0.022685 0.106946 0.176723
v -0.022685 0.105476 0.176723
v 0.002613 0.106946 0.176723
v -0.022685 0.106946 0.176723
v 0.002613 0.105476 0.176723
v -0.022685 0.105476 0.176723
v 0.002613 0.105476 0.154576
v -0.022685 0.105476 0.154576
v 0.002613 0.106946 0.154576
v -0.022685 0.106946 0.154576
v 0.005042 0.113705 0.167998
v 0.005042 0.113754 0.167988
v 0.003572 0.113754 0.167988
v 0.003572 0.114836 0.168200
v 0.005042 0.114836 0.168200
v 0.003572 0.115754 0.168809
v 0.005042 0.115754 0.168809
v 0.003572 0.116365 0.169727
v 0.005042 0.116365 0.169727
v 0.003572 0.116580 0.170810
v 0.005042 0.112680 0.168200
v 0.003572 0.113705 0.167998
v 0.003572 0.112680 0.168200
v 0.005042 0.111763 0.168809
v 0.003572 0.111763 0.168809
v 0.005042 0.111151 0.169727
v 0.003572 0.111151 0.169727
v 0.005042 0.116580 0.170810
v 0.003572 0.116365 0.171882
v 0.005042 0.116365 0.171882
v 0.003572 0.115754 0.172800
v 0.005042 0.115754 0.172800
v 0.003572 0.114836 0.173409
v 0.005042 0.114836 0.173409
v 0.003572 0.113754 0.173621
v 0.005042 0.113754 0.173621
v 0.003572 0.112680 0.173409
v 0.005042 0.112680 0.173409
v 0.003572 0.111763 0.172800
v 0.005042 0.111763 0.172800
v 0.003572 0.111151 0.171882
v 0.005042 0.111151 0.171882
v 0.003572 0.110937 0.170810
v 0.005042 0.110937 0.170810
v 0.003572 0.111151 0.169727
v 0.005042 0.111151 0.169727
v 0.003572 0.119736 0.169640
v 0.005042 0.119431 0.168509
v 0.003572 0.119431 0.168509
v 0.003572 0.117927 0.164993
v 0.005042 0.117927 0.164993
v 0.005042 0.113597 0.155089
v 0.003572 0.113597 0.155089
v 0.003572 0.112854 0.154576
v 0.005042 0.112854 0.154576
v 0.003572 0.107905 0.154576
v 0.005042 0.107905 0.154576
v 0.004857 0.106971 0.154576
v 0.003499 0.107533 0.154576
v 0.004331 0.106186 0.154576
v 0.003292 0.107227 0.154576
v 0.003542 0.105657 0.154576
v 0.002979 0.107012 0.154576
v 0.002613 0.105476 0.154576
v 0.002613 0.106946 0.154576
v 0.005042 0.119736 0.169640
v 0.003572 0.119827 0.170810
v 0.005042 0.119827 0.170810
v 0.003572 0.119678 0.171969
v 0.005042 0.119678 0.171969
v 0.003572 0.119323 0.173080
v 0.005042 0.119323 0.173080
v 0.003572 0.118753 0.174104
v 0.005042 0.118753 0.174104
v 0.003572 0.117993 0.175003
v 0.005042 0.117993 0.175003
v 0.003572 0.117084 0.175727
v 0.005042 0.117084 0.175727
v 0.003572 0.116043 0.176279
v 0.005042 0.116043 0.176279
v 0.003572 0.114919 0.176607
v 0.005042 0.114919 0.176607
v 0.003572 0.113754 0.176723
v 0.005042 0.113754 0.176723
v 0.005042 0.107905 0.176723
v 0.003572 0.107905 0.176723
v 0.003499 0.107533 0.176723
v 0.004857 0.106971 0.176723
v 0.003292 0.107227 0.176723
v 0.004331 0.106186 0.176723
v 0.002979 0.107012 0.176723
v 0.003542 0.105657 0.176723
v 0.002613 0.106946 0.176723
v 0.002613 0.105476 0.176723
v -0.009296 0.116068 0.172182
v -0.008754 0.108516 0.170722
v -0.008754 0.115928 0.172703
v -0.008556 0.108326 0.171438
v -0.009296 0.108656 0.170200
v -0.010036 0.116117 0.171988
v -0.010036 0.108706 0.170007
v -0.010776 0.116068 0.172182
v -0.010776 0.108656 0.170200
v -0.011318 0.115928 0.172703
v -0.011318 0.108516 0.170722
v -0.011516 0.115737 0.173418
v -0.011516 0.108326 0.171438
v -0.011318 0.115547 0.174133
v -0.011318 0.108136 0.172153
v -0.010776 0.115407 0.174655
v -0.010776 0.107996 0.172674
v -0.010036 0.115357 0.174848
v -0.010036 0.107945 0.172868
v -0.009296 0.115407 0.174655
v -0.009296 0.107996 0.172674
v -0.008754 0.115547 0.174133
v -0.008754 0.108136 0.172153
v -0.008754 0.115547 0.174133
v -0.008754 0.108136 0.172153
v -0.008556 0.115737 0.173418
v -0.009296 0.116068 0.172182
v -0.008754 0.115928 0.172703
v -0.010036 0.115737 0.173418
v -0.008556 0.115737 0.173418
v -0.008754 0.115547 0.174133
v -0.009296 0.115407 0.174655
v -0.010036 0.115357 0.174848
v -0.010776 0.115407 0.174655
v -0.011318 0.115547 0.174133
v -0.011516 0.115737 0.173418
v -0.011318 0.115928 0.172703
v -0.010776 0.116068 0.172182
v -0.010036 0.116117 0.171988
v -0.006764 0.108912 0.168684
v -0.006764 0.106897 0.168684
v -0.007659 0.108912 0.167794
v -0.007659 0.106897 0.167794
v -0.008786 0.108912 0.167215
v -0.008786 0.106897 0.167215
v -0.010036 0.108912 0.167022
v -0.010036 0.106897 0.167022
v -0.011286 0.108912 0.167215
v -0.011286 0.106897 0.167215
v -0.012413 0.108912 0.167794
v -0.012413 0.106897 0.167794
v -0.013308 0.108912 0.168684
v -0.013308 0.106897 0.168684
v -0.013308 0.108912 0.173447
v -0.013308 0.108912 0.168684
v -0.013308 0.106897 0.173447
v -0.013308 0.106897 0.168684
v -0.013308 0.108912 0.173447
v -0.013308 0.106897 0.173447
v -0.012413 0.108912 0.174337
v -0.012413 0.106897 0.174337
v -0.011286 0.108912 0.174916
v -0.011286 0.106897 0.174916
v -0.010036 0.108912 0.175109
v -0.010036 0.106897 0.175109
v -0.008786 0.108912 0.174916
v -0.008786 0.106897 0.174916
v -0.007659 0.108912 0.174337
v -0.007659 0.106897 0.174337
v -0.006764 0.108912 0.173447
v -0.006764 0.106897 0.173447
v -0.006764 0.108912 0.168684
v -0.006764 0.108912 0.173447
v -0.006764 0.106897 0.168684
v -0.006764 0.106897 0.173447
v -0.007659 0.108912 0.167794
v -0.010036 0.108912 0.171061
v -0.006764 0.108912 0.168684
v -0.006764 0.108912 0.173447
v -0.008786 0.108912 0.167215
v -0.010036 0.108912 0.167022
v -0.011286 0.108912 0.167215
v -0.012413 0.108912 0.167794
v -0.013308 0.108912 0.168684
v -0.013308 0.108912 0.173447
v -0.012413 0.108912 0.174337
v -0.011286 0.108912 0.174916
v -0.010036 0.108912 0.175109
v -0.008786 0.108912 0.174916
v -0.007659 0.108912 0.174337
v -0.016094 0.104013 0.005879
v -0.014748 0.105162 0.004942
v -0.014748 0.104013 0.004942
v -0.013260 0.105162 0.004245
v -0.016094 0.105162 0.005879
v -0.017255 0.104013 0.007048
v -0.017255 0.105162 0.007048
v -0.018198 0.104013 0.008391
v -0.018198 0.105162 0.008391
v -0.018891 0.104013 0.009879
v -0.018891 0.105162 0.009879
v -0.019316 0.104013 0.011463
v -0.019316 0.105162 0.011463
v -0.019461 0.104013 0.013106
v -0.019461 0.105162 0.013106
v -0.019316 0.104013 0.014739
v -0.019316 0.105162 0.014739
v -0.018891 0.104013 0.016324
v -0.018891 0.105162 0.016324
v -0.018198 0.104013 0.017812
v -0.018198 0.105162 0.017812
v -0.017255 0.104013 0.019155
v -0.017255 0.105162 0.019155
v -0.016094 0.104013 0.020324
v -0.016094 0.105162 0.020324
v -0.014757 0.104013 0.021262
v -0.014755 0.104707 0.021262
v -0.015207 0.105162 0.020943
v -0.014757 0.105162 0.101123
v -0.014757 0.104013 0.101123
v -0.014755 0.105162 0.050423
v -0.014757 0.104013 0.050423
v -0.014755 0.104707 0.021262
v -0.014757 0.104013 0.021262
v -0.014755 0.105162 0.021967
v -0.014757 0.104013 0.101123
v -0.014526 0.104013 0.102582
v -0.014757 0.105162 0.101123
v -0.014526 0.105162 0.102582
v -0.013856 0.104013 0.103896
v -0.013856 0.105162 0.103896
v -0.012811 0.104013 0.104939
v -0.012811 0.105162 0.104939
v -0.011496 0.104013 0.105616
v -0.011496 0.105162 0.105616
v -0.010036 0.104013 0.105848
v -0.010036 0.105162 0.105848
v -0.008578 0.104013 0.105616
v -0.008578 0.105162 0.105616
v -0.007261 0.104013 0.104939
v -0.007261 0.105162 0.104939
v -0.006217 0.104013 0.103896
v -0.006217 0.105162 0.103896
v -0.005546 0.104013 0.102582
v -0.005546 0.105162 0.102582
v -0.005315 0.104013 0.101123
v -0.005315 0.105162 0.101123
v -0.005315 0.104013 0.050423
v -0.005315 0.105162 0.050423
v -0.005315 0.105162 0.021755
v -0.005315 0.104013 0.021262
v -0.005315 0.104905 0.021262
v -0.004970 0.105162 0.021020
v -0.003978 0.105162 0.020324
v -0.005315 0.104905 0.021262
v -0.003978 0.104013 0.020324
v -0.005315 0.104013 0.021262
v -0.002817 0.105162 0.019155
v -0.002817 0.104013 0.019155
v -0.001874 0.104013 0.017812
v -0.001874 0.105162 0.017812
v -0.001181 0.104013 0.016324
v -0.001181 0.105162 0.016324
v -0.000756 0.104013 0.014739
v -0.000756 0.105162 0.014739
v -0.000611 0.104013 0.013106
v -0.000611 0.105162 0.013106
v -0.000756 0.104013 0.011463
v -0.000756 0.105162 0.011463
v -0.001181 0.104013 0.009879
v -0.001181 0.105162 0.009879
v -0.001874 0.104013 0.008391
v -0.001874 0.105162 0.008391
v -0.002817 0.104013 0.007048
v -0.002817 0.105162 0.007048
v -0.003978 0.104013 0.005879
v -0.003978 0.105162 0.005879
v -0.005324 0.104013 0.004942
v -0.005324 0.105162 0.004942
v -0.006812 0.104013 0.004245
v -0.006812 0.105162 0.004245
v -0.008399 0.104013 0.003821
v -0.008399 0.105162 0.003821
v -0.010036 0.104013 0.003676
v -0.010036 0.105162 0.003676
v -0.010036 0.104013 0.003676
v -0.010036 0.105162 0.003676
v -0.011673 0.104013 0.003821
v -0.011673 0.105162 0.003821
v -0.013260 0.104013 0.004245
v -0.025743 0.105476 -0.044038
v -0.025743 0.105476 -0.003166
v -0.026819 0.105302 -0.043874
v -0.026819 0.105302 -0.003166
v -0.025743 0.105476 0.050423
v -0.025022 0.105476 0.050423
v -0.025022 0.105476 -0.003166
v -0.025022 0.105476 -0.044038
v -0.010036 0.105476 -0.003166
v -0.010036 0.105476 -0.044038
v 0.003516 0.105476 -0.003166
v 0.003454 0.105476 -0.044038
v -0.010036 0.105476 0.003318
v -0.008336 0.105476 0.003463
v -0.006690 0.105476 0.003908
v -0.005142 0.105476 0.004622
v -0.003744 0.105476 0.005608
v -0.002538 0.105476 0.006816
v -0.001560 0.105476 0.008207
v -0.000839 0.105476 0.009754
v -0.000398 0.105476 0.011406
v -0.000249 0.105476 0.013106
v 0.003476 0.105476 0.050423
v -0.000398 0.105476 0.014797
v -0.000839 0.105476 0.016450
v -0.001560 0.105476 0.017995
v -0.002538 0.105476 0.019397
v -0.003744 0.105476 0.020595
v -0.004994 0.105476 0.050423
v -0.004994 0.105476 0.021774
v -0.004744 0.105476 0.021320
v -0.004994 0.105476 0.101123
v 0.003476 0.105476 0.111945
v -0.005241 0.105476 0.102679
v -0.005957 0.105476 0.104089
v -0.007073 0.105476 0.105201
v -0.010036 0.105476 0.111945
v -0.008479 0.105476 0.105915
v -0.010036 0.105476 0.106166
v -0.011593 0.105476 0.105915
v -0.012999 0.105476 0.105201
v -0.025022 0.105476 0.111945
v -0.014115 0.105476 0.104089
v -0.014831 0.105476 0.102679
v -0.015078 0.105476 0.101123
v -0.015078 0.105476 0.050423
v -0.015078 0.105476 0.021967
v -0.015428 0.105476 0.021242
v -0.016328 0.105476 0.020595
v -0.017534 0.105476 0.019397
v -0.018512 0.105476 0.017995
v -0.019234 0.105476 0.016450
v -0.019674 0.105476 0.014797
v -0.019823 0.105476 0.013106
v -0.019674 0.105476 0.011406
v -0.019234 0.105476 0.009754
v -0.018512 0.105476 0.008207
v -0.017534 0.105476 0.006816
v -0.016328 0.105476 0.005608
v -0.014930 0.105476 0.004622
v -0.013384 0.105476 0.003908
v -0.011736 0.105476 0.003463
v -0.027792 0.104806 -0.043381
v -0.027792 0.104806 -0.003166
v -0.028563 0.104037 -0.042608
v -0.028563 0.104037 -0.003166
v -0.029057 0.103063 -0.041632
v -0.025743 0.105476 0.111945
v -0.026819 0.105302 0.050423
v -0.027792 0.104806 0.050423
v -0.026819 0.105302 0.111945
v -0.025743 0.105476 0.174491
v -0.025022 0.105476 0.174491
v -0.010036 0.105476 0.174491
v 0.003476 0.105476 0.174491
v 0.004281 0.105476 0.111945
v 0.004281 0.105476 0.050423
v 0.005788 0.105236 0.111945
v 0.005788 0.105236 0.174491
v 0.007147 0.104542 0.174491
v 0.004281 0.105476 0.174491
v 0.004281 0.105476 -0.003166
v 0.004281 0.105476 -0.044038
v 0.005788 0.105236 -0.003166
v 0.005788 0.105236 -0.043806
v 0.007147 0.104542 -0.003166
v 0.007147 0.104542 -0.043111
v 0.008225 0.103459 -0.003166
v 0.008225 0.103459 -0.042028
v 0.008917 0.102104 -0.003166
v 0.008917 0.102104 -0.040676
v 0.009157 0.100601 -0.003166
v 0.009157 0.100601 -0.039169
v 0.009157 0.099815 -0.038386
v 0.009157 0.099815 -0.003166
v 0.009157 0.081745 -0.020317
v 0.009157 0.081745 -0.003166
v 0.009157 0.067674 -0.006247
v 0.009157 0.067674 -0.003166
v 0.009157 0.081745 0.050423
v 0.009157 0.067674 0.050423
v 0.009157 0.099815 0.050423
v 0.009157 0.100601 0.053873
v 0.008917 0.102104 0.051621
v 0.008225 0.103459 0.050780
v 0.008694 0.102286 0.051960
v 0.008917 0.102104 0.052810
v 0.009157 0.100601 0.111945
v 0.009157 0.099816 0.111945
v 0.009157 0.081746 0.111945
v 0.009157 0.067674 0.111945
v 0.009157 0.081746 0.174491
v 0.009157 0.067674 0.169660
v 0.009157 0.067674 0.174491
v 0.009157 0.062841 0.174491
v 0.009157 0.099816 0.174491
v 0.009157 0.100601 0.174491
v 0.008917 0.102104 0.111945
v 0.008225 0.103459 0.051776
v 0.008106 0.103442 0.051322
v 0.008917 0.102104 0.174491
v 0.008225 0.103459 0.111945
v 0.008225 0.103459 0.174491
v 0.007147 0.104542 0.111945
v 0.005788 0.105236 0.050423
v 0.007147 0.104542 0.050597
v 0.007189 0.104360 0.050974
v 0.007147 0.104542 0.051109
v -0.026819 0.105302 0.174491
v -0.027792 0.104806 0.111945
v -0.027792 0.104806 0.174491
v -0.028563 0.104037 0.111945
v -0.028563 0.104037 0.050423
v -0.029057 0.103063 -0.003166
v -0.029229 0.101989 -0.040559
v -0.029229 0.101989 -0.003166
v -0.029229 0.101047 -0.003166
v -0.029229 0.101047 -0.039622
v -0.029229 0.072400 -0.010973
v -0.029229 0.072400 -0.003166
v -0.029229 0.067674 -0.006247
v -0.029229 0.067674 -0.003166
v -0.029229 0.072400 0.001260
v -0.029229 0.093899 0.001260
v -0.029229 0.095122 0.001502
v -0.029229 0.096147 0.002197
v -0.029229 0.096841 0.003231
v -0.029229 0.097081 0.004449
v -0.029229 0.097081 0.043862
v -0.029229 0.101047 0.050423
v -0.029229 0.096841 0.045080
v -0.029229 0.096147 0.046114
v -0.029229 0.095122 0.046800
v -0.029229 0.093899 0.047042
v -0.029229 0.072400 0.050423
v -0.029229 0.072400 0.047042
v -0.029229 0.067674 0.050423
v -0.029229 0.071178 0.046800
v -0.029229 0.070153 0.046114
v -0.029229 0.069459 0.045080
v -0.029229 0.069220 0.043862
v -0.029229 0.069220 0.004449
v -0.029229 0.069459 0.003231
v -0.029229 0.070153 0.002197
v -0.029229 0.071178 0.001502
v -0.028563 0.104037 0.174491
v -0.029229 0.067674 0.111945
v -0.029229 0.072400 0.111945
v -0.029229 0.067674 0.174491
v -0.029229 0.072400 0.174491
v -0.029229 0.101047 0.111945
v -0.029229 0.101047 0.174491
v -0.029229 0.101989 0.111945
v -0.029229 0.101989 0.174491
v -0.029057 0.103063 0.174491
v -0.029057 0.103063 0.111945
v -0.029057 0.103063 0.050423
v -0.029229 0.101989 0.050423
v 0.009157 0.062841 0.174491
v 0.009157 0.067674 0.174491
v -0.010036 0.067674 0.174491
v -0.010036 0.081746 0.174491
v 0.009157 0.081746 0.174491
v -0.010036 0.105476 0.174491
v 0.003476 0.105476 0.174491
v 0.004281 0.105476 0.174491
v 0.009157 0.100601 0.174491
v 0.005788 0.105236 0.174491
v 0.008917 0.102104 0.174491
v 0.008225 0.103459 0.174491
v 0.007147 0.104542 0.174491
v -0.025022 0.105476 0.174491
v -0.029229 0.101989 0.174491
v -0.025743 0.105476 0.174491
v -0.029229 0.101047 0.174491
v -0.029229 0.072400 0.174491
v -0.029229 0.067674 0.174491
v -0.029229 0.062841 0.174491
v -0.029229 0.048638 0.174491
v -0.029229 0.041747 0.174491
v -0.010036 0.041747 0.174491
v 0.009151 0.048638 0.174491
v 0.004832 0.041747 0.174491
v -0.029057 0.103063 0.174491
v -0.026819 0.105302 0.174491
v -0.027792 0.104806 0.174491
v -0.028563 0.104037 0.174491
v -0.029229 0.093899 0.001260
v -0.029229 0.095122 0.001502
v -0.026949 0.093899 0.001260
v -0.026949 0.095122 0.001502
v -0.029229 0.096147 0.002197
v -0.026949 0.096147 0.002197
v -0.029229 0.096841 0.003231
v -0.026949 0.096841 0.003231
v -0.029229 0.097081 0.004449
v -0.029229 0.072400 0.001260
v -0.026949 0.072400 0.001260
v -0.026949 0.071178 0.001502
v -0.029229 0.071178 0.001502
v -0.026949 0.070153 0.002197
v -0.029229 0.070153 0.002197
v -0.026949 0.069459 0.003231
v -0.029229 0.069459 0.003231
v -0.026949 0.069220 0.004449
v -0.029229 0.069220 0.004449
v -0.026949 0.069220 0.043862
v -0.029229 0.069220 0.043862
v -0.026949 0.069459 0.045080
v -0.029229 0.069459 0.045080
v -0.026949 0.070153 0.046114
v -0.029229 0.070153 0.046114
v -0.026949 0.071178 0.046800
v -0.029229 0.071178 0.046800
v -0.026949 0.072400 0.047042
v -0.029229 0.072400 0.047042
v -0.026949 0.097081 0.004449
v -0.029229 0.097081 0.043862
v -0.026949 0.097081 0.043862
v -0.029229 0.096841 0.045080
v -0.026949 0.096841 0.045080
v -0.029229 0.096147 0.046114
v -0.026949 0.096147 0.046114
v -0.029229 0.095122 0.046800
v -0.026949 0.095122 0.046800
v -0.029229 0.093899 0.047042
v -0.026949 0.093899 0.047042
v -0.026949 0.072400 0.047042
v -0.029229 0.072400 0.047042
v -0.004970 0.105162 0.021020
v -0.003978 0.105162 0.020324
v -0.004744 0.105476 0.021320
v -0.003744 0.105476 0.020595
v -0.002817 0.105162 0.019155
v -0.002538 0.105476 0.019397
v -0.001874 0.105162 0.017812
v -0.001560 0.105476 0.017995
v -0.001181 0.105162 0.016324
v -0.000839 0.105476 0.016450
v -0.000756 0.105162 0.014739
v -0.000398 0.105476 0.014797
v -0.000611 0.105162 0.013106
v -0.000249 0.105476 0.013106
v -0.000756 0.105162 0.011463
v -0.000398 0.105476 0.011406
v -0.001181 0.105162 0.009879
v -0.000839 0.105476 0.009754
v -0.001874 0.105162 0.008391
v -0.001560 0.105476 0.008207
v -0.002817 0.105162 0.007048
v -0.002538 0.105476 0.006816
v -0.003978 0.105162 0.005879
v -0.003744 0.105476 0.005608
v -0.005324 0.105162 0.004942
v -0.005142 0.105476 0.004622
v -0.006812 0.105162 0.004245
v -0.006690 0.105476 0.003908
v -0.008399 0.105162 0.003821
v -0.008336 0.105476 0.003463
v -0.010036 0.105162 0.003676
v -0.010036 0.105476 0.003318
v -0.004994 0.105476 0.050423
v -0.005315 0.105162 0.101123
v -0.004994 0.105476 0.101123
v -0.005241 0.105476 0.102679
v -0.005546 0.105162 0.102582
v -0.005957 0.105476 0.104089
v -0.006217 0.105162 0.103896
v -0.007073 0.105476 0.105201
v -0.007261 0.105162 0.104939
v -0.008479 0.105476 0.105915
v -0.008578 0.105162 0.105616
v -0.010036 0.105476 0.106166
v -0.010036 0.105162 0.105848
v -0.011593 0.105476 0.105915
v -0.011496 0.105162 0.105616
v -0.012999 0.105476 0.105201
v -0.012811 0.105162 0.104939
v -0.014115 0.105476 0.104089
v -0.013856 0.105162 0.103896
v -0.014831 0.105476 0.102679
v -0.014526 0.105162 0.102582
v -0.015078 0.105476 0.101123
v -0.014757 0.105162 0.101123
v -0.005315 0.105162 0.050423
v -0.005315 0.105162 0.021755
v -0.004994 0.105476 0.021774
v -0.005315 0.104905 0.021262
v -0.004744 0.105476 0.021320
v -0.004970 0.105162 0.021020
v -0.015078 0.105476 0.101123
v -0.015078 0.105476 0.050423
v -0.014757 0.105162 0.101123
v -0.014755 0.105162 0.050423
v -0.015078 0.105476 0.021967
v -0.014755 0.105162 0.021967
v -0.014755 0.104707 0.021262
v -0.015428 0.105476 0.021242
v -0.015207 0.105162 0.020943
v -0.015428 0.105476 0.021242
v -0.015207 0.105162 0.020943
v -0.016328 0.105476 0.020595
v -0.016094 0.105162 0.020324
v -0.017534 0.105476 0.019397
v -0.017255 0.105162 0.019155
v -0.018512 0.105476 0.017995
v -0.018198 0.105162 0.017812
v -0.019234 0.105476 0.016450
v -0.018891 0.105162 0.016324
v -0.019674 0.105476 0.014797
v -0.019316 0.105162 0.014739
v -0.019823 0.105476 0.013106
v -0.019461 0.105162 0.013106
v -0.019674 0.105476 0.011406
v -0.019316 0.105162 0.011463
v -0.019234 0.105476 0.009754
v -0.018891 0.105162 0.009879
v -0.018512 0.105476 0.008207
v -0.018198 0.105162 0.008391
v -0.017534 0.105476 0.006816
v -0.017255 0.105162 0.007048
v -0.016328 0.105476 0.005608
v -0.016094 0.105162 0.005879
v -0.014930 0.105476 0.004622
v -0.014748 0.105162 0.004942
v -0.013384 0.105476 0.003908
v -0.013260 0.105162 0.004245
v -0.011736 0.105476 0.003463
v -0.011673 0.105162 0.003821
v -0.010036 0.105476 0.003318
v -0.010036 0.105162 0.003676
v -0.029229 0.084786 0.065951
v -0.029840 0.086422 0.064975
v -0.029229 0.085017 0.064521
v -0.029840 0.086869 0.064106
v -0.029229 0.085670 0.063236
v -0.029840 0.087562 0.063409
v -0.029229 0.086695 0.062212
v -0.029840 0.088438 0.062956
v -0.029229 0.087983 0.061555
v -0.029840 0.089413 0.062801
v -0.029229 0.089413 0.061323
v -0.029840 0.090388 0.062956
v -0.029229 0.090842 0.061555
v -0.029840 0.091263 0.063409
v -0.029229 0.092132 0.062212
v -0.029840 0.091958 0.064106
v -0.029229 0.093156 0.063236
v -0.029840 0.092404 0.064975
v -0.029229 0.093809 0.064521
v -0.029840 0.092561 0.065951
v -0.029229 0.094040 0.065951
v -0.029229 0.094040 0.147136
v -0.029840 0.092561 0.147136
v -0.030212 0.091007 0.065951
v -0.030212 0.090925 0.065458
v -0.030212 0.090702 0.065014
v -0.030212 0.090347 0.064666
v -0.030212 0.089909 0.064434
v -0.030212 0.089413 0.064357
v -0.030212 0.088917 0.064434
v -0.030212 0.088480 0.064666
v -0.030212 0.088124 0.065014
v -0.030338 0.089413 0.065951
v -0.030212 0.091007 0.147136
v -0.030212 0.090925 0.147629
v -0.029840 0.092404 0.148112
v -0.030212 0.090702 0.148073
v -0.029840 0.091958 0.148992
v -0.029229 0.093809 0.148566
v -0.029229 0.093156 0.149861
v -0.030338 0.089413 0.147136
v -0.030212 0.087818 0.065951
v -0.030212 0.087901 0.065458
v -0.029840 0.086265 0.065951
v -0.029840 0.086265 0.147136
v -0.029229 0.084786 0.147136
v -0.029229 0.085017 0.148566
v -0.029840 0.086422 0.148112
v -0.029229 0.085670 0.149861
v -0.030212 0.087818 0.147136
v -0.030212 0.087901 0.147629
v -0.029840 0.086869 0.148992
v -0.029229 0.086695 0.150876
v -0.029840 0.087562 0.149687
v -0.029229 0.087983 0.151533
v -0.029840 0.088438 0.150131
v -0.029229 0.089413 0.151764
v -0.029840 0.089413 0.150286
v -0.029229 0.090842 0.151533
v -0.030212 0.088124 0.148073
v -0.030212 0.088480 0.148431
v -0.030212 0.088917 0.148653
v -0.030212 0.089413 0.148730
v -0.029840 0.090388 0.150131
v -0.029229 0.092132 0.150876
v -0.029840 0.091263 0.149687
v -0.030212 0.090347 0.148431
v -0.030212 0.089909 0.148653
v -0.029229 0.070930 0.065951
v -0.029840 0.072566 0.064975
v -0.029229 0.071161 0.064521
v -0.029840 0.073012 0.064106
v -0.029229 0.071814 0.063236
v -0.029840 0.073706 0.063409
v -0.029229 0.072839 0.062212
v -0.029840 0.074582 0.062956
v -0.029229 0.074127 0.061555
v -0.029840 0.075557 0.062801
v -0.029229 0.075557 0.061323
v -0.029840 0.076532 0.062956
v -0.029229 0.076987 0.061555
v -0.029840 0.077408 0.063409
v -0.029229 0.078275 0.062212
v -0.029840 0.078102 0.064106
v -0.029229 0.079300 0.063236
v -0.029840 0.078548 0.064975
v -0.029229 0.079953 0.064521
v -0.029840 0.078705 0.065951
v -0.029229 0.080184 0.065951
v -0.029229 0.080184 0.147136
v -0.029840 0.078705 0.147136
v -0.030212 0.077152 0.065951
v -0.030212 0.077069 0.065458
v -0.030212 0.076846 0.065014
v -0.030212 0.076491 0.064666
v -0.030212 0.076045 0.064434
v -0.030212 0.075557 0.064357
v -0.030212 0.075062 0.064434
v -0.030212 0.074615 0.064666
v -0.030212 0.074268 0.065014
v -0.030338 0.075557 0.065951
v -0.030212 0.077152 0.147136
v -0.030212 0.077069 0.147629
v -0.029840 0.078548 0.148112
v -0.030212 0.076846 0.148073
v -0.029840 0.078102 0.148992
v -0.029229 0.079953 0.148566
v -0.029229 0.079300 0.149861
v -0.030338 0.075557 0.147136
v -0.030212 0.073962 0.065951
v -0.030212 0.074037 0.065458
v -0.029840 0.072409 0.065951
v -0.029840 0.072409 0.147136
v -0.029229 0.070930 0.147136
v -0.029229 0.071161 0.148566
v -0.029840 0.072566 0.148112
v -0.029229 0.071814 0.149861
v -0.030212 0.073962 0.147136
v -0.030212 0.074037 0.147629
v -0.029840 0.073012 0.148992
v -0.029229 0.072839 0.150876
v -0.029840 0.073706 0.149687
v -0.029229 0.074127 0.151533
v -0.029840 0.074582 0.150131
v -0.029229 0.075557 0.151764
v -0.029840 0.075557 0.150286
v -0.029229 0.076987 0.151533
v -0.030212 0.074268 0.148073
v -0.030212 0.074615 0.148431
v -0.030212 0.075062 0.148653
v -0.030212 0.075557 0.148730
v -0.029840 0.076532 0.150131
v -0.029229 0.078275 0.150876
v -0.029840 0.077408 0.149687
v -0.030212 0.076491 0.148431
v -0.030212 0.076045 0.148653
v 0.009157 0.084786 0.002729
v 0.009768 0.086422 0.001763
v 0.009768 0.086265 0.002729
v 0.010140 0.087901 0.002236
v 0.010140 0.087818 0.002729
v 0.010266 0.089413 0.002729
v 0.010140 0.088124 0.001792
v 0.010140 0.088480 0.001444
v 0.009768 0.086869 0.000883
v 0.009768 0.087562 0.000188
v 0.009157 0.085670 0.000014
v 0.009157 0.086695 -0.001011
v 0.009157 0.085017 0.001299
v 0.010140 0.088917 0.001211
v 0.009768 0.088438 -0.000267
v 0.009157 0.087983 -0.001668
v 0.009768 0.089413 -0.000421
v 0.009157 0.089413 -0.001890
v 0.009768 0.090388 -0.000267
v 0.009157 0.090842 -0.001668
v 0.009768 0.091263 0.000188
v 0.009157 0.092132 -0.001011
v 0.010140 0.089413 0.001135
v 0.010140 0.089909 0.001211
v 0.010140 0.090347 0.001444
v 0.010140 0.090702 0.001792
v 0.009768 0.091958 0.000883
v 0.009157 0.093156 0.000014
v 0.009768 0.092404 0.001763
v 0.009157 0.093809 0.001299
v 0.010140 0.090925 0.002236
v 0.010140 0.091007 0.002729
v 0.009768 0.092561 0.002729
v 0.009157 0.094040 0.002729
v 0.009157 0.094040 0.147136
v 0.009768 0.092561 0.147136
v 0.010140 0.091007 0.147136
v 0.010266 0.089413 0.147136
v 0.010140 0.090925 0.147629
v 0.009768 0.092404 0.148112
v 0.009157 0.093809 0.148566
v 0.009768 0.091958 0.148992
v 0.009157 0.093156 0.149861
v 0.009768 0.091263 0.149687
v 0.009157 0.092132 0.150876
v 0.009768 0.090388 0.150131
v 0.009157 0.090842 0.151533
v 0.010140 0.090702 0.148073
v 0.010140 0.090347 0.148431
v 0.010140 0.089909 0.148653
v 0.010140 0.089413 0.148730
v 0.009768 0.089413 0.150286
v 0.009157 0.089413 0.151764
v 0.009768 0.088438 0.150131
v 0.009157 0.087983 0.151533
v 0.010140 0.088917 0.148653
v 0.010140 0.088480 0.148431
v 0.009768 0.087562 0.149687
v 0.009157 0.086695 0.150876
v 0.009768 0.086869 0.148992
v 0.009157 0.085670 0.149861
v 0.010140 0.088124 0.148073
v 0.010140 0.087901 0.147629
v 0.009768 0.086422 0.148112
v 0.009157 0.085017 0.148566
v 0.009768 0.086265 0.147136
v 0.009157 0.084786 0.147136
v 0.010140 0.087818 0.147136
v 0.009157 0.070930 0.002729
v 0.009768 0.072409 0.002729
v 0.009768 0.072566 0.001763
v 0.010140 0.074037 0.002236
v 0.010140 0.074268 0.001792
v 0.010266 0.075557 0.002729
v 0.010140 0.074615 0.001444
v 0.009768 0.073012 0.000883
v 0.009157 0.071161 0.001299
v 0.009157 0.071814 0.000014
v 0.009768 0.073706 0.000188
v 0.010140 0.075061 0.001211
v 0.009157 0.072839 -0.001011
v 0.009768 0.074582 -0.000267
v 0.009157 0.074127 -0.001668
v 0.009768 0.075557 -0.000421
v 0.009157 0.075557 -0.001890
v 0.010140 0.075557 0.001135
v 0.010140 0.076045 0.001211
v 0.009768 0.076532 -0.000267
v 0.009157 0.076987 -0.001668
v 0.009768 0.077408 0.000188
v 0.009157 0.078275 -0.001011
v 0.010140 0.073962 0.002729
v 0.010140 0.076491 0.001444
v 0.010140 0.076845 0.001792
v 0.009768 0.078102 0.000883
v 0.009157 0.079300 0.000014
v 0.009768 0.078548 0.001763
v 0.009157 0.079953 0.001299
v 0.009768 0.078705 0.002729
v 0.009157 0.080184 0.002729
v 0.009157 0.080184 0.147136
v 0.009768 0.078705 0.147136
v 0.010140 0.077152 0.002729
v 0.010140 0.077152 0.147136
v 0.010266 0.075557 0.147136
v 0.010140 0.077069 0.002236
v 0.010140 0.077069 0.147629
v 0.009768 0.078548 0.148112
v 0.009157 0.079953 0.148566
v 0.009768 0.078102 0.148992
v 0.009157 0.079300 0.149861
v 0.009768 0.077408 0.149687
v 0.009157 0.078275 0.150876
v 0.009768 0.076532 0.150131
v 0.009157 0.076987 0.151533
v 0.010140 0.076846 0.148073
v 0.010140 0.076491 0.148431
v 0.010140 0.076045 0.148653
v 0.010140 0.075557 0.148730
v 0.009768 0.075557 0.150286
v 0.009157 0.075557 0.151764
v 0.009768 0.074582 0.150131
v 0.009157 0.074127 0.151533
v 0.010140 0.075062 0.148653
v 0.010140 0.074615 0.148431
v 0.009768 0.073706 0.149687
v 0.009157 0.072839 0.150876
v 0.009768 0.073012 0.148992
v 0.009157 0.071814 0.149861
v 0.010140 0.074268 0.148073
v 0.010140 0.074037 0.147629
v 0.009768 0.072558 0.148112
v 0.009157 0.071161 0.148566
v 0.009768 0.072409 0.147136
v 0.009157 0.070930 0.147136
v 0.010140 0.073962 0.147136
v -0.003804 0.073095 0.201981
v -0.010036 0.075367 0.201981
v -0.003504 0.074211 0.201981
v -0.003404 0.075367 0.201981
v -0.003504 0.076515 0.201981
v -0.003804 0.077631 0.201981
v -0.004292 0.078680 0.201981
v -0.004954 0.079630 0.201981
v -0.005772 0.080448 0.201981
v -0.006719 0.081109 0.201981
v -0.007768 0.081597 0.201981
v -0.008884 0.081894 0.201981
v -0.010036 0.081994 0.201981
v -0.011188 0.081894 0.201981
v -0.012304 0.081597 0.201981
v -0.013353 0.081109 0.201981
v -0.014300 0.080448 0.201981
v -0.015118 0.079630 0.201981
v -0.015780 0.078680 0.201981
v -0.016268 0.077631 0.201981
v -0.016568 0.076515 0.201981
v -0.016668 0.075367 0.201981
v -0.016568 0.074211 0.201981
v -0.016268 0.073095 0.201981
v -0.015780 0.072045 0.201981
v -0.015118 0.071103 0.201981
v -0.014300 0.070285 0.201981
v -0.013353 0.069616 0.201981
v -0.012304 0.069129 0.201981
v -0.011188 0.068831 0.201981
v -0.010036 0.068732 0.201981
v -0.008884 0.068831 0.201981
v -0.007768 0.069129 0.201981
v -0.006719 0.069616 0.201981
v -0.005772 0.070285 0.201981
v -0.004954 0.071103 0.201981
v -0.004292 0.072045 0.201981
v -0.003588 0.083051 0.220890
v -0.003792 0.082803 0.221489
v -0.005177 0.083778 0.221489
v -0.005493 0.083233 0.222031
v -0.002352 0.081811 0.220890
v -0.005020 0.084051 0.220890
v -0.006713 0.084497 0.221489
v -0.006605 0.084794 0.220890
v -0.008349 0.084935 0.221489
v -0.008294 0.085240 0.220890
v -0.010036 0.085084 0.221489
v -0.010036 0.085398 0.220890
v -0.011723 0.084935 0.221489
v -0.011778 0.085240 0.220890
v -0.013359 0.084497 0.221489
v -0.013467 0.084794 0.220890
v -0.014895 0.083778 0.221489
v -0.015052 0.084051 0.220890
v -0.016280 0.082803 0.221489
v -0.016484 0.083051 0.220890
v -0.017479 0.081613 0.221489
v -0.017720 0.081811 0.220890
v -0.018450 0.080225 0.221489
v -0.018723 0.080383 0.220890
v -0.019165 0.078688 0.221489
v -0.019463 0.078796 0.220890
v -0.019604 0.077052 0.221489
v -0.019914 0.077110 0.220890
v -0.019751 0.075367 0.221489
v -0.020068 0.075367 0.220890
v -0.019604 0.073674 0.221489
v -0.019914 0.073623 0.220890
v -0.019165 0.072045 0.221489
v -0.019463 0.071930 0.220890
v -0.018450 0.070508 0.221489
v -0.018723 0.070352 0.220890
v -0.017479 0.069120 0.221489
v -0.017720 0.068914 0.220890
v -0.016280 0.067923 0.221489
v -0.016484 0.067683 0.220890
v -0.014895 0.066948 0.221489
v -0.015052 0.066675 0.220890
v -0.013359 0.066237 0.221489
v -0.013467 0.065940 0.220890
v -0.011723 0.065799 0.221489
v -0.011778 0.065485 0.220890
v -0.010036 0.065650 0.221489
v -0.010036 0.065336 0.220890
v -0.008349 0.065799 0.221489
v -0.008294 0.065485 0.220890
v -0.006713 0.066237 0.221489
v -0.006605 0.065940 0.220890
v -0.005177 0.066948 0.221489
v -0.005020 0.066675 0.220890
v -0.003792 0.067923 0.221489
v -0.003588 0.067683 0.220890
v -0.002593 0.069120 0.221489
v -0.002352 0.068914 0.220890
v -0.001622 0.070508 0.221489
v -0.001349 0.070352 0.220890
v -0.000907 0.072045 0.221489
v -0.000610 0.071930 0.220890
v -0.000468 0.073674 0.221489
v -0.000158 0.073623 0.220890
v -0.000321 0.075367 0.221489
v -0.000004 0.075367 0.220890
v -0.000468 0.077052 0.221489
v -0.000158 0.077110 0.220890
v -0.000907 0.078688 0.221489
v -0.000610 0.078796 0.220890
v -0.001622 0.080225 0.221489
v -0.001349 0.080383 0.220890
v -0.002593 0.081613 0.221489
v -0.004196 0.082324 0.222031
v -0.003078 0.081200 0.222031
v -0.002169 0.079903 0.222031
v -0.001500 0.078474 0.222031
v -0.001090 0.076945 0.222031
v -0.000953 0.075367 0.222031
v -0.001090 0.073788 0.222031
v -0.001500 0.072260 0.222031
v -0.002169 0.070822 0.222031
v -0.003078 0.069525 0.222031
v -0.004196 0.068410 0.222031
v -0.005493 0.067501 0.222031
v -0.006930 0.066832 0.222031
v -0.008458 0.066419 0.222031
v -0.010036 0.066279 0.222031
v -0.011614 0.066419 0.222031
v -0.013142 0.066832 0.222031
v -0.014579 0.067501 0.222031
v -0.015876 0.068410 0.222031
v -0.016994 0.069525 0.222031
v -0.017903 0.070822 0.222031
v -0.018572 0.072260 0.222031
v -0.018982 0.073788 0.222031
v -0.019120 0.075367 0.222031
v -0.018982 0.076945 0.222031
v -0.018572 0.078474 0.222031
v -0.017903 0.079903 0.222031
v -0.016994 0.081200 0.222031
v -0.015876 0.082324 0.222031
v -0.014579 0.083233 0.222031
v -0.013142 0.083902 0.222031
v -0.011614 0.084307 0.222031
v -0.010036 0.084447 0.222031
v -0.008458 0.084307 0.222031
v -0.006930 0.083902 0.222031
v -0.007690 0.081803 0.222224
v -0.006609 0.081299 0.222224
v -0.008845 0.082117 0.222224
v -0.010036 0.082217 0.222224
v -0.011228 0.082117 0.222224
v -0.012382 0.081803 0.222224
v -0.013463 0.081299 0.222224
v -0.014443 0.080613 0.222224
v -0.015288 0.079771 0.222224
v -0.015973 0.078796 0.222224
v -0.016479 0.077705 0.222224
v -0.016788 0.076557 0.222224
v -0.016892 0.075367 0.222224
v -0.016788 0.074177 0.222224
v -0.016477 0.073021 0.222224
v -0.015973 0.071938 0.222224
v -0.015288 0.070955 0.222224
v -0.014443 0.070112 0.222224
v -0.013463 0.069426 0.222224
v -0.012382 0.068922 0.222224
v -0.011228 0.068616 0.222224
v -0.010036 0.068509 0.222224
v -0.008845 0.068616 0.222224
v -0.007690 0.068922 0.222224
v -0.006609 0.069426 0.222224
v -0.005629 0.070112 0.222224
v -0.004784 0.070955 0.222224
v -0.004099 0.071938 0.222224
v -0.003593 0.073021 0.222224
v -0.003284 0.074177 0.222224
v -0.003180 0.075367 0.222224
v -0.003284 0.076557 0.222224
v -0.003593 0.077705 0.222224
v -0.004099 0.078796 0.222224
v -0.004784 0.079771 0.222224
v -0.005629 0.080613 0.222224
v -0.003504 0.074211 0.201981
v -0.003804 0.073095 0.201981
v -0.003593 0.073021 0.222224
v -0.004099 0.071938 0.222224
v -0.003284 0.074177 0.222224
v -0.003404 0.075367 0.201981
v -0.003180 0.075367 0.222224
v -0.003504 0.076515 0.201981
v -0.003284 0.076557 0.222224
v -0.003804 0.077631 0.201981
v -0.003593 0.077705 0.222224
v -0.004292 0.078680 0.201981
v -0.004099 0.078796 0.222224
v -0.004954 0.079630 0.201981
v -0.004784 0.079771 0.222224
v -0.005772 0.080448 0.201981
v -0.005629 0.080613 0.222224
v -0.006719 0.081109 0.201981
v -0.006609 0.081299 0.222224
v -0.007768 0.081597 0.201981
v -0.007690 0.081803 0.222224
v -0.008884 0.081894 0.201981
v -0.008845 0.082117 0.222224
v -0.010036 0.081994 0.201981
v -0.010036 0.082217 0.222224
v -0.011188 0.081894 0.201981
v -0.011228 0.082117 0.222224
v -0.012304 0.081597 0.201981
v -0.012382 0.081803 0.222224
v -0.013353 0.081109 0.201981
v -0.013463 0.081299 0.222224
v -0.004292 0.072045 0.201981
v -0.004784 0.070955 0.222224
v -0.004954 0.071103 0.201981
v -0.005629 0.070112 0.222224
v -0.005772 0.070285 0.201981
v -0.006609 0.069426 0.222224
v -0.006719 0.069616 0.201981
v -0.007690 0.068922 0.222224
v -0.007768 0.069129 0.201981
v -0.008845 0.068616 0.222224
v -0.008884 0.068831 0.201981
v -0.010036 0.068509 0.222224
v -0.010036 0.068732 0.201981
v -0.011228 0.068616 0.222224
v -0.011188 0.068831 0.201981
v -0.012382 0.068922 0.222224
v -0.012304 0.069129 0.201981
v -0.013463 0.069426 0.222224
v -0.013353 0.069616 0.201981
v -0.014443 0.070112 0.222224
v -0.014300 0.070285 0.201981
v -0.015288 0.070955 0.222224
v -0.015118 0.071103 0.201981
v -0.015973 0.071938 0.222224
v -0.015780 0.072045 0.201981
v -0.016477 0.073021 0.222224
v -0.016268 0.073095 0.201981
v -0.016788 0.074177 0.222224
v -0.016568 0.074211 0.201981
v -0.016892 0.075367 0.222224
v -0.016668 0.075367 0.201981
v -0.016788 0.076557 0.222224
v -0.016568 0.076515 0.201981
v -0.016479 0.077705 0.222224
v -0.016268 0.077631 0.201981
v -0.015973 0.078796 0.222224
v -0.015780 0.078680 0.201981
v -0.015288 0.079771 0.222224
v -0.015118 0.079630 0.201981
v -0.014443 0.080613 0.222224
v -0.014300 0.080448 0.201981
v -0.013463 0.081299 0.222224
v -0.013353 0.081109 0.201981
v 0.006273 0.070062 0.174297
v 0.006273 0.070062 0.182318
v 0.003837 0.065287 0.174297
v 0.003837 0.065287 0.182318
v 0.000044 0.061495 0.174297
v 0.000044 0.061495 0.182318
v -0.004737 0.059057 0.174297
v -0.004737 0.059057 0.182318
v -0.010036 0.058214 0.174297
v -0.010036 0.058214 0.182318
v -0.015335 0.059057 0.174297
v -0.015335 0.059057 0.182318
v -0.020116 0.061495 0.174297
v -0.020116 0.061495 0.182318
v -0.023909 0.065287 0.174297
v -0.023909 0.065287 0.182318
v -0.026345 0.070062 0.174297
v -0.026345 0.070062 0.182318
v -0.027185 0.075367 0.174297
v -0.027185 0.075367 0.182318
v -0.026345 0.080663 0.174297
v -0.026345 0.080663 0.182318
v -0.023909 0.085447 0.174297
v -0.023909 0.085447 0.182318
v -0.020116 0.089240 0.174297
v -0.020116 0.089240 0.182318
v -0.015335 0.091677 0.174297
v -0.015335 0.091677 0.182318
v -0.010036 0.092511 0.174297
v -0.010036 0.092511 0.182318
v -0.004737 0.091677 0.174297
v -0.004737 0.091677 0.182318
v 0.000044 0.089240 0.174297
v 0.000044 0.089240 0.182318
v 0.003837 0.085447 0.174297
v 0.003837 0.085447 0.182318
v 0.006273 0.080663 0.174297
v 0.006273 0.080663 0.182318
v 0.007113 0.075367 0.174297
v 0.007113 0.075367 0.182318
v 0.006273 0.070062 0.174297
v 0.006273 0.070062 0.182318
v 0.014752 0.055760 0.120825
v 0.011801 0.055760 0.120825
v 0.014752 0.055132 0.120255
v 0.011801 0.055132 0.120255
v 0.014752 0.053628 0.118970
v 0.011801 0.053628 0.118970
v 0.014752 0.052596 0.117279
v 0.011801 0.052596 0.117279
v 0.014752 0.052133 0.115346
v 0.011801 0.052133 0.115346
v 0.014752 0.052290 0.113375
v 0.011801 0.052290 0.113375
v 0.014752 0.053050 0.111539
v 0.011801 0.053050 0.111539
v 0.014752 0.054339 0.110041
v 0.011801 0.054339 0.110041
v 0.014752 0.056032 0.109007
v 0.011801 0.056032 0.109007
v 0.014752 0.057817 0.106670
v 0.011801 0.057817 0.106670
v 0.011801 0.062015 0.120351
v 0.014752 0.062015 0.120351
v 0.011801 0.062552 0.119685
v 0.014752 0.062552 0.119685
v 0.011801 0.063841 0.118178
v 0.014752 0.063841 0.118178
v 0.011801 0.064601 0.116351
v 0.014752 0.064601 0.116351
v 0.011801 0.064766 0.114380
v 0.014752 0.064766 0.114380
v 0.011801 0.064303 0.112447
v 0.014752 0.064303 0.112447
v 0.011801 0.063271 0.110756
v 0.014752 0.063271 0.110756
v 0.011801 0.061767 0.109471
v 0.014752 0.061767 0.109471
v 0.011801 0.059941 0.108708
v 0.014752 0.059941 0.108708
v 0.011801 0.057817 0.106670
v 0.014752 0.057817 0.106670
v 0.014752 0.053628 0.118970
v 0.014752 0.052596 0.117279
v 0.014752 0.058445 0.114863
v 0.014752 0.052133 0.115346
v 0.014752 0.052290 0.113375
v 0.014752 0.053050 0.111539
v 0.014752 0.054339 0.110041
v 0.014752 0.056032 0.109007
v 0.014752 0.057817 0.106670
v 0.014752 0.059941 0.108708
v 0.014752 0.061767 0.109471
v 0.014752 0.063271 0.110756
v 0.014752 0.064303 0.112447
v 0.014752 0.064766 0.114380
v 0.014752 0.064601 0.116351
v 0.014752 0.063841 0.118178
v 0.014752 0.062552 0.119685
v 0.014752 0.062015 0.120351
v 0.014752 0.055760 0.120825
v 0.014752 0.062899 0.131898
v 0.014752 0.056652 0.132381
v 0.014752 0.056983 0.133551
v 0.014752 0.057735 0.134517
v 0.014752 0.058801 0.135116
v 0.014752 0.060016 0.135260
v 0.014752 0.061197 0.134932
v 0.014752 0.062155 0.134179
v 0.014752 0.062759 0.133106
v 0.014752 0.055132 0.120255
v 0.016631 0.059189 0.132536
v 0.016631 0.059073 0.132188
v 0.017489 0.059073 0.132188
v 0.016631 0.058181 0.120642
v 0.017489 0.058181 0.120642
v 0.017489 0.058247 0.120284
v 0.016631 0.058247 0.120284
v 0.017489 0.058487 0.120003
v 0.016631 0.058487 0.120003
v 0.017489 0.058833 0.119878
v 0.016631 0.058833 0.119878
v 0.017489 0.059198 0.119945
v 0.016631 0.059198 0.119945
v 0.017489 0.059470 0.120187
v 0.016631 0.059470 0.120187
v 0.017489 0.059594 0.120535
v 0.016631 0.059594 0.120535
v 0.017489 0.059189 0.132536
v 0.016631 0.059470 0.132778
v 0.017489 0.059470 0.132778
v 0.016631 0.059833 0.132845
v 0.017489 0.059833 0.132845
v 0.016631 0.060172 0.132719
v 0.017489 0.060172 0.132719
v 0.016631 0.060412 0.132439
v 0.017489 0.060412 0.132439
v 0.016631 0.060486 0.132082
v 0.017489 0.060486 0.132082
v 0.017489 0.059594 0.120535
v 0.016631 0.059594 0.120535
v 0.015758 0.058503 0.132778
v 0.016631 0.058354 0.132246
v 0.015758 0.058354 0.132246
v 0.015758 0.057471 0.120699
v 0.016631 0.057471 0.120699
v 0.016631 0.057536 0.120149
v 0.015758 0.057536 0.120149
v 0.016631 0.057810 0.119665
v 0.015758 0.057810 0.119665
v 0.016631 0.058247 0.119317
v 0.015758 0.058247 0.119317
v 0.016631 0.058776 0.119173
v 0.015758 0.058776 0.119173
v 0.016631 0.059330 0.119230
v 0.015758 0.059330 0.119230
v 0.016631 0.059817 0.119510
v 0.015758 0.059817 0.119510
v 0.016631 0.060156 0.119945
v 0.015758 0.060156 0.119945
v 0.016631 0.060305 0.120477
v 0.015758 0.060305 0.120477
v 0.016631 0.058503 0.132778
v 0.015758 0.058850 0.133212
v 0.016631 0.058850 0.133212
v 0.015758 0.059338 0.133493
v 0.016631 0.059338 0.133493
v 0.015758 0.059883 0.133551
v 0.016631 0.059883 0.133551
v 0.015758 0.060420 0.133406
v 0.016631 0.060420 0.133406
v 0.015758 0.060858 0.133058
v 0.016631 0.060858 0.133058
v 0.015758 0.061130 0.132574
v 0.016631 0.061130 0.132574
v 0.015758 0.061197 0.132024
v 0.016631 0.061197 0.132024
v 0.016631 0.060305 0.120477
v 0.015758 0.060305 0.120477
v 0.014752 0.057817 0.133135
v 0.015758 0.057587 0.132304
v 0.014752 0.057587 0.132304
v 0.014752 0.056694 0.120757
v 0.015758 0.056694 0.120757
v 0.015758 0.056801 0.119907
v 0.014752 0.056801 0.119907
v 0.015758 0.057222 0.119153
v 0.014752 0.057222 0.119153
v 0.015758 0.057892 0.118631
v 0.014752 0.057892 0.118631
v 0.015758 0.058718 0.118400
v 0.014752 0.058718 0.118400
v 0.015758 0.059570 0.118496
v 0.014752 0.059570 0.118496
v 0.015758 0.060321 0.118922
v 0.014752 0.060321 0.118922
v 0.015758 0.060850 0.119598
v 0.014752 0.060850 0.119598
v 0.015758 0.061081 0.120419
v 0.014752 0.061081 0.120419
v 0.015758 0.057817 0.133135
v 0.014752 0.058347 0.133802
v 0.015758 0.058347 0.133802
v 0.014752 0.059090 0.134227
v 0.015758 0.059090 0.134227
v 0.014752 0.059941 0.134323
v 0.015758 0.059941 0.134323
v 0.014752 0.060767 0.134092
v 0.015758 0.060767 0.134092
v 0.014752 0.061444 0.133570
v 0.015758 0.061444 0.133570
v 0.014752 0.061866 0.132816
v 0.015758 0.061866 0.132816
v 0.014752 0.061965 0.131966
v 0.015758 0.061965 0.131966
v 0.015758 0.061081 0.120419
v 0.014752 0.061081 0.120419
v 0.014752 0.055760 0.120825
v 0.011801 0.055760 0.120825
v 0.014752 0.056652 0.132381
v 0.011801 0.056652 0.132381
v 0.011801 0.056983 0.133551
v 0.014752 0.056983 0.133551
v 0.011801 0.057735 0.134517
v 0.014752 0.057735 0.134517
v 0.011801 0.058801 0.135116
v 0.014752 0.058801 0.135116
v 0.011801 0.060016 0.135260
v 0.014752 0.060016 0.135260
v 0.011801 0.061197 0.134932
v 0.014752 0.061197 0.134932
v 0.011801 0.062155 0.134179
v 0.014752 0.062155 0.134179
v 0.011801 0.062759 0.133106
v 0.014752 0.062759 0.133106
v 0.011801 0.062759 0.133106
v 0.014752 0.062759 0.133106
v 0.011801 0.062899 0.131898
v 0.014752 0.062899 0.131898
v 0.014752 0.062015 0.120351
v 0.011801 0.062015 0.120351
v 0.015758 0.060850 0.119598
v 0.015758 0.060321 0.118922
v 0.015758 0.061081 0.120419
v 0.015758 0.059570 0.118496
v 0.015758 0.058718 0.118400
v 0.015758 0.057892 0.118631
v 0.015758 0.057222 0.119153
v 0.015758 0.056801 0.119907
v 0.015758 0.056694 0.120757
v 0.015758 0.061965 0.131966
v 0.015758 0.057587 0.132304
v 0.015758 0.057817 0.133135
v 0.015758 0.058347 0.133802
v 0.015758 0.059090 0.134227
v 0.015758 0.059941 0.134323
v 0.015758 0.060767 0.134092
v 0.015758 0.061444 0.133570
v 0.015758 0.061866 0.132816
v 0.016631 0.061130 0.132574
v 0.016631 0.060858 0.133058
v 0.016631 0.061197 0.132024
v 0.016631 0.060420 0.133406
v 0.016631 0.059883 0.133551
v 0.016631 0.059338 0.133493
v 0.016631 0.058850 0.133212
v 0.016631 0.058503 0.132778
v 0.016631 0.058354 0.132246
v 0.016631 0.057471 0.120699
v 0.016631 0.060305 0.120477
v 0.016631 0.057536 0.120149
v 0.016631 0.057810 0.119665
v 0.016631 0.058247 0.119317
v 0.016631 0.058776 0.119173
v 0.016631 0.059330 0.119230
v 0.016631 0.059817 0.119510
v 0.016631 0.060156 0.119945
v 0.017489 0.060412 0.132439
v 0.017489 0.060486 0.132082
v 0.017489 0.060172 0.132719
v 0.017489 0.059833 0.132845
v 0.017489 0.059470 0.132778
v 0.017489 0.059189 0.132536
v 0.017489 0.059073 0.132188
v 0.017489 0.058181 0.120642
v 0.017489 0.059594 0.120535
v 0.017489 0.058247 0.120284
v 0.017489 0.058487 0.120003
v 0.017489 0.058833 0.119878
v 0.017489 0.059198 0.119945
v 0.017489 0.059470 0.120187
v -0.010170 0.110193 0.001347
v -0.010170 0.111218 0.000777
v -0.006776 0.110193 0.000951
v -0.006896 0.111218 0.000390
v -0.003518 0.110193 -0.000161
v -0.003751 0.111218 -0.000672
v -0.004104 0.111904 -0.001455
v -0.007076 0.111904 -0.000441
v -0.010170 0.111904 -0.000074
v -0.013445 0.111218 0.000390
v -0.013562 0.110193 0.000951
v -0.010170 0.108979 0.001550
v -0.006735 0.108979 0.001144
v -0.007286 0.112151 -0.001426
v -0.010170 0.112151 -0.001078
v -0.013055 0.112151 -0.001426
v -0.013265 0.111904 -0.000441
v -0.015823 0.112151 -0.002383
v -0.016237 0.111904 -0.001455
v -0.004518 0.112151 -0.002383
v -0.004930 0.111904 -0.003301
v -0.007496 0.111904 -0.002402
v -0.010170 0.111904 -0.002083
v -0.012845 0.111904 -0.002402
v -0.010170 0.111218 -0.002944
v -0.007676 0.111218 -0.003242
v -0.005282 0.111218 -0.004083
v -0.005515 0.110193 -0.004596
v -0.007793 0.110193 -0.003794
v -0.010170 0.110193 -0.003513
v -0.012665 0.111218 -0.003242
v -0.015411 0.111904 -0.003301
v -0.018360 0.112151 -0.003852
v -0.018962 0.111904 -0.003020
v -0.016589 0.111218 -0.000672
v -0.016822 0.110193 -0.000161
v -0.013606 0.108979 0.001144
v -0.016906 0.108979 0.000033
v -0.019813 0.110193 -0.001852
v -0.019474 0.111218 -0.002325
v -0.021317 0.111904 -0.005030
v -0.020548 0.112151 -0.005745
v -0.017757 0.111904 -0.004682
v -0.019778 0.111904 -0.006460
v -0.017246 0.111218 -0.005388
v -0.015059 0.111218 -0.004083
v -0.022271 0.112151 -0.007958
v -0.021364 0.111904 -0.008557
v -0.019125 0.111218 -0.007069
v -0.016906 0.110193 -0.005852
v -0.014826 0.110193 -0.004596
v -0.012548 0.110193 -0.003794
v -0.014826 0.107764 -0.004596
v -0.016906 0.107764 -0.005852
v -0.012548 0.107764 -0.003794
v -0.012845 0.106053 -0.002402
v -0.010170 0.106053 -0.002083
v -0.010170 0.107764 -0.003513
v -0.007793 0.107764 -0.003794
v -0.005515 0.107764 -0.004596
v -0.007496 0.106053 -0.002402
v -0.004930 0.106053 -0.003301
v -0.003435 0.107764 -0.005852
v -0.015411 0.106053 -0.003301
v -0.002583 0.106053 -0.004682
v -0.001650 0.107764 -0.007475
v -0.003435 0.110193 -0.005852
v -0.000563 0.106053 -0.006460
v -0.000260 0.107764 -0.009398
v 0.001024 0.106053 -0.008557
v 0.000669 0.107764 -0.011552
v 0.002100 0.106053 -0.010876
v 0.001207 0.107764 -0.013833
v 0.002742 0.106053 -0.013321
v 0.001455 0.107764 -0.016162
v 0.003059 0.106053 -0.015795
v 0.001514 0.107764 -0.018442
v 0.003163 0.106053 -0.018201
v 0.001485 0.107764 -0.020578
v 0.003163 0.106053 -0.020432
v 0.001423 0.107764 -0.023457
v 0.003139 0.106053 -0.023486
v 0.003139 0.106442 -0.029534
v 0.001423 0.108152 -0.029428
v 0.003139 0.107830 -0.038192
v 0.001423 0.109540 -0.038048
v 0.003139 0.110317 -0.050232
v 0.001423 0.112027 -0.050078
v 0.001423 0.115307 -0.063025
v 0.003139 0.113606 -0.063131
v 0.001423 0.117117 -0.071509
v 0.003139 0.115423 -0.071480
v 0.001423 0.117365 -0.075645
v 0.003139 0.115712 -0.075412
v 0.001423 0.117059 -0.078080
v 0.003139 0.115505 -0.077567
v 0.001423 0.116431 -0.080089
v 0.003139 0.115052 -0.079248
v 0.001423 0.115382 -0.081635
v 0.003139 0.114250 -0.080495
v 0.003139 0.113002 -0.081278
v 0.001423 0.113829 -0.082670
v 0.003139 0.111300 -0.081713
v 0.001423 0.111813 -0.083269
v 0.003139 0.109086 -0.081915
v 0.001423 0.109359 -0.083567
v 0.003139 0.104765 -0.081984
v 0.001423 0.104888 -0.083684
v 0.001423 0.076945 -0.083684
v 0.001423 0.105070 -0.086080
v 0.001423 0.109747 -0.085916
v 0.001423 0.112539 -0.085481
v 0.001423 0.114985 -0.084630
v 0.001423 0.116977 -0.083249
v 0.001423 0.118381 -0.081268
v 0.001423 0.119257 -0.078804
v 0.001423 0.119703 -0.075983
v 0.001423 0.119513 -0.071548
v 0.001423 0.117720 -0.062890
v 0.001423 0.114431 -0.049855
v 0.001423 0.111953 -0.037835
v 0.001423 0.110565 -0.029283
v 0.001423 0.110193 -0.023418
v 0.001485 0.110193 -0.020578
v 0.001514 0.110193 -0.018442
v 0.001455 0.110193 -0.016162
v 0.001207 0.110193 -0.013833
v 0.000669 0.110193 -0.011552
v -0.000260 0.110193 -0.009398
v -0.001650 0.110193 -0.007475
v 0.003139 0.076945 -0.081973
v 0.000253 0.111218 -0.009059
v 0.001240 0.111218 -0.011282
v 0.001819 0.111218 -0.013630
v 0.002095 0.111218 -0.016017
v 0.002173 0.111218 -0.018345
v 0.002156 0.111218 -0.020519
v 0.002109 0.111218 -0.023399
v 0.002109 0.111597 -0.029226
v 0.002109 0.112978 -0.037748
v 0.002109 0.115456 -0.049759
v 0.002109 0.118745 -0.062832
v 0.002109 0.120529 -0.071567
v 0.002109 0.120703 -0.076118
v 0.002109 0.120191 -0.079114
v 0.002109 0.119208 -0.081771
v 0.002109 0.117654 -0.083935
v 0.002109 0.115481 -0.085462
v 0.002109 0.112853 -0.086418
v 0.002109 0.109904 -0.086911
v 0.002109 0.105144 -0.087104
v 0.003139 0.110019 -0.087578
v 0.003139 0.113052 -0.087036
v 0.003139 0.115812 -0.086022
v 0.003139 0.118109 -0.084399
v 0.003139 0.119753 -0.082099
v 0.003139 0.120810 -0.079316
v 0.003139 0.121356 -0.076215
v 0.003139 0.121207 -0.071577
v 0.003139 0.119422 -0.062783
v 0.003139 0.116142 -0.049690
v 0.003139 0.113664 -0.037689
v 0.003139 0.112276 -0.029186
v 0.003139 0.111904 -0.023389
v 0.003163 0.111904 -0.020432
v 0.003163 0.111904 -0.018201
v 0.003059 0.111904 -0.015795
v 0.002742 0.111904 -0.013321
v 0.002100 0.111904 -0.010876
v 0.001024 0.111904 -0.008557
v -0.001216 0.111218 -0.007069
v -0.003095 0.111218 -0.005388
v -0.002583 0.111904 -0.004682
v -0.001981 0.112151 -0.003852
v -0.001379 0.111904 -0.003020
v -0.000867 0.111218 -0.002325
v -0.000525 0.110193 -0.001852
v -0.003435 0.108979 0.000033
v -0.006776 0.107764 0.000951
v -0.010170 0.107764 0.001347
v -0.013562 0.107764 0.000951
v -0.016822 0.107764 -0.000161
v -0.019937 0.108979 -0.001687
v -0.019813 0.107764 -0.001852
v -0.022560 0.108979 -0.003870
v -0.022406 0.110193 -0.004016
v -0.021971 0.111218 -0.004422
v -0.023178 0.111904 -0.007359
v -0.023949 0.111218 -0.006857
v -0.024462 0.110193 -0.006518
v -0.024646 0.108979 -0.006402
v -0.022406 0.107764 -0.004016
v -0.018962 0.106053 -0.003020
v -0.016237 0.106053 -0.001455
v -0.013265 0.106053 -0.000441
v -0.010170 0.106053 -0.000074
v -0.007076 0.106053 -0.000441
v -0.004104 0.106053 -0.001455
v -0.003518 0.107764 -0.000161
v -0.001379 0.106053 -0.003020
v -0.000525 0.107764 -0.001852
v 0.002065 0.107764 -0.004016
v 0.000976 0.106053 -0.005030
v 0.004122 0.107764 -0.006518
v 0.002838 0.106053 -0.007359
v 0.004123 0.106053 -0.009920
v 0.005554 0.107764 -0.009243
v 0.004914 0.106053 -0.012596
v 0.006450 0.107764 -0.012084
v 0.005331 0.106053 -0.015282
v 0.006937 0.107764 -0.014915
v 0.005499 0.106053 -0.017862
v 0.007149 0.107764 -0.017620
v 0.005538 0.106053 -0.020239
v 0.007216 0.107764 -0.020094
v 0.005562 0.106053 -0.023486
v 0.007278 0.107764 -0.023457
v 0.005562 0.106442 -0.029534
v 0.007278 0.108152 -0.029428
v 0.005562 0.107830 -0.038192
v 0.007278 0.109540 -0.038048
v 0.005562 0.110317 -0.050232
v 0.007278 0.112027 -0.050078
v 0.005562 0.113606 -0.063131
v 0.007278 0.115307 -0.063025
v 0.007278 0.117117 -0.071509
v 0.005562 0.115423 -0.071480
v 0.007278 0.117365 -0.075645
v 0.005562 0.115712 -0.075412
v 0.007278 0.117059 -0.078080
v 0.005562 0.115505 -0.077567
v 0.007278 0.116431 -0.080089
v 0.005562 0.115052 -0.079248
v 0.007278 0.115382 -0.081635
v 0.005562 0.114250 -0.080495
v 0.005562 0.113002 -0.081278
v 0.007278 0.113829 -0.082670
v 0.005562 0.111300 -0.081713
v 0.007278 0.111813 -0.083269
v 0.005562 0.109086 -0.081915
v 0.007278 0.109359 -0.083567
v 0.005562 0.104765 -0.081984
v 0.007278 0.104888 -0.083684
v 0.007278 0.076945 -0.083684
v 0.005562 0.076945 -0.081973
v 0.006594 0.066477 -0.082659
v 0.005562 0.067518 -0.081800
v 0.005562 0.058082 -0.080930
v 0.006594 0.066477 -0.087143
v 0.007278 0.072045 -0.083684
v 0.007278 0.072045 -0.086109
v 0.007523 0.074045 -0.084901
v 0.007523 0.076945 -0.084901
v 0.007523 0.104979 -0.084882
v 0.007523 0.109549 -0.084747
v 0.007523 0.112176 -0.084370
v 0.007523 0.114407 -0.083645
v 0.007523 0.116175 -0.082447
v 0.007523 0.117406 -0.080679
v 0.007523 0.118158 -0.078437
v 0.007523 0.118538 -0.075809
v 0.007523 0.118315 -0.071528
v 0.007523 0.116514 -0.062958
v 0.007523 0.113225 -0.049961
v 0.007523 0.110747 -0.037941
v 0.007523 0.109359 -0.029361
v 0.007523 0.108979 -0.023437
v 0.007454 0.108979 -0.020075
v 0.007385 0.108979 -0.017591
v 0.007167 0.108979 -0.014857
v 0.006668 0.108979 -0.012007
v 0.005757 0.108979 -0.009146
v 0.004305 0.108979 -0.006402
v 0.002219 0.108979 -0.003870
v -0.000404 0.108979 -0.001687
v 0.002065 0.110193 -0.004016
v 0.004122 0.110193 -0.006518
v 0.001630 0.111218 -0.004422
v 0.000976 0.111904 -0.005030
v 0.000207 0.112151 -0.005745
v -0.000563 0.111904 -0.006460
v 0.001931 0.112151 -0.007958
v 0.002838 0.111904 -0.007359
v 0.003609 0.111218 -0.006857
v 0.005554 0.110193 -0.009243
v 0.006450 0.110193 -0.012084
v 0.004983 0.111218 -0.009514
v 0.004123 0.111904 -0.009920
v 0.003111 0.112151 -0.010402
v 0.003827 0.112151 -0.012963
v 0.004914 0.111904 -0.012596
v 0.005836 0.111218 -0.012287
v 0.006937 0.110193 -0.014915
v 0.006297 0.111218 -0.015060
v 0.005331 0.111904 -0.015282
v 0.004195 0.112151 -0.015533
v 0.004331 0.112151 -0.018026
v 0.005499 0.111904 -0.017862
v 0.006490 0.111218 -0.017717
v 0.007149 0.110193 -0.017620
v 0.007216 0.110193 -0.020094
v 0.006545 0.111218 -0.020152
v 0.005538 0.111904 -0.020239
v 0.004350 0.112151 -0.020336
v 0.004350 0.112143 -0.023380
v 0.004350 0.112523 -0.029168
v 0.004350 0.113903 -0.037671
v 0.004350 0.116382 -0.049672
v 0.004350 0.119662 -0.062774
v 0.004350 0.121447 -0.071577
v 0.004350 0.121595 -0.076244
v 0.004350 0.121033 -0.079384
v 0.004350 0.119951 -0.082215
v 0.004350 0.118265 -0.084563
v 0.004350 0.115928 -0.086215
v 0.004350 0.113127 -0.087259
v 0.004350 0.110053 -0.087810
v 0.003139 0.105195 -0.087781
v 0.003139 0.076945 -0.087829
v 0.002109 0.076945 -0.087143
v 0.001423 0.076945 -0.086109
v 0.001423 0.072045 -0.083684
v 0.002109 0.066477 -0.082659
v 0.003139 0.067518 -0.081800
v 0.003139 0.058082 -0.080930
v 0.003139 0.058082 -0.088872
v 0.003139 0.025065 -0.088872
v 0.004350 0.058082 -0.089201
v 0.004350 0.025065 -0.089201
v 0.005562 0.025065 -0.088872
v 0.005562 0.058082 -0.088872
v 0.005562 0.067518 -0.088003
v 0.006594 0.076945 -0.087143
v 0.007278 0.076945 -0.086109
v 0.007278 0.105070 -0.086080
v 0.007278 0.109747 -0.085916
v 0.007278 0.112539 -0.085481
v 0.007278 0.114985 -0.084630
v 0.007278 0.116977 -0.083249
v 0.007278 0.118381 -0.081268
v 0.007278 0.119257 -0.078804
v 0.007278 0.119703 -0.075983
v 0.007278 0.119513 -0.071548
v 0.007278 0.117720 -0.062890
v 0.007278 0.114431 -0.049855
v 0.007278 0.111953 -0.037835
v 0.007278 0.110565 -0.029283
v 0.007278 0.110193 -0.023418
v 0.006594 0.111218 -0.023399
v 0.005562 0.111904 -0.023389
v 0.005562 0.112276 -0.029186
v 0.003139 0.025065 -0.080930
v 0.005562 0.025065 -0.080930
v 0.006594 0.111597 -0.029226
v 0.006594 0.112978 -0.037748
v 0.005562 0.113664 -0.037689
v 0.005562 0.116142 -0.049690
v 0.006594 0.115456 -0.049759
v 0.006594 0.118745 -0.062832
v 0.005562 0.119422 -0.062783
v 0.005562 0.121207 -0.071577
v 0.004350 0.105211 -0.088032
v 0.006594 0.120529 -0.071567
v 0.006594 0.120703 -0.076118
v 0.005562 0.121356 -0.076215
v 0.005562 0.120810 -0.079316
v 0.006594 0.120191 -0.079114
v 0.006594 0.119208 -0.081771
v 0.005562 0.119753 -0.082099
v 0.005562 0.118109 -0.084399
v 0.006594 0.117654 -0.083935
v 0.006594 0.115481 -0.085462
v 0.005562 0.115812 -0.086022
v 0.005562 0.113052 -0.087036
v 0.006594 0.112853 -0.086418
v 0.006594 0.109904 -0.086911
v 0.005562 0.110019 -0.087578
v 0.005562 0.105195 -0.087781
v 0.004350 0.076945 -0.088070
v 0.003139 0.067518 -0.088003
v 0.002109 0.066477 -0.087143
v 0.001423 0.072045 -0.086109
v 0.004350 0.067518 -0.088264
v 0.005562 0.076945 -0.087829
v 0.006594 0.105144 -0.087104
v -0.010170 0.106053 -0.000074
v -0.010170 0.106053 -0.002083
v -0.007076 0.106053 -0.000441
v -0.007496 0.106053 -0.002402
v -0.004104 0.106053 -0.001455
v -0.013265 0.106053 -0.000441
v -0.012845 0.106053 -0.002402
v -0.016237 0.106053 -0.001455
v -0.015411 0.106053 -0.003301
v -0.018962 0.106053 -0.003020
v -0.017757 0.106053 -0.004682
v -0.021317 0.106053 -0.005030
v -0.019778 0.106053 -0.006460
v -0.021364 0.106053 -0.008557
v -0.023178 0.106053 -0.007359
v -0.022441 0.106053 -0.010876
v -0.024463 0.106053 -0.009920
v -0.023083 0.106053 -0.013321
v -0.025253 0.106053 -0.012596
v -0.023400 0.106053 -0.015795
v -0.025672 0.106053 -0.015282
v -0.023504 0.106053 -0.018201
v -0.025840 0.106053 -0.017862
v -0.023504 0.106053 -0.020432
v -0.025879 0.106053 -0.020239
v -0.023480 0.106053 -0.023486
v -0.025903 0.106053 -0.023486
v -0.023480 0.106442 -0.029534
v -0.025903 0.106442 -0.029534
v -0.023480 0.107830 -0.038192
v -0.025903 0.107830 -0.038192
v -0.023480 0.110317 -0.050232
v -0.025903 0.110317 -0.050232
v -0.023480 0.113606 -0.063131
v -0.025903 0.113606 -0.063131
v -0.023480 0.115423 -0.071480
v -0.025903 0.115423 -0.071480
v -0.023480 0.115712 -0.075412
v -0.025903 0.115712 -0.075412
v -0.023480 0.115505 -0.077567
v -0.025903 0.115505 -0.077567
v -0.023480 0.115052 -0.079248
v -0.025903 0.115052 -0.079248
v -0.023480 0.114250 -0.080495
v -0.025903 0.114250 -0.080495
v -0.023480 0.113002 -0.081278
v -0.025903 0.113002 -0.081278
v -0.023480 0.111300 -0.081713
v -0.025903 0.111300 -0.081713
v -0.023480 0.109086 -0.081915
v -0.025903 0.109086 -0.081915
v -0.023480 0.104765 -0.081984
v -0.025903 0.104765 -0.081984
v -0.023480 0.076945 -0.081973
v -0.025903 0.076945 -0.081973
v -0.023480 0.067518 -0.081800
v -0.025903 0.067518 -0.081800
v -0.025903 0.058082 -0.080930
v -0.023480 0.058082 -0.080930
v -0.023480 0.025065 -0.080930
v -0.025903 0.025065 -0.080930
v -0.004930 0.106053 -0.003301
v -0.001379 0.106053 -0.003020
v -0.002583 0.106053 -0.004682
v 0.000976 0.106053 -0.005030
v -0.000563 0.106053 -0.006460
v 0.001024 0.106053 -0.008557
v 0.002838 0.106053 -0.007359
v 0.002100 0.106053 -0.010876
v 0.004123 0.106053 -0.009920
v 0.002742 0.106053 -0.013321
v 0.004914 0.106053 -0.012596
v 0.003059 0.106053 -0.015795
v 0.005331 0.106053 -0.015282
v 0.003163 0.106053 -0.018201
v 0.005499 0.106053 -0.017862
v 0.003163 0.106053 -0.020432
v 0.005538 0.106053 -0.020239
v 0.003139 0.106053 -0.023486
v 0.005562 0.106053 -0.023486
v 0.003139 0.106442 -0.029534
v 0.005562 0.106442 -0.029534
v 0.003139 0.107830 -0.038192
v 0.005562 0.107830 -0.038192
v 0.003139 0.110317 -0.050232
v 0.005562 0.110317 -0.050232
v 0.003139 0.113606 -0.063131
v 0.005562 0.113606 -0.063131
v 0.003139 0.115423 -0.071480
v 0.005562 0.115423 -0.071480
v 0.003139 0.115712 -0.075412
v 0.005562 0.115712 -0.075412
v 0.003139 0.115505 -0.077567
v 0.005562 0.115505 -0.077567
v 0.003139 0.115052 -0.079248
v 0.005562 0.115052 -0.079248
v 0.003139 0.114250 -0.080495
v 0.005562 0.114250 -0.080495
v 0.003139 0.113002 -0.081278
v 0.005562 0.113002 -0.081278
v 0.003139 0.111300 -0.081713
v 0.005562 0.111300 -0.081713
v 0.003139 0.109086 -0.081915
v 0.005562 0.109086 -0.081915
v 0.003139 0.104765 -0.081984
v 0.005562 0.104765 -0.081984
v 0.003139 0.076945 -0.081973
v 0.005562 0.076945 -0.081973
v 0.003139 0.067518 -0.081800
v 0.005562 0.067518 -0.081800
v 0.005562 0.058082 -0.080930
v 0.003139 0.058082 -0.080930
v 0.003139 0.025065 -0.080930
v 0.005562 0.025065 -0.080930
v 0.005562 0.025065 -0.088872
v 0.004350 0.025065 -0.089201
v 0.005562 0.025065 -0.080930
v 0.003139 0.025065 -0.088872
v 0.003139 0.025065 -0.080930
v -0.017757 0.106053 -0.004682
v -0.018690 0.107764 -0.007475
v -0.018690 0.110193 -0.007475
v -0.020591 0.111218 -0.009059
v -0.019778 0.106053 -0.006460
v -0.020080 0.107764 -0.009398
v -0.021364 0.106053 -0.008557
v -0.021010 0.107764 -0.011552
v -0.022441 0.106053 -0.010876
v -0.021548 0.107764 -0.013833
v -0.023083 0.106053 -0.013321
v -0.021794 0.107764 -0.016162
v -0.023400 0.106053 -0.015795
v -0.021853 0.107764 -0.018442
v -0.023504 0.106053 -0.018201
v -0.021826 0.107764 -0.020578
v -0.023504 0.106053 -0.020432
v -0.021764 0.107764 -0.023457
v -0.023480 0.106053 -0.023486
v -0.023480 0.106442 -0.029534
v -0.021764 0.108152 -0.029428
v -0.023480 0.107830 -0.038192
v -0.021764 0.109540 -0.038048
v -0.023480 0.110317 -0.050232
v -0.021764 0.112027 -0.050078
v -0.021764 0.115307 -0.063025
v -0.023480 0.113606 -0.063131
v -0.021764 0.117117 -0.071509
v -0.023480 0.115423 -0.071480
v -0.021764 0.117365 -0.075645
v -0.023480 0.115712 -0.075412
v -0.021764 0.117059 -0.078080
v -0.023480 0.115505 -0.077567
v -0.021764 0.116431 -0.080089
v -0.023480 0.115052 -0.079248
v -0.021764 0.115382 -0.081635
v -0.023480 0.114250 -0.080495
v -0.023480 0.113002 -0.081278
v -0.021764 0.113829 -0.082670
v -0.023480 0.111300 -0.081713
v -0.021764 0.111813 -0.083269
v -0.023480 0.109086 -0.081915
v -0.021764 0.109359 -0.083567
v -0.023480 0.104765 -0.081984
v -0.021764 0.104888 -0.083684
v -0.021764 0.076945 -0.083684
v -0.023480 0.076945 -0.081973
v -0.021764 0.072045 -0.083684
v -0.022448 0.066477 -0.082659
v -0.023480 0.067518 -0.081800
v -0.023480 0.058082 -0.080930
v -0.023480 0.058082 -0.088872
v -0.023480 0.025065 -0.088872
v -0.024691 0.058082 -0.089201
v -0.024691 0.025065 -0.089201
v -0.025903 0.025065 -0.088872
v -0.025903 0.058082 -0.088872
v -0.025903 0.058082 -0.080930
v -0.026933 0.066477 -0.087143
v -0.025903 0.067518 -0.088003
v -0.024691 0.067518 -0.088264
v -0.023480 0.067518 -0.088003
v -0.022448 0.066477 -0.087143
v -0.021764 0.072045 -0.086109
v -0.021764 0.076945 -0.086109
v -0.023480 0.025065 -0.080930
v -0.025903 0.025065 -0.080930
v -0.020080 0.110193 -0.009398
v -0.022448 0.076945 -0.087143
v -0.021764 0.105070 -0.086080
v -0.021764 0.109747 -0.085916
v -0.021764 0.112539 -0.085481
v -0.021764 0.114985 -0.084630
v -0.021764 0.116977 -0.083249
v -0.021764 0.118381 -0.081268
v -0.021764 0.119257 -0.078804
v -0.021764 0.119703 -0.075983
v -0.021764 0.119513 -0.071548
v -0.021764 0.117720 -0.062890
v -0.021764 0.114431 -0.049855
v -0.021764 0.111953 -0.037835
v -0.021764 0.110565 -0.029283
v -0.021764 0.110193 -0.023418
v -0.021826 0.110193 -0.020578
v -0.021853 0.110193 -0.018442
v -0.021794 0.110193 -0.016162
v -0.021548 0.110193 -0.013833
v -0.021010 0.110193 -0.011552
v -0.021581 0.111218 -0.011282
v -0.022160 0.111218 -0.013630
v -0.022436 0.111218 -0.016017
v -0.022514 0.111218 -0.018345
v -0.022497 0.111218 -0.020519
v -0.022448 0.111218 -0.023399
v -0.022448 0.111597 -0.029226
v -0.022448 0.112978 -0.037748
v -0.022448 0.115456 -0.049759
v -0.022448 0.118745 -0.062832
v -0.022448 0.120529 -0.071567
v -0.022448 0.120703 -0.076118
v -0.022448 0.120191 -0.079114
v -0.022448 0.119208 -0.081771
v -0.022448 0.117654 -0.083935
v -0.022448 0.115481 -0.085462
v -0.022448 0.112853 -0.086418
v -0.022448 0.109904 -0.086911
v -0.022448 0.105144 -0.087104
v -0.023480 0.076945 -0.087829
v -0.024691 0.076945 -0.088070
v -0.025903 0.076945 -0.087829
v -0.026933 0.076945 -0.087143
v -0.027619 0.076945 -0.086109
v -0.026933 0.105144 -0.087104
v -0.025903 0.105195 -0.087781
v -0.024691 0.105211 -0.088032
v -0.023480 0.105195 -0.087781
v -0.023480 0.110019 -0.087578
v -0.023480 0.113052 -0.087036
v -0.023480 0.115812 -0.086022
v -0.023480 0.118109 -0.084399
v -0.023480 0.119753 -0.082099
v -0.023480 0.120810 -0.079316
v -0.023480 0.121356 -0.076215
v -0.023480 0.121207 -0.071577
v -0.023480 0.119422 -0.062783
v -0.023480 0.116142 -0.049690
v -0.023480 0.113664 -0.037689
v -0.023480 0.112276 -0.029186
v -0.023480 0.111904 -0.023389
v -0.023504 0.111904 -0.020432
v -0.023504 0.111904 -0.018201
v -0.023400 0.111904 -0.015795
v -0.023083 0.111904 -0.013321
v -0.022441 0.111904 -0.010876
v -0.023452 0.112151 -0.010402
v -0.024168 0.112151 -0.012963
v -0.024536 0.112151 -0.015533
v -0.024672 0.112151 -0.018026
v -0.024691 0.112151 -0.020336
v -0.024691 0.112143 -0.023380
v -0.024691 0.112523 -0.029168
v -0.024691 0.113903 -0.037671
v -0.024691 0.116382 -0.049672
v -0.024691 0.119662 -0.062774
v -0.024691 0.121447 -0.071577
v -0.024691 0.121595 -0.076244
v -0.024691 0.121033 -0.079384
v -0.024691 0.119951 -0.082215
v -0.024691 0.118265 -0.084563
v -0.024691 0.115928 -0.086215
v -0.024691 0.113127 -0.087259
v -0.024691 0.110053 -0.087810
v -0.025903 0.110019 -0.087578
v -0.025903 0.113052 -0.087036
v -0.025903 0.115812 -0.086022
v -0.025903 0.118109 -0.084399
v -0.025903 0.119753 -0.082099
v -0.025903 0.120810 -0.079316
v -0.025903 0.121356 -0.076215
v -0.025903 0.121207 -0.071577
v -0.025903 0.119422 -0.062783
v -0.025903 0.116142 -0.049690
v -0.025903 0.113664 -0.037689
v -0.025903 0.112276 -0.029186
v -0.025903 0.111904 -0.023389
v -0.025879 0.111904 -0.020239
v -0.025840 0.111904 -0.017862
v -0.025672 0.111904 -0.015282
v -0.025253 0.111904 -0.012596
v -0.024463 0.111904 -0.009920
v -0.025324 0.111218 -0.009514
v -0.026177 0.111218 -0.012287
v -0.026636 0.111218 -0.015060
v -0.026831 0.111218 -0.017717
v -0.026886 0.111218 -0.020152
v -0.026933 0.111218 -0.023399
v -0.026933 0.111597 -0.029226
v -0.026933 0.112978 -0.037748
v -0.026933 0.115456 -0.049759
v -0.026933 0.118745 -0.062832
v -0.026933 0.120529 -0.071567
v -0.026933 0.120703 -0.076118
v -0.026933 0.120191 -0.079114
v -0.026933 0.119208 -0.081771
v -0.026933 0.117654 -0.083935
v -0.026933 0.115481 -0.085462
v -0.026933 0.112853 -0.086418
v -0.026933 0.109904 -0.086911
v -0.027619 0.105070 -0.086080
v -0.027619 0.109747 -0.085916
v -0.027619 0.112539 -0.085481
v -0.027619 0.114985 -0.084630
v -0.027619 0.116977 -0.083249
v -0.027619 0.118381 -0.081268
v -0.027619 0.119257 -0.078804
v -0.027619 0.119703 -0.075983
v -0.027619 0.119513 -0.071548
v -0.027619 0.117720 -0.062890
v -0.027619 0.114431 -0.049855
v -0.027619 0.111953 -0.037835
v -0.027619 0.110565 -0.029283
v -0.027619 0.110193 -0.023418
v -0.027557 0.110193 -0.020094
v -0.027863 0.108979 -0.023437
v -0.027863 0.109359 -0.029361
v -0.027863 0.110747 -0.037941
v -0.027863 0.113225 -0.049961
v -0.027863 0.116514 -0.062958
v -0.027619 0.115307 -0.063025
v -0.027619 0.112027 -0.050078
v -0.027619 0.109540 -0.038048
v -0.027619 0.108152 -0.029428
v -0.027619 0.107764 -0.023457
v -0.025903 0.106442 -0.029534
v -0.025903 0.107830 -0.038192
v -0.025903 0.110317 -0.050232
v -0.025903 0.113606 -0.063131
v -0.027619 0.117117 -0.071509
v -0.027863 0.118315 -0.071528
v -0.027619 0.117365 -0.075645
v -0.027863 0.118538 -0.075809
v -0.027619 0.117059 -0.078080
v -0.025903 0.115712 -0.075412
v -0.025903 0.115505 -0.077567
v -0.025903 0.115423 -0.071480
v -0.027863 0.118158 -0.078437
v -0.027619 0.116431 -0.080089
v -0.025903 0.115052 -0.079248
v -0.027619 0.115382 -0.081635
v -0.025903 0.114250 -0.080495
v -0.025903 0.113002 -0.081278
v -0.027619 0.113829 -0.082670
v -0.025903 0.111300 -0.081713
v -0.027619 0.111813 -0.083269
v -0.025903 0.109086 -0.081915
v -0.027619 0.109359 -0.083567
v -0.025903 0.104765 -0.081984
v -0.027619 0.104888 -0.083684
v -0.027619 0.076945 -0.083684
v -0.025903 0.076945 -0.081973
v -0.026933 0.066477 -0.082659
v -0.025903 0.067518 -0.081800
v -0.027619 0.072045 -0.083684
v -0.027619 0.072045 -0.086109
v -0.027863 0.074045 -0.084901
v -0.027863 0.076945 -0.084901
v -0.027863 0.104979 -0.084882
v -0.027863 0.109549 -0.084747
v -0.027863 0.112176 -0.084370
v -0.027863 0.114407 -0.083645
v -0.027863 0.116175 -0.082447
v -0.027863 0.117406 -0.080679
v -0.021317 0.106053 -0.005030
v -0.024462 0.107764 -0.006518
v -0.023178 0.106053 -0.007359
v -0.024463 0.106053 -0.009920
v -0.025895 0.107764 -0.009243
v -0.025253 0.106053 -0.012596
v -0.026789 0.107764 -0.012084
v -0.025672 0.106053 -0.015282
v -0.027278 0.107764 -0.014915
v -0.025840 0.106053 -0.017862
v -0.027490 0.107764 -0.017620
v -0.025879 0.106053 -0.020239
v -0.027557 0.107764 -0.020094
v -0.025903 0.106053 -0.023486
v -0.027795 0.108979 -0.020075
v -0.027725 0.108979 -0.017591
v -0.027506 0.108979 -0.014857
v -0.027009 0.108979 -0.012007
v -0.026098 0.108979 -0.009146
v -0.025895 0.110193 -0.009243
v -0.026789 0.110193 -0.012084
v -0.027278 0.110193 -0.014915
v -0.027490 0.110193 -0.017620
v -0.023480 0.025065 -0.080930
v -0.025903 0.025065 -0.080930
v -0.023480 0.025065 -0.088872
v -0.024691 0.025065 -0.089201
v -0.025903 0.025065 -0.088872
v -0.008398 0.051009 -0.074369
v -0.010036 0.051150 -0.072079
v -0.010036 0.051150 -0.074369
v -0.011674 0.051009 -0.074369
v -0.011674 0.051009 -0.072079
v -0.013262 0.050580 -0.074369
v -0.013262 0.050580 -0.072079
v -0.014752 0.049885 -0.074369
v -0.014752 0.049885 -0.072079
v -0.016097 0.048944 -0.074369
v -0.016097 0.048944 -0.072079
v -0.017260 0.047786 -0.074369
v -0.017260 0.047786 -0.072079
v -0.018202 0.046440 -0.074369
v -0.018202 0.046440 -0.072079
v -0.018898 0.044945 -0.074369
v -0.018898 0.044945 -0.072079
v -0.019323 0.043358 -0.074369
v -0.019323 0.043358 -0.072079
v -0.019466 0.041723 -0.074369
v -0.019466 0.041723 -0.072079
v -0.019323 0.040086 -0.074369
v -0.019323 0.040086 -0.072079
v -0.018898 0.038500 -0.074369
v -0.018898 0.038500 -0.072079
v -0.018202 0.037004 -0.074369
v -0.018202 0.037004 -0.072079
v -0.017260 0.035658 -0.074369
v -0.017260 0.035658 -0.072079
v -0.016097 0.034501 -0.074369
v -0.016097 0.034501 -0.072079
v -0.014752 0.033551 -0.074369
v -0.014752 0.033551 -0.072079
v -0.013262 0.032857 -0.074369
v -0.013262 0.032857 -0.072079
v -0.011674 0.032435 -0.074369
v -0.011674 0.032435 -0.072079
v -0.010036 0.032294 -0.074369
v -0.010036 0.032294 -0.072079
v -0.008398 0.032435 -0.072079
v -0.008398 0.032435 -0.074369
v -0.006810 0.032857 -0.072079
v -0.006810 0.032857 -0.074369
v -0.005320 0.033551 -0.072079
v -0.005320 0.033551 -0.074369
v -0.003975 0.034501 -0.072079
v -0.003975 0.034501 -0.074369
v -0.002812 0.035658 -0.072079
v -0.002812 0.035658 -0.074369
v -0.001870 0.037004 -0.072079
v -0.001870 0.037004 -0.074369
v -0.008398 0.051009 -0.072079
v -0.006810 0.050580 -0.074369
v -0.006810 0.050580 -0.072079
v -0.005320 0.049885 -0.074369
v -0.005320 0.049885 -0.072079
v -0.003975 0.048944 -0.074369
v -0.003975 0.048944 -0.072079
v -0.002812 0.047786 -0.074369
v -0.002812 0.047786 -0.072079
v -0.001870 0.046440 -0.074369
v -0.001870 0.046440 -0.072079
v -0.001174 0.044945 -0.074369
v -0.001174 0.044945 -0.072079
v -0.000749 0.043358 -0.074369
v -0.000749 0.043358 -0.072079
v -0.000606 0.041723 -0.074369
v -0.000606 0.041723 -0.072079
v -0.000749 0.040086 -0.074369
v -0.000749 0.040086 -0.072079
v -0.001174 0.038500 -0.074369
v -0.001174 0.038500 -0.072079
v -0.001870 0.037004 -0.074369
v -0.001870 0.037004 -0.072079
v 0.008222 0.022421 -0.088515
v 0.008222 0.021900 -0.086776
v 0.008222 0.023264 -0.090128
v 0.008222 0.024404 -0.091549
v 0.008222 0.025792 -0.092718
v 0.008222 0.027379 -0.093607
v 0.008222 0.029114 -0.094168
v 0.008222 0.030915 -0.094390
v 0.008222 0.032733 -0.094265
v 0.008222 0.034493 -0.093781
v 0.008222 0.021719 -0.084959
v 0.008222 0.059263 -0.075857
v 0.008222 0.021719 -0.075857
v 0.007935 0.021719 -0.074418
v 0.007935 0.059263 -0.074418
v 0.007115 0.021719 -0.073190
v 0.007115 0.059263 -0.073190
v 0.005890 0.021719 -0.072369
v 0.005890 0.059263 -0.072369
v 0.004444 0.021719 -0.072079
v 0.004444 0.059263 -0.072079
v 0.008222 0.058867 -0.084563
v 0.008222 0.059263 -0.083984
v 0.005936 0.030915 -0.094390
v 0.005936 0.029114 -0.094168
v 0.005936 0.032733 -0.094265
v 0.005936 0.027379 -0.093607
v 0.005936 0.025792 -0.092718
v 0.005936 0.024404 -0.091549
v 0.005936 0.023264 -0.090128
v 0.005936 0.022421 -0.088515
v 0.005936 0.021900 -0.086776
v 0.005936 0.021719 -0.084959
v 0.005936 0.034493 -0.093781
v 0.005936 0.021719 -0.075857
v 0.005936 0.058867 -0.084563
v 0.005936 0.059263 -0.083984
v 0.005936 0.059263 -0.075857
v 0.005823 0.059263 -0.075287
v 0.005823 0.021719 -0.075287
v 0.005499 0.059263 -0.074804
v 0.005499 0.021719 -0.074804
v 0.005015 0.059263 -0.074475
v 0.005015 0.021719 -0.074475
v 0.004444 0.059263 -0.074369
v 0.004444 0.021719 -0.074369
v -0.001174 0.038500 -0.074369
v -0.000749 0.040086 -0.074369
v -0.000606 0.041723 -0.074369
v -0.000749 0.043358 -0.074369
v -0.001174 0.044945 -0.074369
v -0.001870 0.046440 -0.074369
v -0.010036 0.059263 -0.074369
v -0.002812 0.047786 -0.074369
v -0.003975 0.048944 -0.074369
v -0.005320 0.049885 -0.074369
v -0.006810 0.050580 -0.074369
v -0.008398 0.051009 -0.074369
v -0.010036 0.051150 -0.074369
v -0.024516 0.059263 -0.074369
v -0.011674 0.051009 -0.074369
v -0.013262 0.050580 -0.074369
v -0.014752 0.049885 -0.074369
v -0.016097 0.048944 -0.074369
v -0.017260 0.047786 -0.074369
v -0.018202 0.046440 -0.074369
v -0.018898 0.044945 -0.074369
v -0.019323 0.043358 -0.074369
v -0.024516 0.021719 -0.074369
v -0.019466 0.041723 -0.074369
v -0.019323 0.040086 -0.074369
v -0.018898 0.038500 -0.074369
v -0.018202 0.037004 -0.074369
v -0.010036 0.021719 -0.074369
v -0.017260 0.035658 -0.074369
v -0.016097 0.034501 -0.074369
v -0.014752 0.033551 -0.074369
v -0.013262 0.032857 -0.074369
v -0.011674 0.032435 -0.074369
v -0.010036 0.032294 -0.074369
v -0.008398 0.032435 -0.074369
v -0.006810 0.032857 -0.074369
v -0.005320 0.033551 -0.074369
v -0.003975 0.034501 -0.074369
v -0.002812 0.035658 -0.074369
v -0.001870 0.037004 -0.074369
v -0.025087 0.021719 -0.074475
v -0.025087 0.059263 -0.074475
v -0.025571 0.021719 -0.074804
v -0.025571 0.059263 -0.074804
v -0.025895 0.021719 -0.075287
v -0.025895 0.059263 -0.075287
v -0.026008 0.021719 -0.075857
v -0.026008 0.059263 -0.075857
v -0.026008 0.059263 -0.083984
v -0.026008 0.058867 -0.084563
v -0.026008 0.034493 -0.093781
v -0.026008 0.021719 -0.084959
v -0.026008 0.032733 -0.094265
v -0.026008 0.021900 -0.086776
v -0.026008 0.022421 -0.088515
v -0.026008 0.023264 -0.090128
v -0.026008 0.024404 -0.091549
v -0.026008 0.025792 -0.092718
v -0.026008 0.027379 -0.093607
v -0.026008 0.029114 -0.094168
v -0.026008 0.030915 -0.094390
v 0.005936 0.034493 -0.093781
v 0.005936 0.032733 -0.094265
v 0.008222 0.034493 -0.093781
v 0.008222 0.032733 -0.094265
v 0.005936 0.030915 -0.094390
v 0.005936 0.058867 -0.084563
v 0.008222 0.058867 -0.084563
v 0.008222 0.059263 -0.083984
v 0.005936 0.059263 -0.083984
v 0.005936 0.059263 -0.075857
v 0.008222 0.059263 -0.075857
v 0.007935 0.059263 -0.074418
v 0.005823 0.059263 -0.075287
v 0.007115 0.059263 -0.073190
v 0.005499 0.059263 -0.074804
v 0.005890 0.059263 -0.072369
v 0.005015 0.059263 -0.074475
v 0.004444 0.059263 -0.072079
v 0.004444 0.059263 -0.074369
v -0.010036 0.059263 -0.074369
v -0.010036 0.059263 -0.072079
v 0.008222 0.030915 -0.094390
v 0.005936 0.029114 -0.094168
v 0.008222 0.029114 -0.094168
v 0.005936 0.027379 -0.093607
v 0.008222 0.027379 -0.093607
v 0.005936 0.025792 -0.092718
v 0.008222 0.025792 -0.092718
v 0.005936 0.024404 -0.091549
v 0.008222 0.024404 -0.091549
v 0.005936 0.023264 -0.090128
v 0.008222 0.023264 -0.090128
v 0.005936 0.022421 -0.088515
v 0.008222 0.022421 -0.088515
v 0.005936 0.021900 -0.086776
v 0.008222 0.021900 -0.086776
v 0.005936 0.021719 -0.084959
v 0.008222 0.021719 -0.084959
v 0.008222 0.021719 -0.075857
v 0.005936 0.021719 -0.075857
v 0.005823 0.021719 -0.075287
v 0.007935 0.021719 -0.074418
v 0.005499 0.021719 -0.074804
v 0.007115 0.021719 -0.073190
v 0.005015 0.021719 -0.074475
v 0.005890 0.021719 -0.072369
v 0.004444 0.021719 -0.074369
v 0.004444 0.021719 -0.072079
v -0.010036 0.021719 -0.072079
v -0.010036 0.021719 -0.074369
v -0.024516 0.021719 -0.074369
v -0.024516 0.021719 -0.072079
v -0.025962 0.021719 -0.072369
v -0.025087 0.021719 -0.074475
v -0.027187 0.021719 -0.073190
v -0.025571 0.021719 -0.074804
v -0.028007 0.021719 -0.074418
v -0.025895 0.021719 -0.075287
v -0.028294 0.021719 -0.075857
v -0.026008 0.021719 -0.075857
v -0.026008 0.021719 -0.084959
v -0.028294 0.021719 -0.084959
v -0.028294 0.021900 -0.086776
v -0.026008 0.021900 -0.086776
v -0.028294 0.022421 -0.088515
v -0.026008 0.022421 -0.088515
v -0.028294 0.023264 -0.090128
v -0.026008 0.023264 -0.090128
v -0.028294 0.024404 -0.091549
v -0.026008 0.024404 -0.091549
v -0.028294 0.025792 -0.092718
v -0.026008 0.025792 -0.092718
v -0.028294 0.027379 -0.093607
v -0.026008 0.027379 -0.093607
v -0.028294 0.029114 -0.094168
v -0.026008 0.029114 -0.094168
v -0.028294 0.030915 -0.094390
v -0.026008 0.030915 -0.094390
v -0.028294 0.032733 -0.094265
v -0.026008 0.032733 -0.094265
v -0.028294 0.034493 -0.093781
v -0.026008 0.034493 -0.093781
v -0.028294 0.058867 -0.084563
v -0.026008 0.058867 -0.084563
v -0.026008 0.059263 -0.083984
v -0.028294 0.059263 -0.083984
v -0.026008 0.059263 -0.075857
v -0.028294 0.059263 -0.075857
v -0.028007 0.059263 -0.074418
v -0.025895 0.059263 -0.075287
v -0.027187 0.059263 -0.073190
v -0.025571 0.059263 -0.074804
v -0.025962 0.059263 -0.072369
v -0.025087 0.059263 -0.074475
v -0.024516 0.059263 -0.072079
v -0.024516 0.059263 -0.074369
v -0.010036 0.059263 -0.074369
v -0.010036 0.059263 -0.072079
v -0.008398 0.032435 -0.072079
v -0.010036 0.021719 -0.072079
v -0.006810 0.032857 -0.072079
v -0.005320 0.033551 -0.072079
v -0.003975 0.034501 -0.072079
v -0.002812 0.035658 -0.072079
v -0.001870 0.037004 -0.072079
v 0.004444 0.021719 -0.072079
v -0.001174 0.038500 -0.072079
v -0.000749 0.040086 -0.072079
v -0.000606 0.041723 -0.072079
v -0.000749 0.043358 -0.072079
v 0.004444 0.059263 -0.072079
v -0.001174 0.044945 -0.072079
v -0.001870 0.046440 -0.072079
v -0.002812 0.047786 -0.072079
v -0.003975 0.048944 -0.072079
v -0.005320 0.049885 -0.072079
v -0.006810 0.050580 -0.072079
v -0.008398 0.051009 -0.072079
v -0.010036 0.051150 -0.072079
v -0.010036 0.059263 -0.072079
v -0.011674 0.051009 -0.072079
v -0.013262 0.050580 -0.072079
v -0.014752 0.049885 -0.072079
v -0.016097 0.048944 -0.072079
v -0.017260 0.047786 -0.072079
v -0.018202 0.046440 -0.072079
v -0.024516 0.059263 -0.072079
v -0.018898 0.044945 -0.072079
v -0.019323 0.043358 -0.072079
v -0.019466 0.041723 -0.072079
v -0.019323 0.040086 -0.072079
v -0.018898 0.038500 -0.072079
v -0.024516 0.021719 -0.072079
v -0.018202 0.037004 -0.072079
v -0.017260 0.035658 -0.072079
v -0.016097 0.034501 -0.072079
v -0.014752 0.033551 -0.072079
v -0.013262 0.032857 -0.072079
v -0.011674 0.032435 -0.072079
v -0.010036 0.032294 -0.072079
v -0.028294 0.022421 -0.088515
v -0.028294 0.023264 -0.090128
v -0.028294 0.021900 -0.086776
v -0.028294 0.024404 -0.091549
v -0.028294 0.025792 -0.092718
v -0.028294 0.027379 -0.093607
v -0.028294 0.029114 -0.094168
v -0.028294 0.030915 -0.094390
v -0.028294 0.032733 -0.094265
v -0.028294 0.034493 -0.093781
v -0.028294 0.021719 -0.084959
v -0.028294 0.059263 -0.075857
v -0.028294 0.021719 -0.075857
v -0.028007 0.021719 -0.074418
v -0.028007 0.059263 -0.074418
v -0.027187 0.021719 -0.073190
v -0.027187 0.059263 -0.073190
v -0.025962 0.021719 -0.072369
v -0.025962 0.059263 -0.072369
v -0.024516 0.021719 -0.072079
v -0.024516 0.059263 -0.072079
v -0.028294 0.058867 -0.084563
v -0.028294 0.059263 -0.083984
v 0.010628 0.027180 -0.086177
v 0.010628 0.027742 -0.087269
v -0.030172 0.027180 -0.086177
v -0.030172 0.027742 -0.087269
v 0.010628 0.028610 -0.088139
v -0.030172 0.028610 -0.088139
v 0.010628 0.029700 -0.088699
v -0.030172 0.029700 -0.088699
v 0.010628 0.030915 -0.088892
v -0.030172 0.030915 -0.088892
v 0.010628 0.032129 -0.088699
v -0.030172 0.032129 -0.088699
v 0.010628 0.033228 -0.088139
v -0.030172 0.033228 -0.088139
v 0.010628 0.034096 -0.087269
v -0.030172 0.034096 -0.087269
v 0.010628 0.034649 -0.086177
v -0.030172 0.034649 -0.086177
v 0.010628 0.034848 -0.084959
v -0.030172 0.034848 -0.084959
v 0.010628 0.034649 -0.083751
v -0.030172 0.034649 -0.083751
v 0.010628 0.034096 -0.082650
v -0.030172 0.034096 -0.082650
v 0.010628 0.033228 -0.081780
v -0.030172 0.033228 -0.081780
v 0.010628 0.032129 -0.081229
v -0.030172 0.032129 -0.081229
v 0.010628 0.030915 -0.081036
v -0.030172 0.030915 -0.081036
v 0.010628 0.029700 -0.081229
v -0.030172 0.029700 -0.081229
v 0.010628 0.028610 -0.081780
v -0.030172 0.028610 -0.081780
v 0.010628 0.027742 -0.082650
v -0.030172 0.027742 -0.082650
v 0.010628 0.027180 -0.083751
v -0.030172 0.027180 -0.083751
v 0.010628 0.026990 -0.084959
v -0.030172 0.026990 -0.084959
v 0.010628 0.027180 -0.086177
v -0.030172 0.027180 -0.086177
v -0.030172 0.027742 -0.087269
v -0.030172 0.027180 -0.086177
v -0.030172 0.030915 -0.084959
v -0.030172 0.026990 -0.084959
v -0.030172 0.027180 -0.083751
v -0.030172 0.027742 -0.082650
v -0.030172 0.028610 -0.081780
v -0.030172 0.029700 -0.081229
v -0.030172 0.030915 -0.081036
v -0.030172 0.032129 -0.081229
v -0.030172 0.033228 -0.081780
v -0.030172 0.034096 -0.082650
v -0.030172 0.034649 -0.083751
v -0.030172 0.034848 -0.084959
v -0.030172 0.034649 -0.086177
v -0.030172 0.034096 -0.087269
v -0.030172 0.033228 -0.088139
v -0.030172 0.032129 -0.088699
v -0.030172 0.030915 -0.088892
v -0.030172 0.029700 -0.088699
v -0.030172 0.028610 -0.088139
v 0.010628 0.027742 -0.087269
v 0.010628 0.027180 -0.086177
v 0.010628 0.030915 -0.084959
v 0.010628 0.026990 -0.084959
v 0.010628 0.027180 -0.083751
v 0.010628 0.027742 -0.082650
v 0.010628 0.028610 -0.081780
v 0.010628 0.029700 -0.081229
v 0.010628 0.030915 -0.081036
v 0.010628 0.032129 -0.081229
v 0.010628 0.033228 -0.081780
v 0.010628 0.034096 -0.082650
v 0.010628 0.034649 -0.083751
v 0.010628 0.034848 -0.084959
v 0.010628 0.034649 -0.086177
v 0.010628 0.034096 -0.087269
v 0.010628 0.033228 -0.088139
v 0.010628 0.032129 -0.088699
v 0.010628 0.030915 -0.088892
v 0.010628 0.029700 -0.088699
v 0.010628 0.028610 -0.088139
v -0.021772 0.058958 -0.060745
v -0.024577 0.058958 -0.060745
v -0.021772 0.046200 -0.060745
v -0.025952 0.057578 -0.060745
v -0.025952 0.047572 -0.060745
v -0.024577 0.046200 -0.060745
v -0.024577 0.058958 -0.060745
v -0.024577 0.058958 -0.073625
v -0.021772 0.058958 -0.060745
v -0.021772 0.058958 -0.073625
v -0.024577 0.046200 -0.073625
v -0.024577 0.046200 -0.060745
v -0.021772 0.046200 -0.073625
v -0.021772 0.046200 -0.060745
v -0.025952 0.047572 -0.073625
v -0.025952 0.057578 -0.073625
v -0.025952 0.047572 -0.060745
v -0.025952 0.057578 -0.060745
v -0.021772 0.046200 -0.060745
v -0.021772 0.058958 -0.060745
v -0.021772 0.046200 -0.073625
v -0.021772 0.058958 -0.073625
v -0.025952 0.057578 -0.060745
v -0.025952 0.057578 -0.073625
v -0.024577 0.058958 -0.060745
v -0.024577 0.058958 -0.073625
v -0.024577 0.046200 -0.060745
v -0.024577 0.046200 -0.073625
v -0.025952 0.047572 -0.060745
v -0.025952 0.047572 -0.073625
v 0.004505 0.046200 -0.060745
v 0.001699 0.046200 -0.060745
v 0.005880 0.047572 -0.060745
v 0.005880 0.057578 -0.060745
v 0.004505 0.058958 -0.060745
v 0.001699 0.058958 -0.060745
v 0.001699 0.058958 -0.073625
v 0.004505 0.058958 -0.073625
v 0.001699 0.058958 -0.060745
v 0.004505 0.058958 -0.060745
v 0.004505 0.058958 -0.073625
v 0.001699 0.058958 -0.073625
v 0.005880 0.057578 -0.073625
v 0.005880 0.047572 -0.073625
v 0.004505 0.046200 -0.073625
v 0.001699 0.046200 -0.073625
v 0.001699 0.046200 -0.060745
v 0.004505 0.046200 -0.060745
v 0.001699 0.046200 -0.073625
v 0.004505 0.046200 -0.073625
v 0.005880 0.057578 -0.060745
v 0.005880 0.057578 -0.073625
v 0.005880 0.047572 -0.060745
v 0.005880 0.047572 -0.073625
v 0.001699 0.058958 -0.073625
v 0.001699 0.058958 -0.060745
v 0.001699 0.046200 -0.073625
v 0.001699 0.046200 -0.060745
v 0.004505 0.058958 -0.073625
v 0.005880 0.057578 -0.073625
v 0.004505 0.058958 -0.060745
v 0.005880 0.057578 -0.060745
v 0.005880 0.047572 -0.073625
v 0.004505 0.046200 -0.073625
v 0.005880 0.047572 -0.060745
v 0.004505 0.046200 -0.060745
v -0.023207 0.101526 0.107152
v 0.003135 0.101526 0.107152
v -0.023207 0.104823 0.109761
v 0.003135 0.104823 0.109761
v -0.023207 0.101526 0.029407
v 0.003135 0.101526 0.029407
v -0.023207 0.101526 0.107152
v 0.003135 0.101526 0.107152
v -0.024682 -0.087420 0.169090
v -0.024682 -0.090188 0.169834
v 0.005022 -0.087420 0.169090
v 0.005022 -0.090188 0.169834
v -0.024682 -0.092204 0.171853
v 0.005022 -0.092204 0.171853
v -0.024682 -0.092948 0.174617
v -0.024682 -0.051883 0.171399
v 0.005022 -0.051883 0.171399
v -0.024682 -0.023915 0.171399
v 0.005022 -0.023915 0.171399
v -0.024682 0.003863 0.169090
v 0.005022 0.003863 0.169090
v 0.005022 0.006623 0.169834
v -0.024682 0.006623 0.169834
v 0.005022 0.008647 0.171853
v -0.024682 0.008647 0.171853
v 0.005022 0.009391 0.174617
v -0.024682 0.009391 0.174617
v 0.005022 0.008647 0.177380
v -0.024682 0.008647 0.177380
v -0.024682 -0.092204 0.177380
v 0.005022 -0.092204 0.177380
v -0.024682 -0.090188 0.179409
v 0.005022 -0.090188 0.179409
v -0.024682 -0.087420 0.180143
v 0.005022 -0.087420 0.180143
v 0.005022 -0.051883 0.178143
v -0.024682 -0.051883 0.178143
v 0.005022 -0.023915 0.178143
v -0.024682 -0.023915 0.178143
v -0.024682 0.003863 0.180143
v 0.005022 0.003863 0.180143
v -0.024682 0.006623 0.179409
v 0.005022 0.006623 0.179409
v -0.024682 0.008647 0.177380
v 0.005022 0.008647 0.177380
v 0.005022 -0.092204 0.177380
v -0.024682 -0.092204 0.177380
v 0.005022 -0.092948 0.174617
v -0.024682 -0.051883 0.174617
v -0.021532 -0.087420 0.174617
v -0.024682 -0.087420 0.171853
v -0.024682 -0.088800 0.172230
v -0.024682 -0.089816 0.173234
v -0.024682 -0.090188 0.174617
v -0.024682 -0.089816 0.175998
v -0.024682 -0.088800 0.177013
v -0.024682 -0.087420 0.177380
v -0.024682 -0.051883 0.174617
v 0.005022 -0.051883 0.174617
v 0.005022 -0.087420 0.171853
v 0.001872 -0.087420 0.174617
v 0.005022 -0.088800 0.172230
v 0.005022 -0.089816 0.173234
v 0.005022 -0.090188 0.174617
v 0.005022 -0.089816 0.175998
v 0.005022 -0.088800 0.177013
v 0.005022 -0.087420 0.177380
v 0.005022 -0.051883 0.174617
v -0.024682 0.003863 0.169090
v -0.025063 0.003657 0.171438
v -0.024682 0.006623 0.169834
v -0.025063 0.005244 0.171863
v -0.024682 0.008647 0.171853
v -0.024682 -0.023915 0.171399
v -0.024682 -0.023915 0.174617
v -0.024682 -0.051883 0.171399
v -0.024682 -0.051883 0.174617
v -0.024682 -0.087420 0.169090
v -0.024682 -0.087420 0.171853
v -0.024682 -0.088800 0.172230
v -0.024682 -0.090188 0.169834
v -0.024682 -0.089816 0.173234
v -0.024682 -0.092204 0.171853
v -0.024682 -0.090188 0.174617
v -0.024682 -0.092948 0.174617
v -0.024682 -0.089816 0.175998
v -0.024682 -0.092204 0.177380
v -0.024682 -0.088800 0.177013
v -0.024682 -0.090188 0.179409
v -0.024682 -0.087420 0.177380
v -0.024682 -0.087420 0.180143
v -0.024682 -0.051883 0.178143
v -0.024682 -0.051883 0.174617
v -0.024682 -0.023915 0.178143
v -0.024682 -0.023915 0.174617
v -0.024682 0.003863 0.180143
v -0.025063 0.003657 0.177795
v -0.025063 0.005244 0.177371
v -0.024682 0.006623 0.179409
v -0.025063 0.006408 0.176211
v -0.024682 0.008647 0.177380
v -0.025063 0.006830 0.174617
v -0.024682 0.009391 0.174617
v -0.025063 0.006408 0.173032
v 0.005405 0.005244 0.171863
v 0.005022 0.003863 0.169090
v 0.005405 0.003657 0.171438
v 0.005022 -0.023915 0.174617
v 0.005022 -0.023915 0.171399
v 0.005022 -0.051883 0.174617
v 0.005022 -0.051883 0.171399
v 0.005022 -0.087420 0.169090
v 0.005022 -0.087420 0.171853
v 0.005022 -0.090188 0.169834
v 0.005022 -0.088800 0.172230
v 0.005022 -0.092204 0.171853
v 0.005022 -0.089816 0.173234
v 0.005022 -0.092948 0.174617
v 0.005022 -0.090188 0.174617
v 0.005022 -0.092204 0.177380
v 0.005022 -0.089816 0.175998
v 0.005022 -0.090188 0.179409
v 0.005022 -0.088800 0.177013
v 0.005022 -0.087420 0.180143
v 0.005022 -0.087420 0.177380
v 0.005022 -0.051883 0.174617
v 0.005022 -0.051883 0.178143
v 0.005022 -0.023915 0.174617
v 0.005022 -0.023915 0.178143
v 0.005022 0.003863 0.180143
v 0.005405 0.003657 0.177795
v 0.005022 0.006623 0.179409
v 0.005405 0.005244 0.177371
v 0.005022 0.008647 0.177380
v 0.005405 0.006408 0.176211
v 0.005022 0.009391 0.174617
v 0.005405 0.006830 0.174617
v 0.005022 0.008647 0.171853
v 0.005405 0.006408 0.173032
v 0.005022 0.006623 0.169834
v 0.005022 -0.023915 0.174617
v 0.005405 0.003657 0.177795
v 0.001917 0.003863 0.174617
v 0.005405 0.005244 0.177371
v 0.005405 0.006408 0.176211
v 0.005405 0.006830 0.174617
v 0.005405 0.006408 0.173032
v 0.005405 0.005244 0.171863
v 0.005405 0.003657 0.171438
v 0.005022 -0.023915 0.174617
v -0.024682 -0.023915 0.174617
v -0.025063 0.003657 0.177795
v -0.021576 0.003863 0.174617
v -0.025063 0.005244 0.177371
v -0.025063 0.006408 0.176211
v -0.025063 0.006830 0.174617
v -0.025063 0.006408 0.173032
v -0.025063 0.005244 0.171863
v -0.025063 0.003657 0.171438
v -0.024682 -0.023915 0.174617
v -0.011442 0.060107 0.034161
v -0.014916 0.060107 0.034161
v -0.011612 0.061181 0.034161
v -0.012106 0.062147 0.034161
v -0.012874 0.062915 0.034161
v -0.013843 0.063411 0.034161
v -0.014916 0.063576 0.034161
v -0.015990 0.063411 0.034161
v -0.016960 0.062915 0.034161
v -0.017729 0.062147 0.034161
v -0.018221 0.061181 0.034161
v -0.018393 0.060107 0.034161
v -0.017729 0.062147 0.034161
v -0.018196 0.064617 0.027455
v -0.016960 0.062915 0.034161
v -0.016640 0.065410 0.027455
v -0.015990 0.063411 0.034161
v -0.014916 0.065684 0.027455
v -0.014916 0.063576 0.034161
v -0.019428 0.063387 0.027455
v -0.018194 0.064617 0.025948
v -0.019428 0.063387 0.025948
v -0.018191 0.064610 0.008729
v -0.019423 0.063378 0.008729
v -0.016639 0.065403 0.008729
v -0.016640 0.065410 0.025948
v -0.014916 0.065684 0.025948
v -0.013193 0.065410 0.025948
v -0.013196 0.065403 0.008729
v -0.011644 0.064610 0.008729
v -0.011639 0.064617 0.025948
v -0.010411 0.063378 0.008729
v -0.010405 0.063387 0.025948
v -0.009621 0.061825 0.008729
v -0.009613 0.061825 0.025948
v -0.009348 0.060107 0.008729
v -0.009341 0.060107 0.025948
v -0.009611 0.061833 0.027455
v -0.009339 0.060107 0.027455
v -0.011612 0.061181 0.034161
v -0.011442 0.060107 0.034161
v -0.014916 0.065675 0.008729
v -0.012106 0.062147 0.034161
v -0.010404 0.063387 0.027455
v -0.011639 0.064617 0.027455
v -0.013193 0.065410 0.027455
v -0.013843 0.063411 0.034161
v -0.012874 0.062915 0.034161
v -0.012106 0.062147 0.034161
v -0.017729 0.062147 0.034161
v -0.019428 0.063387 0.027455
v -0.018221 0.061181 0.034161
v -0.020222 0.061833 0.027455
v -0.019428 0.063387 0.025948
v -0.020220 0.061825 0.025948
v -0.019423 0.063378 0.008729
v -0.020213 0.061825 0.008729
v -0.009348 0.060107 0.008729
v -0.009621 0.061825 0.008729
v -0.014916 0.060107 0.007009
v -0.010411 0.063378 0.008729
v -0.011644 0.064610 0.008729
v -0.013196 0.065403 0.008729
v -0.014916 0.065675 0.008729
v -0.016639 0.065403 0.008729
v -0.018191 0.064610 0.008729
v -0.019423 0.063378 0.008729
v -0.009348 0.060107 0.006768
v -0.009621 0.061825 0.006768
v -0.009621 0.061825 0.007714
v -0.010411 0.063378 0.007714
v -0.014916 0.060107 0.017851
v -0.011644 0.064610 0.007714
v -0.010411 0.063378 0.006768
v -0.011644 0.064610 0.006768
v -0.013196 0.065403 0.007714
v -0.013196 0.065403 0.006768
v -0.014916 0.065675 0.007714
v -0.014916 0.065675 0.006768
v -0.016639 0.065403 0.007714
v -0.016639 0.065403 0.006768
v -0.018191 0.064610 0.007714
v -0.014916 0.060107 0.017851
v -0.009348 0.060107 0.007714
v -0.018191 0.064610 0.006768
v -0.019423 0.063378 0.007714
v -0.019423 0.063378 0.006768
v -0.009348 0.060107 0.006768
v -0.009621 0.061825 0.006768
v -0.014916 0.060107 0.006768
v -0.010411 0.063378 0.006768
v -0.011644 0.064610 0.006768
v -0.013196 0.065403 0.006768
v -0.014916 0.065675 0.006768
v -0.016639 0.065403 0.006768
v -0.018191 0.064610 0.006768
v -0.019423 0.063378 0.006768
v -0.009099 0.075887 0.040065
v -0.011911 0.073855 0.040248
v -0.008606 0.074920 0.040152
v -0.008435 0.073855 0.040248
v -0.008606 0.072789 0.040345
v -0.009099 0.071822 0.040432
v -0.009868 0.071054 0.040490
v -0.010838 0.070566 0.040539
v -0.011911 0.070393 0.040558
v -0.012984 0.070566 0.040539
v -0.013954 0.071054 0.040490
v -0.014721 0.071822 0.040432
v -0.015216 0.072789 0.040345
v -0.015385 0.073855 0.040248
v -0.015216 0.074920 0.040152
v -0.014721 0.075887 0.040065
v -0.013954 0.076656 0.039997
v -0.012984 0.077143 0.039959
v -0.011911 0.077317 0.039939
v -0.010838 0.077143 0.039959
v -0.009868 0.076656 0.039997
v -0.014721 0.075887 0.040065
v -0.013954 0.076656 0.039997
v -0.015188 0.077763 0.033166
v -0.013634 0.078548 0.033099
v -0.012984 0.077143 0.039959
v -0.011911 0.078821 0.033079
v -0.011911 0.077317 0.039939
v -0.016423 0.076532 0.033281
v -0.015188 0.077631 0.031668
v -0.016422 0.076399 0.031774
v -0.015183 0.076110 0.014508
v -0.016417 0.074879 0.014623
v -0.013631 0.076896 0.014440
v -0.013634 0.078416 0.031601
v -0.011911 0.078688 0.031572
v -0.010188 0.078416 0.031601
v -0.010189 0.076896 0.014440
v -0.008637 0.076110 0.014508
v -0.008633 0.077631 0.031668
v -0.007405 0.074879 0.014623
v -0.007399 0.076399 0.031774
v -0.006614 0.073334 0.014759
v -0.006607 0.074846 0.031910
v -0.006342 0.071624 0.014903
v -0.006333 0.073136 0.032064
v -0.006614 0.069906 0.015058
v -0.006607 0.071417 0.032209
v -0.007405 0.068360 0.015194
v -0.007399 0.069873 0.032354
v -0.008637 0.067137 0.015300
v -0.008633 0.068641 0.032460
v -0.010189 0.066344 0.015367
v -0.010188 0.067848 0.032528
v -0.011911 0.066072 0.015396
v -0.011911 0.067576 0.032548
v -0.013631 0.066344 0.015367
v -0.013634 0.067848 0.032528
v -0.015183 0.067137 0.015300
v -0.015188 0.068641 0.032460
v -0.016417 0.068360 0.015194
v -0.016422 0.069873 0.032354
v -0.017206 0.069906 0.015058
v -0.017215 0.071417 0.032209
v -0.017480 0.071624 0.014903
v -0.017487 0.073136 0.032064
v -0.017206 0.073334 0.014759
v -0.017215 0.074846 0.031910
v -0.016417 0.074879 0.014623
v -0.016422 0.076399 0.031774
v -0.017217 0.074987 0.033417
v -0.016423 0.076532 0.033281
v -0.015216 0.074920 0.040152
v -0.014721 0.075887 0.040065
v -0.011911 0.077168 0.014421
v -0.015385 0.073855 0.040248
v -0.017489 0.073268 0.033562
v -0.017217 0.071549 0.033716
v -0.016423 0.069996 0.033852
v -0.015188 0.068774 0.033958
v -0.013634 0.067981 0.034036
v -0.011911 0.067707 0.034055
v -0.010188 0.067981 0.034036
v -0.008632 0.068774 0.033958
v -0.007399 0.069996 0.033852
v -0.006605 0.071549 0.033716
v -0.006331 0.073268 0.033562
v -0.006605 0.074987 0.033417
v -0.007399 0.076532 0.033281
v -0.008632 0.077763 0.033166
v -0.010188 0.078548 0.033099
v -0.010838 0.077143 0.039959
v -0.009868 0.076656 0.039997
v -0.009099 0.075887 0.040065
v -0.009099 0.075887 0.040065
v -0.008606 0.074920 0.040152
v -0.008435 0.073855 0.040248
v -0.008606 0.072789 0.040345
v -0.009099 0.071822 0.040432
v -0.009868 0.071054 0.040490
v -0.009868 0.071054 0.040490
v -0.010838 0.070566 0.040539
v -0.011911 0.070393 0.040558
v -0.012984 0.070566 0.040539
v -0.013954 0.071054 0.040490
v -0.014721 0.071822 0.040432
v -0.014721 0.071822 0.040432
v -0.015216 0.072789 0.040345
v -0.007405 0.074879 0.014623
v -0.006614 0.073334 0.014759
v -0.011911 0.071475 0.013194
v -0.006342 0.071624 0.014903
v -0.006614 0.069906 0.015058
v -0.007405 0.068360 0.015194
v -0.008637 0.067137 0.015300
v -0.010189 0.066344 0.015367
v -0.011911 0.066072 0.015396
v -0.013631 0.066344 0.015367
v -0.015183 0.067137 0.015300
v -0.016417 0.068360 0.015194
v -0.017206 0.069906 0.015058
v -0.017480 0.071624 0.014903
v -0.017206 0.073334 0.014759
v -0.016417 0.074879 0.014623
v -0.015183 0.076110 0.014508
v -0.013631 0.076896 0.014440
v -0.011911 0.077168 0.014421
v -0.010189 0.076896 0.014440
v -0.008637 0.076110 0.014508
v -0.007405 0.074797 0.013609
v -0.006614 0.073161 0.012807
v -0.006614 0.073244 0.013744
v -0.006342 0.071451 0.012961
v -0.007405 0.074714 0.012672
v -0.008637 0.076020 0.013503
v -0.008637 0.075937 0.012566
v -0.010189 0.076813 0.013434
v -0.010189 0.076731 0.012497
v -0.011911 0.077077 0.013406
v -0.011911 0.076994 0.012469
v -0.013631 0.076813 0.013434
v -0.013631 0.076731 0.012497
v -0.015183 0.076020 0.013503
v -0.015183 0.075937 0.012566
v -0.016417 0.074797 0.013609
v -0.016417 0.074714 0.012672
v -0.011911 0.072426 0.023996
v -0.011911 0.072426 0.023996
v -0.006342 0.071533 0.013898
v -0.006614 0.069740 0.013106
v -0.006614 0.069822 0.014044
v -0.007405 0.068187 0.013241
v -0.007405 0.068269 0.014179
v -0.008637 0.066964 0.013358
v -0.008637 0.067046 0.014295
v -0.010189 0.066170 0.013425
v -0.010189 0.066253 0.014362
v -0.011911 0.065907 0.013445
v -0.011911 0.065989 0.014382
v -0.013631 0.066170 0.013425
v -0.013631 0.066253 0.014362
v -0.011911 0.072426 0.023996
v -0.015183 0.067046 0.014295
v -0.015183 0.066964 0.013358
v -0.016417 0.068187 0.013241
v -0.016417 0.068269 0.014179
v -0.011911 0.072426 0.023996
v -0.017206 0.069740 0.013106
v -0.017206 0.069822 0.014044
v -0.017480 0.071533 0.013898
v -0.017206 0.073244 0.013744
v -0.017206 0.073161 0.012807
v -0.016417 0.074714 0.012672
v -0.016417 0.074797 0.013609
v -0.017480 0.071451 0.012961
v -0.007405 0.074714 0.012672
v -0.011911 0.071451 0.012961
v -0.006614 0.073161 0.012807
v -0.006342 0.071451 0.012961
v -0.006614 0.069740 0.013106
v -0.007405 0.068187 0.013241
v -0.008637 0.066964 0.013358
v -0.010189 0.066170 0.013425
v -0.011911 0.065907 0.013445
v -0.013631 0.066170 0.013425
v -0.015183 0.066964 0.013358
v -0.016417 0.068187 0.013241
v -0.017206 0.069740 0.013106
v -0.017480 0.071451 0.012961
v -0.017206 0.073161 0.012807
v -0.016417 0.074714 0.012672
v -0.015183 0.075937 0.012566
v -0.013631 0.076731 0.012497
v -0.011911 0.076994 0.012469
v -0.010189 0.076731 0.012497
v -0.008637 0.075937 0.012566
v -0.001701 0.066799 0.034074
v -0.001208 0.065832 0.034113
v -0.004513 0.064758 0.034151
v -0.001038 0.064758 0.034151
v -0.001208 0.063684 0.034190
v -0.001701 0.062717 0.034219
v -0.002469 0.061948 0.034248
v -0.003439 0.061453 0.034267
v -0.004513 0.061288 0.034267
v -0.005586 0.061453 0.034267
v -0.006555 0.061948 0.034248
v -0.007325 0.062717 0.034219
v -0.007818 0.063684 0.034190
v -0.007988 0.064758 0.034151
v -0.007818 0.065832 0.034113
v -0.007325 0.066799 0.034074
v -0.006555 0.067567 0.034055
v -0.005586 0.068063 0.034036
v -0.004513 0.068236 0.034026
v -0.003439 0.068063 0.034036
v -0.002469 0.067567 0.034055
v -0.007325 0.066799 0.034074
v -0.006555 0.067567 0.034055
v -0.007792 0.069038 0.027291
v -0.006236 0.069831 0.027262
v -0.005586 0.068063 0.034036
v -0.004513 0.070104 0.027252
v -0.004513 0.068236 0.034026
v -0.009025 0.067807 0.027330
v -0.007790 0.068980 0.025784
v -0.009025 0.067749 0.025823
v -0.007787 0.068377 0.008565
v -0.009018 0.067146 0.008613
v -0.006234 0.069170 0.008536
v -0.006236 0.069773 0.025755
v -0.004513 0.070046 0.025745
v -0.002788 0.069773 0.025755
v -0.002792 0.069170 0.008536
v -0.001239 0.068377 0.008565
v -0.001234 0.068980 0.025784
v -0.000008 0.067146 0.008613
v -0.000001 0.067749 0.025823
v 0.000783 0.065593 0.008662
v 0.000791 0.066196 0.025881
v -0.000000 0.067807 0.027330
v 0.000793 0.066253 0.027388
v -0.001701 0.066799 0.034074
v -0.001208 0.065832 0.034113
v -0.004513 0.069443 0.008526
v -0.001701 0.066799 0.034074
v -0.002469 0.067567 0.034055
v -0.001234 0.069038 0.027291
v -0.002788 0.069831 0.027262
v -0.003439 0.068063 0.034036
v -0.007325 0.066799 0.034074
v -0.009025 0.067807 0.027330
v -0.007818 0.065832 0.034113
v -0.009817 0.066253 0.027388
v -0.007988 0.064758 0.034151
v -0.010091 0.064526 0.027446
v -0.009816 0.066196 0.025881
v -0.010090 0.064477 0.025938
v -0.009810 0.065593 0.008662
v -0.010081 0.063874 0.008720
v -0.009025 0.067749 0.025823
v -0.009018 0.067146 0.008613
v 0.001057 0.063874 0.008720
v 0.000783 0.065593 0.008662
v -0.004513 0.063816 0.007009
v -0.000008 0.067146 0.008613
v -0.001239 0.068377 0.008565
v -0.002792 0.069170 0.008536
v -0.004513 0.069443 0.008526
v -0.006234 0.069170 0.008536
v -0.007787 0.068377 0.008565
v -0.009018 0.067146 0.008613
v -0.009810 0.065593 0.008662
v -0.010081 0.063874 0.008720
v 0.000783 0.065526 0.006710
v -0.000008 0.067113 0.007599
v 0.000783 0.065559 0.007647
v -0.004513 0.064196 0.017841
v -0.001239 0.068344 0.007550
v -0.000008 0.067079 0.006651
v -0.001239 0.068311 0.006613
v -0.002792 0.069137 0.007521
v -0.002792 0.069104 0.006584
v -0.004513 0.069410 0.007521
v -0.004513 0.069376 0.006575
v -0.006234 0.069137 0.007521
v -0.006234 0.069104 0.006584
v -0.007787 0.068344 0.007550
v -0.007787 0.068311 0.006613
v -0.009018 0.067113 0.007599
v -0.009018 0.067079 0.006651
v -0.004513 0.064196 0.017841
v -0.010081 0.063808 0.006768
v -0.009810 0.065526 0.006710
v -0.010081 0.063841 0.007714
v -0.009810 0.065559 0.007647
v -0.004513 0.064196 0.017841
v -0.009018 0.067113 0.007599
v -0.009018 0.067079 0.006651
v 0.001057 0.063808 0.006768
v 0.000783 0.065526 0.006710
v -0.004513 0.063808 0.006768
v -0.000008 0.067079 0.006651
v -0.001239 0.068311 0.006613
v -0.002792 0.069104 0.006584
v -0.004513 0.069376 0.006575
v -0.006234 0.069104 0.006584
v -0.007787 0.068311 0.006613
v -0.009018 0.067079 0.006651
v -0.009810 0.065526 0.006710
v -0.010081 0.063808 0.006768
v 0.001840 -0.044637 0.026305
v 0.003030 -0.044637 0.027475
v 0.001840 -0.048074 0.026856
v 0.003030 -0.046884 0.027871
v 0.001840 -0.050759 0.028054
v 0.003030 -0.048834 0.028740
v 0.001840 -0.052221 0.029678
v 0.003794 -0.044637 0.028944
v 0.003794 -0.045678 0.029156
v 0.003794 -0.045678 0.031987
v 0.003794 -0.044637 0.032200
v 0.003030 -0.044637 0.033669
v 0.003030 -0.046884 0.033272
v 0.001840 -0.044637 0.034837
v 0.001840 -0.048074 0.034287
v 0.003030 -0.048834 0.032402
v 0.001840 -0.050759 0.033088
v 0.003030 -0.049900 0.031224
v 0.001840 -0.052221 0.031465
v 0.003030 -0.049900 0.029919
v 0.003794 -0.046446 0.029610
v 0.003794 -0.046975 0.030229
v 0.003794 -0.046975 0.030915
v 0.003794 -0.046446 0.031533
v 0.001840 -0.044637 0.026305
v 0.003030 -0.044637 0.027475
v 0.001840 -0.044637 0.034837
v 0.003030 -0.044637 0.033669
v 0.003794 -0.044637 0.032200
v 0.003794 -0.044637 0.028944
v 0.001840 -0.044637 0.011647
v 0.001840 -0.048074 0.012198
v 0.003030 -0.044637 0.012807
v 0.003030 -0.046884 0.013212
v 0.003794 -0.044637 0.014275
v 0.003794 -0.045678 0.014488
v 0.003794 -0.045678 0.017329
v 0.003794 -0.044637 0.017532
v 0.003030 -0.044637 0.019000
v 0.003030 -0.046884 0.018605
v 0.001840 -0.044637 0.020170
v 0.001840 -0.048074 0.019619
v 0.003030 -0.048834 0.017735
v 0.001840 -0.050759 0.018430
v 0.003030 -0.049900 0.016556
v 0.001840 -0.052221 0.016798
v 0.003030 -0.049900 0.015261
v 0.001840 -0.052221 0.015019
v 0.003030 -0.048834 0.014073
v 0.001840 -0.050759 0.013387
v 0.003794 -0.046446 0.014943
v 0.003794 -0.046975 0.015571
v 0.003794 -0.046975 0.016246
v 0.003794 -0.046446 0.016865
v 0.001840 -0.044637 0.011647
v 0.003030 -0.044637 0.012807
v 0.001840 -0.044637 0.020170
v 0.003030 -0.044637 0.019000
v 0.003794 -0.044637 0.017532
v 0.003794 -0.044637 0.014275
v -0.022076 -0.147802 0.034615
v -0.020256 -0.147802 0.034615
v -0.022076 -0.149141 0.034615
v -0.020256 -0.149141 0.034615
v -0.022076 -0.147802 0.011270
v -0.020256 -0.147802 0.011270
v -0.022076 -0.147802 0.034615
v -0.020256 -0.147802 0.034615
v -0.022076 -0.149141 0.011270
v -0.020256 -0.149141 0.011270
v -0.022076 -0.147802 0.011270
v -0.020256 -0.147802 0.011270
v -0.022076 -0.149141 0.034615
v -0.020256 -0.149141 0.034615
v -0.022076 -0.149141 0.011270
v -0.020256 -0.149141 0.011270
v -0.018771 -0.149141 0.034615
v -0.018771 -0.149141 0.041340
v -0.001301 -0.149141 0.041340
v -0.001301 -0.149141 0.034615
v 0.000184 -0.149141 0.040916
v 0.000184 -0.149141 0.034615
v 0.000184 -0.149141 0.011270
v 0.002004 -0.149141 0.011270
v 0.002004 -0.149141 0.034615
v -0.020256 -0.149141 0.040916
v -0.018771 -0.149141 0.011270
v -0.020256 -0.149141 0.004980
v -0.018771 -0.149141 0.004536
v -0.001301 -0.149141 0.004536
v -0.001301 -0.149141 0.011270
v 0.000184 -0.149141 0.004980
v 0.002004 -0.147802 0.034615
v 0.002004 -0.149141 0.034615
v 0.002004 -0.147802 0.011270
v 0.002004 -0.149141 0.011270
v -0.022076 -0.147802 0.011270
v -0.022076 -0.149141 0.011270
v -0.022076 -0.147802 0.034615
v -0.022076 -0.149141 0.034615
v 0.002004 -0.149141 0.011270
v 0.000184 -0.149141 0.011270
v 0.002004 -0.147802 0.011270
v 0.000184 -0.147802 0.011270
v 0.002004 -0.147802 0.034615
v 0.000184 -0.147802 0.034615
v 0.002004 -0.149141 0.034615
v 0.000184 -0.149141 0.034615
v 0.002004 -0.147802 0.011270
v 0.000184 -0.147802 0.011270
v 0.002004 -0.147802 0.034615
v 0.000184 -0.147802 0.034615
v 0.000184 -0.147802 0.040916
v -0.001301 -0.147802 0.041340
v 0.000184 -0.149141 0.040916
v -0.001301 -0.149141 0.041340
v -0.018771 -0.149141 0.041340
v -0.018771 -0.147802 0.041340
v -0.020256 -0.147802 0.040916
v -0.020256 -0.149141 0.040916
v 0.000184 -0.147802 0.004980
v -0.001301 -0.147802 0.004536
v 0.000184 -0.149141 0.004980
v -0.001301 -0.149141 0.004536
v -0.018771 -0.147802 0.004536
v -0.018771 -0.149141 0.004536
v -0.020256 -0.149141 0.004980
v -0.020256 -0.147802 0.004980
v 0.000184 -0.149141 0.040916
v 0.000184 -0.147802 0.040916
v 0.000184 -0.149141 0.034615
v 0.000184 -0.147802 0.034615
v 0.000184 -0.147802 0.040916
v -0.001301 -0.147802 0.041340
v 0.000184 -0.147802 0.034615
v -0.001301 -0.147802 0.040828
v -0.018771 -0.147802 0.040828
v -0.018771 -0.147802 0.041340
v -0.020256 -0.147802 0.040916
v -0.020256 -0.147802 0.034615
v -0.020256 -0.147802 0.040916
v -0.020256 -0.147802 0.034615
v -0.020256 -0.149141 0.040916
v -0.020256 -0.149141 0.034615
v 0.000184 -0.147802 0.011270
v 0.000184 -0.147802 0.004980
v -0.001301 -0.147802 0.005048
v -0.001301 -0.147802 0.004536
v -0.018771 -0.147802 0.005048
v -0.018771 -0.147802 0.004536
v -0.020256 -0.147802 0.011270
v -0.020256 -0.147802 0.004980
v 0.000184 -0.147802 0.004980
v 0.000184 -0.147802 0.011270
v 0.000184 -0.149141 0.004980
v 0.000184 -0.149141 0.011270
v -0.020256 -0.149141 0.004980
v -0.020256 -0.149141 0.011270
v -0.020256 -0.147802 0.004980
v -0.020256 -0.147802 0.011270
v -0.021557 -0.044637 0.020170
v -0.022747 -0.044637 0.019000
v -0.021557 -0.048074 0.019619
v -0.022747 -0.046884 0.018605
v -0.021557 -0.050759 0.018430
v -0.022747 -0.048834 0.017735
v -0.021557 -0.052221 0.016798
v -0.023511 -0.044637 0.017532
v -0.023511 -0.045678 0.017329
v -0.023511 -0.045678 0.014488
v -0.023511 -0.044637 0.014275
v -0.022747 -0.044637 0.012807
v -0.022747 -0.046884 0.013212
v -0.021557 -0.044637 0.011647
v -0.021557 -0.048074 0.012198
v -0.022747 -0.048834 0.014073
v -0.021557 -0.050759 0.013387
v -0.022747 -0.049900 0.015261
v -0.021557 -0.052221 0.015019
v -0.022747 -0.049900 0.016556
v -0.023511 -0.046446 0.016865
v -0.023511 -0.046975 0.016246
v -0.023511 -0.046975 0.015571
v -0.023511 -0.046446 0.014943
v -0.021557 -0.044637 0.020170
v -0.022747 -0.044637 0.019000
v -0.021557 -0.044637 0.011647
v -0.022747 -0.044637 0.012807
v -0.023511 -0.044637 0.014275
v -0.023511 -0.044637 0.017532
v -0.021557 -0.044637 0.034837
v -0.021557 -0.048074 0.034287
v -0.022747 -0.044637 0.033669
v -0.022747 -0.046884 0.033272
v -0.023511 -0.044637 0.032200
v -0.023511 -0.045678 0.031987
v -0.023511 -0.045678 0.029156
v -0.023511 -0.044637 0.028944
v -0.022747 -0.044637 0.027475
v -0.022747 -0.046884 0.027871
v -0.021557 -0.044637 0.026305
v -0.021557 -0.048074 0.026856
v -0.022747 -0.048834 0.028740
v -0.021557 -0.050759 0.028054
v -0.022747 -0.049900 0.029919
v -0.021557 -0.052221 0.029678
v -0.022747 -0.049900 0.031224
v -0.021557 -0.052221 0.031465
v -0.022747 -0.048834 0.032402
v -0.021557 -0.050759 0.033088
v -0.023511 -0.046446 0.031533
v -0.023511 -0.046975 0.030915
v -0.023511 -0.046975 0.030229
v -0.023511 -0.046446 0.029610
v -0.021557 -0.044637 0.034837
v -0.022747 -0.044637 0.033669
v -0.021557 -0.044637 0.026305
v -0.022747 -0.044637 0.027475
v -0.023511 -0.044637 0.028944
v -0.023511 -0.044637 0.032200
v -0.025529 0.095089 -0.048850
v -0.025529 0.095089 -0.007339
v -0.024634 0.094189 -0.007427
v -0.024634 0.093899 -0.005939
v -0.025529 0.094743 -0.005590
v -0.024634 0.093106 -0.004760
v -0.025529 0.093751 -0.004112
v -0.024634 0.091925 -0.003967
v -0.025529 0.092272 -0.003127
v -0.024634 0.090438 -0.003668
v -0.025529 0.090528 -0.002779
v -0.024634 0.076920 -0.003668
v -0.025529 0.076838 -0.002779
v -0.024634 0.075433 -0.003967
v -0.025529 0.075086 -0.003127
v -0.024634 0.074251 -0.004760
v -0.025529 0.073607 -0.004112
v -0.024634 0.073458 -0.005938
v -0.025529 0.072616 -0.005590
v -0.024634 0.073169 -0.007427
v -0.025529 0.072268 -0.007339
v -0.024634 0.073169 -0.048850
v -0.025529 0.072268 -0.048850
v -0.024634 0.094189 -0.048850
v -0.024634 0.094189 -0.048850
v -0.024634 0.073169 -0.048850
v -0.024634 0.094189 -0.007427
v -0.024634 0.073169 -0.007427
v -0.024634 0.073458 -0.005938
v -0.024634 0.074251 -0.004760
v -0.024634 0.075433 -0.003967
v -0.024634 0.076920 -0.003668
v -0.024634 0.090438 -0.003668
v -0.024634 0.091925 -0.003967
v -0.024634 0.093106 -0.004760
v -0.024634 0.093899 -0.005939
v -0.026407 0.095089 -0.048850
v -0.026407 0.095089 -0.007339
v -0.025529 0.095089 -0.007339
v -0.025529 0.094743 -0.005590
v -0.026407 0.094743 -0.005590
v -0.025529 0.093751 -0.004112
v -0.026407 0.093751 -0.004112
v -0.025529 0.092272 -0.003127
v -0.026407 0.092272 -0.003127
v -0.025529 0.090528 -0.002779
v -0.026407 0.090528 -0.002779
v -0.025529 0.076838 -0.002779
v -0.026407 0.076838 -0.002779
v -0.025529 0.075086 -0.003127
v -0.026407 0.075086 -0.003127
v -0.025529 0.073607 -0.004112
v -0.026407 0.073607 -0.004112
v -0.025529 0.072616 -0.005590
v -0.026407 0.072616 -0.005590
v -0.025529 0.072268 -0.007339
v -0.026407 0.072268 -0.007339
v -0.025529 0.072268 -0.048850
v -0.026407 0.072268 -0.048850
v -0.025529 0.095089 -0.048850
v -0.025529 0.072268 -0.048850
v -0.024634 0.073169 -0.048850
v -0.026407 0.072268 -0.048850
v -0.024634 0.094189 -0.048850
v -0.025529 0.095089 -0.048850
v -0.026407 0.095089 -0.048850
v -0.013691 0.115621 0.045060
v -0.013691 0.107491 0.045060
v -0.013613 0.115630 0.045031
v -0.013250 0.107491 0.044877
v -0.013246 0.114745 0.044887
v -0.010971 0.113011 0.044336
v -0.011444 0.113201 0.044394
v -0.011616 0.113267 0.047370
v -0.012030 0.113490 0.045824
v -0.012653 0.113969 0.045340
v -0.012653 0.113969 0.047805
v -0.013246 0.114745 0.044887
v -0.013241 0.114738 0.048105
v -0.013613 0.115630 0.045031
v -0.013613 0.115630 0.048385
v -0.013739 0.116588 0.048481
v -0.013739 0.116588 0.046529
v -0.010993 0.113011 0.047293
v -0.010036 0.112887 0.047167
v -0.010036 0.112887 0.045553
v -0.009079 0.113011 0.047293
v -0.009100 0.113011 0.044336
v -0.008456 0.113267 0.047370
v -0.008628 0.113201 0.044394
v -0.008042 0.113490 0.045824
v -0.007419 0.113969 0.045340
v -0.007419 0.113969 0.047805
v -0.006826 0.114745 0.044887
v -0.006831 0.114738 0.048105
v -0.006459 0.115630 0.048385
v -0.006459 0.115630 0.045031
v -0.006333 0.116588 0.046529
v -0.006333 0.116588 0.048481
v -0.006831 0.114738 0.048105
v -0.007419 0.113969 0.047805
v -0.008456 0.106946 0.047370
v -0.008456 0.113267 0.047370
v -0.009079 0.113011 0.047293
v -0.010036 0.106946 0.047167
v -0.010036 0.112887 0.047167
v -0.011616 0.106946 0.047370
v -0.010993 0.113011 0.047293
v -0.011616 0.113267 0.047370
v -0.013087 0.106946 0.047979
v -0.012653 0.113969 0.047805
v -0.013241 0.114738 0.048105
v -0.013613 0.115630 0.048385
v -0.014350 0.106946 0.048955
v -0.014350 0.116588 0.048955
v -0.015319 0.106946 0.050211
v -0.015319 0.116588 0.050211
v -0.015930 0.106946 0.051689
v -0.015930 0.116588 0.051689
v -0.016137 0.106946 0.053264
v -0.016137 0.116588 0.053264
v -0.015930 0.106946 0.054839
v -0.015930 0.116588 0.054839
v -0.013891 0.116588 0.048597
v -0.013739 0.116588 0.048481
v -0.006985 0.106946 0.047979
v -0.006459 0.115630 0.048385
v -0.005722 0.106946 0.048955
v -0.005722 0.116588 0.048955
v -0.004753 0.116588 0.050211
v -0.004753 0.106946 0.050211
v -0.004142 0.116588 0.051689
v -0.004142 0.106946 0.051689
v -0.003935 0.116588 0.053264
v -0.003935 0.106946 0.053264
v -0.004142 0.116588 0.054839
v -0.004142 0.106946 0.054839
v -0.004753 0.116588 0.056317
v -0.004753 0.106946 0.056317
v -0.005722 0.116588 0.057583
v -0.005722 0.106946 0.057583
v -0.006985 0.106946 0.058550
v -0.006831 0.114738 0.058433
v -0.006985 0.114531 0.058550
v -0.007419 0.113969 0.058723
v -0.008185 0.113382 0.059043
v -0.008456 0.113267 0.059158
v -0.008456 0.106946 0.059158
v -0.009079 0.113011 0.059236
v -0.010036 0.112887 0.059361
v -0.010036 0.106946 0.059361
v -0.010993 0.113011 0.059236
v -0.011616 0.106946 0.059158
v -0.011616 0.113267 0.059158
v -0.011887 0.113382 0.059043
v -0.012653 0.113969 0.058723
v -0.013087 0.114531 0.058550
v -0.013087 0.106946 0.058550
v -0.013241 0.114738 0.058433
v -0.013613 0.115630 0.058144
v -0.013739 0.116588 0.058047
v -0.014350 0.106946 0.057583
v -0.014350 0.116588 0.057583
v -0.015319 0.116588 0.056317
v -0.015319 0.106946 0.056317
v -0.015930 0.116588 0.054839
v -0.015930 0.106946 0.054839
v -0.006181 0.116588 0.048597
v -0.006333 0.116588 0.048481
v -0.006459 0.115630 0.058144
v -0.006333 0.116588 0.058047
v -0.006826 0.114745 0.044887
v -0.006459 0.115630 0.045031
v -0.006822 0.107491 0.044877
v -0.006381 0.107491 0.045060
v -0.006381 0.115630 0.045060
v -0.013691 0.116043 0.061467
v -0.013691 0.107491 0.061467
v -0.013667 0.116043 0.061478
v -0.013613 0.115630 0.061496
v -0.013246 0.114745 0.061642
v -0.013250 0.107491 0.061651
v -0.006826 0.114745 0.061642
v -0.006822 0.107491 0.061651
v -0.006459 0.115630 0.061496
v -0.006405 0.116043 0.061478
v -0.006381 0.107491 0.061467
v -0.006381 0.116043 0.061467
v -0.006459 0.115630 0.045031
v -0.006381 0.115630 0.045060
v -0.006333 0.116588 0.046529
v -0.006182 0.116588 0.046587
v -0.006333 0.116588 0.048481
v -0.006181 0.116588 0.048597
v -0.005722 0.116588 0.048955
v -0.004586 0.116588 0.047814
v -0.003361 0.116588 0.049408
v -0.002770 0.116043 0.047988
v -0.003061 0.116043 0.047612
v -0.004383 0.116043 0.046288
v -0.004761 0.116043 0.045998
v -0.004753 0.116588 0.050211
v -0.002592 0.116588 0.051273
v -0.004142 0.116588 0.051689
v -0.002330 0.116588 0.053264
v -0.003935 0.116588 0.053264
v -0.002592 0.116588 0.055254
v -0.004142 0.116588 0.054839
v -0.003361 0.116588 0.057119
v -0.001834 0.116043 0.056917
v -0.001651 0.116043 0.056482
v -0.001834 0.116043 0.049612
v -0.001651 0.116043 0.050047
v -0.001167 0.116043 0.051854
v -0.001105 0.116043 0.052327
v -0.001167 0.116043 0.054675
v -0.001105 0.116043 0.054202
v -0.004753 0.116588 0.056317
v -0.004586 0.116588 0.058714
v -0.005722 0.116588 0.057583
v -0.006333 0.116588 0.058047
v -0.006182 0.116588 0.059940
v -0.006333 0.116588 0.059680
v -0.002770 0.116043 0.058540
v -0.003061 0.116043 0.058917
v -0.004761 0.116043 0.060530
v -0.004383 0.116043 0.060240
v -0.013613 0.115630 0.045031
v -0.013691 0.115621 0.045060
v -0.013739 0.116588 0.046529
v -0.013890 0.116588 0.046587
v -0.013739 0.116588 0.048481
v -0.013891 0.116588 0.048597
v -0.015486 0.116588 0.047814
v -0.014350 0.116588 0.048955
v -0.015319 0.116588 0.050211
v -0.016711 0.116588 0.049408
v -0.015930 0.116588 0.051689
v -0.017480 0.116588 0.051273
v -0.016137 0.116588 0.053264
v -0.017742 0.116588 0.053264
v -0.018905 0.116043 0.051854
v -0.018967 0.116043 0.052327
v -0.015311 0.116043 0.045998
v -0.015689 0.116043 0.046288
v -0.017011 0.116043 0.047612
v -0.017302 0.116043 0.047988
v -0.018238 0.116043 0.049612
v -0.018421 0.116043 0.050047
v -0.015930 0.116588 0.054839
v -0.017480 0.116588 0.055254
v -0.018967 0.116043 0.054202
v -0.018905 0.116043 0.054675
v -0.015319 0.116588 0.056317
v -0.016711 0.116588 0.057119
v -0.018421 0.116043 0.056482
v -0.018238 0.116043 0.056917
v -0.014350 0.116588 0.057583
v -0.015486 0.116588 0.058714
v -0.017302 0.116043 0.058540
v -0.017011 0.116043 0.058917
v -0.013739 0.116588 0.058047
v -0.013739 0.116588 0.059680
v -0.013890 0.116588 0.059940
v -0.015689 0.116043 0.060240
v -0.015311 0.116043 0.060530
v -0.013739 0.116588 0.058047
v -0.013613 0.115630 0.058144
v -0.013739 0.116588 0.059680
v -0.013667 0.116043 0.061478
v -0.013739 0.116588 0.059999
v -0.013613 0.115630 0.061496
v -0.013246 0.114745 0.061642
v -0.013241 0.114738 0.058433
v -0.012653 0.113969 0.061187
v -0.013087 0.114531 0.058550
v -0.012653 0.113969 0.058723
v -0.012030 0.113490 0.060704
v -0.011887 0.113382 0.061061
v -0.011887 0.113382 0.059043
v -0.011616 0.113267 0.059158
v -0.010993 0.113011 0.062192
v -0.010993 0.113011 0.059236
v -0.010971 0.113011 0.062192
v -0.010036 0.112887 0.060975
v -0.010036 0.112887 0.059361
v -0.009102 0.113011 0.062192
v -0.009079 0.113011 0.062192
v -0.009079 0.113011 0.059236
v -0.008456 0.113267 0.059158
v -0.008185 0.113382 0.061061
v -0.008185 0.113382 0.059043
v -0.008042 0.113490 0.060704
v -0.007419 0.113969 0.061187
v -0.007419 0.113969 0.058723
v -0.006985 0.114531 0.058550
v -0.006831 0.114738 0.058433
v -0.006826 0.114745 0.061642
v -0.006459 0.115630 0.061496
v -0.006459 0.115630 0.058144
v -0.006333 0.116588 0.059680
v -0.006333 0.116588 0.058047
v -0.011444 0.113201 0.062135
v -0.008628 0.113201 0.062135
v -0.006405 0.116043 0.061478
v -0.006333 0.116588 0.059999
v -0.013691 0.107491 0.045060
v -0.013691 0.115621 0.045060
v -0.013890 0.106946 0.046587
v -0.013890 0.116588 0.046587
v -0.012030 0.113490 0.045824
v -0.012653 0.113969 0.045340
v -0.012030 0.106946 0.045824
v -0.013250 0.107491 0.044877
v -0.013246 0.114745 0.044887
v -0.008042 0.113490 0.045824
v -0.008042 0.106946 0.045824
v -0.007419 0.113969 0.045340
v -0.006822 0.107491 0.044877
v -0.006826 0.114745 0.044887
v -0.026407 0.070410 -0.048850
v -0.026407 0.070410 0.003763
v -0.026407 0.072268 -0.048850
v -0.026407 0.072268 -0.007339
v -0.026407 0.072616 -0.005590
v -0.026407 0.073607 -0.004112
v -0.026407 0.075086 -0.003127
v -0.026407 0.076838 -0.002779
v -0.026407 0.090528 0.003763
v -0.026407 0.090528 -0.002779
v -0.026407 0.092272 0.004294
v -0.026407 0.092272 -0.003127
v -0.026407 0.093751 -0.004112
v -0.026407 0.093751 0.005830
v -0.026407 0.099278 0.005830
v -0.026407 0.094743 -0.005590
v -0.026407 0.095089 -0.007339
v -0.026407 0.095089 -0.048850
v -0.026407 0.099278 -0.048850
v -0.026407 0.099278 -0.048850
v -0.026407 0.099278 0.005830
v -0.020099 0.103137 -0.048850
v -0.020099 0.103137 0.005830
v 0.000526 0.103137 0.005830
v 0.000526 0.103137 0.062115
v -0.020099 0.103137 0.062115
v 0.000526 0.103137 -0.048850
v -0.001167 0.107491 0.051854
v -0.001105 0.107491 0.052327
v -0.001167 0.116043 0.051854
v -0.001105 0.116043 0.052327
v -0.001834 0.107491 0.049612
v -0.001651 0.107491 0.050047
v -0.001834 0.116043 0.049612
v -0.001651 0.116043 0.050047
v -0.003061 0.107491 0.047612
v -0.002770 0.107491 0.047988
v -0.003061 0.116043 0.047612
v -0.002770 0.116043 0.047988
v -0.004761 0.107491 0.045998
v -0.004383 0.107491 0.046288
v -0.004761 0.116043 0.045998
v -0.004383 0.116043 0.046288
v -0.009100 0.113011 0.044336
v -0.009102 0.107491 0.044336
v -0.008628 0.113201 0.044394
v -0.008628 0.107491 0.044394
v -0.011444 0.113201 0.044394
v -0.011444 0.107491 0.044394
v -0.010971 0.113011 0.044336
v -0.010971 0.107491 0.044336
v -0.015689 0.107491 0.046288
v -0.015311 0.107491 0.045998
v -0.015689 0.116043 0.046288
v -0.015311 0.116043 0.045998
v -0.017302 0.107491 0.047988
v -0.017011 0.107491 0.047612
v -0.017302 0.116043 0.047988
v -0.017011 0.116043 0.047612
v -0.018421 0.107491 0.050047
v -0.018238 0.107491 0.049612
v -0.018421 0.116043 0.050047
v -0.018238 0.116043 0.049612
v -0.018967 0.107491 0.052327
v -0.018905 0.107491 0.051854
v -0.018967 0.116043 0.052327
v -0.018905 0.116043 0.051854
v -0.018905 0.107491 0.054675
v -0.018967 0.107491 0.054202
v -0.018905 0.116043 0.054675
v -0.018967 0.116043 0.054202
v -0.018238 0.107491 0.056917
v -0.018421 0.107491 0.056482
v -0.018238 0.116043 0.056917
v -0.018421 0.116043 0.056482
v -0.017011 0.107491 0.058917
v -0.017302 0.107491 0.058540
v -0.017011 0.116043 0.058917
v -0.017302 0.116043 0.058540
v -0.015311 0.107491 0.060530
v -0.015689 0.107491 0.060240
v -0.015311 0.116043 0.060530
v -0.015689 0.116043 0.060240
v -0.010971 0.113011 0.062192
v -0.010971 0.107491 0.062192
v -0.010993 0.113011 0.062192
v -0.011444 0.107491 0.062135
v -0.011444 0.113201 0.062135
v -0.008628 0.113201 0.062135
v -0.009079 0.113011 0.062192
v -0.008628 0.107491 0.062135
v -0.009102 0.107491 0.062192
v -0.009102 0.113011 0.062192
v -0.004383 0.107491 0.060240
v -0.004383 0.116043 0.060240
v -0.004761 0.107491 0.060530
v -0.004761 0.116043 0.060530
v -0.002770 0.107491 0.058540
v -0.002770 0.116043 0.058540
v -0.003061 0.107491 0.058917
v -0.003061 0.116043 0.058917
v -0.001651 0.107491 0.056482
v -0.001651 0.116043 0.056482
v -0.001834 0.107491 0.056917
v -0.001834 0.116043 0.056917
v -0.001105 0.107491 0.054202
v -0.001105 0.116043 0.054202
v -0.001167 0.107491 0.054675
v -0.001167 0.116043 0.054675
v -0.004142 0.106946 0.051689
v -0.002592 0.106946 0.051273
v -0.003935 0.106946 0.053264
v -0.002330 0.106946 0.053264
v -0.004142 0.106946 0.054839
v -0.002592 0.106946 0.055254
v -0.004753 0.106946 0.056317
v -0.003361 0.106946 0.057119
v -0.005722 0.106946 0.057583
v -0.004586 0.106946 0.058714
v -0.006985 0.106946 0.058550
v -0.006182 0.106946 0.059940
v -0.008456 0.106946 0.059158
v -0.008042 0.106946 0.060704
v -0.010036 0.106946 0.059361
v -0.010036 0.106946 0.060975
v -0.011616 0.106946 0.059158
v -0.012030 0.106946 0.060704
v -0.013087 0.106946 0.058550
v -0.013890 0.106946 0.059940
v -0.014350 0.106946 0.057583
v -0.015486 0.106946 0.058714
v -0.015319 0.106946 0.056317
v -0.016711 0.106946 0.057119
v -0.015930 0.106946 0.054839
v -0.017480 0.106946 0.055254
v -0.016137 0.106946 0.053264
v -0.017742 0.106946 0.053264
v -0.015930 0.106946 0.051689
v -0.017480 0.106946 0.051273
v -0.015319 0.106946 0.050211
v -0.016711 0.106946 0.049408
v -0.014350 0.106946 0.048955
v -0.015486 0.106946 0.047814
v -0.013087 0.106946 0.047979
v -0.013890 0.106946 0.046587
v -0.011616 0.106946 0.047370
v -0.012030 0.106946 0.045824
v -0.010036 0.106946 0.047167
v -0.010036 0.106946 0.045553
v -0.008456 0.106946 0.047370
v -0.008042 0.106946 0.045824
v -0.006985 0.106946 0.047979
v -0.006182 0.106946 0.046587
v -0.005722 0.106946 0.048955
v -0.004586 0.106946 0.047814
v -0.004753 0.106946 0.050211
v -0.003361 0.106946 0.049408
v -0.001834 0.107491 0.049612
v -0.001651 0.107491 0.050047
v -0.001167 0.107491 0.051854
v -0.001105 0.107491 0.052327
v -0.001105 0.107491 0.054202
v -0.001167 0.107491 0.054675
v -0.001651 0.107491 0.056482
v -0.001834 0.107491 0.056917
v -0.002770 0.107491 0.058540
v -0.003061 0.107491 0.058917
v -0.004383 0.107491 0.060240
v -0.004761 0.107491 0.060530
v -0.006381 0.107491 0.061467
v -0.006822 0.107491 0.061651
v -0.008628 0.107491 0.062135
v -0.009102 0.107491 0.062192
v -0.010971 0.107491 0.062192
v -0.011444 0.107491 0.062135
v -0.013250 0.107491 0.061651
v -0.013691 0.107491 0.061467
v -0.015311 0.107491 0.060530
v -0.015689 0.107491 0.060240
v -0.017011 0.107491 0.058917
v -0.017302 0.107491 0.058540
v -0.018238 0.107491 0.056917
v -0.018421 0.107491 0.056482
v -0.018905 0.107491 0.054675
v -0.018967 0.107491 0.054202
v -0.018967 0.107491 0.052327
v -0.018905 0.107491 0.051854
v -0.018421 0.107491 0.050047
v -0.018238 0.107491 0.049612
v -0.017302 0.107491 0.047988
v -0.017011 0.107491 0.047612
v -0.015689 0.107491 0.046288
v -0.015311 0.107491 0.045998
v -0.013691 0.107491 0.045060
v -0.013250 0.107491 0.044877
v -0.011444 0.107491 0.044394
v -0.010971 0.107491 0.044336
v -0.009102 0.107491 0.044336
v -0.008628 0.107491 0.044394
v -0.006822 0.107491 0.044877
v -0.006381 0.107491 0.045060
v -0.004761 0.107491 0.045998
v -0.004383 0.107491 0.046288
v -0.003061 0.107491 0.047612
v -0.002770 0.107491 0.047988
v -0.001105 0.116043 0.052327
v -0.001105 0.107491 0.052327
v -0.002330 0.116588 0.053264
v -0.002330 0.106946 0.053264
v -0.001167 0.107491 0.051854
v -0.001167 0.116043 0.051854
v -0.002592 0.106946 0.051273
v -0.002592 0.116588 0.051273
v -0.001651 0.116043 0.050047
v -0.001651 0.107491 0.050047
v -0.002592 0.116588 0.051273
v -0.002592 0.106946 0.051273
v -0.001834 0.107491 0.049612
v -0.001834 0.116043 0.049612
v -0.003361 0.106946 0.049408
v -0.003361 0.116588 0.049408
v -0.002770 0.116043 0.047988
v -0.002770 0.107491 0.047988
v -0.003361 0.116588 0.049408
v -0.003361 0.106946 0.049408
v -0.003061 0.107491 0.047612
v -0.003061 0.116043 0.047612
v -0.004586 0.106946 0.047814
v -0.004586 0.116588 0.047814
v -0.004383 0.116043 0.046288
v -0.004383 0.107491 0.046288
v -0.004586 0.116588 0.047814
v -0.004586 0.106946 0.047814
v -0.004761 0.107491 0.045998
v -0.004761 0.116043 0.045998
v -0.006182 0.106946 0.046587
v -0.006182 0.116588 0.046587
v -0.006381 0.115630 0.045060
v -0.006381 0.107491 0.045060
v -0.006182 0.116588 0.046587
v -0.006182 0.106946 0.046587
v -0.008628 0.113201 0.044394
v -0.008628 0.107491 0.044394
v -0.008042 0.113490 0.045824
v -0.008042 0.106946 0.045824
v -0.010036 0.106946 0.045553
v -0.009102 0.107491 0.044336
v -0.010036 0.112887 0.045553
v -0.009100 0.113011 0.044336
v -0.010971 0.107491 0.044336
v -0.010036 0.106946 0.045553
v -0.010971 0.113011 0.044336
v -0.010036 0.112887 0.045553
v -0.012030 0.113490 0.045824
v -0.012030 0.106946 0.045824
v -0.011444 0.113201 0.044394
v -0.011444 0.107491 0.044394
v -0.015311 0.116043 0.045998
v -0.015311 0.107491 0.045998
v -0.013890 0.116588 0.046587
v -0.013890 0.106946 0.046587
v -0.015689 0.107491 0.046288
v -0.015689 0.116043 0.046288
v -0.015486 0.106946 0.047814
v -0.015486 0.116588 0.047814
v -0.017011 0.116043 0.047612
v -0.017011 0.107491 0.047612
v -0.015486 0.116588 0.047814
v -0.015486 0.106946 0.047814
v -0.017302 0.107491 0.047988
v -0.017302 0.116043 0.047988
v -0.016711 0.106946 0.049408
v -0.016711 0.116588 0.049408
v -0.018238 0.116043 0.049612
v -0.018238 0.107491 0.049612
v -0.016711 0.116588 0.049408
v -0.016711 0.106946 0.049408
v -0.018421 0.107491 0.050047
v -0.018421 0.116043 0.050047
v -0.017480 0.106946 0.051273
v -0.017480 0.116588 0.051273
v -0.018905 0.116043 0.051854
v -0.018905 0.107491 0.051854
v -0.017480 0.116588 0.051273
v -0.017480 0.106946 0.051273
v -0.018967 0.107491 0.052327
v -0.018967 0.116043 0.052327
v -0.017742 0.106946 0.053264
v -0.017742 0.116588 0.053264
v -0.018967 0.116043 0.054202
v -0.018967 0.107491 0.054202
v -0.017742 0.116588 0.053264
v -0.017742 0.106946 0.053264
v -0.018905 0.107491 0.054675
v -0.018905 0.116043 0.054675
v -0.017480 0.106946 0.055254
v -0.017480 0.116588 0.055254
v -0.018421 0.116043 0.056482
v -0.018421 0.107491 0.056482
v -0.017480 0.116588 0.055254
v -0.017480 0.106946 0.055254
v -0.018238 0.107491 0.056917
v -0.018238 0.116043 0.056917
v -0.016711 0.106946 0.057119
v -0.016711 0.116588 0.057119
v -0.017302 0.116043 0.058540
v -0.017302 0.107491 0.058540
v -0.016711 0.116588 0.057119
v -0.016711 0.106946 0.057119
v -0.017011 0.107491 0.058917
v -0.017011 0.116043 0.058917
v -0.015486 0.106946 0.058714
v -0.015486 0.116588 0.058714
v -0.015689 0.116043 0.060240
v -0.015689 0.107491 0.060240
v -0.015486 0.116588 0.058714
v -0.015486 0.106946 0.058714
v -0.015311 0.107491 0.060530
v -0.015311 0.116043 0.060530
v -0.013890 0.106946 0.059940
v -0.013890 0.116588 0.059940
v -0.013691 0.116043 0.061467
v -0.013890 0.116588 0.059940
v -0.013667 0.116043 0.061478
v -0.013739 0.116588 0.059999
v -0.013691 0.116043 0.061467
v -0.013691 0.107491 0.061467
v -0.013890 0.116588 0.059940
v -0.013890 0.106946 0.059940
v -0.012030 0.113490 0.060704
v -0.012030 0.106946 0.060704
v -0.012653 0.113969 0.061187
v -0.013250 0.107491 0.061651
v -0.013246 0.114745 0.061642
v -0.011444 0.113201 0.062135
v -0.011887 0.113382 0.061061
v -0.011444 0.107491 0.062135
v -0.012030 0.106946 0.060704
v -0.012030 0.113490 0.060704
v -0.010036 0.106946 0.060975
v -0.010036 0.112887 0.060975
v -0.010971 0.107491 0.062192
v -0.010971 0.113011 0.062192
v -0.009102 0.107491 0.062192
v -0.009102 0.113011 0.062192
v -0.010036 0.106946 0.060975
v -0.010036 0.112887 0.060975
v -0.008042 0.113490 0.060704
v -0.008185 0.113382 0.061061
v -0.008042 0.106946 0.060704
v -0.008628 0.107491 0.062135
v -0.008628 0.113201 0.062135
v -0.006182 0.116588 0.059940
v -0.006333 0.116588 0.059999
v -0.006381 0.116043 0.061467
v -0.006405 0.116043 0.061478
v -0.006826 0.114745 0.061642
v -0.007419 0.113969 0.061187
v -0.006822 0.107491 0.061651
v -0.008042 0.106946 0.060704
v -0.008042 0.113490 0.060704
v -0.006381 0.107491 0.061467
v -0.006182 0.106946 0.059940
v -0.006381 0.116043 0.061467
v -0.006182 0.116588 0.059940
v -0.004761 0.116043 0.060530
v -0.006182 0.116588 0.059940
v -0.004761 0.107491 0.060530
v -0.006182 0.106946 0.059940
v -0.004383 0.107491 0.060240
v -0.004586 0.106946 0.058714
v -0.004383 0.116043 0.060240
v -0.004586 0.116588 0.058714
v -0.003061 0.116043 0.058917
v -0.004586 0.116588 0.058714
v -0.003061 0.107491 0.058917
v -0.004586 0.106946 0.058714
v -0.002770 0.107491 0.058540
v -0.003361 0.106946 0.057119
v -0.002770 0.116043 0.058540
v -0.003361 0.116588 0.057119
v -0.001834 0.116043 0.056917
v -0.003361 0.116588 0.057119
v -0.001834 0.107491 0.056917
v -0.003361 0.106946 0.057119
v -0.001651 0.107491 0.056482
v -0.002592 0.106946 0.055254
v -0.001651 0.116043 0.056482
v -0.002592 0.116588 0.055254
v -0.001167 0.116043 0.054675
v -0.002592 0.116588 0.055254
v -0.001167 0.107491 0.054675
v -0.002592 0.106946 0.055254
v -0.001105 0.107491 0.054202
v -0.002330 0.106946 0.053264
v -0.001105 0.116043 0.054202
v -0.002330 0.116588 0.053264
v -0.005690 0.107062 0.047283
v -0.010036 0.107062 0.053264
v -0.005690 0.107062 0.059245
v -0.007751 0.107062 0.060299
v -0.010036 0.107062 0.060656
v -0.012321 0.107062 0.060299
v -0.014382 0.107062 0.059245
v -0.014382 0.107062 0.047283
v -0.012321 0.107062 0.046230
v -0.010036 0.107062 0.045872
v -0.007751 0.107062 0.046230
v -0.005690 0.107062 0.047283
v -0.005690 0.107062 0.059245
v -0.005690 0.103137 0.047283
v -0.005690 0.103137 0.059245
v -0.005690 0.103137 0.059245
v -0.005690 0.107062 0.059245
v -0.007751 0.103137 0.060299
v -0.007751 0.107062 0.060299
v -0.010036 0.103137 0.060656
v -0.010036 0.107062 0.060656
v -0.012321 0.103137 0.060299
v -0.012321 0.107062 0.060299
v -0.014382 0.103137 0.059245
v -0.014382 0.107062 0.059245
v -0.014382 0.107062 0.059245
v -0.014382 0.107062 0.047283
v -0.014382 0.103137 0.059245
v -0.014382 0.103137 0.047283
v -0.014382 0.103137 0.047283
v -0.014382 0.107062 0.047283
v -0.012321 0.103137 0.046230
v -0.012321 0.107062 0.046230
v -0.010036 0.103137 0.045872
v -0.010036 0.107062 0.045872
v -0.007751 0.103137 0.046230
v -0.007751 0.107062 0.046230
v -0.005690 0.103137 0.047283
v -0.005690 0.107062 0.047283
v -0.026407 0.099278 0.066705
v -0.026407 0.099278 0.005830
v -0.026407 0.093751 0.066705
v -0.026407 0.093751 0.005830
v -0.026407 0.070410 0.003763
v -0.022680 0.070410 0.003763
v -0.026407 0.090528 0.003763
v -0.022680 0.090528 0.003763
v -0.026407 0.092272 0.004294
v -0.022680 0.092272 0.004294
v -0.026407 0.093751 0.005830
v -0.022680 0.093751 0.005830
v -0.022680 0.093751 0.066705
v -0.026407 0.093751 0.066705
v -0.022680 0.093751 0.005830
v -0.026407 0.093751 0.005830
v -0.002619 0.075731 0.025861
v -0.002619 0.073995 0.006536
v -0.001231 0.074400 0.028103
v -0.001231 0.073293 0.006536
v -0.000129 0.072302 0.030992
v -0.000129 0.072186 0.006536
v 0.000670 0.070343 0.033958
v 0.000579 0.070798 0.006536
v 0.000822 0.069261 0.037862
v 0.000579 0.069261 0.006536
v -0.002619 0.073995 0.006536
v -0.002234 0.075185 0.006536
v -0.001231 0.073293 0.006536
v -0.000499 0.074301 0.006536
v -0.000129 0.072186 0.006536
v 0.000877 0.072921 0.006536
v 0.000579 0.070798 0.006536
v 0.001761 0.071186 0.006536
v 0.000579 0.069261 0.006536
v 0.001669 0.069261 0.006536
v -0.002234 0.076912 0.025861
v -0.002234 0.075185 0.006536
v -0.002619 0.075731 0.025861
v -0.002619 0.073995 0.006536
v -0.002234 0.075185 0.006536
v -0.002234 0.076912 0.025861
v -0.000499 0.074301 0.006536
v -0.000499 0.075408 0.028103
v 0.000877 0.072921 0.006536
v 0.000877 0.073037 0.030992
v 0.001761 0.071186 0.006536
v 0.001855 0.070724 0.033958
v 0.002066 0.069261 0.008024
v 0.002066 0.069261 0.037862
v 0.001669 0.069261 0.006536
v -0.002234 0.076912 0.025861
v -0.000499 0.075408 0.028103
v -0.002619 0.075731 0.025861
v -0.001231 0.074400 0.028103
v 0.000877 0.073037 0.030992
v -0.000129 0.072302 0.030992
v 0.001855 0.070724 0.033958
v 0.000670 0.070343 0.033958
v 0.002066 0.069261 0.037862
v 0.000822 0.069261 0.037862
v -0.016670 0.075731 0.025861
v -0.018057 0.074400 0.028103
v -0.016670 0.073995 0.006536
v -0.018057 0.073293 0.006536
v -0.019157 0.072302 0.030992
v -0.019157 0.072186 0.006536
v -0.019956 0.070343 0.033958
v -0.019863 0.070798 0.006536
v -0.020106 0.069261 0.037862
v -0.019863 0.069261 0.006536
v -0.016670 0.073995 0.006536
v -0.017053 0.075185 0.006536
v -0.018057 0.073293 0.006536
v -0.018787 0.074301 0.006536
v -0.019157 0.072186 0.006536
v -0.020163 0.072921 0.006536
v -0.019863 0.070798 0.006536
v -0.021045 0.071186 0.006536
v -0.019863 0.069261 0.006536
v -0.020951 0.069261 0.006536
v -0.016670 0.073995 0.006536
v -0.016670 0.075731 0.025861
v -0.017053 0.075185 0.006536
v -0.017053 0.076912 0.025861
v -0.017053 0.075185 0.006536
v -0.017053 0.076912 0.025861
v -0.018787 0.074301 0.006536
v -0.018787 0.075408 0.028103
v -0.020163 0.072921 0.006536
v -0.020163 0.073037 0.030992
v -0.021045 0.071186 0.006536
v -0.021139 0.070724 0.033958
v -0.021349 0.069261 0.008024
v -0.021349 0.069261 0.037862
v -0.020951 0.069261 0.006536
v -0.021744 -0.148108 0.008024
v -0.021744 -0.148108 0.037862
v -0.021349 0.069261 0.037862
v -0.017053 0.076912 0.025861
v -0.018787 0.075408 0.028103
v -0.016670 0.075731 0.025861
v -0.018057 0.074400 0.028103
v -0.020163 0.073037 0.030992
v -0.019157 0.072302 0.030992
v -0.021139 0.070724 0.033958
v -0.019956 0.070343 0.033958
v -0.021349 0.069261 0.037862
v -0.020106 0.069261 0.037862
v -0.021744 -0.148108 0.037862
v -0.020951 0.069261 0.039340
v -0.021346 -0.148108 0.039340
v -0.019863 0.069261 0.040432
v -0.020257 -0.148108 0.040432
v -0.018376 0.069261 0.040828
v -0.018771 -0.148108 0.040828
v -0.000907 0.069261 0.040828
v -0.001301 -0.148108 0.040828
v 0.000580 0.069261 0.040432
v 0.000185 -0.148108 0.040432
v 0.001669 0.069261 0.039340
v 0.001274 -0.148108 0.039340
v 0.002066 0.069261 0.037862
v 0.001672 -0.148108 0.037862
v 0.001672 -0.148108 0.008024
v 0.002066 0.069261 0.008024
v 0.001669 0.069261 0.006536
v 0.001274 -0.148108 0.006536
v 0.000580 0.069261 0.005454
v 0.000185 -0.148108 0.005454
v -0.000907 0.069261 0.005048
v -0.001301 -0.148108 0.005048
v -0.018376 0.069261 0.005048
v -0.018771 -0.148108 0.005048
v -0.019863 0.069261 0.005454
v -0.020257 -0.148108 0.005454
v -0.020951 0.069261 0.006536
v -0.021346 -0.148108 0.006536
v -0.021349 0.069261 0.008024
v -0.021744 -0.148108 0.008024
v -0.021349 0.069261 0.037862
v 0.002066 0.069261 0.037862
v 0.001669 0.069261 0.039340
v 0.000822 0.069261 0.037862
v -0.000496 0.069261 0.039630
v -0.000907 0.069261 0.040828
v -0.018787 0.069261 0.039630
v -0.018376 0.069261 0.040828
v -0.020106 0.069261 0.037862
v -0.019863 0.069261 0.040432
v -0.020951 0.069261 0.039340
v -0.021349 0.069261 0.037862
v 0.000580 0.069261 0.040432
v -0.021346 -0.148108 0.039340
v -0.020257 -0.148108 0.040432
v -0.021744 -0.148108 0.037862
v -0.018771 -0.148108 0.040828
v -0.001301 -0.148108 0.040828
v -0.021744 -0.148108 0.008024
v -0.018771 -0.148108 0.005048
v -0.020257 -0.148108 0.005454
v -0.021346 -0.148108 0.006536
v -0.001301 -0.148108 0.005048
v 0.001672 -0.148108 0.008024
v 0.001672 -0.148108 0.037862
v 0.000185 -0.148108 0.040432
v 0.001274 -0.148108 0.039340
v 0.000185 -0.148108 0.005454
v 0.001274 -0.148108 0.006536
v 0.000803 0.059644 0.037862
v 0.000803 0.059644 0.007425
v -0.020085 0.059644 0.037862
v -0.020085 0.059644 0.007425
v 0.000580 0.069261 0.005454
v -0.000907 0.069261 0.005048
v 0.001669 0.069261 0.006536
v 0.000579 0.069261 0.006536
v -0.000432 0.069261 0.006246
v -0.018852 0.069261 0.006246
v -0.018376 0.069261 0.005048
v -0.020951 0.069261 0.006536
v -0.019863 0.069261 0.005454
v -0.019863 0.069261 0.006536
v 0.000579 0.069261 0.006536
v 0.000822 0.069261 0.037862
v 0.000803 0.059644 0.007425
v 0.000803 0.059644 0.037862
v -0.000496 0.069261 0.039630
v -0.019863 0.069261 0.006536
v -0.018852 0.069261 0.006246
v -0.020085 0.059644 0.007425
v 0.000803 0.059644 0.007425
v -0.000432 0.069261 0.006246
v 0.000579 0.069261 0.006536
v -0.018787 0.069261 0.039630
v -0.020085 0.059644 0.037862
v -0.020106 0.069261 0.037862
v -0.019863 0.069261 0.006536
v -0.020085 0.059644 0.007425
v -0.000496 0.069261 0.039630
v 0.000803 0.059644 0.037862
v -0.018787 0.069261 0.039630
v -0.020085 0.059644 0.037862
v 0.006273 0.080663 0.182318
v 0.003837 0.085447 0.182318
v 0.007113 0.075367 0.182318
v 0.003837 0.065287 0.182318
v 0.006273 0.070062 0.182318
v 0.000044 0.089240 0.182318
v -0.004737 0.091677 0.182318
v -0.015335 0.091677 0.182318
v -0.010036 0.092511 0.182318
v -0.027185 0.075367 0.182318
v -0.015335 0.059057 0.182318
v -0.023909 0.065287 0.182318
v -0.020116 0.061495 0.182318
v -0.020116 0.089240 0.182318
v -0.023909 0.085447 0.182318
v -0.026345 0.080663 0.182318
v -0.026345 0.070062 0.182318
v -0.010036 0.058214 0.182318
v -0.004737 0.059057 0.182318
v 0.000044 0.061495 0.182318
v 0.011594 0.052712 0.151764
v 0.011594 0.056404 0.154441
v 0.011594 0.052066 0.153040
v 0.011594 0.051844 0.154441
v 0.011594 0.052066 0.155852
v 0.011594 0.052712 0.157127
v 0.011594 0.053719 0.158132
v 0.011594 0.054992 0.158780
v 0.011594 0.056404 0.159002
v 0.011594 0.057810 0.158780
v 0.011594 0.059082 0.158132
v 0.011594 0.060090 0.157127
v 0.011594 0.060742 0.155852
v 0.011594 0.060965 0.154441
v 0.011594 0.060742 0.153040
v 0.011594 0.060090 0.151764
v 0.011594 0.059082 0.150750
v 0.011594 0.057810 0.150102
v 0.011594 0.056404 0.149880
v 0.011594 0.054992 0.150102
v 0.011594 0.053719 0.150750
v 0.011094 0.051587 0.152885
v 0.011594 0.051844 0.154441
v 0.011094 0.051340 0.154441
v 0.011594 0.052066 0.155852
v 0.011594 0.052066 0.153040
v 0.011094 0.052306 0.151465
v 0.011594 0.052712 0.151764
v 0.011094 0.053430 0.150353
v 0.011594 0.053719 0.150750
v 0.011094 0.054843 0.149629
v 0.011594 0.054992 0.150102
v 0.011094 0.056404 0.149387
v 0.011594 0.056404 0.149880
v 0.011094 0.057966 0.149629
v 0.011594 0.057810 0.150102
v 0.011094 0.059379 0.150353
v 0.011594 0.059082 0.150750
v 0.011094 0.060495 0.151465
v 0.011594 0.060090 0.151764
v 0.011094 0.061213 0.152885
v 0.011594 0.060742 0.153040
v 0.011094 0.061461 0.154441
v 0.011594 0.060965 0.154441
v 0.011094 0.061213 0.156006
v 0.011594 0.060742 0.155852
v 0.011094 0.060495 0.157417
v 0.011594 0.060090 0.157127
v 0.011094 0.059379 0.158538
v 0.011594 0.059082 0.158132
v 0.011094 0.057966 0.159262
v 0.011594 0.057810 0.158780
v 0.011094 0.056404 0.159504
v 0.011594 0.056404 0.159002
v 0.011094 0.054843 0.159262
v 0.011594 0.054992 0.158780
v 0.011094 0.053430 0.158538
v 0.011594 0.053719 0.158132
v 0.011094 0.052306 0.157417
v 0.011594 0.052712 0.157127
v 0.011094 0.051587 0.156006
v 0.011632 0.063246 -0.039313
v 0.011632 0.063634 -0.038550
v 0.011632 0.061032 -0.037700
v 0.011632 0.063766 -0.037700
v 0.011632 0.063634 -0.036849
v 0.011632 0.063246 -0.036086
v 0.011632 0.062643 -0.035487
v 0.011632 0.061874 -0.035090
v 0.011632 0.061032 -0.034955
v 0.011632 0.060181 -0.035090
v 0.011632 0.059421 -0.035487
v 0.011632 0.058809 -0.036086
v 0.011632 0.058421 -0.036849
v 0.011632 0.058289 -0.037700
v 0.011632 0.058421 -0.038550
v 0.011632 0.058809 -0.039313
v 0.011632 0.059421 -0.039912
v 0.011632 0.060181 -0.040308
v 0.011632 0.061032 -0.040444
v 0.011632 0.061874 -0.040308
v 0.011632 0.062643 -0.039912
v 0.011087 0.064155 -0.038714
v 0.011087 0.063684 -0.039632
v 0.011632 0.063246 -0.039313
v 0.011632 0.062643 -0.039912
v 0.011632 0.063634 -0.038550
v 0.011087 0.064312 -0.037700
v 0.011632 0.063766 -0.037700
v 0.011087 0.064155 -0.036685
v 0.011632 0.063634 -0.036849
v 0.011087 0.063684 -0.035767
v 0.011632 0.063246 -0.036086
v 0.011087 0.062957 -0.035043
v 0.011632 0.062643 -0.035487
v 0.011087 0.062048 -0.034569
v 0.011632 0.061874 -0.035090
v 0.011087 0.061032 -0.034415
v 0.011632 0.061032 -0.034955
v 0.011087 0.060015 -0.034569
v 0.011632 0.060181 -0.035090
v 0.011087 0.059098 -0.035043
v 0.011632 0.059421 -0.035487
v 0.011087 0.058371 -0.035767
v 0.011632 0.058809 -0.036086
v 0.011087 0.057900 -0.036685
v 0.011632 0.058421 -0.036849
v 0.011087 0.057743 -0.037700
v 0.011632 0.058289 -0.037700
v 0.011087 0.057900 -0.038714
v 0.011632 0.058421 -0.038550
v 0.011087 0.058371 -0.039632
v 0.011632 0.058809 -0.039313
v 0.011087 0.059098 -0.040357
v 0.011632 0.059421 -0.039912
v 0.011087 0.060015 -0.040821
v 0.011632 0.060181 -0.040308
v 0.011087 0.061032 -0.040985
v 0.011632 0.061032 -0.040444
v 0.011087 0.062048 -0.040821
v 0.011632 0.061874 -0.040308
v 0.011087 0.062957 -0.040357
v -0.031664 0.052712 0.151764
v -0.031664 0.052066 0.153040
v -0.031664 0.056404 0.154441
v -0.031664 0.051844 0.154441
v -0.031664 0.052066 0.155852
v -0.031664 0.052712 0.157127
v -0.031664 0.053719 0.158132
v -0.031664 0.054992 0.158780
v -0.031664 0.056404 0.159002
v -0.031664 0.057810 0.158780
v -0.031664 0.059082 0.158132
v -0.031664 0.060090 0.157127
v -0.031664 0.060742 0.155852
v -0.031664 0.060965 0.154441
v -0.031664 0.060742 0.153040
v -0.031664 0.060090 0.151764
v -0.031664 0.059082 0.150750
v -0.031664 0.057810 0.150102
v -0.031664 0.056404 0.149880
v -0.031664 0.054992 0.150102
v -0.031664 0.053719 0.150750
v -0.031664 0.051844 0.154441
v -0.031164 0.051587 0.152885
v -0.031664 0.052066 0.153040
v -0.031164 0.052306 0.151465
v -0.031164 0.051340 0.154441
v -0.031664 0.052066 0.155852
v -0.031164 0.051587 0.156006
v -0.031664 0.052712 0.157127
v -0.031164 0.052306 0.157417
v -0.031664 0.053719 0.158132
v -0.031164 0.053430 0.158538
v -0.031664 0.054992 0.158780
v -0.031164 0.054843 0.159262
v -0.031664 0.056404 0.159002
v -0.031164 0.056404 0.159504
v -0.031664 0.057810 0.158780
v -0.031164 0.057966 0.159262
v -0.031664 0.059082 0.158132
v -0.031164 0.059379 0.158538
v -0.031664 0.060090 0.157127
v -0.031164 0.060495 0.157417
v -0.031664 0.060742 0.155852
v -0.031164 0.061213 0.156006
v -0.031664 0.060965 0.154441
v -0.031164 0.061461 0.154441
v -0.031664 0.060742 0.153040
v -0.031164 0.061213 0.152885
v -0.031664 0.060090 0.151764
v -0.031164 0.060495 0.151465
v -0.031664 0.059082 0.150750
v -0.031164 0.059379 0.150353
v -0.031664 0.057810 0.150102
v -0.031164 0.057966 0.149629
v -0.031664 0.056404 0.149880
v -0.031164 0.056404 0.149387
v -0.031664 0.054992 0.150102
v -0.031164 0.054843 0.149629
v -0.031664 0.053719 0.150750
v -0.031164 0.053430 0.150353
v -0.031664 0.052712 0.151764
v -0.031703 0.063634 -0.038550
v -0.031703 0.061032 -0.037700
v -0.031703 0.063246 -0.039313
v -0.031703 0.062643 -0.039912
v -0.031703 0.061874 -0.040308
v -0.031703 0.061032 -0.040444
v -0.031703 0.060181 -0.040308
v -0.031703 0.059421 -0.039912
v -0.031703 0.058809 -0.039313
v -0.031703 0.058421 -0.038550
v -0.031703 0.058289 -0.037700
v -0.031703 0.058421 -0.036849
v -0.031703 0.058809 -0.036086
v -0.031703 0.059421 -0.035487
v -0.031703 0.060181 -0.035090
v -0.031703 0.061032 -0.034955
v -0.031703 0.061874 -0.035090
v -0.031703 0.062643 -0.035487
v -0.031703 0.063246 -0.036086
v -0.031703 0.063634 -0.036849
v -0.031703 0.063766 -0.037700
v -0.031703 0.063246 -0.039313
v -0.031157 0.064155 -0.038714
v -0.031703 0.063634 -0.038550
v -0.031157 0.064312 -0.037700
v -0.031157 0.063684 -0.039632
v -0.031703 0.062643 -0.039912
v -0.031157 0.062957 -0.040357
v -0.031703 0.061874 -0.040308
v -0.031157 0.062048 -0.040821
v -0.031703 0.061032 -0.040444
v -0.031157 0.061032 -0.040985
v -0.031703 0.060181 -0.040308
v -0.031157 0.060015 -0.040821
v -0.031703 0.059421 -0.039912
v -0.031157 0.059098 -0.040357
v -0.031703 0.058809 -0.039313
v -0.031157 0.058371 -0.039632
v -0.031703 0.058421 -0.038550
v -0.031157 0.057900 -0.038714
v -0.031703 0.058289 -0.037700
v -0.031157 0.057743 -0.037700
v -0.031703 0.058421 -0.036849
v -0.031157 0.057900 -0.036685
v -0.031703 0.058809 -0.036086
v -0.031157 0.058371 -0.035767
v -0.031703 0.059421 -0.035487
v -0.031157 0.059098 -0.035043
v -0.031703 0.060181 -0.035090
v -0.031157 0.060015 -0.034569
v -0.031703 0.061032 -0.034955
v -0.031157 0.061032 -0.034415
v -0.031703 0.061874 -0.035090
v -0.031157 0.062048 -0.034569
v -0.031703 0.062643 -0.035487
v -0.031157 0.062957 -0.035043
v -0.031703 0.063246 -0.036086
v -0.031157 0.063684 -0.035767
v -0.031703 0.063634 -0.036849
v -0.031157 0.064155 -0.036685
v -0.031703 0.063766 -0.037700
v -0.003588 0.083051 0.191555
v -0.004147 0.085563 0.192956
v -0.005020 0.084051 0.191555
v -0.006007 0.086430 0.192956
v -0.002464 0.084389 0.192956
v -0.002352 0.081811 0.191555
v -0.001013 0.082936 0.192956
v -0.001349 0.080383 0.191555
v 0.000165 0.081250 0.192956
v -0.000610 0.078796 0.191555
v 0.001032 0.079391 0.192956
v -0.000158 0.077110 0.191555
v 0.001562 0.077408 0.192956
v -0.000004 0.075367 0.191555
v 0.001743 0.075367 0.192956
v -0.000158 0.073623 0.191555
v 0.001562 0.073318 0.192956
v -0.000610 0.071930 0.191555
v 0.001032 0.071335 0.192956
v -0.001349 0.070352 0.191555
v 0.000165 0.069476 0.192956
v -0.002352 0.068914 0.191555
v -0.001013 0.067790 0.192956
v -0.003588 0.067683 0.191555
v -0.002464 0.066344 0.192956
v -0.005020 0.066675 0.191555
v -0.004147 0.065163 0.192956
v -0.006605 0.065940 0.191555
v -0.006007 0.064296 0.192956
v -0.008294 0.065485 0.191555
v -0.007992 0.063766 0.192956
v -0.010036 0.065336 0.191555
v -0.010036 0.063585 0.192956
v -0.006605 0.084794 0.191555
v -0.007992 0.086967 0.192956
v -0.008294 0.085240 0.191555
v -0.010036 0.087141 0.192956
v -0.010036 0.085398 0.191555
v -0.012080 0.086967 0.192956
v -0.011778 0.085240 0.191555
v -0.014065 0.086430 0.192956
v -0.013467 0.084794 0.191555
v -0.015926 0.085563 0.192956
v -0.015052 0.084051 0.191555
v -0.017608 0.084389 0.192956
v -0.016484 0.083051 0.191555
v -0.019059 0.082936 0.192956
v -0.017720 0.081811 0.191555
v -0.020237 0.081250 0.192956
v -0.018723 0.080383 0.191555
v -0.021103 0.079391 0.192956
v -0.019463 0.078796 0.191555
v -0.021634 0.077408 0.192956
v -0.019914 0.077110 0.191555
v -0.021814 0.075367 0.192956
v -0.020068 0.075367 0.191555
v -0.021634 0.073318 0.192956
v -0.019914 0.073623 0.191555
v -0.021103 0.071335 0.192956
v -0.019463 0.071930 0.191555
v -0.020237 0.069476 0.192956
v -0.018723 0.070352 0.191555
v -0.019059 0.067790 0.192956
v -0.017720 0.068914 0.191555
v -0.017608 0.066344 0.192956
v -0.016484 0.067683 0.191555
v -0.015926 0.065163 0.192956
v -0.015052 0.066675 0.191555
v -0.014065 0.064296 0.192956
v -0.013467 0.065940 0.191555
v -0.012080 0.063766 0.192956
v -0.011778 0.065485 0.191555
v -0.010036 0.063585 0.192956
v -0.010036 0.065336 0.191555
v -0.003588 0.083051 0.182259
v -0.005020 0.084051 0.182259
v -0.005020 0.084051 0.185950
v -0.006605 0.084794 0.185950
v -0.003588 0.083051 0.185950
v -0.002352 0.081811 0.182259
v -0.002352 0.081811 0.185950
v -0.001349 0.080383 0.182259
v -0.001349 0.080383 0.185950
v -0.000610 0.078796 0.182259
v -0.000610 0.078796 0.185950
v -0.000158 0.077110 0.182259
v -0.000158 0.077110 0.185950
v -0.000004 0.075367 0.182259
v -0.000004 0.075367 0.185950
v -0.000158 0.073623 0.182259
v -0.000158 0.073623 0.185950
v -0.000610 0.071930 0.182259
v -0.000610 0.071930 0.185950
v -0.001349 0.070352 0.182259
v -0.001349 0.070352 0.185950
v -0.002352 0.068914 0.182259
v -0.002352 0.068914 0.185950
v -0.003588 0.067683 0.182259
v -0.003588 0.067683 0.185950
v -0.005020 0.066675 0.182259
v -0.005020 0.066675 0.185950
v -0.006605 0.065940 0.182259
v -0.006605 0.065940 0.185950
v -0.008294 0.065485 0.182259
v -0.008294 0.065485 0.185950
v -0.010036 0.065336 0.182259
v -0.010036 0.065336 0.185950
v -0.003588 0.083051 0.185950
v -0.005020 0.084051 0.185950
v -0.004147 0.085563 0.187352
v -0.006007 0.086430 0.187352
v -0.002464 0.084389 0.187352
v -0.002352 0.081811 0.185950
v -0.001013 0.082936 0.187352
v -0.001349 0.080383 0.185950
v 0.000165 0.081250 0.187352
v -0.000610 0.078796 0.185950
v 0.001032 0.079391 0.187352
v -0.000158 0.077110 0.185950
v 0.001562 0.077408 0.187352
v -0.000004 0.075367 0.185950
v 0.001743 0.075367 0.187352
v -0.000158 0.073623 0.185950
v 0.001562 0.073318 0.187352
v -0.000610 0.071930 0.185950
v 0.001032 0.071335 0.187352
v -0.001349 0.070352 0.185950
v 0.000165 0.069476 0.187352
v -0.002352 0.068914 0.185950
v -0.001013 0.067790 0.187352
v -0.003588 0.067683 0.185950
v -0.002464 0.066344 0.187352
v -0.005020 0.066675 0.185950
v -0.004147 0.065163 0.187352
v -0.006605 0.065940 0.185950
v -0.006007 0.064296 0.187352
v -0.008294 0.065485 0.185950
v -0.007992 0.063766 0.187352
v -0.010036 0.065336 0.185950
v -0.010036 0.063585 0.187352
v -0.002464 0.084389 0.187352
v -0.004147 0.085563 0.187352
v -0.005020 0.084051 0.188753
v -0.006605 0.084794 0.188753
v -0.003588 0.083051 0.188753
v -0.001013 0.082936 0.187352
v -0.002352 0.081811 0.188753
v 0.000165 0.081250 0.187352
v -0.001349 0.080383 0.188753
v 0.001032 0.079391 0.187352
v -0.000610 0.078796 0.188753
v 0.001562 0.077408 0.187352
v -0.000158 0.077110 0.188753
v 0.001743 0.075367 0.187352
v -0.000004 0.075367 0.188753
v 0.001562 0.073318 0.187352
v -0.000158 0.073623 0.188753
v 0.001032 0.071335 0.187352
v -0.000610 0.071930 0.188753
v 0.000165 0.069476 0.187352
v -0.001349 0.070352 0.188753
v -0.001013 0.067790 0.187352
v -0.002352 0.068914 0.188753
v -0.002464 0.066344 0.187352
v -0.003588 0.067683 0.188753
v -0.004147 0.065163 0.187352
v -0.005020 0.066675 0.188753
v -0.006007 0.064296 0.187352
v -0.006605 0.065940 0.188753
v -0.007992 0.063766 0.187352
v -0.008294 0.065485 0.188753
v -0.010036 0.063585 0.187352
v -0.010036 0.065336 0.188753
v -0.003588 0.083051 0.188753
v -0.005020 0.084051 0.188753
v -0.004147 0.085563 0.190154
v -0.006007 0.086430 0.190154
v -0.002464 0.084389 0.190154
v -0.002352 0.081811 0.188753
v -0.001013 0.082936 0.190154
v -0.001349 0.080383 0.188753
v 0.000165 0.081250 0.190154
v -0.000610 0.078796 0.188753
v 0.001032 0.079391 0.190154
v -0.000158 0.077110 0.188753
v 0.001562 0.077408 0.190154
v -0.000004 0.075367 0.188753
v 0.001743 0.075367 0.190154
v -0.000158 0.073623 0.188753
v 0.001562 0.073318 0.190154
v -0.000610 0.071930 0.188753
v 0.001032 0.071335 0.190154
v -0.001349 0.070352 0.188753
v 0.000165 0.069476 0.190154
v -0.002352 0.068914 0.188753
v -0.001013 0.067790 0.190154
v -0.003588 0.067683 0.188753
v -0.002464 0.066344 0.190154
v -0.005020 0.066675 0.188753
v -0.004147 0.065163 0.190154
v -0.006605 0.065940 0.188753
v -0.006007 0.064296 0.190154
v -0.008294 0.065485 0.188753
v -0.007992 0.063766 0.190154
v -0.010036 0.065336 0.188753
v -0.010036 0.063585 0.190154
v -0.002464 0.084389 0.190154
v -0.004147 0.085563 0.190154
v -0.005020 0.084051 0.191555
v -0.006605 0.084794 0.191555
v -0.003588 0.083051 0.191555
v -0.001013 0.082936 0.190154
v -0.002352 0.081811 0.191555
v 0.000165 0.081250 0.190154
v -0.001349 0.080383 0.191555
v 0.001032 0.079391 0.190154
v -0.000610 0.078796 0.191555
v 0.001562 0.077408 0.190154
v -0.000158 0.077110 0.191555
v 0.001743 0.075367 0.190154
v -0.000004 0.075367 0.191555
v 0.001562 0.073318 0.190154
v -0.000158 0.073623 0.191555
v 0.001032 0.071335 0.190154
v -0.000610 0.071930 0.191555
v 0.000165 0.069476 0.190154
v -0.001349 0.070352 0.191555
v -0.001013 0.067790 0.190154
v -0.002352 0.068914 0.191555
v -0.002464 0.066344 0.190154
v -0.003588 0.067683 0.191555
v -0.004147 0.065163 0.190154
v -0.005020 0.066675 0.191555
v -0.006007 0.064296 0.190154
v -0.006605 0.065940 0.191555
v -0.007992 0.063766 0.190154
v -0.008294 0.065485 0.191555
v -0.010036 0.063585 0.190154
v -0.010036 0.065336 0.191555
v -0.005020 0.084051 0.220890
v -0.003588 0.083051 0.220890
v -0.003588 0.083051 0.197150
v -0.002352 0.081811 0.197150
v -0.005020 0.084051 0.197150
v -0.006605 0.084794 0.220890
v -0.006605 0.084794 0.197150
v -0.008294 0.085240 0.220890
v -0.008294 0.085240 0.197150
v -0.010036 0.085398 0.220890
v -0.010036 0.085398 0.197150
v -0.011778 0.085240 0.220890
v -0.011778 0.085240 0.197150
v -0.013467 0.084794 0.220890
v -0.013467 0.084794 0.197150
v -0.015052 0.084051 0.220890
v -0.015052 0.084051 0.197150
v -0.016484 0.083051 0.220890
v -0.016484 0.083051 0.197150
v -0.017720 0.081811 0.220890
v -0.017720 0.081811 0.197150
v -0.018723 0.080383 0.220890
v -0.018723 0.080383 0.197150
v -0.019463 0.078796 0.220890
v -0.019463 0.078796 0.197150
v -0.019914 0.077110 0.220890
v -0.019914 0.077110 0.197150
v -0.020068 0.075367 0.220890
v -0.020068 0.075367 0.197150
v -0.019914 0.073623 0.220890
v -0.019914 0.073623 0.197150
v -0.019463 0.071930 0.220890
v -0.019463 0.071930 0.197150
v -0.018723 0.070352 0.220890
v -0.018723 0.070352 0.197150
v -0.017720 0.068914 0.220890
v -0.017720 0.068914 0.197150
v -0.016484 0.067683 0.220890
v -0.016484 0.067683 0.197150
v -0.015052 0.066675 0.220890
v -0.015052 0.066675 0.197150
v -0.013467 0.065940 0.220890
v -0.013467 0.065940 0.197150
v -0.011778 0.065485 0.220890
v -0.011778 0.065485 0.197150
v -0.010036 0.065336 0.220890
v -0.010036 0.065336 0.197150
v -0.005020 0.084051 0.197150
v -0.003588 0.083051 0.197150
v -0.002464 0.084389 0.195749
v -0.001013 0.082936 0.195749
v -0.004147 0.085563 0.195749
v -0.006605 0.084794 0.197150
v -0.006007 0.086430 0.195749
v -0.008294 0.085240 0.197150
v -0.007992 0.086967 0.195749
v -0.010036 0.085398 0.197150
v -0.010036 0.087141 0.195749
v -0.011778 0.085240 0.197150
v -0.012080 0.086967 0.195749
v -0.013467 0.084794 0.197150
v -0.014065 0.086430 0.195749
v -0.015052 0.084051 0.197150
v -0.015926 0.085563 0.195749
v -0.016484 0.083051 0.197150
v -0.017608 0.084389 0.195749
v -0.017720 0.081811 0.197150
v -0.019059 0.082936 0.195749
v -0.018723 0.080383 0.197150
v -0.020237 0.081250 0.195749
v -0.019463 0.078796 0.197150
v -0.021103 0.079391 0.195749
v -0.019914 0.077110 0.197150
v -0.021634 0.077408 0.195749
v -0.020068 0.075367 0.197150
v -0.021814 0.075367 0.195749
v -0.019914 0.073623 0.197150
v -0.021634 0.073318 0.195749
v -0.019463 0.071930 0.197150
v -0.021103 0.071335 0.195749
v -0.018723 0.070352 0.197150
v -0.020237 0.069476 0.195749
v -0.017720 0.068914 0.197150
v -0.019059 0.067790 0.195749
v -0.016484 0.067683 0.197150
v -0.017608 0.066344 0.195749
v -0.015052 0.066675 0.197150
v -0.015926 0.065163 0.195749
v -0.013467 0.065940 0.197150
v -0.014065 0.064296 0.195749
v -0.011778 0.065485 0.197150
v -0.012080 0.063766 0.195749
v -0.010036 0.065336 0.197150
v -0.010036 0.063585 0.195749
v -0.004147 0.085563 0.195749
v -0.002464 0.084389 0.195749
v -0.003588 0.083051 0.194348
v -0.002352 0.081811 0.194348
v -0.005020 0.084051 0.194348
v -0.006007 0.086430 0.195749
v -0.006605 0.084794 0.194348
v -0.007992 0.086967 0.195749
v -0.008294 0.085240 0.194348
v -0.010036 0.087141 0.195749
v -0.010036 0.085398 0.194348
v -0.012080 0.086967 0.195749
v -0.011778 0.085240 0.194348
v -0.014065 0.086430 0.195749
v -0.013467 0.084794 0.194348
v -0.015926 0.085563 0.195749
v -0.015052 0.084051 0.194348
v -0.017608 0.084389 0.195749
v -0.016484 0.083051 0.194348
v -0.019059 0.082936 0.195749
v -0.017720 0.081811 0.194348
v -0.020237 0.081250 0.195749
v -0.018723 0.080383 0.194348
v -0.021103 0.079391 0.195749
v -0.019463 0.078796 0.194348
v -0.021634 0.077408 0.195749
v -0.019914 0.077110 0.194348
v -0.021814 0.075367 0.195749
v -0.020068 0.075367 0.194348
v -0.021634 0.073318 0.195749
v -0.019914 0.073623 0.194348
v -0.021103 0.071335 0.195749
v -0.019463 0.071930 0.194348
v -0.020237 0.069476 0.195749
v -0.018723 0.070352 0.194348
v -0.019059 0.067790 0.195749
v -0.017720 0.068914 0.194348
v -0.017608 0.066344 0.195749
v -0.016484 0.067683 0.194348
v -0.015926 0.065163 0.195749
v -0.015052 0.066675 0.194348
v -0.014065 0.064296 0.195749
v -0.013467 0.065940 0.194348
v -0.012080 0.063766 0.195749
v -0.011778 0.065485 0.194348
v -0.010036 0.063585 0.195749
v -0.010036 0.065336 0.194348
v -0.005020 0.084051 0.194348
v -0.003588 0.083051 0.194348
v -0.002464 0.084389 0.192956
v -0.001013 0.082936 0.192956
v -0.004147 0.085563 0.192956
v -0.006605 0.084794 0.194348
v -0.006007 0.086430 0.192956
v -0.008294 0.085240 0.194348
v -0.007992 0.086967 0.192956
v -0.010036 0.085398 0.194348
v -0.010036 0.087141 0.192956
v -0.011778 0.085240 0.194348
v -0.012080 0.086967 0.192956
v -0.013467 0.084794 0.194348
v -0.014065 0.086430 0.192956
v -0.015052 0.084051 0.194348
v -0.015926 0.085563 0.192956
v -0.016484 0.083051 0.194348
v -0.017608 0.084389 0.192956
v -0.017720 0.081811 0.194348
v -0.019059 0.082936 0.192956
v -0.018723 0.080383 0.194348
v -0.020237 0.081250 0.192956
v -0.019463 0.078796 0.194348
v -0.021103 0.079391 0.192956
v -0.019914 0.077110 0.194348
v -0.021634 0.077408 0.192956
v -0.020068 0.075367 0.194348
v -0.021814 0.075367 0.192956
v -0.019914 0.073623 0.194348
v -0.021634 0.073318 0.192956
v -0.019463 0.071930 0.194348
v -0.021103 0.071335 0.192956
v -0.018723 0.070352 0.194348
v -0.020237 0.069476 0.192956
v -0.017720 0.068914 0.194348
v -0.019059 0.067790 0.192956
v -0.016484 0.067683 0.194348
v -0.017608 0.066344 0.192956
v -0.015052 0.066675 0.194348
v -0.015926 0.065163 0.192956
v -0.013467 0.065940 0.194348
v -0.014065 0.064296 0.192956
v -0.011778 0.065485 0.194348
v -0.012080 0.063766 0.192956
v -0.010036 0.065336 0.194348
v -0.010036 0.063585 0.192956
v -0.006605 0.084794 0.182259
v -0.008294 0.085240 0.185950
v -0.008294 0.085240 0.182259
v -0.010036 0.085398 0.185950
v -0.010036 0.085398 0.182259
v -0.011778 0.085240 0.185950
v -0.011778 0.085240 0.182259
v -0.013467 0.084794 0.185950
v -0.013467 0.084794 0.182259
v -0.015052 0.084051 0.185950
v -0.015052 0.084051 0.182259
v -0.016484 0.083051 0.185950
v -0.016484 0.083051 0.182259
v -0.017720 0.081811 0.185950
v -0.017720 0.081811 0.182259
v -0.018723 0.080383 0.185950
v -0.018723 0.080383 0.182259
v -0.019463 0.078796 0.185950
v -0.019463 0.078796 0.182259
v -0.019914 0.077110 0.185950
v -0.019914 0.077110 0.182259
v -0.020068 0.075367 0.185950
v -0.020068 0.075367 0.182259
v -0.019914 0.073623 0.185950
v -0.019914 0.073623 0.182259
v -0.019463 0.071930 0.185950
v -0.019463 0.071930 0.182259
v -0.018723 0.070352 0.185950
v -0.018723 0.070352 0.182259
v -0.017720 0.068914 0.185950
v -0.017720 0.068914 0.182259
v -0.016484 0.067683 0.185950
v -0.016484 0.067683 0.182259
v -0.015052 0.066675 0.185950
v -0.015052 0.066675 0.182259
v -0.013467 0.065940 0.185950
v -0.013467 0.065940 0.182259
v -0.011778 0.065485 0.185950
v -0.011778 0.065485 0.182259
v -0.010036 0.065336 0.185950
v -0.010036 0.065336 0.182259
v -0.006605 0.084794 0.185950
v -0.007992 0.086967 0.187352
v -0.008294 0.085240 0.185950
v -0.010036 0.087141 0.187352
v -0.010036 0.085398 0.185950
v -0.012080 0.086967 0.187352
v -0.011778 0.085240 0.185950
v -0.014065 0.086430 0.187352
v -0.013467 0.084794 0.185950
v -0.015926 0.085563 0.187352
v -0.015052 0.084051 0.185950
v -0.017608 0.084389 0.187352
v -0.016484 0.083051 0.185950
v -0.019059 0.082936 0.187352
v -0.017720 0.081811 0.185950
v -0.020237 0.081250 0.187352
v -0.018723 0.080383 0.185950
v -0.021103 0.079391 0.187352
v -0.019463 0.078796 0.185950
v -0.021634 0.077408 0.187352
v -0.019914 0.077110 0.185950
v -0.021814 0.075367 0.187352
v -0.020068 0.075367 0.185950
v -0.021634 0.073318 0.187352
v -0.019914 0.073623 0.185950
v -0.021103 0.071335 0.187352
v -0.019463 0.071930 0.185950
v -0.020237 0.069476 0.187352
v -0.018723 0.070352 0.185950
v -0.019059 0.067790 0.187352
v -0.017720 0.068914 0.185950
v -0.017608 0.066344 0.187352
v -0.016484 0.067683 0.185950
v -0.015926 0.065163 0.187352
v -0.015052 0.066675 0.185950
v -0.014065 0.064296 0.187352
v -0.013467 0.065940 0.185950
v -0.012080 0.063766 0.187352
v -0.011778 0.065485 0.185950
v -0.010036 0.063585 0.187352
v -0.010036 0.065336 0.185950
v -0.006007 0.086430 0.187352
v -0.008294 0.085240 0.188753
v -0.007992 0.086967 0.187352
v -0.010036 0.085398 0.188753
v -0.010036 0.087141 0.187352
v -0.011778 0.085240 0.188753
v -0.012080 0.086967 0.187352
v -0.013467 0.084794 0.188753
v -0.014065 0.086430 0.187352
v -0.015052 0.084051 0.188753
v -0.015926 0.085563 0.187352
v -0.016484 0.083051 0.188753
v -0.017608 0.084389 0.187352
v -0.017720 0.081811 0.188753
v -0.019059 0.082936 0.187352
v -0.018723 0.080383 0.188753
v -0.020237 0.081250 0.187352
v -0.019463 0.078796 0.188753
v -0.021103 0.079391 0.187352
v -0.019914 0.077110 0.188753
v -0.021634 0.077408 0.187352
v -0.020068 0.075367 0.188753
v -0.021814 0.075367 0.187352
v -0.019914 0.073623 0.188753
v -0.021634 0.073318 0.187352
v -0.019463 0.071930 0.188753
v -0.021103 0.071335 0.187352
v -0.018723 0.070352 0.188753
v -0.020237 0.069476 0.187352
v -0.017720 0.068914 0.188753
v -0.019059 0.067790 0.187352
v -0.016484 0.067683 0.188753
v -0.017608 0.066344 0.187352
v -0.015052 0.066675 0.188753
v -0.015926 0.065163 0.187352
v -0.013467 0.065940 0.188753
v -0.014065 0.064296 0.187352
v -0.011778 0.065485 0.188753
v -0.012080 0.063766 0.187352
v -0.010036 0.065336 0.188753
v -0.010036 0.063585 0.187352
v -0.006605 0.084794 0.188753
v -0.007992 0.086967 0.190154
v -0.008294 0.085240 0.188753
v -0.010036 0.087141 0.190154
v -0.010036 0.085398 0.188753
v -0.012080 0.086967 0.190154
v -0.011778 0.085240 0.188753
v -0.014065 0.086430 0.190154
v -0.013467 0.084794 0.188753
v -0.015926 0.085563 0.190154
v -0.015052 0.084051 0.188753
v -0.017608 0.084389 0.190154
v -0.016484 0.083051 0.188753
v -0.019059 0.082936 0.190154
v -0.017720 0.081811 0.188753
v -0.020237 0.081250 0.190154
v -0.018723 0.080383 0.188753
v -0.021103 0.079391 0.190154
v -0.019463 0.078796 0.188753
v -0.021634 0.077408 0.190154
v -0.019914 0.077110 0.188753
v -0.021814 0.075367 0.190154
v -0.020068 0.075367 0.188753
v -0.021634 0.073318 0.190154
v -0.019914 0.073623 0.188753
v -0.021103 0.071335 0.190154
v -0.019463 0.071930 0.188753
v -0.020237 0.069476 0.190154
v -0.018723 0.070352 0.188753
v -0.019059 0.067790 0.190154
v -0.017720 0.068914 0.188753
v -0.017608 0.066344 0.190154
v -0.016484 0.067683 0.188753
v -0.015926 0.065163 0.190154
v -0.015052 0.066675 0.188753
v -0.014065 0.064296 0.190154
v -0.013467 0.065940 0.188753
v -0.012080 0.063766 0.190154
v -0.011778 0.065485 0.188753
v -0.010036 0.063585 0.190154
v -0.010036 0.065336 0.188753
v -0.006007 0.086430 0.190154
v -0.008294 0.085240 0.191555
v -0.007992 0.086967 0.190154
v -0.010036 0.085398 0.191555
v -0.010036 0.087141 0.190154
v -0.011778 0.085240 0.191555
v -0.012080 0.086967 0.190154
v -0.013467 0.084794 0.191555
v -0.014065 0.086430 0.190154
v -0.015052 0.084051 0.191555
v -0.015926 0.085563 0.190154
v -0.016484 0.083051 0.191555
v -0.017608 0.084389 0.190154
v -0.017720 0.081811 0.191555
v -0.019059 0.082936 0.190154
v -0.018723 0.080383 0.191555
v -0.020237 0.081250 0.190154
v -0.019463 0.078796 0.191555
v -0.021103 0.079391 0.190154
v -0.019914 0.077110 0.191555
v -0.021634 0.077408 0.190154
v -0.020068 0.075367 0.191555
v -0.021814 0.075367 0.190154
v -0.019914 0.073623 0.191555
v -0.021634 0.073318 0.190154
v -0.019463 0.071930 0.191555
v -0.021103 0.071335 0.190154
v -0.018723 0.070352 0.191555
v -0.020237 0.069476 0.190154
v -0.017720 0.068914 0.191555
v -0.019059 0.067790 0.190154
v -0.016484 0.067683 0.191555
v -0.017608 0.066344 0.190154
v -0.015052 0.066675 0.191555
v -0.015926 0.065163 0.190154
v -0.013467 0.065940 0.191555
v -0.014065 0.064296 0.190154
v -0.011778 0.065485 0.191555
v -0.012080 0.063766 0.190154
v -0.010036 0.065336 0.191555
v -0.010036 0.063585 0.190154
v -0.010036 0.065336 0.220890
v -0.010036 0.065336 0.197150
v -0.008294 0.065485 0.220890
v -0.008294 0.065485 0.197150
v -0.006605 0.065940 0.220890
v -0.006605 0.065940 0.197150
v -0.005020 0.066675 0.220890
v -0.005020 0.066675 0.197150
v -0.003588 0.067683 0.220890
v -0.003588 0.067683 0.197150
v -0.002352 0.068914 0.220890
v -0.002352 0.068914 0.197150
v -0.001349 0.070352 0.220890
v -0.001349 0.070352 0.197150
v -0.000610 0.071930 0.220890
v -0.000610 0.071930 0.197150
v -0.000158 0.073623 0.220890
v -0.000158 0.073623 0.197150
v -0.000004 0.075367 0.220890
v -0.000004 0.075367 0.197150
v -0.000158 0.077110 0.220890
v -0.000158 0.077110 0.197150
v -0.000610 0.078796 0.220890
v -0.000610 0.078796 0.197150
v -0.001349 0.080383 0.220890
v -0.001349 0.080383 0.197150
v -0.002352 0.081811 0.220890
v -0.010036 0.065336 0.197150
v -0.008294 0.065485 0.197150
v -0.010036 0.063585 0.195749
v -0.007992 0.063766 0.195749
v -0.006605 0.065940 0.197150
v -0.006007 0.064296 0.195749
v -0.005020 0.066675 0.197150
v -0.004147 0.065163 0.195749
v -0.003588 0.067683 0.197150
v -0.002464 0.066344 0.195749
v -0.002352 0.068914 0.197150
v -0.001013 0.067790 0.195749
v -0.001349 0.070352 0.197150
v 0.000165 0.069476 0.195749
v -0.000610 0.071930 0.197150
v 0.001032 0.071335 0.195749
v -0.000158 0.073623 0.197150
v 0.001562 0.073318 0.195749
v -0.000004 0.075367 0.197150
v 0.001743 0.075367 0.195749
v -0.000158 0.077110 0.197150
v 0.001562 0.077408 0.195749
v -0.000610 0.078796 0.197150
v 0.001032 0.079391 0.195749
v -0.001349 0.080383 0.197150
v 0.000165 0.081250 0.195749
v -0.002352 0.081811 0.197150
v -0.010036 0.063585 0.195749
v -0.007992 0.063766 0.195749
v -0.010036 0.065336 0.194348
v -0.008294 0.065485 0.194348
v -0.006007 0.064296 0.195749
v -0.006605 0.065940 0.194348
v -0.004147 0.065163 0.195749
v -0.005020 0.066675 0.194348
v -0.002464 0.066344 0.195749
v -0.003588 0.067683 0.194348
v -0.001013 0.067790 0.195749
v -0.002352 0.068914 0.194348
v 0.000165 0.069476 0.195749
v -0.001349 0.070352 0.194348
v 0.001032 0.071335 0.195749
v -0.000610 0.071930 0.194348
v 0.001562 0.073318 0.195749
v -0.000158 0.073623 0.194348
v 0.001743 0.075367 0.195749
v -0.000004 0.075367 0.194348
v 0.001562 0.077408 0.195749
v -0.000158 0.077110 0.194348
v 0.001032 0.079391 0.195749
v -0.000610 0.078796 0.194348
v 0.000165 0.081250 0.195749
v -0.001349 0.080383 0.194348
v -0.001013 0.082936 0.195749
v -0.010036 0.065336 0.194348
v -0.008294 0.065485 0.194348
v -0.010036 0.063585 0.192956
v -0.007992 0.063766 0.192956
v -0.006605 0.065940 0.194348
v -0.006007 0.064296 0.192956
v -0.005020 0.066675 0.194348
v -0.004147 0.065163 0.192956
v -0.003588 0.067683 0.194348
v -0.002464 0.066344 0.192956
v -0.002352 0.068914 0.194348
v -0.001013 0.067790 0.192956
v -0.001349 0.070352 0.194348
v 0.000165 0.069476 0.192956
v -0.000610 0.071930 0.194348
v 0.001032 0.071335 0.192956
v -0.000158 0.073623 0.194348
v 0.001562 0.073318 0.192956
v -0.000004 0.075367 0.194348
v 0.001743 0.075367 0.192956
v -0.000158 0.077110 0.194348
v 0.001562 0.077408 0.192956
v -0.000610 0.078796 0.194348
v 0.001032 0.079391 0.192956
v -0.001349 0.080383 0.194348
v 0.000165 0.081250 0.192956
v -0.002352 0.081811 0.194348
v -0.034823 0.052596 0.117279
v -0.034823 0.053628 0.118970
v -0.031871 0.053628 0.118970
v -0.031871 0.055132 0.120255
v -0.031871 0.052596 0.117279
v -0.034823 0.052133 0.115346
v -0.031871 0.052133 0.115346
v -0.034823 0.052290 0.113375
v -0.031871 0.052290 0.113375
v -0.034823 0.053050 0.111539
v -0.031871 0.053050 0.111539
v -0.034823 0.054339 0.110041
v -0.031871 0.054339 0.110041
v -0.034823 0.056032 0.109007
v -0.031871 0.056032 0.109007
v -0.034823 0.057817 0.106670
v -0.031871 0.057817 0.106670
v -0.034823 0.055132 0.120255
v -0.031871 0.055760 0.120825
v -0.034823 0.055760 0.120825
v -0.031871 0.062015 0.120351
v -0.034823 0.062015 0.120351
v -0.031871 0.062552 0.119685
v -0.034823 0.062552 0.119685
v -0.031871 0.063841 0.118178
v -0.034823 0.063841 0.118178
v -0.031871 0.064601 0.116351
v -0.034823 0.064601 0.116351
v -0.031871 0.064766 0.114380
v -0.034823 0.064766 0.114380
v -0.031871 0.064303 0.112447
v -0.034823 0.064303 0.112447
v -0.031871 0.063271 0.110756
v -0.034823 0.063271 0.110756
v -0.031871 0.061767 0.109471
v -0.034823 0.061767 0.109471
v -0.031871 0.059941 0.108708
v -0.034823 0.059941 0.108708
v -0.031871 0.057817 0.106670
v -0.034823 0.057817 0.106670
v -0.034823 0.052596 0.117279
v -0.034823 0.058445 0.114863
v -0.034823 0.053628 0.118970
v -0.034823 0.055132 0.120255
v -0.034823 0.052133 0.115346
v -0.034823 0.052290 0.113375
v -0.034823 0.053050 0.111539
v -0.034823 0.054339 0.110041
v -0.034823 0.056032 0.109007
v -0.034823 0.057817 0.106670
v -0.034823 0.059941 0.108708
v -0.034823 0.061767 0.109471
v -0.034823 0.063271 0.110756
v -0.034823 0.064303 0.112447
v -0.034823 0.064766 0.114380
v -0.034823 0.064601 0.116351
v -0.034823 0.063841 0.118178
v -0.034823 0.062552 0.119685
v -0.034823 0.062015 0.120351
v -0.034823 0.055760 0.120825
v -0.034823 0.062899 0.131898
v -0.034823 0.056652 0.132381
v -0.034823 0.056983 0.133551
v -0.034823 0.057735 0.134517
v -0.034823 0.058801 0.135116
v -0.034823 0.060016 0.135260
v -0.034823 0.061197 0.134932
v -0.034823 0.062155 0.134179
v -0.034823 0.062759 0.133106
v -0.036701 0.059073 0.132188
v -0.036701 0.059189 0.132536
v -0.037560 0.059073 0.132188
v -0.037560 0.059189 0.132536
v -0.036701 0.059470 0.132778
v -0.036701 0.058181 0.120642
v -0.037560 0.058181 0.120642
v -0.037560 0.058247 0.120284
v -0.036701 0.058247 0.120284
v -0.037560 0.058487 0.120003
v -0.036701 0.058487 0.120003
v -0.037560 0.058833 0.119878
v -0.036701 0.058833 0.119878
v -0.037560 0.059198 0.119945
v -0.036701 0.059198 0.119945
v -0.037560 0.059470 0.120187
v -0.036701 0.059470 0.120187
v -0.037560 0.059594 0.120535
v -0.036701 0.059594 0.120535
v -0.037560 0.059470 0.132778
v -0.036701 0.059833 0.132845
v -0.037560 0.059833 0.132845
v -0.036701 0.060172 0.132719
v -0.037560 0.060172 0.132719
v -0.036701 0.060412 0.132439
v -0.037560 0.060412 0.132439
v -0.036701 0.060486 0.132082
v -0.037560 0.060486 0.132082
v -0.037560 0.059594 0.120535
v -0.036701 0.059594 0.120535
v -0.035829 0.058354 0.132246
v -0.035829 0.058503 0.132778
v -0.036701 0.058354 0.132246
v -0.036701 0.058503 0.132778
v -0.035829 0.058850 0.133212
v -0.035829 0.057471 0.120699
v -0.036701 0.057471 0.120699
v -0.036701 0.057536 0.120149
v -0.035829 0.057536 0.120149
v -0.036701 0.057810 0.119665
v -0.035829 0.057810 0.119665
v -0.036701 0.058247 0.119317
v -0.035829 0.058247 0.119317
v -0.036701 0.058776 0.119173
v -0.035829 0.058776 0.119173
v -0.036701 0.059330 0.119230
v -0.035829 0.059330 0.119230
v -0.036701 0.059817 0.119510
v -0.035829 0.059817 0.119510
v -0.036701 0.060156 0.119945
v -0.035829 0.060156 0.119945
v -0.036701 0.060305 0.120477
v -0.035829 0.060305 0.120477
v -0.036701 0.058850 0.133212
v -0.035829 0.059338 0.133493
v -0.036701 0.059338 0.133493
v -0.035829 0.059883 0.133551
v -0.036701 0.059883 0.133551
v -0.035829 0.060420 0.133406
v -0.036701 0.060420 0.133406
v -0.035829 0.060858 0.133058
v -0.036701 0.060858 0.133058
v -0.035829 0.061130 0.132574
v -0.036701 0.061130 0.132574
v -0.035829 0.061197 0.132024
v -0.036701 0.061197 0.132024
v -0.036701 0.060305 0.120477
v -0.035829 0.060305 0.120477
v -0.034823 0.057587 0.132304
v -0.034823 0.057817 0.133135
v -0.035829 0.057587 0.132304
v -0.035829 0.057817 0.133135
v -0.034823 0.058347 0.133802
v -0.034823 0.056694 0.120757
v -0.035829 0.056694 0.120757
v -0.035829 0.056801 0.119907
v -0.034823 0.056801 0.119907
v -0.035829 0.057222 0.119153
v -0.034823 0.057222 0.119153
v -0.035829 0.057892 0.118631
v -0.034823 0.057892 0.118631
v -0.035829 0.058718 0.118400
v -0.034823 0.058718 0.118400
v -0.035829 0.059570 0.118496
v -0.034823 0.059570 0.118496
v -0.035829 0.060321 0.118922
v -0.034823 0.060321 0.118922
v -0.035829 0.060850 0.119598
v -0.034823 0.060850 0.119598
v -0.035829 0.061081 0.120419
v -0.034823 0.061081 0.120419
v -0.035829 0.058347 0.133802
v -0.034823 0.059090 0.134227
v -0.035829 0.059090 0.134227
v -0.034823 0.059949 0.134323
v -0.035829 0.059949 0.134323
v -0.034823 0.060767 0.134092
v -0.035829 0.060767 0.134092
v -0.034823 0.061444 0.133570
v -0.035829 0.061444 0.133570
v -0.034823 0.061866 0.132816
v -0.035829 0.061866 0.132816
v -0.034823 0.061965 0.131966
v -0.035829 0.061965 0.131966
v -0.035829 0.061081 0.120419
v -0.034823 0.061081 0.120419
v -0.034823 0.055760 0.120825
v -0.031871 0.055760 0.120825
v -0.034823 0.056652 0.132381
v -0.031871 0.056652 0.132381
v -0.031871 0.056983 0.133551
v -0.034823 0.056983 0.133551
v -0.031871 0.057735 0.134517
v -0.034823 0.057735 0.134517
v -0.031871 0.058801 0.135116
v -0.034823 0.058801 0.135116
v -0.031871 0.060016 0.135260
v -0.034823 0.060016 0.135260
v -0.031871 0.061197 0.134932
v -0.034823 0.061197 0.134932
v -0.031871 0.062155 0.134179
v -0.034823 0.062155 0.134179
v -0.031871 0.062759 0.133106
v -0.034823 0.062759 0.133106
v -0.031871 0.062759 0.133106
v -0.034823 0.062759 0.133106
v -0.031871 0.062899 0.131898
v -0.034823 0.062899 0.131898
v -0.034823 0.062015 0.120351
v -0.031871 0.062015 0.120351
v -0.035829 0.061866 0.132816
v -0.035829 0.061965 0.131966
v -0.035829 0.061444 0.133570
v -0.035829 0.060767 0.134092
v -0.035829 0.059949 0.134323
v -0.035829 0.059090 0.134227
v -0.035829 0.058347 0.133802
v -0.035829 0.057817 0.133135
v -0.035829 0.057587 0.132304
v -0.035829 0.056694 0.120757
v -0.035829 0.061081 0.120419
v -0.035829 0.056801 0.119907
v -0.035829 0.057222 0.119153
v -0.035829 0.057892 0.118631
v -0.035829 0.058718 0.118400
v -0.035829 0.059570 0.118496
v -0.035829 0.060321 0.118922
v -0.035829 0.060850 0.119598
v -0.036701 0.061130 0.132574
v -0.036701 0.061197 0.132024
v -0.036701 0.060858 0.133058
v -0.036701 0.060420 0.133406
v -0.036701 0.059883 0.133551
v -0.036701 0.059338 0.133493
v -0.036701 0.058850 0.133212
v -0.036701 0.058503 0.132778
v -0.036701 0.058354 0.132246
v -0.036701 0.057471 0.120699
v -0.036701 0.060305 0.120477
v -0.036701 0.057536 0.120149
v -0.036701 0.057810 0.119665
v -0.036701 0.058247 0.119317
v -0.036701 0.058776 0.119173
v -0.036701 0.059330 0.119230
v -0.036701 0.059817 0.119510
v -0.036701 0.060156 0.119945
v -0.037560 0.060412 0.132439
v -0.037560 0.060486 0.132082
v -0.037560 0.060172 0.132719
v -0.037560 0.059833 0.132845
v -0.037560 0.059470 0.132778
v -0.037560 0.059189 0.132536
v -0.037560 0.059073 0.132188
v -0.037560 0.058181 0.120642
v -0.037560 0.059594 0.120535
v -0.037560 0.058247 0.120284
v -0.037560 0.058487 0.120003
v -0.037560 0.058833 0.119878
v -0.037560 0.059198 0.119945
v -0.037560 0.059470 0.120187
vn -0.0000 1.0000 -0.0000
vn -1.0000 0.0022 -0.0000
vn -0.7079 0.7063 -0.0000
vn -0.0000 -1.0000 -0.0000
vn 0.0786 -0.9969 -0.0000
vn 0.3094 -0.9509 -0.0000
vn 0.5885 -0.8085 -0.0000
vn 0.8097 -0.5868 -0.0000
vn 0.9516 -0.3074 -0.0000
vn 0.9971 -0.0765 -0.0000
vn 0.9971 -0.0764 -0.0000
vn 1.0000 0.0022 -0.0000
vn 0.9968 0.0764 -0.0226
vn 0.9506 0.2990 -0.0830
vn 0.9506 0.2990 -0.0828
vn 0.8086 0.5689 -0.1500
vn 0.8086 0.5689 -0.1501
vn 0.5879 0.7820 -0.2069
vn 0.3107 0.9186 -0.2444
vn 0.0813 0.9635 -0.2550
vn 0.0019 0.9658 -0.2592
vn 0.0018 0.9658 -0.2592
vn -0.0813 0.9635 -0.2550
vn -0.3107 0.9185 -0.2444
vn -0.5879 0.7820 -0.2069
vn -0.8079 0.5689 -0.1537
vn -0.9506 0.2990 -0.0829
vn -0.9968 0.0764 -0.0226
vn -0.9971 -0.0764 -0.0000
vn -0.9516 -0.3074 -0.0000
vn -0.8097 -0.5868 -0.0000
vn -0.8098 -0.5868 -0.0000
vn -0.5885 -0.8085 -0.0038
vn -0.3094 -0.9509 -0.0038
vn -0.0785 -0.9969 -0.0038
vn -0.0000 0.0022 -1.0000
vn 0.0038 -0.1199 -0.9928
vn 0.0037 -0.1199 -0.9928
vn 0.0037 -0.2486 -0.9686
vn 0.0038 -0.2486 -0.9686
vn -0.0000 -0.2571 -0.9664
vn -0.0003 -0.2575 -0.9663
vn -0.0001 -0.2571 -0.9664
vn -0.0000 -0.2569 -0.9664
vn 0.0001 -0.2571 -0.9664
vn -0.0000 -0.2570 -0.9664
vn 0.0001 -0.2572 -0.9664
vn 0.0003 -0.2575 -0.9663
vn -0.0037 -0.2486 -0.9686
vn -0.0038 -0.2486 -0.9686
vn -0.0037 -0.1199 -0.9928
vn -0.0785 0.9969 -0.0037
vn -0.0785 0.9969 -0.0035
vn -0.3094 0.9509 -0.0036
vn -0.3094 0.9509 -0.0037
vn -0.5885 0.8085 -0.0038
vn -0.8097 0.5868 -0.0038
vn -0.8098 0.5867 -0.0038
vn -0.9516 0.3074 -0.0000
vn -0.9971 0.0764 -0.0000
vn -0.9968 -0.0764 0.0228
vn -0.9968 -0.0764 0.0226
vn -0.9506 -0.2990 0.0829
vn -0.8086 -0.5689 0.1502
vn -0.8086 -0.5688 0.1503
vn -0.5877 -0.7820 0.2076
vn -0.0000 0.0022 1.0000
vn 0.0019 0.1286 0.9917
vn 0.0019 0.2571 0.9664
vn 0.0018 0.2571 0.9664
vn 0.0019 0.2570 0.9664
vn 0.0017 0.2572 0.9664
vn -0.0000 -0.0022 1.0000
vn -0.5875 -0.7821 0.2076
vn -0.3097 -0.9186 0.2456
vn -0.5876 -0.7821 0.2076
vn -0.3096 -0.9186 0.2457
vn -0.0784 -0.9635 0.2558
vn -0.0784 -0.9635 0.2559
vn -0.0019 -0.9658 0.2592
vn 0.0783 -0.9635 0.2558
vn 0.0784 -0.9635 0.2558
vn 0.3097 -0.9186 0.2456
vn 0.3095 -0.9186 0.2457
vn 0.5876 -0.7820 0.2078
vn 0.8086 -0.5689 0.1503
vn 0.8085 -0.5689 0.1503
vn 0.0790 0.9969 -0.0000
vn 0.0786 0.9969 -0.0000
vn 0.3094 0.9509 -0.0000
vn 0.3095 0.9509 -0.0000
vn 0.5885 0.8085 -0.0000
vn 0.5884 0.8086 -0.0000
vn 0.8097 0.5868 -0.0000
vn 0.8098 0.5867 -0.0000
vn 0.9516 0.3075 -0.0000
vn 0.9971 0.0764 -0.0000
vn 0.9968 -0.0764 0.0227
vn 0.9968 -0.0764 0.0226
vn 0.9506 -0.2990 0.0830
vn 0.8086 -0.5689 0.1502
vn -0.0000 0.0020 -1.0000
vn 0.4018 0.0459 -0.9146
vn 0.3827 0.0022 -0.9239
vn 0.3751 -0.1416 -0.9161
vn -0.0019 -0.1760 -0.9844
vn -0.1018 -0.4012 -0.9103
vn 0.2807 -0.3973 -0.8737
vn -0.3156 -0.5063 -0.8025
vn 0.0566 -0.5867 -0.8078
vn -0.4502 -0.4527 -0.7697
vn -0.1390 -0.6181 -0.7737
vn 0.1146 -0.7512 -0.6501
vn 0.3502 -0.7094 -0.6116
vn 0.5927 -0.4487 -0.6688
vn 0.7004 -0.1373 -0.7004
vn 0.7004 -0.1372 -0.7004
vn 0.7071 0.0022 -0.7071
vn 0.7141 0.0809 -0.6954
vn 0.2684 -0.0328 -0.9628
vn 0.7231 0.0938 -0.6844
vn 0.3963 -0.0371 -0.9174
vn 0.7056 -0.0503 -0.7068
vn 0.7071 0.0021 -0.7071
vn 0.3808 0.0545 -0.9230
vn 0.6985 0.0720 -0.7120
vn 1.0000 -0.0022 -0.0000
vn 1.0000 0.0020 -0.0000
vn 0.9516 -0.3073 -0.0000
vn 0.8098 -0.5867 -0.0000
vn 0.8098 -0.5868 -0.0000
vn 0.5883 -0.8087 -0.0000
vn 0.3096 -0.9509 -0.0000
vn 0.0789 -0.9969 -0.0000
vn 0.9516 -0.3075 -0.0000
vn 0.6301 -0.7765 -0.0000
vn -0.3094 -0.9509 -0.0037
vn -0.6300 -0.7766 -0.0000
vn -0.8098 -0.5867 -0.0000
vn -0.9516 -0.3073 -0.0000
vn -0.7079 -0.7063 -0.0038
vn -0.8394 -0.5435 -0.0000
vn -0.9605 -0.2781 -0.0038
vn -0.9974 -0.0719 -0.0000
vn -1.0000 0.0020 -0.0000
vn -0.9971 -0.0765 -0.0000
vn -0.9516 -0.3075 -0.0000
vn 0.3872 0.9220 -0.0076
vn -0.0000 0.9981 -0.0611
vn 0.3917 0.9186 -0.0525
vn 0.3717 0.8907 -0.2617
vn 0.0038 0.8657 -0.5006
vn 0.2011 0.8033 -0.5606
vn 0.0038 0.7063 -0.7079
vn 0.1735 0.6780 -0.7143
vn 0.0377 0.5025 -0.8637
vn 0.3782 0.4331 -0.8182
vn 0.0019 0.2571 -0.9664
vn 0.3749 0.2401 -0.8954
vn -0.0019 0.0633 -0.9980
vn 0.7109 0.1889 -0.6775
vn 0.5014 0.5471 -0.6703
vn 0.4246 0.6250 -0.6551
vn 0.4201 0.7277 -0.5423
vn 0.7080 0.6812 -0.1865
vn 0.6976 0.7125 -0.0752
vn 0.7078 0.7063 -0.0076
vn -0.9991 0.0197 -0.0377
vn -0.9835 0.1155 -0.1392
vn -0.9994 0.0153 -0.0302
vn -0.9845 0.1155 -0.1317
vn -0.0019 0.5868 0.8097
vn -0.0019 0.8085 0.5885
vn -0.0019 0.9509 0.3094
vn -0.0000 1.0000 0.0005
vn -0.0019 0.9509 -0.3094
vn -0.0018 0.9509 -0.3094
vn -0.0019 0.8085 -0.5885
vn -0.0019 0.5867 -0.8098
vn -0.0000 0.3073 -0.9516
vn -0.0000 -0.3074 -0.9516
vn 0.0038 -0.5867 -0.8098
vn 0.0019 -0.8085 -0.5885
vn 0.0019 -0.9509 -0.3094
vn -0.0000 -1.0000 0.0005
vn 0.0019 -0.9509 0.3094
vn 0.0019 -0.8085 0.5885
vn 0.0038 -0.5867 0.8098
vn -0.0000 -0.3074 0.9516
vn -0.0000 0.3074 0.9516
vn -0.0019 0.5867 0.8098
vn -0.0000 0.5867 0.8098
vn 0.5778 0.8162 -0.0000
vn 0.7078 0.7063 -0.0075
vn 0.3466 0.9380 -0.0000
vn 0.3871 0.9220 -0.0075
vn -0.0019 0.7094 0.7048
vn -0.0038 0.7063 0.7079
vn -0.0094 0.7094 0.7048
vn -0.0038 0.7512 0.6601
vn 0.0038 0.7512 0.6601
vn 0.0038 0.8657 0.5006
vn 0.0018 0.9658 0.2592
vn 0.0019 0.9658 0.2592
vn -0.0000 0.9979 0.0654
vn 0.0020 0.9954 0.0959
vn 0.0019 0.9954 0.0960
vn -0.0000 0.9237 0.3832
vn -0.0000 0.9237 0.3831
vn 0.0037 0.7063 0.7079
vn 0.0038 0.7063 0.7079
vn 0.0038 0.3812 0.9245
vn -0.0000 0.0983 0.9952
vn 0.0038 0.3811 0.9245
vn 0.9974 -0.0719 -0.0000
vn 0.9606 -0.2780 -0.0000
vn 0.8394 -0.5436 -0.0000
vn 0.7079 -0.7063 -0.0000
vn -0.9971 0.0765 -0.0000
vn -0.9977 0.0677 -0.0000
vn -0.9516 0.3075 -0.0000
vn -0.9652 0.2614 -0.0000
vn -0.8511 0.5250 -0.0038
vn -0.8097 -0.5869 -0.0000
vn -0.0000 0.3073 0.9516
vn -0.0018 0.8085 0.5885
vn -0.0000 0.3074 -0.9516
vn -0.0000 -0.8085 0.5885
vn 0.0037 0.4251 -0.9051
vn 0.0037 0.4252 -0.9051
vn 0.0038 0.4251 -0.9051
vn -0.4312 0.9023 -0.0000
vn -0.4000 0.8359 -0.3760
vn -0.5119 0.8590 -0.0038
vn -0.4719 0.7955 -0.3801
vn -0.4720 0.7954 -0.3802
vn -0.7140 0.7001 0.0038
vn -0.6666 0.6519 -0.3616
vn -0.9664 0.2571 0.0038
vn -0.8980 0.2360 -0.3714
vn -0.9239 0.0022 -0.3827
vn -0.7071 0.0022 -0.7071
vn -0.6737 0.1760 -0.7177
vn -0.5166 0.4873 -0.7040
vn -0.3595 0.6078 -0.7081
vn -0.3595 0.6077 -0.7081
vn -0.3077 0.6351 -0.7084
vn -0.2155 0.9023 -0.3733
vn -0.1773 0.6875 -0.7042
vn 0.0731 0.9115 -0.4047
vn -0.2338 0.9723 -0.0000
vn 0.2354 0.9395 -0.2487
vn 0.2338 0.9723 -0.0000
vn 0.3500 0.8656 -0.3581
vn 0.4315 0.9021 -0.0000
vn 0.4562 0.8007 -0.3882
vn 0.5120 0.8590 -0.0000
vn 0.4697 0.7954 -0.3831
vn 0.5117 0.8592 -0.0000
vn 0.6632 0.6551 -0.3619
vn 0.7144 0.6997 -0.0000
vn 0.8994 0.2359 -0.3680
vn 0.9664 0.2571 -0.0000
vn 0.9239 0.0022 -0.3827
vn 0.6722 0.1717 -0.7202
vn 0.5075 0.4874 -0.7106
vn 0.3595 0.6077 -0.7081
vn 0.3372 0.6215 -0.7071
vn 0.2330 0.7063 -0.6684
vn 0.1965 0.7793 -0.5951
vn 0.1273 0.7186 -0.6837
vn 0.9516 0.3074 -0.0000
vn 0.8096 0.5869 -0.0000
vn 0.8096 -0.5869 -0.0000
vn 0.5884 -0.8086 -0.0000
vn 0.0001 -1.0000 -0.0000
vn 0.5886 0.8084 -0.0000
vn -0.0003 1.0000 -0.0000
vn -0.3094 0.9509 -0.0038
vn -0.3094 0.9509 0.0038
vn -0.5885 0.8085 0.0038
vn -0.8098 0.5867 0.0038
vn -1.0000 -0.0022 -0.0000
vn -0.8097 -0.5868 0.0003
vn -0.8097 -0.5868 -0.0001
vn -0.5885 -0.8085 0.0038
vn 0.0019 -0.7063 -0.7079
vn -0.2050 -0.6747 -0.7090
vn -0.2069 -0.6650 -0.7176
vn -0.3692 -0.5938 -0.7150
vn -0.4149 -0.5581 -0.7186
vn -0.5260 -0.4604 -0.7151
vn -0.5643 -0.4013 -0.7215
vn -0.6503 -0.2655 -0.7118
vn -0.6924 -0.1889 -0.6964
vn -0.7068 0.0284 -0.7068
vn -0.7124 -0.0108 -0.7017
vn -0.6494 0.2444 -0.7201
vn -0.6832 0.2060 -0.7006
vn -0.5694 0.4132 -0.7106
vn -0.5723 0.4093 -0.7106
vn -0.4389 0.5508 -0.7099
vn -0.4124 0.5653 -0.7144
vn -0.2284 0.6552 -0.7201
vn -0.1992 0.6617 -0.7228
vn -0.0038 0.7063 -0.7079
vn 0.2355 0.6419 -0.7298
vn 0.2101 0.6617 -0.7197
vn 0.4326 0.5471 -0.7166
vn 0.4051 0.5832 -0.7041
vn 0.5646 0.4212 -0.7098
vn 0.5675 0.4172 -0.7099
vn 0.6618 0.2486 -0.7072
vn 0.6682 0.2103 -0.7136
vn 0.7119 0.0152 -0.7021
vn 0.7123 -0.0240 -0.7015
vn 0.6188 -0.2739 -0.7362
vn 0.7037 -0.1975 -0.6825
vn 0.5033 -0.4487 -0.7384
vn 0.6030 -0.4053 -0.6871
vn 0.3608 -0.5796 -0.7307
vn 0.4468 -0.5653 -0.6934
vn 0.2106 -0.6650 -0.7165
vn 0.2135 -0.6682 -0.7127
vn -0.0000 -0.0371 0.9993
vn -0.0000 -0.4172 0.9088
vn 0.0019 -0.8187 0.5743
vn -0.0000 -0.0419 0.9991
vn -0.0019 -0.4212 0.9070
vn 0.0019 -0.8186 0.5743
vn -0.0000 -0.9962 0.0875
vn -0.0000 -0.9962 0.0873
vn -0.0000 -0.9061 -0.4231
vn 0.0038 -0.5725 -0.8199
vn 0.0019 -0.0851 -0.9964
vn -0.0019 0.4212 -0.9070
vn -0.0019 0.8187 -0.5743
vn 0.0037 0.9962 -0.0872
vn 0.0037 0.9848 0.1738
vn 0.0038 0.9848 0.1739
vn -0.0000 -0.9060 -0.4232
vn -0.0000 -0.9060 -0.4233
vn 0.0018 -0.0851 -0.9964
vn 0.0019 0.1932 -0.9812
vn 0.0018 0.1932 -0.9812
vn -0.0019 0.0459 -0.9989
vn 0.0019 -0.2316 -0.9728
vn 0.0037 -0.3404 -0.9403
vn 0.0038 -0.3404 -0.9403
vn -0.0000 0.0416 -0.9991
vn -0.0000 0.0414 -0.9991
vn 0.0019 0.9060 0.4232
vn -0.0019 0.5725 0.8199
vn -0.0018 0.5725 0.8199
vn 0.0019 0.0851 0.9964
vn 0.0017 0.0851 0.9964
vn 0.0038 -0.2061 0.9785
vn 0.0036 -0.0764 0.9971
vn 0.0038 -0.0764 0.9971
vn 0.0019 0.2359 0.9718
vn -0.0019 -0.8927 0.4507
vn -0.3872 0.9220 -0.0038
vn -0.3917 0.9186 -0.0527
vn -0.3711 0.8966 -0.2417
vn -0.3742 0.8034 -0.4632
vn 0.0037 0.7063 -0.7079
vn -0.7078 0.7063 -0.0076
vn -0.6970 0.7127 -0.0790
vn -0.7080 0.6812 -0.1865
vn -0.7084 0.6111 -0.3531
vn -0.7108 0.4987 -0.4960
vn -0.3734 0.6552 -0.6568
vn -0.7122 0.3527 -0.6069
vn -0.3760 0.4643 -0.8019
vn -0.7083 0.1889 -0.6802
vn -0.3750 0.2401 -0.8954
vn 0.0018 0.2571 -0.9664
vn -0.3843 0.0546 -0.9216
vn 0.0037 0.4987 -0.8667
vn -0.6986 0.0720 -0.7119
vn -0.7071 0.0021 -0.7071
vn -0.3827 0.0022 -0.9239
vn -0.7082 -0.0502 -0.7042
vn -0.3969 -0.0372 -0.9171
vn -0.7257 0.0938 -0.6816
vn -0.2684 -0.0328 -0.9628
vn -0.7141 0.0808 -0.6954
vn -0.4053 0.0459 -0.9130
vn -0.7004 -0.1372 -0.7004
vn -0.3754 -0.1415 -0.9160
vn 0.1018 -0.4013 -0.9103
vn -0.2843 -0.3973 -0.8725
vn 0.3190 -0.5063 -0.8012
vn -0.0566 -0.5867 -0.8078
vn 0.4502 -0.4526 -0.7697
vn 0.1390 -0.6181 -0.7737
vn -0.1109 -0.7512 -0.6507
vn -0.3502 -0.7094 -0.6116
vn -0.7004 -0.1373 -0.7004
vn -0.5956 -0.4487 -0.6663
vn -0.5955 -0.4488 -0.6663
vn 0.9991 0.0197 -0.0377
vn 0.9994 0.0153 -0.0302
vn 0.9830 0.1155 -0.1429
vn 0.9840 0.1155 -0.1354
vn -0.0018 0.8085 -0.5885
vn -0.0020 0.8085 -0.5885
vn -0.0000 -0.0022 -1.0000
vn -0.0000 -0.3075 -0.9516
vn -0.0038 -0.5867 -0.8098
vn 0.0018 -0.9509 0.3094
vn -0.0038 -0.5867 0.8098
vn -0.0000 -0.3075 0.9515
vn -0.0000 0.3075 0.9515
vn -0.3872 0.9220 -0.0037
vn -0.3466 0.9380 -0.0000
vn -0.7078 0.7063 -0.0075
vn -0.5778 0.8162 -0.0000
vn 0.0132 0.7094 0.7047
vn -0.0038 0.3812 0.9245
vn 0.0057 0.7094 0.7048
vn -0.0000 0.0977 0.9952
vn -0.0038 0.3811 0.9245
vn 0.9971 0.0765 -0.0000
vn 0.9977 0.0677 -0.0000
vn 0.9653 0.2613 -0.0000
vn 0.8097 0.5869 -0.0000
vn 0.8509 0.5253 -0.0000
vn 0.7079 0.7063 -0.0000
vn -0.0000 0.3075 0.9516
vn -0.0000 -0.3073 0.9516
vn -0.1280 0.0022 0.9918
vn -0.4978 0.0022 0.8673
vn -0.8673 0.0022 0.4978
vn -0.9918 0.0022 0.1280
vn -0.9918 0.0022 -0.1280
vn -0.9918 0.0022 -0.1281
vn -0.8673 0.0022 -0.4978
vn -0.4978 0.0022 -0.8673
vn -0.2612 0.0022 -0.9653
vn 0.1280 0.0022 0.9918
vn 0.4978 0.0022 0.8673
vn 0.8673 0.0022 0.4978
vn 0.9918 0.0022 0.1280
vn 0.9918 0.0022 -0.1280
vn 0.8673 0.0022 -0.4978
vn 0.4978 0.0022 -0.8673
vn 0.2612 0.0022 -0.9653
vn 0.1634 -0.5101 -0.8445
vn 0.1575 -0.6552 -0.7389
vn -0.1576 -0.6552 -0.7389
vn -0.1353 -0.6970 -0.7042
vn 0.1353 -0.6970 -0.7042
vn -0.1335 -0.4053 -0.9044
vn 0.1372 -0.4053 -0.9038
vn -0.1320 -0.0676 -0.9890
vn 0.1320 -0.0676 -0.9890
vn -0.1354 0.2401 -0.9613
vn 0.1354 0.2401 -0.9613
vn -0.1298 0.3404 -0.9313
vn 0.1335 0.3404 -0.9308
vn -0.1334 0.2907 -0.9475
vn 0.1297 0.2907 -0.9480
vn -0.1279 0.2231 -0.9664
vn 0.1279 0.2231 -0.9664
vn -0.1429 0.1717 -0.9747
vn 0.1429 0.1717 -0.9747
vn -0.2466 0.1717 -0.9538
vn -0.6613 0.0851 -0.7453
vn -0.2627 0.1803 -0.9479
vn -0.5079 0.1932 -0.8395
vn -0.5069 0.2571 -0.8228
vn -0.4988 0.2990 -0.8135
vn -0.5173 0.2059 -0.8307
vn -0.5122 -0.0589 -0.8568
vn -0.5326 -0.3363 -0.7767
vn -0.5366 -0.5938 -0.5995
vn -0.5618 -0.5761 -0.5937
vn -0.1597 -0.5101 -0.8452
vn -0.5339 -0.4759 -0.6989
vn -0.9061 -0.3116 -0.2862
vn -0.9202 -0.1932 -0.3403
vn -0.9073 -0.2865 -0.3079
vn -0.8957 -0.1545 -0.4170
vn -0.8779 -0.0284 -0.4779
vn -0.8792 0.1069 -0.4642
vn -0.8654 0.1718 -0.4707
vn -0.8676 0.1502 -0.4741
vn -0.8648 0.1068 -0.4906
vn -0.8739 0.0415 -0.4843
vn -0.8819 0.0022 -0.4715
vn -0.7485 0.0021 -0.6631
vn -0.8649 0.1068 -0.4905
vn -0.9907 0.0109 -0.1354
vn -0.9914 0.0284 -0.1280
vn -0.9918 0.0415 -0.1205
vn -0.8676 0.1502 -0.4740
vn -0.8655 0.1717 -0.4706
vn -0.9912 0.0458 -0.1242
vn -0.8793 0.1068 -0.4641
vn -0.9933 0.0240 -0.1130
vn -0.8780 -0.0284 -0.4777
vn -0.9927 -0.0066 -0.1206
vn -0.8957 -0.1545 -0.4169
vn -0.9948 -0.0286 -0.0973
vn -0.9969 -0.0459 -0.0642
vn -0.9062 -0.3115 -0.2860
vn -0.9959 -0.0677 -0.0604
vn -0.9203 -0.1932 -0.3402
vn -0.9972 -0.0328 -0.0679
vn -0.9918 -0.0021 0.1281
vn -0.9918 0.0022 0.1281
vn -0.9918 -0.0022 0.1280
vn -0.8740 0.0415 -0.4842
vn -0.8819 0.0022 -0.4714
vn -0.2612 0.0022 0.9653
vn -0.8673 -0.0022 0.4978
vn -0.8673 -0.0021 0.4978
vn -0.2613 -0.0022 0.9653
vn -0.5044 -0.0022 0.8635
vn -0.2612 -0.0022 0.9653
vn 0.6517 0.0022 -0.7585
vn 0.4172 -0.4526 -0.7881
vn 0.6295 -0.2444 -0.7376
vn 0.2122 -0.6747 -0.7070
vn -0.2122 -0.6747 -0.7069
vn -0.4172 -0.4527 -0.7880
vn -0.6267 -0.2443 -0.7400
vn -0.6517 0.0022 -0.7584
vn -0.6517 0.0022 -0.7585
vn 0.8819 0.0022 -0.4714
vn 0.8740 0.0415 -0.4842
vn 0.9907 0.0109 -0.1354
vn 0.8649 0.1068 -0.4905
vn 0.9914 0.0284 -0.1280
vn 0.8694 0.1502 -0.4707
vn 0.9918 0.0415 -0.1205
vn 0.8655 0.1717 -0.4706
vn 0.2612 0.0022 0.9653
vn 0.5044 -0.0022 0.8635
vn 0.2612 -0.0022 0.9653
vn 0.8673 -0.0022 0.4978
vn 0.9918 -0.0021 0.1281
vn 0.9916 0.0459 -0.1206
vn 0.8793 0.1068 -0.4641
vn 0.9933 0.0240 -0.1131
vn 0.8780 -0.0284 -0.4777
vn 0.9918 0.0022 0.1281
vn 0.9927 -0.0066 -0.1206
vn 0.8957 -0.1545 -0.4169
vn 0.9948 -0.0285 -0.0977
vn 0.9061 -0.2865 -0.3114
vn 0.2613 -0.0022 0.9653
vn 0.8673 -0.0021 0.4978
vn 0.9966 -0.0459 -0.0679
vn 0.9050 -0.3115 -0.2897
vn 0.9959 -0.0677 -0.0604
vn 0.9203 -0.1932 -0.3402
vn 0.9972 -0.0328 -0.0679
vn 0.9202 -0.1932 -0.3403
vn 0.5339 -0.4759 -0.6989
vn 0.5618 -0.5761 -0.5937
vn 0.5339 -0.5938 -0.6019
vn 0.5326 -0.3363 -0.7767
vn 0.5154 -0.0589 -0.8549
vn 0.5141 0.2060 -0.8326
vn 0.9060 -0.2866 -0.3115
vn 0.8957 -0.1545 -0.4170
vn 0.8779 -0.0284 -0.4779
vn 0.8792 0.1069 -0.4642
vn 0.8654 0.1718 -0.4707
vn 0.4988 0.2990 -0.8135
vn 0.8693 0.1502 -0.4708
vn 0.5038 0.2571 -0.8247
vn 0.8648 0.1069 -0.4907
vn 0.5046 0.1933 -0.8414
vn 0.2427 0.1588 -0.9570
vn 0.2520 0.1760 -0.9516
vn 0.6584 0.0851 -0.7478
vn 0.8739 0.0415 -0.4844
vn 0.7485 0.0022 -0.6631
vn -0.0019 0.0633 0.9980
vn 0.0018 0.2570 0.9664
vn 0.0038 0.4987 0.8667
vn 0.0037 0.8657 0.5006
vn 0.0037 0.9958 0.0916
vn 0.0035 0.9992 -0.0391
vn 0.0036 0.9992 -0.0391
vn 0.0038 0.4987 -0.8667
vn 0.0019 -0.1285 -0.9917
vn -0.0000 -0.2572 -0.9664
vn 0.0019 -0.4987 -0.8668
vn -0.0000 -0.8657 -0.5005
vn -0.0000 -0.8657 -0.5006
vn -0.0018 -0.9658 -0.2592
vn -0.0000 -0.9958 -0.0917
vn -0.0000 -0.9958 -0.0919
vn -0.0000 -0.9992 0.0393
vn -0.0018 -0.9658 0.2592
vn -0.0000 -0.8658 0.5005
vn -0.0000 -0.8657 0.5006
vn 0.0018 -0.7063 0.7079
vn 0.0018 -0.7064 0.7079
vn 0.0019 -0.4987 0.8668
vn 0.0018 -0.4988 0.8667
vn -0.0000 -0.2571 0.9664
vn -0.0019 -0.0633 0.9980
vn -0.0019 -0.2231 0.9748
vn -0.0019 -0.1112 0.9938
vn 0.0038 0.2990 0.9542
vn 0.0037 0.2990 0.9542
vn 0.0038 0.4251 0.9051
vn -0.0000 0.0415 -0.9991
vn -0.0000 -0.0415 -0.9991
vn -0.0000 -0.0416 -0.9991
vn 0.0017 -0.2359 -0.9718
vn 0.0018 -0.2359 -0.9718
vn -0.0019 -0.5101 -0.8601
vn -0.0018 -0.5101 -0.8601
vn -0.0000 -0.6618 -0.7497
vn 0.0019 -0.7156 0.6986
vn 0.0001 -0.8358 0.5490
vn -0.0000 -0.8358 0.5490
vn -0.0019 -0.9816 0.1911
vn -0.0019 -0.9816 -0.1911
vn -0.0001 -0.8360 -0.5487
vn -0.0000 -0.8360 -0.5487
vn 0.0019 -0.7155 -0.6986
vn 0.0019 -0.7156 -0.6986
vn 0.0019 -0.7156 -0.6985
vn -0.2380 0.9713 -0.0037
vn -0.2380 0.9713 -0.0038
vn -0.5743 0.8187 -0.0038
vn 0.1953 0.9807 -0.0000
vn 0.1334 0.6745 -0.7261
vn 0.3832 0.9237 -0.0000
vn 0.2590 0.6284 -0.7335
vn -0.0094 -0.0459 -0.9989
vn 0.4794 0.4835 -0.7324
vn 0.9245 0.3812 -0.0000
vn 0.6300 0.2613 -0.7313
vn 0.6799 0.0020 -0.7333
vn 0.9245 -0.3812 -0.0000
vn 0.6293 -0.2613 -0.7320
vn 0.4785 -0.4835 -0.7330
vn 0.3832 -0.9237 -0.0000
vn 0.2647 -0.6284 -0.7315
vn 0.1954 -0.9807 -0.0000
vn 0.1315 -0.6747 -0.7263
vn -0.0170 0.0459 -0.9988
vn -0.0094 0.0458 -0.9989
vn -0.0303 0.0328 -0.9990
vn -0.0453 0.0197 -0.9988
vn -0.0453 0.0022 -0.9990
vn -0.0453 -0.0197 -0.9988
vn -0.0303 -0.0328 -0.9990
vn -0.0170 -0.0458 -0.9988
vn -0.1425 -0.7216 -0.6775
vn -0.2764 -0.6747 -0.6844
vn -0.1954 -0.9807 0.0002
vn -0.5139 -0.5176 -0.6842
vn -0.6758 -0.2781 -0.6826
vn -0.7282 0.0021 -0.6854
vn -0.6739 0.2781 -0.6845
vn -0.5177 0.5175 -0.6813
vn -0.2811 0.6747 -0.6824
vn -0.1403 0.7216 -0.6779
vn -0.3830 0.9238 -0.0000
vn -0.1954 0.9807 -0.0001
vn -0.9245 0.3813 -0.0000
vn -0.9245 -0.3812 0.0038
vn -0.7079 -0.7063 0.0038
vn -0.3830 -0.9238 0.0003
vn -0.1425 -0.7217 0.6774
vn -0.2764 -0.6747 0.6844
vn -0.0094 -0.0460 0.9989
vn -0.5139 -0.5176 0.6842
vn -0.6759 -0.2781 0.6825
vn -0.7282 0.0022 0.6854
vn -0.6739 0.2781 0.6844
vn -0.5177 0.5175 0.6813
vn -0.2811 0.6747 0.6824
vn -0.1404 0.7216 0.6779
vn -0.0170 0.0458 0.9988
vn -0.0094 0.0459 0.9989
vn -0.0303 0.0328 0.9990
vn -0.0453 0.0196 0.9988
vn -0.0453 0.0022 0.9990
vn -0.0453 -0.0197 0.9988
vn -0.0302 -0.0328 0.9990
vn -0.0170 -0.0459 0.9988
vn 0.1331 0.6747 0.7260
vn 0.2590 0.6284 0.7335
vn 0.1954 0.9807 -0.0000
vn 0.4794 0.4835 0.7324
vn 0.6301 0.2613 0.7312
vn 0.6799 0.0022 0.7333
vn 0.6293 -0.2613 0.7319
vn 0.4785 -0.4835 0.7330
vn 0.2646 -0.6284 0.7315
vn 0.1315 -0.6747 0.7263
vn 1.0000 0.0022 0.0001
vn 0.9245 0.3811 0.0001
vn -0.6300 0.2613 -0.7313
vn -0.4826 0.4835 -0.7303
vn -0.3832 0.9237 -0.0000
vn -0.9245 0.3812 -0.0000
vn -0.6799 0.0022 -0.7333
vn -0.6321 -0.2613 -0.7295
vn -0.4784 -0.4835 -0.7330
vn -0.7078 -0.7064 0.0037
vn -0.2611 -0.6284 -0.7328
vn -0.3832 -0.9237 -0.0000
vn -0.1314 -0.6747 -0.7263
vn -0.1953 -0.9807 -0.0001
vn 0.0132 0.0459 -0.9989
vn 0.0208 0.0459 -0.9987
vn 0.0302 0.0328 -0.9990
vn 0.0453 0.0197 -0.9988
vn 0.0453 -0.0022 -0.9990
vn 0.0453 -0.0197 -0.9988
vn 0.0302 -0.0328 -0.9990
vn -0.2590 0.6284 -0.7335
vn 0.0208 -0.0459 -0.9987
vn -0.1368 0.6747 -0.7253
vn 0.0132 -0.0459 -0.9989
vn 0.2763 -0.6747 -0.6844
vn 0.1426 -0.7216 -0.6775
vn 0.1444 0.7217 -0.6769
vn -0.1953 0.9807 -0.0000
vn 0.5139 -0.5176 -0.6842
vn 0.6732 -0.2782 -0.6851
vn 0.7282 0.0021 -0.6854
vn 0.6736 0.2784 -0.6846
vn 0.5148 0.5174 -0.6835
vn 0.2777 0.6746 -0.6839
vn 0.1954 0.9807 -0.0001
vn 0.3830 0.9237 -0.0000
vn 0.1441 0.7217 0.6771
vn 0.7078 0.7064 -0.0000
vn 0.9245 0.3813 -0.0000
vn 0.3829 -0.9238 -0.0001
vn 0.2764 -0.6747 0.6844
vn 0.1426 -0.7217 0.6774
vn 0.5140 -0.5175 0.6841
vn 0.6732 -0.2781 0.6852
vn 0.7282 0.0021 0.6854
vn 0.6739 0.2781 0.6845
vn 0.5148 0.5175 0.6835
vn 0.2777 0.6747 0.6838
vn 0.0132 0.0459 0.9989
vn 0.0208 0.0459 0.9987
vn -0.1315 -0.6747 0.7262
vn 0.0302 0.0328 0.9990
vn 0.0453 0.0197 0.9988
vn 0.0453 0.0022 0.9990
vn 0.0453 -0.0197 0.9988
vn 0.0302 -0.0328 0.9990
vn 0.0208 -0.0459 0.9987
vn 0.0132 -0.0459 0.9989
vn -0.2590 0.6284 0.7335
vn -0.1368 0.6747 0.7253
vn -0.7079 0.7063 0.0001
vn -0.4826 0.4834 0.7303
vn -0.6302 0.2613 0.7311
vn -0.6799 0.0022 0.7333
vn -0.6321 -0.2613 0.7295
vn -0.4785 -0.4835 0.7330
vn -0.2611 -0.6284 0.7327
vn -0.1953 -0.9807 -0.0000
vn -0.3832 -0.9237 0.0001
vn -0.9245 -0.3812 0.0039
vn -1.0000 0.0022 0.0001
vn -0.4778 -0.8785 -0.0038
vn -0.8098 0.5867 -0.0037
vn -0.5885 -0.8085 -0.0037
vn 0.3095 -0.9509 -0.0000
vn 0.8097 -0.5869 -0.0000
vn -0.5884 0.8086 -0.0038
vn 0.1281 0.0021 -0.9918
vn 0.1279 0.0415 -0.9909
vn 0.1092 0.0764 -0.9911
vn 0.1279 -0.0415 -0.9909
vn 0.1092 -0.0764 -0.9911
vn 0.0736 -0.1068 -0.9916
vn 0.0736 -0.1069 -0.9915
vn 0.0415 -0.1242 -0.9914
vn 0.0414 -0.1242 -0.9914
vn 0.0019 -0.1328 -0.9911
vn 0.0019 -0.1329 -0.9911
vn -0.0415 -0.1242 -0.9914
vn -0.0414 -0.1242 -0.9914
vn -0.0773 -0.1068 -0.9913
vn -0.1092 -0.0764 -0.9911
vn -0.1279 -0.0415 -0.9909
vn -0.1280 0.0022 -0.9918
vn -0.1281 0.0022 -0.9918
vn -0.1279 0.0415 -0.9909
vn -0.1092 0.0764 -0.9911
vn -0.0754 0.1069 -0.9914
vn -0.0754 0.1068 -0.9914
vn -0.0415 0.1242 -0.9914
vn 0.0019 0.1328 -0.9911
vn 0.0019 0.1329 -0.9911
vn 0.0415 0.1242 -0.9914
vn 0.0414 0.1242 -0.9914
vn 0.0754 0.1068 -0.9914
vn 0.0037 -0.9237 0.3832
vn 0.0019 -0.7063 0.7079
vn 0.0019 -0.3812 0.9245
vn 0.0038 -0.9237 0.3832
vn -0.0000 -1.0000 -0.0001
vn 0.0037 -0.9237 -0.3832
vn 0.0038 -0.9237 -0.3832
vn 0.0018 -0.7063 -0.7079
vn 0.0019 -0.3812 -0.9245
vn -0.0000 0.0021 -1.0000
vn 0.0038 0.3812 -0.9245
vn -0.0000 0.9238 -0.3828
vn -0.0000 0.9237 -0.3832
vn -0.0000 1.0000 -0.0001
vn -0.0000 0.0021 1.0000
vn 0.0019 0.1932 0.9812
vn -0.0000 0.9236 0.3832
vn 0.9952 0.0980 -0.0000
vn 0.9952 0.0981 -0.0000
vn 0.7080 0.7062 -0.0000
vn 0.3831 0.9237 -0.0000
vn 0.0960 0.9954 -0.0000
vn -0.0959 0.9954 0.0037
vn -0.0959 0.9954 -0.0037
vn -0.3831 0.9237 -0.0000
vn -0.7080 0.7062 -0.0000
vn -0.9952 0.0981 -0.0000
vn -0.9952 -0.0975 -0.0000
vn -0.9952 -0.0983 -0.0000
vn -0.9245 -0.3812 -0.0037
vn -0.9245 -0.3812 -0.0038
vn -0.3831 -0.9237 -0.0000
vn -0.0959 -0.9954 -0.0038
vn 0.0962 -0.9954 -0.0000
vn 0.3831 -0.9237 -0.0000
vn 0.7078 -0.7064 -0.0000
vn 0.9245 -0.3813 -0.0000
vn 0.9952 -0.0983 -0.0000
vn 0.9952 -0.0975 -0.0000
vn -0.0000 0.9440 -0.3301
vn -0.0000 0.9439 -0.3302
vn 0.0038 0.9855 -0.1695
vn -0.0018 0.9997 0.0262
vn 0.0038 0.9186 -0.3952
vn -0.0019 0.7710 -0.6368
vn 0.0038 0.2990 -0.9542
vn -0.0018 0.9997 0.0261
vn 0.0037 0.9762 0.2167
vn 0.0019 0.9169 0.3992
vn 0.0019 0.9168 0.3993
vn 0.0019 0.8236 0.5672
vn 0.0038 0.6970 0.7171
vn 0.0017 0.5472 0.8370
vn -0.0019 0.3771 0.9262
vn -0.0019 0.0502 0.9987
vn -0.0000 -1.0000 -0.0002
vn -0.0038 0.3812 -0.9245
vn -0.0037 0.7063 -0.7079
vn -0.0000 1.0000 -0.0002
vn -0.0000 0.9439 -0.3301
vn -0.0018 0.7710 -0.6368
vn 0.0019 0.8236 0.5671
vn 0.0019 0.5471 0.8371
vn 0.0019 0.5471 0.8370
vn 0.5025 0.2231 -0.8353
vn 0.8654 0.1284 -0.4844
vn 0.8654 0.1285 -0.4844
vn -0.5025 0.2231 -0.8353
vn -0.8672 0.1285 -0.4811
vn -0.8672 0.1286 -0.4811
vn -0.8672 -0.1286 0.4811
vn -0.8672 -0.1285 0.4811
vn -0.4983 -0.2231 0.8378
vn -0.0000 -0.2572 0.9663
vn 0.5014 -0.2232 0.8360
vn 0.5014 -0.2231 0.8359
vn 0.8654 -0.1285 0.4844
vn 0.8653 -0.1286 0.4844
vn 0.8654 -0.1285 0.4843
vn 0.0018 0.9658 0.2591
vn 0.0019 0.9658 0.2591
vn 0.0018 0.9659 0.2590
vn 0.5866 0.0022 -0.8099
vn 0.3119 0.0022 -0.9501
vn -0.3119 0.0022 -0.9501
vn -0.5866 0.0022 -0.8099
vn -0.7071 0.0022 0.7071
vn -0.5866 0.0022 0.8099
vn -0.3119 0.0022 0.9501
vn 0.3119 0.0022 0.9501
vn 0.5866 0.0022 0.8099
vn 0.7071 0.0022 0.7071
vn 0.6402 0.0022 0.7682
vn 0.3404 0.0022 0.9403
vn 0.6402 -0.0022 0.7682
vn 0.7682 -0.0022 0.6402
vn 0.9402 -0.0022 0.3405
vn 0.9850 -0.0022 0.1728
vn 1.0000 -0.0021 -0.0000
vn 0.9850 -0.0022 -0.1728
vn 0.9402 -0.0022 -0.3405
vn 0.9402 0.0022 -0.3405
vn 0.7682 0.0022 -0.6402
vn 0.7682 -0.0022 -0.6402
vn 0.6460 -0.0022 -0.7633
vn 0.5742 -0.0021 -0.8187
vn 0.5743 -0.0022 -0.8187
vn 0.9972 0.0022 -0.0754
vn 0.9972 -0.0022 -0.0754
vn 1.0000 -0.0018 -0.0000
vn 1.0000 -0.0025 -0.0000
vn 0.9971 -0.0022 -0.0755
vn 0.9971 0.0022 -0.0754
vn 0.9501 0.0022 -0.3118
vn 0.9501 0.0022 -0.3119
vn 0.8099 0.0022 -0.5866
vn 0.5865 0.0022 -0.8099
vn 0.3119 0.0021 -0.9501
vn -0.8099 0.0022 -0.5866
vn -0.9501 0.0022 -0.3119
vn -0.9971 0.0022 -0.0755
vn -0.5743 0.0022 -0.8187
vn -0.6460 0.0022 -0.7633
vn -0.5743 0.0021 -0.8187
vn -0.7682 0.0022 -0.6402
vn -0.9402 0.0022 -0.3405
vn -0.9850 0.0022 -0.1728
vn -1.0000 0.0021 -0.0000
vn -0.9850 0.0022 0.1728
vn -0.9402 0.0022 0.3405
vn -0.7682 0.0022 0.6402
vn -0.6402 0.0022 0.7682
vn -0.3404 0.0022 0.9403
vn -0.1728 0.0022 0.9850
vn 0.1728 0.0022 0.9850
vn -0.0741 0.9972 -0.0037
vn -0.2805 0.9598 -0.0000
vn -0.0785 0.9969 0.0037
vn -0.5419 0.8405 -0.0000
vn -0.7668 0.6419 -0.0037
vn -0.9245 0.3811 -0.0000
vn -0.3094 0.9509 0.0037
vn -0.0785 0.9969 0.0036
vn 0.0789 0.9969 -0.0000
vn 0.3097 0.9508 -0.0000
vn 0.5884 0.8085 -0.0000
vn 0.0744 0.9972 -0.0000
vn 0.3092 0.9510 -0.0000
vn 0.2803 0.9599 -0.0000
vn 0.5888 0.8083 -0.0000
vn 0.5416 0.8407 -0.0000
vn 0.7666 0.6421 -0.0000
vn 0.9933 0.1156 -0.0000
vn 0.9967 0.0807 -0.0000
vn 0.9201 0.3773 0.1055
vn 0.7951 0.6008 0.0827
vn 0.8917 0.4487 0.0603
vn 0.9683 0.2189 -0.1205
vn 0.8449 0.5175 -0.1352
vn 0.8071 0.5903 -0.0000
vn 0.5888 0.8082 -0.0000
vn 0.6113 0.7901 0.0451
vn 0.8317 0.5544 -0.0302
vn 0.6713 0.7366 -0.0827
vn -0.8098 0.5867 0.0037
vn -0.9933 0.1155 -0.0038
vn -0.9516 0.3073 -0.0000
vn -0.0000 0.0020 1.0000
vn -0.0000 -0.0982 0.9952
vn 0.0019 -0.7064 0.7079
vn 0.0019 -0.7064 0.7078
vn -0.0018 -0.9954 0.0960
vn -0.0000 0.0982 0.9952
vn -0.0000 0.9236 0.3833
vn 0.0019 0.9954 0.0959
vn 0.0019 0.9954 -0.0960
vn 0.0017 0.9954 -0.0960
vn -0.0000 0.9239 -0.3826
vn -0.0000 0.0982 -0.9952
vn -0.0019 -0.9954 0.0960
vn -0.0019 -0.9954 -0.0960
vn -0.0018 -0.9954 -0.0960
vn -0.0000 -0.0982 -0.9952
vn -0.0000 -0.0979 -0.9952
vn -0.0000 0.0981 -0.9952
vn -0.5470 0.7512 -0.3695
vn -0.5354 0.7366 -0.4133
vn -0.4195 0.7598 -0.4967
vn -0.4196 0.7598 -0.4967
vn -0.4991 0.7598 -0.4167
vn -0.5637 0.7598 -0.3240
vn -0.6113 0.7597 -0.2216
vn -0.6114 0.7597 -0.2216
vn -0.6404 0.7598 -0.1125
vn -0.6404 0.7597 -0.1125
vn -0.6502 0.7598 -0.0000
vn -0.6404 0.7598 0.1125
vn -0.6113 0.7598 0.2216
vn -0.6113 0.7597 0.2216
vn -0.5637 0.7598 0.3240
vn -0.5637 0.7597 0.3240
vn -0.4992 0.7597 0.4167
vn -0.4991 0.7598 0.4166
vn -0.4195 0.7598 0.4967
vn -0.3272 0.7597 0.5619
vn -0.2251 0.7598 0.6100
vn -0.1162 0.7598 0.6397
vn -0.1162 0.7597 0.6398
vn 0.0037 0.7598 0.6502
vn 0.0038 0.7598 0.6502
vn -0.6954 0.7186 -0.0000
vn -0.6960 0.7155 -0.0602
vn -0.6965 0.7156 -0.0527
vn -0.6614 0.7186 -0.2149
vn -0.5626 0.7186 -0.4088
vn -0.4088 0.7186 -0.5626
vn -0.2149 0.7186 -0.6614
vn -0.0000 0.7186 -0.6954
vn 0.2149 0.7186 -0.6614
vn 0.4088 0.7186 -0.5626
vn 0.5626 0.7186 -0.4088
vn 0.6614 0.7186 -0.2149
vn 0.6966 0.7155 -0.0528
vn 0.6960 0.7155 -0.0603
vn -0.6766 0.7094 -0.1973
vn -0.6787 0.7094 -0.1900
vn -0.6534 0.6907 -0.3099
vn -0.5355 0.7366 -0.4132
vn -0.5470 0.7512 -0.3694
vn 0.6966 0.7156 -0.0527
vn 0.6960 0.7156 -0.0602
vn 0.6954 0.7186 -0.0000
vn 0.6955 0.7185 -0.0000
vn 0.6989 0.6843 -0.2081
vn 0.6737 0.7001 -0.2367
vn 0.7054 0.6418 -0.3008
vn 0.5828 0.7125 -0.3908
vn 0.6073 0.7306 -0.3121
vn 0.5827 0.7126 -0.3908
vn 0.6072 0.7306 -0.3123
vn 0.4150 0.7626 -0.4962
vn 0.4195 0.7598 -0.4967
vn 0.4990 0.7598 -0.4167
vn 0.4991 0.7598 -0.4166
vn 0.5637 0.7598 -0.3240
vn 0.6113 0.7597 -0.2216
vn 0.6404 0.7597 -0.1125
vn 0.6404 0.7598 -0.1125
vn 0.6502 0.7598 -0.0000
vn 0.6404 0.7598 0.1125
vn 0.6404 0.7597 0.1125
vn 0.6114 0.7597 0.2216
vn 0.5637 0.7598 0.3240
vn 0.4991 0.7598 0.4166
vn 0.4992 0.7598 0.4167
vn 0.4196 0.7598 0.4967
vn 0.4195 0.7598 0.4967
vn 0.3272 0.7598 0.5618
vn 0.3273 0.7598 0.5618
vn 0.2251 0.7598 0.6100
vn 0.1162 0.7598 0.6397
vn 0.1162 0.7597 0.6398
vn -0.9241 -0.3812 -0.0264
vn -0.9492 -0.2990 -0.0980
vn -0.9237 -0.3649 -0.1168
vn -0.9480 -0.2571 -0.1876
vn -0.9225 -0.3115 -0.2280
vn -0.9494 -0.1848 -0.2538
vn -0.9248 -0.2231 -0.3080
vn -0.9497 -0.0982 -0.2974
vn -0.9246 -0.1199 -0.3616
vn -0.9477 0.0022 -0.3191
vn -0.9497 0.0982 -0.2975
vn -0.9246 0.1199 -0.3615
vn -0.9495 0.1846 -0.2537
vn -0.9238 0.2231 -0.3112
vn -0.9488 0.2570 -0.1837
vn -0.9225 0.3115 -0.2280
vn -0.9491 0.2992 -0.0980
vn -0.9237 0.3649 -0.1168
vn -0.9499 0.3115 -0.0263
vn -0.9240 0.3811 -0.0302
vn -0.9240 0.3811 0.0302
vn -0.9499 0.3115 0.0263
vn -0.9872 0.1588 -0.0151
vn -0.9866 0.1545 -0.0528
vn -0.9866 0.1329 -0.0942
vn -0.9859 0.0982 -0.1355
vn -0.9868 0.0502 -0.1542
vn -0.9862 0.0022 -0.1654
vn -0.9868 -0.0502 -0.1542
vn -0.9859 -0.0981 -0.1355
vn -0.9866 -0.1329 -0.0942
vn -0.9997 0.0022 -0.0226
vn -0.9872 0.1588 0.0151
vn -0.9866 0.1545 0.0528
vn -0.9492 0.2991 0.0980
vn -0.9866 0.1329 0.0942
vn -0.9488 0.2570 0.1837
vn -0.9237 0.3650 0.1167
vn -0.9225 0.3115 0.2280
vn -0.9997 0.0022 0.0227
vn -0.9872 -0.1588 -0.0151
vn -0.9866 -0.1545 -0.0528
vn -0.9499 -0.3116 -0.0263
vn -0.9499 -0.3115 0.0263
vn -0.9241 -0.3812 0.0265
vn -0.9237 -0.3650 0.1167
vn -0.9492 -0.2991 0.0980
vn -0.9225 -0.3115 0.2280
vn -0.9872 -0.1588 0.0151
vn -0.9866 -0.1545 0.0528
vn -0.9480 -0.2571 0.1876
vn -0.9248 -0.2231 0.3081
vn -0.9495 -0.1846 0.2537
vn -0.9246 -0.1199 0.3616
vn -0.9497 -0.0982 0.2974
vn -0.9239 0.0022 0.3827
vn -0.9477 0.0022 0.3191
vn -0.9246 0.1199 0.3615
vn -0.9866 -0.1329 0.0943
vn -0.9859 -0.0981 0.1355
vn -0.9868 -0.0502 0.1541
vn -0.9862 0.0022 0.1654
vn -0.9497 0.0982 0.2975
vn -0.9238 0.2231 0.3113
vn -0.9495 0.1846 0.2538
vn -0.9859 0.0982 0.1355
vn -0.9868 0.0502 0.1542
vn -0.9492 -0.2991 -0.0981
vn -0.9237 -0.3650 -0.1167
vn -0.9497 -0.0982 -0.2975
vn -0.9478 0.0022 -0.3190
vn -0.9497 0.0982 -0.2974
vn -0.9246 0.1199 -0.3616
vn -0.9488 0.2571 -0.1837
vn -0.9225 0.3115 -0.2279
vn -0.9492 0.2992 -0.0980
vn -0.9237 0.3648 -0.1168
vn -0.9240 0.3812 -0.0302
vn -0.9499 0.3115 0.0264
vn -0.9862 0.0021 -0.1654
vn -0.9997 0.0022 -0.0227
vn -0.9491 0.2993 0.0979
vn -0.9866 0.1329 0.0943
vn -0.9488 0.2571 0.1837
vn -0.9237 0.3649 0.1167
vn -0.9225 0.3115 0.2279
vn -0.9997 0.0022 0.0226
vn -0.9499 -0.3115 -0.0264
vn -0.9499 -0.3115 0.0264
vn -0.9241 -0.3812 0.0264
vn -0.9237 -0.3649 0.1167
vn -0.9225 -0.3115 0.2279
vn -0.9480 -0.2570 0.1876
vn -0.9495 -0.1846 0.2538
vn -0.9246 -0.1199 0.3615
vn -0.9497 -0.0982 0.2975
vn -0.9246 0.1199 0.3616
vn -0.9859 -0.0982 0.1355
vn -0.9868 -0.0502 0.1542
vn -0.9497 0.0981 0.2975
vn -0.9868 0.0502 0.1541
vn 0.9240 -0.3812 -0.0302
vn 0.9492 -0.2991 -0.0980
vn 0.9500 -0.3115 -0.0227
vn 0.9866 -0.1545 -0.0528
vn 0.9872 -0.1588 -0.0151
vn 0.9997 0.0022 -0.0226
vn 0.9863 -0.1329 -0.0980
vn 0.9859 -0.0981 -0.1355
vn 0.9480 -0.2571 -0.1876
vn 0.9495 -0.1846 -0.2537
vn 0.9234 -0.3115 -0.2243
vn 0.9236 -0.2231 -0.3116
vn 0.9232 -0.3649 -0.1204
vn 0.9862 -0.0502 -0.1579
vn 0.9497 -0.0982 -0.2975
vn 0.9246 -0.1199 -0.3616
vn 0.9477 0.0022 -0.3191
vn 0.9239 0.0021 -0.3827
vn 0.9497 0.0982 -0.2975
vn 0.9246 0.1199 -0.3615
vn 0.9495 0.1846 -0.2538
vn 0.9238 0.2232 -0.3112
vn 0.9862 0.0022 -0.1654
vn 0.9862 0.0502 -0.1579
vn 0.9859 0.0982 -0.1355
vn 0.9863 0.1329 -0.0979
vn 0.9481 0.2570 -0.1874
vn 0.9234 0.3115 -0.2243
vn 0.9491 0.2993 -0.0979
vn 0.9232 0.3650 -0.1204
vn 0.9866 0.1545 -0.0528
vn 0.9872 0.1588 -0.0151
vn 0.9500 0.3115 -0.0227
vn 0.9240 0.3812 -0.0302
vn 0.9240 0.3811 0.0302
vn 0.9500 0.3115 0.0227
vn 0.9872 0.1588 0.0151
vn 0.9997 0.0022 0.0227
vn 0.9866 0.1545 0.0528
vn 0.9492 0.2991 0.0980
vn 0.9232 0.3650 0.1205
vn 0.9481 0.2571 0.1874
vn 0.9234 0.3115 0.2243
vn 0.9495 0.1846 0.2537
vn 0.9238 0.2232 0.3112
vn 0.9497 0.0982 0.2975
vn 0.9246 0.1199 0.3615
vn 0.9863 0.1329 0.0979
vn 0.9859 0.0982 0.1355
vn 0.9862 0.0502 0.1578
vn 0.9862 0.0022 0.1654
vn 0.9477 0.0022 0.3191
vn 0.9239 0.0021 0.3827
vn 0.9497 -0.0981 0.2975
vn 0.9246 -0.1199 0.3616
vn 0.9862 -0.0502 0.1579
vn 0.9859 -0.0981 0.1355
vn 0.9495 -0.1846 0.2538
vn 0.9236 -0.2231 0.3116
vn 0.9480 -0.2570 0.1876
vn 0.9234 -0.3115 0.2243
vn 0.9863 -0.1329 0.0980
vn 0.9866 -0.1545 0.0528
vn 0.9492 -0.2991 0.0980
vn 0.9232 -0.3649 0.1204
vn 0.9500 -0.3115 0.0226
vn 0.9240 -0.3812 0.0301
vn 0.9872 -0.1588 0.0151
vn 0.9240 -0.3811 -0.0302
vn 0.9500 -0.3115 -0.0226
vn 0.9863 -0.1329 -0.0979
vn 0.9997 0.0022 -0.0227
vn 0.9859 -0.0982 -0.1355
vn 0.9232 -0.3650 -0.1204
vn 0.9495 -0.1846 -0.2538
vn 0.9862 -0.0502 -0.1578
vn 0.9497 -0.0982 -0.2974
vn 0.9862 0.0021 -0.1654
vn 0.9497 0.0982 -0.2974
vn 0.9492 0.2991 -0.0980
vn 0.9500 0.3115 -0.0226
vn 0.9240 0.3812 -0.0301
vn 0.9500 0.3115 0.0226
vn 0.9232 0.3650 0.1204
vn 0.9481 0.2570 0.1872
vn 0.9495 0.1846 0.2538
vn 0.9238 0.2233 0.3112
vn 0.9497 0.0981 0.2975
vn 0.9863 0.1329 0.0980
vn 0.9477 -0.0022 0.3191
vn 0.9239 -0.0022 0.3827
vn 0.9862 -0.0502 0.1578
vn 0.9859 -0.0982 0.1355
vn 0.9480 -0.2571 0.1876
vn 0.9232 -0.3650 0.1205
vn 0.9500 -0.3115 0.0227
vn 0.9240 -0.3812 0.0302
vn 0.6235 0.7454 0.2359
vn 0.3897 0.6812 0.6198
vn 0.5048 0.6010 0.6197
vn 0.2022 0.3486 0.9152
vn 0.7436 0.6249 0.2377
vn 0.4856 0.8406 0.2399
vn 0.2710 0.7366 0.6197
vn 0.3338 0.9133 0.2334
vn 0.1348 0.7738 0.6189
vn 0.1705 0.9574 0.2329
vn 0.0018 0.7848 0.6197
vn -0.0019 0.9713 0.2380
vn -0.1347 0.7738 0.6190
vn -0.1675 0.9574 0.2352
vn -0.2693 0.7395 0.6169
vn -0.3339 0.9133 0.2333
vn -0.3898 0.6812 0.6198
vn -0.4856 0.8406 0.2400
vn -0.5049 0.6009 0.6197
vn -0.6235 0.7454 0.2360
vn -0.6031 0.5063 0.6164
vn -0.7436 0.6249 0.2377
vn -0.6801 0.3929 0.6190
vn -0.8411 0.4873 0.2349
vn -0.7382 0.2697 0.6183
vn -0.9134 0.3322 0.2353
vn -0.7739 0.1371 0.6184
vn -0.9574 0.1674 0.2354
vn -0.7872 -0.0022 0.6167
vn -0.9709 0.0022 0.2394
vn -0.7711 -0.1372 0.6217
vn -0.9564 -0.1674 0.2394
vn -0.7401 -0.2697 0.6161
vn -0.9134 -0.3322 0.2354
vn -0.6820 -0.3933 0.6166
vn -0.8399 -0.4873 0.2389
vn -0.5997 -0.5063 0.6197
vn -0.7446 -0.6250 0.2344
vn -0.5072 -0.6008 0.6179
vn -0.6232 -0.7454 0.2367
vn -0.3919 -0.6811 0.6184
vn -0.4885 -0.8406 0.2341
vn -0.2646 -0.7395 0.6190
vn -0.3330 -0.9133 0.2346
vn -0.1367 -0.7738 0.6185
vn -0.1696 -0.9574 0.2335
vn -0.0019 -0.7848 0.6198
vn 0.0038 -0.9712 0.2381
vn 0.1331 -0.7738 0.6193
vn 0.1696 -0.9574 0.2336
vn 0.2715 -0.7395 0.6160
vn 0.3330 -0.9133 0.2345
vn 0.3951 -0.6812 0.6164
vn 0.4885 -0.8406 0.2341
vn 0.5043 -0.6008 0.6203
vn 0.6232 -0.7454 0.2367
vn 0.6024 -0.5063 0.6171
vn 0.7435 -0.6249 0.2381
vn 0.6795 -0.3932 0.6194
vn 0.8399 -0.4873 0.2389
vn 0.7377 -0.2697 0.6190
vn 0.9124 -0.3322 0.2390
vn 0.7711 -0.1372 0.6218
vn 0.9564 -0.1674 0.2394
vn 0.7872 0.0022 0.6167
vn 0.9709 0.0022 0.2395
vn 0.7716 0.1372 0.6212
vn 0.9565 0.1674 0.2391
vn 0.7382 0.2696 0.6184
vn 0.9124 0.3322 0.2390
vn 0.6801 0.3932 0.6188
vn 0.8400 0.4873 0.2386
vn 0.6030 0.5063 0.6165
vn 0.2608 0.3074 0.9152
vn 0.3057 0.2572 0.9167
vn 0.3454 0.2018 0.9165
vn 0.3775 0.1377 0.9157
vn 0.3931 0.0677 0.9170
vn 0.4035 0.0022 0.9150
vn 0.3931 -0.0677 0.9170
vn 0.3756 -0.1372 0.9166
vn 0.3455 -0.2018 0.9165
vn 0.3044 -0.2571 0.9172
vn 0.2608 -0.3074 0.9151
vn 0.2022 -0.3486 0.9152
vn 0.1335 -0.3771 0.9165
vn 0.0698 -0.3933 0.9168
vn 0.0038 -0.4013 0.9159
vn -0.0660 -0.3932 0.9171
vn -0.1373 -0.3772 0.9159
vn -0.2022 -0.3486 0.9152
vn -0.2609 -0.3074 0.9151
vn -0.3044 -0.2571 0.9172
vn -0.3489 -0.2018 0.9152
vn -0.3756 -0.1372 0.9166
vn -0.3931 -0.0677 0.9170
vn -0.4035 0.0022 0.9150
vn -0.3931 0.0677 0.9170
vn -0.3734 0.1372 0.9175
vn -0.3489 0.2018 0.9152
vn -0.3094 0.2571 0.9155
vn -0.2608 0.3074 0.9151
vn -0.2021 0.3486 0.9152
vn -0.1373 0.3772 0.9159
vn -0.0716 0.3933 0.9166
vn -0.0018 0.4012 0.9160
vn 0.0716 0.3933 0.9166
vn 0.1335 0.3771 0.9165
vn 0.0264 0.0807 0.9964
vn 0.0415 0.0764 0.9962
vn 0.0170 0.0851 0.9962
vn 0.0018 0.0851 0.9964
vn -0.0133 0.0851 0.9963
vn -0.0264 0.0807 0.9964
vn -0.0415 0.0764 0.9962
vn -0.0566 0.0677 0.9961
vn -0.0698 0.0546 0.9961
vn -0.0754 0.0416 0.9963
vn -0.0829 0.0284 0.9962
vn -0.0830 0.0153 0.9964
vn -0.0905 0.0022 0.9959
vn -0.0830 -0.0153 0.9964
vn -0.0829 -0.0284 0.9962
vn -0.0754 -0.0416 0.9963
vn -0.0698 -0.0546 0.9961
vn -0.0565 -0.0676 0.9961
vn -0.0415 -0.0764 0.9962
vn -0.0283 -0.0807 0.9963
vn -0.0133 -0.0851 0.9963
vn 0.0018 -0.0851 0.9964
vn 0.0170 -0.0851 0.9962
vn 0.0321 -0.0807 0.9962
vn 0.0415 -0.0764 0.9962
vn 0.0566 -0.0677 0.9961
vn 0.0660 -0.0547 0.9963
vn 0.0754 -0.0416 0.9963
vn 0.0829 -0.0284 0.9962
vn 0.0830 -0.0153 0.9964
vn 0.0905 0.0022 0.9959
vn 0.0829 0.0153 0.9964
vn 0.0829 0.0284 0.9962
vn 0.0754 0.0416 0.9963
vn 0.0660 0.0546 0.9963
vn 0.0566 0.0677 0.9961
vn -0.9851 0.1717 0.0076
vn -0.9402 0.3405 0.0113
vn -0.9402 0.3404 0.0113
vn -0.8667 0.4987 0.0076
vn -0.9851 0.1717 0.0075
vn -1.0000 -0.0022 0.0075
vn -1.0000 0.0022 0.0076
vn -0.9851 -0.1717 0.0076
vn -0.9402 -0.3404 0.0076
vn -0.8667 -0.4988 0.0111
vn -0.8666 -0.4988 0.0113
vn -0.7668 -0.6419 0.0076
vn -0.7668 -0.6418 0.0075
vn -0.6434 -0.7654 0.0113
vn -0.6433 -0.7655 0.0113
vn -0.5006 -0.8657 0.0075
vn -0.5006 -0.8657 0.0076
vn -0.3423 -0.9395 0.0113
vn -0.1737 -0.9848 0.0076
vn -0.0041 -0.9999 0.0125
vn 0.0041 -0.9999 0.0125
vn 0.1737 -0.9848 0.0076
vn 0.3424 -0.9395 0.0075
vn 0.5006 -0.8657 0.0076
vn 0.5005 -0.8657 0.0076
vn -0.8667 0.4987 0.0075
vn -0.7666 0.6420 0.0112
vn -0.7667 0.6419 0.0113
vn -0.6435 0.7654 0.0076
vn -0.5006 0.8657 0.0075
vn -0.3424 0.9395 0.0075
vn -0.1737 0.9848 0.0075
vn -0.0000 0.9999 0.0131
vn 0.1737 0.9848 0.0075
vn 0.3424 0.9395 0.0075
vn 0.5006 0.8657 0.0076
vn 0.5006 0.8657 0.0075
vn 0.6435 0.7654 0.0075
vn 0.6435 0.7654 0.0076
vn 0.7668 0.6419 0.0075
vn 0.7668 0.6418 0.0075
vn 0.8667 0.4987 0.0075
vn 0.8667 0.4987 0.0076
vn 0.9402 0.3404 0.0075
vn 0.9402 0.3404 0.0076
vn 0.9851 0.1717 0.0076
vn 1.0000 -0.0022 0.0076
vn 0.9851 -0.1717 0.0075
vn 0.9851 -0.1718 0.0076
vn 0.9402 -0.3404 0.0075
vn 0.9402 -0.3404 0.0076
vn 0.8667 -0.4987 0.0075
vn 0.8667 -0.4987 0.0076
vn 0.7668 -0.6419 0.0076
vn 0.6435 -0.7654 0.0076
vn 0.6435 -0.7654 0.0075
vn 0.5007 -0.8656 0.0076
vn 0.5882 -0.8087 -0.0000
vn -0.5885 0.8085 -0.0037
vn 0.5882 0.8087 -0.0000
vn 0.9516 0.3073 -0.0000
vn -0.0000 -0.6716 0.7409
vn -0.0000 -0.6616 0.7498
vn -0.0000 -0.6617 0.7498
vn 0.0038 -0.7626 0.6469
vn -0.0019 -0.9253 0.3791
vn 0.0019 -0.9969 0.0785
vn 0.0018 -0.9969 0.0785
vn 0.0038 -0.9723 -0.2337
vn -0.0019 -0.8522 -0.5232
vn 0.0019 -0.6485 -0.7612
vn -0.0019 -0.6683 -0.7439
vn -0.0000 -0.7954 -0.6060
vn 0.0019 0.7766 0.6300
vn 0.0038 0.7682 0.6402
vn -0.0000 0.8520 0.5235
vn -0.0000 0.9723 0.2339
vn -0.0000 0.9723 0.2338
vn -0.0018 0.9969 -0.0785
vn 0.0019 0.9253 -0.3791
vn -0.0019 0.7626 -0.6469
vn 0.0019 0.5250 -0.8511
vn 0.0018 0.5250 -0.8511
vn 0.0017 0.5472 -0.8370
vn 0.0019 0.5472 -0.8370
vn -0.0019 0.6907 -0.7231
vn -0.0000 -0.8261 0.5635
vn 0.0019 -0.9781 0.2082
vn -0.0020 -0.9986 -0.0524
vn -0.0019 -0.9986 -0.0524
vn 0.0038 -0.9023 -0.4311
vn 0.0038 -0.9023 -0.4310
vn 0.0038 -0.5653 -0.8249
vn 0.0038 -0.0764 -0.9971
vn -0.0019 0.4331 -0.9013
vn -0.0019 0.4330 -0.9014
vn 0.0038 0.8261 -0.5635
vn -0.0019 0.9781 -0.2082
vn 0.0038 -0.4330 0.9014
vn 0.0038 0.0764 0.9971
vn -0.0019 0.5653 0.8249
vn -0.0000 0.9023 0.4311
vn 0.0018 0.9986 0.0524
vn -0.0019 0.9781 -0.2081
vn -0.0000 -0.9848 0.1738
vn 0.0038 -0.9998 -0.0215
vn 0.0037 -0.9998 -0.0215
vn 0.0018 -0.7598 -0.6501
vn 0.0018 -0.7598 -0.6502
vn 0.0038 -0.4526 -0.8917
vn -0.0019 0.3115 -0.9502
vn -0.0000 0.6519 -0.7583
vn -0.0000 0.8928 -0.4505
vn 0.0037 0.9848 -0.1739
vn -0.0019 -0.6519 0.7583
vn -0.0018 -0.6518 0.7584
vn -0.0019 -0.3115 0.9503
vn -0.0019 -0.3115 0.9502
vn -0.0019 0.4526 0.8917
vn -0.0000 0.9998 0.0219
vn -0.0000 0.9998 0.0218
vn 0.0037 0.9848 -0.1738
vn -0.0000 -0.9848 0.1737
vn 0.0019 -0.9509 -0.3095
vn 0.0019 -0.7598 -0.6502
vn 0.0037 -0.4526 -0.8917
vn 0.0037 -0.0764 -0.9971
vn -0.0000 0.6518 -0.7584
vn -0.0000 0.8926 -0.4508
vn -0.0000 0.8926 -0.4509
vn 0.0037 0.0764 0.9971
vn -0.0019 0.9509 0.3095
vn -0.0000 -0.9848 0.1739
vn -0.0018 0.4526 0.8917
vn -0.0000 0.3240 0.9461
vn 0.2095 0.3240 0.9226
vn 0.0019 0.6385 0.7696
vn 0.1665 0.6385 0.7514
vn 0.3862 0.3282 0.8621
vn 0.3166 0.6385 0.7015
vn 0.1829 0.8927 0.4119
vn 0.1027 0.8907 0.4428
vn -0.0019 0.8907 0.4546
vn -0.1703 0.6386 0.7505
vn -0.2095 0.3239 0.9226
vn 0.2174 0.0022 0.9761
vn 0.0067 0.9998 0.0161
vn -0.0000 0.9998 0.0175
vn -0.0067 0.9998 0.0161
vn -0.0991 0.8907 0.4437
vn -0.0066 0.9999 0.0113
vn -0.1828 0.8927 0.4119
vn 0.0066 0.9999 0.0113
vn -0.1822 0.9023 -0.3907
vn -0.0969 0.9023 -0.4201
vn 0.0019 0.9042 -0.4271
vn 0.0969 0.9023 -0.4201
vn -0.1718 0.6517 -0.7387
vn -0.3213 0.6517 -0.6870
vn -0.4147 0.2528 -0.8741
vn -0.2227 0.2528 -0.9415
vn 0.0019 0.2528 -0.9675
vn 0.1719 0.6517 -0.7388
vn 0.1821 0.9023 -0.3908
vn -0.0066 0.9999 0.0114
vn -0.2592 0.8946 0.3639
vn -0.3132 0.6385 0.7030
vn -0.3896 0.3281 0.8606
vn -0.2172 0.0022 0.9761
vn -0.4104 0.0022 0.9119
vn -0.5373 0.3320 0.7753
vn -0.4371 0.6453 0.6265
vn -0.3145 0.8985 0.3064
vn 0.2484 0.9060 -0.3426
vn 0.3060 0.9097 -0.2808
vn 0.4462 0.6551 -0.6097
vn 0.3214 0.6517 -0.6871
vn -0.0114 0.9999 0.0067
vn 0.3502 0.9133 -0.2079
vn 0.5528 0.6650 -0.5022
vn 0.5787 0.2571 -0.7740
vn 0.4113 0.2528 -0.8757
vn 0.2189 0.2528 -0.9424
vn 0.4018 -0.3486 -0.8468
vn 0.5570 -0.3486 -0.7538
vn 0.2169 -0.3486 -0.9118
vn 0.1723 -0.6385 -0.7501
vn -0.0000 -0.6385 -0.7696
vn -0.0000 -0.3486 -0.9373
vn -0.2169 -0.3486 -0.9118
vn -0.4018 -0.3486 -0.8468
vn -0.1723 -0.6385 -0.7501
vn -0.3254 -0.6418 -0.6944
vn -0.5570 -0.3486 -0.7538
vn 0.3254 -0.6417 -0.6945
vn -0.4502 -0.6485 -0.6138
vn -0.6952 -0.3566 -0.6241
vn -0.5758 0.2572 -0.7761
vn -0.5543 -0.6586 -0.5090
vn -0.8104 -0.3649 -0.4584
vn -0.6354 -0.6715 -0.3813
vn -0.8819 -0.3690 -0.2933
vn -0.6888 -0.6812 -0.2480
vn -0.9165 -0.3690 -0.1542
vn -0.7135 -0.6875 -0.1352
vn -0.9258 -0.3731 -0.0604
vn -0.7203 -0.6907 -0.0642
vn -0.9277 -0.3731 -0.0075
vn -0.7169 -0.6970 -0.0151
vn -0.9261 -0.3771 0.0113
vn -0.7140 -0.7001 0.0075
vn -0.9211 -0.3892 -0.0075
vn -0.7076 -0.7063 -0.0189
vn -0.7065 -0.7033 -0.0791
vn -0.9200 -0.3892 -0.0453
vn -0.7054 -0.6973 -0.1274
vn -0.9217 -0.3812 -0.0716
vn -0.7019 -0.6938 -0.1610
vn -0.9205 -0.3811 -0.0868
vn -0.9241 -0.3731 -0.0829
vn -0.6979 -0.6970 -0.1648
vn -0.9284 -0.3685 -0.0488
vn -0.6969 -0.7094 -0.1054
vn -0.9294 -0.3690 0.0113
vn -0.6922 -0.7217 0.0076
vn -0.9276 -0.3650 0.0792
vn -0.6822 -0.7186 0.1352
vn -0.9314 -0.3280 0.1578
vn -0.6801 -0.6715 0.2942
vn -0.9348 -0.2486 0.2537
vn -0.6823 -0.5138 0.5200
vn -0.6781 -0.2865 0.6768
vn -0.9326 -0.1545 0.3261
vn -0.6830 -0.1285 0.7190
vn -0.9265 -0.0763 0.3684
vn -0.6957 -0.0415 0.7171
vn -0.9264 -0.0284 0.3756
vn -0.7018 -0.0066 0.7124
vn -0.9239 -0.0065 0.3827
vn -0.9239 0.0021 0.3827
vn -0.9569 0.0066 -0.2903
vn -0.9521 0.0284 -0.3046
vn -0.9494 0.0763 -0.3046
vn -0.9459 0.1458 -0.2899
vn -0.9428 0.2359 -0.2354
vn -0.9455 0.2907 -0.1467
vn -0.9486 0.3074 -0.0754
vn -0.9501 0.3115 -0.0189
vn -0.9508 0.3074 0.0377
vn -0.9547 0.2907 0.0640
vn -0.9572 0.2822 0.0641
vn -0.9581 0.2823 0.0490
vn -0.9601 0.2781 0.0302
vn -0.9591 0.2824 0.0189
vn -0.9593 0.2823 0.0113
vn -0.9593 0.2823 -0.0038
vn -0.9587 0.2781 -0.0603
vn -0.9475 0.2781 -0.1577
vn -0.9136 0.2740 -0.3004
vn -0.8371 0.2697 -0.4760
vn -0.7174 0.2655 -0.6441
vn -0.6351 0.6779 -0.3703
vn -0.6896 0.6844 -0.2365
vn -0.7142 0.6875 -0.1312
vn -0.7183 0.6938 -0.0527
vn -0.7170 0.6970 -0.0080
vn -0.7139 0.7001 0.0113
vn -0.7103 0.7033 0.0300
vn -0.7096 0.7002 0.0790
vn -0.7057 0.6969 0.1274
vn -0.7051 0.6907 0.1607
vn -0.6997 0.6970 0.1571
vn -0.6936 0.7156 0.0828
vn -0.6905 0.7217 -0.0488
vn -0.6861 0.7032 -0.1865
vn -0.6801 0.6485 -0.3419
vn -0.6750 0.5213 -0.5221
vn -0.6775 0.3404 -0.6520
vn -0.6858 0.1849 -0.7040
vn -0.6983 0.0764 -0.7117
vn -0.7017 0.0153 -0.7123
vn -0.3756 0.0981 -0.9216
vn -0.3628 0.2443 -0.8992
vn -0.3577 0.4369 -0.8253
vn -0.3565 0.6585 -0.6628
vn -0.3617 0.8212 -0.4414
vn -0.3621 0.8985 -0.2481
vn -0.3697 0.9270 -0.0636
vn -0.3720 0.9220 0.1077
vn -0.3746 0.9042 0.2052
vn -0.3806 0.9023 0.2024
vn -0.3813 0.9097 0.1646
vn -0.3844 0.9168 0.1079
vn -0.3857 0.9220 0.0338
vn -0.3872 0.9220 0.0037
vn -0.3911 0.9203 -0.0113
vn -0.3941 0.9186 -0.0301
vn -0.3881 0.9186 -0.0748
vn -0.3752 0.9168 -0.1366
vn -0.3502 0.9133 -0.2080
vn -0.5527 0.6650 -0.5022
vn -0.4457 0.6585 -0.6064
vn -0.2515 0.9061 -0.3403
vn 0.0065 0.9999 0.0114
vn 0.2563 0.8946 0.3660
vn 0.4340 0.6452 0.6288
vn 0.5344 0.3322 0.7772
vn 0.4104 0.0022 0.9119
vn 0.2006 -0.4091 0.8902
vn -0.0019 -0.4093 0.9124
vn -0.2041 -0.4093 0.8893
vn -0.3702 -0.4133 0.8320
vn -0.5681 0.0022 0.8230
vn -0.5182 -0.4172 0.7466
vn -0.6712 0.3363 0.6606
vn -0.5402 0.6552 0.5282
vn -0.3591 0.9042 0.2312
vn -0.6223 0.6650 0.4130
vn -0.7819 0.3445 0.5196
vn -0.8315 0.0022 0.5556
vn -0.6460 -0.4212 0.6366
vn -0.4352 -0.6452 0.6279
vn -0.3153 -0.6385 0.7021
vn -0.1723 -0.6385 0.7501
vn -0.0000 -0.6385 0.7696
vn 0.1723 -0.6385 0.7501
vn 0.3153 -0.6385 0.7021
vn 0.3703 -0.4132 0.8320
vn 0.4383 -0.6452 0.6258
vn 0.5182 -0.4172 0.7466
vn 0.6433 -0.4212 0.6393
vn 0.5388 -0.6585 0.5255
vn 0.7507 -0.4330 0.4989
vn 0.6269 -0.6682 0.4006
vn 0.6857 -0.6748 0.2728
vn 0.8262 -0.4448 0.3458
vn 0.7134 -0.6812 0.1648
vn 0.8668 -0.4526 0.2095
vn 0.7214 -0.6876 0.0829
vn 0.8825 -0.4565 0.1130
vn 0.7194 -0.6940 0.0303
vn 0.8865 -0.4604 0.0453
vn 0.7170 -0.6970 0.0076
vn 0.8834 -0.4681 0.0227
vn 0.7077 -0.7063 -0.0151
vn 0.8795 -0.4759 -0.0075
vn 0.7070 -0.7032 -0.0754
vn 0.8779 -0.4759 -0.0528
vn 0.7056 -0.6970 -0.1277
vn 0.8798 -0.4681 -0.0830
vn 0.7027 -0.6939 -0.1573
vn 0.8773 -0.4681 -0.1055
vn 0.6979 -0.6970 -0.1648
vn 0.8794 -0.4643 -0.1054
vn 0.8836 -0.4643 -0.0604
vn 0.6968 -0.7094 -0.1054
vn 0.8836 -0.4681 0.0151
vn 0.6922 -0.7217 0.0076
vn 0.8803 -0.4642 0.0980
vn 0.6822 -0.7186 0.1350
vn 0.8841 -0.4213 0.2022
vn 0.6799 -0.6716 0.2943
vn 0.8883 -0.3239 0.3256
vn 0.6823 -0.5138 0.5200
vn 0.6807 -0.2865 0.6742
vn 0.8842 -0.1975 0.4234
vn 0.6802 -0.1285 0.7216
vn 0.8801 -0.0981 0.4646
vn 0.6957 -0.0415 0.7171
vn 0.8815 -0.0328 0.4711
vn 0.7018 -0.0066 0.7124
vn 0.8819 -0.0065 0.4714
vn 0.8819 0.0066 0.4714
vn 0.7070 0.0109 0.7071
vn 0.9172 -0.0415 0.3963
vn 0.6572 0.0284 0.7532
vn 0.9980 -0.0502 0.0379
vn 0.9172 -0.0415 -0.3963
vn 0.9554 -0.0546 0.2902
vn 0.9554 -0.0546 -0.2902
vn 0.9998 -0.0197 -0.0000
vn 1.0000 0.0022 -0.0076
vn 0.9999 0.0022 -0.0151
vn 0.9999 0.0065 -0.0151
vn 0.9997 0.0197 -0.0151
vn 0.9999 0.0155 -0.0077
vn 0.9999 0.0109 -0.0000
vn 0.9999 0.0110 -0.0000
vn 1.0000 -0.0022 -0.0001
vn 1.0000 -0.0023 -0.0001
vn 1.0000 -0.0066 0.0001
vn 1.0000 -0.0022 0.0075
vn 0.9986 0.0021 0.0528
vn 0.9709 0.0022 0.2393
vn 0.9210 0.0022 0.3896
vn 0.8315 0.0022 0.5556
vn 0.5681 0.0022 0.8230
vn 0.6712 0.3363 0.6606
vn 0.7819 0.3445 0.5196
vn 0.5376 0.6552 0.5308
vn 0.3145 0.8985 0.3064
vn -0.3034 0.9097 -0.2835
vn 0.0114 0.9999 0.0066
vn 0.3571 0.9042 0.2344
vn 0.6223 0.6650 0.4130
vn 0.8636 0.3527 0.3603
vn 0.9071 0.3609 0.2167
vn 0.6831 0.6748 0.2794
vn 0.3856 0.9097 0.1541
vn 0.0114 0.9999 0.0065
vn 0.0087 1.0000 -0.0000
vn 0.3973 0.9133 0.0896
vn 0.7134 0.6812 0.1645
vn 0.9242 0.3649 0.1129
vn 0.7214 0.6875 0.0828
vn 0.4007 0.9151 0.0449
vn 0.0045 1.0000 0.0001
vn 0.0044 1.0000 -0.0000
vn 0.3950 0.9186 0.0151
vn 0.7195 0.6939 0.0301
vn 0.9267 0.3731 0.0453
vn 0.9259 0.3771 0.0226
vn 0.7138 0.7002 0.0150
vn 0.3872 0.9220 0.0075
vn 0.0001 1.0000 0.0001
vn -0.0017 0.9995 0.0306
vn -0.0001 0.9935 0.1137
vn 0.0018 0.9832 0.1824
vn 0.0019 0.9753 0.2210
vn 0.0018 0.9753 0.2210
vn -0.0000 0.9935 0.1135
vn -0.0019 0.9972 -0.0742
vn -0.0000 0.9635 -0.2676
vn -0.0018 0.8806 -0.4739
vn -0.0000 0.7033 -0.7109
vn -0.0000 0.4681 -0.8837
vn -0.0019 0.2655 -0.9641
vn -0.0019 0.1112 -0.9938
vn -0.3826 0.0197 -0.9237
vn -0.3827 0.0109 -0.9238
vn -0.9569 0.0022 -0.2903
vn -0.9425 -0.0240 0.3332
vn -0.9172 -0.0415 0.3963
vn -0.6572 0.0284 0.7532
vn -0.9979 -0.0502 0.0415
vn -0.7731 -0.0023 -0.6343
vn -0.7964 0.0022 -0.6048
vn -0.0018 0.0459 -0.9989
vn 0.7964 0.0022 -0.6048
vn 0.7730 -0.0022 -0.6344
vn 0.4442 0.0415 -0.8950
vn 0.9210 0.0066 -0.3896
vn 0.9174 0.0371 -0.3963
vn 0.9128 0.0982 -0.3965
vn 0.9103 0.1889 -0.3684
vn 0.9083 0.2949 -0.2967
vn 0.9088 0.3690 -0.1947
vn 0.9142 0.3933 -0.0979
vn 0.9157 0.4013 -0.0226
vn 0.9179 0.3933 0.0528
vn 0.9201 0.3812 0.0904
vn 0.9241 0.3731 0.0829
vn 0.9237 0.3771 0.0679
vn 0.9251 0.3771 0.0453
vn 0.9259 0.3771 0.0227
vn 0.7103 0.7032 0.0302
vn 0.3859 0.9220 0.0301
vn 0.3853 0.9169 0.1042
vn 0.7092 0.7001 0.0827
vn 0.7057 0.6970 0.1274
vn 0.3799 0.9097 0.1680
vn 0.3806 0.9023 0.2024
vn 0.7059 0.6907 0.1570
vn 0.6997 0.6970 0.1569
vn 0.3763 0.9042 0.2021
vn 0.3729 0.9220 0.1042
vn 0.0001 0.0244 -0.9997
vn 0.6937 0.7155 0.0828
vn 0.6908 0.7216 -0.0453
vn 0.3690 0.9270 -0.0674
vn 0.3621 0.8985 -0.2481
vn 0.6861 0.7032 -0.1865
vn 0.6801 0.6485 -0.3419
vn 0.3616 0.8212 -0.4415
vn 0.3598 0.6584 -0.6611
vn 0.6755 0.5176 -0.5252
vn 0.6765 0.3363 -0.6551
vn 0.3575 0.4330 -0.8274
vn 0.3663 0.2444 -0.8978
vn 0.6857 0.1849 -0.7040
vn 0.6983 0.0764 -0.7117
vn 0.3754 0.1025 -0.9212
vn 0.3826 0.0197 -0.9237
vn -0.0001 0.0108 -0.9999
vn -0.4442 0.0415 -0.8950
vn -0.9172 -0.0415 -0.3963
vn -0.9626 -0.0371 -0.2684
vn -0.0019 0.0590 -0.9983
vn 0.3827 0.0109 -0.9238
vn 0.7017 0.0153 -0.7123
vn 0.0019 -0.9995 -0.0305
vn -0.0038 -0.9936 -0.1133
vn -0.0019 -0.9832 -0.1825
vn -0.0019 -0.9743 -0.2252
vn -0.0019 -0.9733 -0.2295
vn -0.0018 -0.9896 -0.1437
vn -0.0019 -1.0000 0.0085
vn -0.0019 -1.0000 0.0086
vn -0.0000 -0.9839 0.1787
vn -0.0000 -0.9840 0.1781
vn 0.0038 -0.9133 0.4073
vn -0.0019 -0.7032 0.7110
vn -0.0018 -0.7032 0.7110
vn -0.0019 -0.3973 0.9177
vn -0.0019 -0.3972 0.9177
vn -0.0000 -0.1676 0.9859
vn -0.0000 -0.1674 0.9859
vn -0.0019 -0.0546 0.9985
vn -0.0018 -0.0546 0.9985
vn -0.0000 -0.0066 1.0000
vn -0.0000 0.0109 0.9999
vn -0.0019 0.0546 0.9985
vn -0.0018 0.0459 0.9989
vn -0.0019 0.0459 0.9989
vn 0.0038 -0.9936 -0.1133
vn -0.0019 -0.9896 -0.1437
vn -0.0017 -0.7032 0.7110
vn -0.0000 -0.1675 0.9859
vn 0.4472 -0.6485 -0.6160
vn 0.6975 -0.3568 -0.6215
vn 0.7199 0.2655 -0.6413
vn 0.6369 0.6780 -0.3670
vn 0.5543 -0.6585 -0.5090
vn 0.8085 -0.3650 -0.4617
vn 0.6354 -0.6715 -0.3813
vn 0.8831 -0.3690 -0.2897
vn 0.6901 -0.6812 -0.2446
vn 0.9159 -0.3690 -0.1579
vn 0.7135 -0.6875 -0.1352
vn 0.9258 -0.3731 -0.0603
vn 0.7206 -0.6907 -0.0604
vn 0.9278 -0.3731 -0.0075
vn 0.7169 -0.6970 -0.0150
vn 0.9260 -0.3773 0.0148
vn 0.7140 -0.7001 0.0075
vn 0.9211 -0.3892 -0.0075
vn 0.7075 -0.7063 -0.0227
vn 0.7069 -0.7032 -0.0755
vn 0.9200 -0.3892 -0.0453
vn 0.7056 -0.6971 -0.1273
vn 0.9220 -0.3812 -0.0679
vn 0.9201 -0.3812 -0.0905
vn 0.9241 -0.3731 -0.0830
vn 0.6979 -0.6969 -0.1648
vn 0.9283 -0.3690 -0.0453
vn 0.6969 -0.7094 -0.1054
vn 0.9293 -0.3690 0.0152
vn 0.6922 -0.7216 0.0076
vn 0.9280 -0.3650 0.0754
vn 0.6822 -0.7186 0.1352
vn 0.9314 -0.3280 0.1578
vn 0.6801 -0.6715 0.2942
vn 0.9348 -0.2486 0.2537
vn 0.9326 -0.1545 0.3261
vn 0.9265 -0.0763 0.3684
vn 0.9263 -0.0284 0.3756
vn 0.9239 -0.0065 0.3826
vn 0.9239 0.0022 0.3827
vn 0.9425 -0.0240 0.3332
vn 0.9980 -0.0502 0.0377
vn 0.7730 -0.0021 -0.6344
vn -0.7730 -0.0022 -0.6344
vn 0.4442 0.0415 -0.8949
vn 0.9626 -0.0371 -0.2684
vn 0.9569 0.0022 -0.2903
vn 0.8370 0.2699 -0.4760
vn 0.9569 0.0066 -0.2903
vn 0.9521 0.0284 -0.3046
vn 0.9494 0.0764 -0.3045
vn 0.9459 0.1458 -0.2899
vn 0.9419 0.2359 -0.2390
vn 0.9449 0.2910 -0.1502
vn 0.9486 0.3073 -0.0754
vn 0.9501 0.3115 -0.0151
vn 0.9508 0.3074 0.0377
vn 0.9544 0.2907 0.0678
vn 0.9574 0.2823 0.0603
vn 0.9579 0.2823 0.0527
vn 0.9601 0.2781 0.0302
vn 0.9591 0.2823 0.0226
vn 0.9592 0.2823 0.0151
vn 0.9593 0.2823 -0.0075
vn 0.9587 0.2781 -0.0603
vn 0.9475 0.2781 -0.1578
vn 0.9124 0.2739 -0.3040
vn 0.6896 0.6845 -0.2364
vn 0.7149 0.6875 -0.1275
vn 0.7182 0.6938 -0.0527
vn 0.7169 0.6971 -0.0078
vn 0.7140 0.7001 0.0076
vn 0.7103 0.7033 0.0301
vn 0.7060 0.6906 0.1571
vn 0.6997 0.6970 0.1570
vn 0.6936 0.7155 0.0828
vn 0.6908 0.7216 -0.0452
vn 0.6861 0.7032 -0.1866
vn 0.6773 0.5213 -0.5191
vn 0.6800 0.3404 -0.6494
vn 0.6859 0.1848 -0.7039
vn 0.0001 0.0108 -0.9999
vn -0.3827 0.0108 -0.9238
vn -0.7018 0.0153 -0.7122
vn -0.3825 0.0198 -0.9237
vn -0.0001 0.0244 -0.9997
vn 0.3826 0.0198 -0.9237
vn 0.3756 0.0982 -0.9216
vn 0.3662 0.2444 -0.8979
vn 0.3611 0.4369 -0.8238
vn 0.3617 0.8212 -0.4414
vn 0.3620 0.8985 -0.2482
vn 0.3806 0.9023 0.2023
vn 0.3798 0.9097 0.1680
vn 0.3854 0.9168 0.1043
vn 0.3860 0.9220 0.0301
vn 0.3873 0.9219 -0.0000
vn 0.3912 0.9203 -0.0075
vn 0.3941 0.9186 -0.0301
vn 0.3881 0.9186 -0.0748
vn 0.3765 0.9168 -0.1330
vn -0.0114 0.9999 0.0066
vn -0.0081 1.0000 0.0029
vn -0.0035 1.0000 0.0026
vn -0.0035 1.0000 0.0025
vn -0.0001 1.0000 0.0001
vn -0.0017 0.9995 0.0305
vn 0.0001 0.9935 0.1137
vn 0.0018 0.9832 0.1825
vn -0.0018 0.9972 -0.0742
vn 0.0001 0.9636 -0.2672
vn -0.0000 0.7032 -0.7110
vn -0.0019 0.2654 -0.9641
vn -0.3754 0.1025 -0.9212
vn -0.3628 0.2443 -0.8993
vn -0.3610 0.4330 -0.8259
vn -0.3621 0.8985 -0.2482
vn -0.3696 0.9270 -0.0637
vn -0.3723 0.9218 0.1077
vn -0.3745 0.9043 0.2049
vn -0.3813 0.9097 0.1645
vn -0.3872 0.9220 0.0038
vn -0.3949 0.9186 0.0150
vn -0.4012 0.9151 0.0413
vn -0.3973 0.9133 0.0896
vn -0.3870 0.9097 0.1506
vn -0.6845 0.6747 0.2760
vn -0.7134 0.6812 0.1645
vn -0.7209 0.6876 0.0865
vn -0.7195 0.6939 0.0302
vn -0.7139 0.7001 0.0114
vn -0.7102 0.7033 0.0300
vn -0.7096 0.7001 0.0790
vn -0.7057 0.6970 0.1274
vn -0.7051 0.6907 0.1606
vn -0.6997 0.6970 0.1570
vn -0.6936 0.7156 0.0827
vn -0.6860 0.7033 -0.1865
vn -0.6777 0.5176 -0.5223
vn -0.6765 0.3363 -0.6552
vn -0.6853 0.1849 -0.7044
vn -0.9210 0.0066 -0.3896
vn -0.9174 0.0372 -0.3963
vn -0.9128 0.0982 -0.3964
vn -0.9089 0.1887 -0.3719
vn -0.9083 0.2949 -0.2967
vn -0.9088 0.3690 -0.1947
vn -0.9142 0.3933 -0.0979
vn -0.9158 0.4013 -0.0190
vn -0.9179 0.3933 0.0527
vn -0.9201 0.3812 0.0904
vn -0.9237 0.3731 0.0866
vn -0.9234 0.3771 0.0715
vn -0.9253 0.3771 0.0415
vn -0.9260 0.3771 0.0189
vn -1.0000 -0.0022 0.0076
vn -1.0000 -0.0064 -0.0002
vn -1.0000 -0.0022 -0.0001
vn -0.8789 -0.4643 -0.1092
vn -0.8769 -0.4681 -0.1093
vn -0.8794 -0.4682 -0.0867
vn -0.8779 -0.4759 -0.0529
vn -0.8795 -0.4759 -0.0076
vn -0.8834 -0.4643 -0.0641
vn -0.9999 0.0109 0.0001
vn -0.8836 -0.4681 0.0113
vn -0.9999 0.0110 -0.0000
vn -0.8798 -0.4643 0.1017
vn -0.6822 -0.7186 0.1351
vn -0.9999 0.0109 -0.0001
vn -0.8833 -0.4212 0.2057
vn -0.6801 -0.6715 0.2941
vn -0.8870 -0.3239 0.3291
vn -0.6782 -0.2865 0.6768
vn -0.8842 -0.1975 0.4234
vn -0.8801 -0.0980 0.4645
vn -0.8815 -0.0327 0.4711
vn -0.8819 -0.0065 0.4714
vn -0.8819 0.0066 0.4714
vn -0.7070 0.0109 0.7071
vn -0.9565 -0.0546 0.2866
vn -0.9565 -0.0546 -0.2866
vn -0.9998 -0.0197 -0.0000
vn -1.0000 0.0022 -0.0075
vn -0.9999 0.0022 -0.0151
vn -0.9999 0.0066 -0.0151
vn -0.9997 0.0196 -0.0151
vn -0.9999 0.0153 -0.0076
vn -0.5388 -0.6585 0.5255
vn -0.7508 -0.4330 0.4988
vn -0.6249 -0.6683 0.4036
vn -0.6858 -0.6748 0.2728
vn -0.8276 -0.4448 0.3424
vn -0.7142 -0.6811 0.1611
vn -0.8668 -0.4526 0.2095
vn -0.7214 -0.6875 0.0829
vn -0.8825 -0.4565 0.1130
vn -0.7193 -0.6939 0.0339
vn -0.8866 -0.4604 0.0453
vn -0.7170 -0.6970 0.0076
vn -0.8834 -0.4682 0.0189
vn -0.7076 -0.7063 -0.0188
vn -0.9997 0.0021 0.0227
vn -0.9986 0.0022 0.0528
vn -0.9709 0.0022 0.2393
vn -0.9210 0.0022 0.3897
vn -0.8650 0.3527 0.3568
vn -0.9062 0.3609 0.2204
vn -0.9265 0.3731 0.0491
vn -0.1741 -0.9847 -0.0000
vn 0.1741 -0.9847 -0.0000
vn 0.3427 -0.9395 -0.0000
vn 0.3424 -0.9396 -0.0000
vn 0.5005 -0.8657 -0.0000
vn 0.5004 -0.8658 -0.0000
vn 0.6434 -0.7655 -0.0000
vn 0.6435 -0.7654 -0.0000
vn 0.7668 -0.6419 -0.0000
vn 0.8667 -0.4989 -0.0000
vn 0.8667 -0.4988 -0.0000
vn 0.9402 -0.3406 -0.0000
vn 0.9403 -0.3404 -0.0000
vn 0.9851 -0.1718 -0.0000
vn 0.9851 0.1718 -0.0000
vn 0.9402 0.3405 -0.0000
vn 0.9402 0.3406 -0.0000
vn 0.8667 0.4989 -0.0000
vn 0.7668 0.6419 -0.0000
vn 0.6434 0.7655 -0.0000
vn 0.5008 0.8656 -0.0000
vn 0.3425 0.9395 -0.0000
vn 0.1739 0.9848 -0.0000
vn -0.1739 0.9848 -0.0000
vn -0.3425 0.9395 -0.0000
vn -0.5008 0.8656 -0.0000
vn -0.6434 0.7655 -0.0000
vn -0.7668 0.6419 -0.0038
vn -0.8668 0.4987 -0.0000
vn -0.3425 -0.9395 -0.0037
vn -0.5004 -0.8658 -0.0000
vn -0.6435 -0.7654 -0.0038
vn -0.7667 -0.6420 -0.0000
vn -0.7668 -0.6419 -0.0000
vn -0.8667 -0.4987 -0.0038
vn -0.9402 -0.3405 -0.0000
vn -0.9402 -0.3407 -0.0000
vn -0.9851 -0.1718 -0.0000
vn -0.9851 0.1718 -0.0000
vn -0.9403 0.3404 -0.0038
vn 0.9952 0.0021 0.0980
vn 0.9952 0.0022 0.0980
vn 0.3827 0.0022 0.9239
vn 0.0980 0.0022 0.9952
vn -0.9952 0.0022 -0.0980
vn -0.0980 0.0022 -0.9952
vn 0.0980 0.0022 -0.9952
vn 0.9952 0.0022 -0.0980
vn 0.0018 0.1674 -0.9859
vn -0.0000 -0.0240 -0.9997
vn 0.0019 0.6147 -0.7888
vn -0.0000 0.9549 -0.2969
vn -0.0000 0.9549 -0.2970
vn 0.0018 -0.2146 -0.9767
vn 0.0038 -0.4013 -0.9159
vn -0.0000 -0.5692 -0.8222
vn -0.0000 -0.8358 -0.5490
vn -0.0000 -0.9269 -0.3752
vn -0.0000 -0.9270 -0.3751
vn -0.0019 -0.9816 -0.1910
vn -0.0000 -0.9988 -0.0481
vn -0.0000 -0.9270 -0.3750
vn 0.0038 -0.4013 -0.9160
vn -0.0980 0.0022 0.9952
vn -0.9952 0.0021 0.0980
vn -0.9952 0.0022 0.0980
vn -0.3827 0.0022 0.9239
vn -0.0000 -0.3073 -0.9516
vn -0.0000 -0.3077 0.9515
vn 0.0037 -0.5867 0.8098
vn -0.7082 0.7060 -0.0000
vn 0.7079 0.7064 -0.0000
vn 0.7080 0.7063 -0.0000
vn 0.7079 -0.7064 -0.0000
vn 0.0019 0.6215 -0.7834
vn -0.0000 -0.0980 -0.9952
vn -0.0000 0.0324 -0.9995
vn 0.0019 0.0895 -0.9960
vn 0.0019 0.0894 -0.9960
vn 0.0037 0.4988 -0.8667
vn 0.0037 0.8657 -0.5006
vn 0.0038 0.8657 0.5005
vn -0.0000 -0.8656 0.5008
vn 0.0019 -0.4988 0.8667
vn -0.0000 -0.1024 0.9947
vn -0.0000 0.0281 0.9996
vn -0.0000 -0.0372 0.9993
vn 0.0017 0.0938 0.9956
vn 0.0019 0.0938 0.9956
vn 0.0037 0.8656 0.5008
vn 0.0038 0.8656 0.5008
vn -0.0000 -0.8657 0.5005
vn 0.0001 -0.8657 0.5006
vn -0.9960 -0.0894 -0.0038
vn -0.6582 0.0633 0.7502
vn -0.9697 0.2444 0.0037
vn -0.6595 0.3771 0.6503
vn -0.6592 0.6519 0.3748
vn -0.6601 0.7512 -0.0001
vn -0.6593 0.6518 -0.3748
vn -0.6595 0.3771 -0.6502
vn -0.6582 0.0635 -0.7502
vn -0.9960 -0.0894 -0.0037
vn 0.9960 -0.0895 -0.0000
vn 0.9696 0.2445 0.0002
vn 0.6610 0.0633 0.7477
vn 0.6569 0.3771 0.6529
vn 0.6592 0.6519 0.3748
vn 0.6601 0.7512 -0.0001
vn 0.6592 0.6519 -0.3748
vn 0.6569 0.3771 -0.6529
vn 0.6610 0.0633 -0.7477
vn 0.9960 -0.0894 -0.0000
vn -0.9873 0.0151 -0.1581
vn -0.9873 0.0153 -0.1579
vn -0.9878 0.0764 -0.1354
vn -0.9891 0.1285 -0.0717
vn -1.0000 -0.0066 -0.0075
vn -0.9886 0.0066 0.1505
vn -0.9874 0.0065 0.1579
vn -0.9878 0.0763 0.1354
vn -0.9878 0.0764 0.1355
vn -0.9885 0.1285 0.0792
vn -0.9891 0.1285 0.0717
vn -0.9887 0.1501 0.0037
vn -0.9885 0.1285 -0.0792
vn 0.9878 0.0763 -0.1355
vn 0.9874 0.0066 -0.1579
vn 0.9886 0.0066 -0.1505
vn 0.9886 0.0066 0.1505
vn 0.9874 0.0066 0.1579
vn 0.9878 0.0764 0.1355
vn 0.9879 0.0763 0.1354
vn 0.9888 0.1285 0.0755
vn 0.9888 0.1285 0.0754
vn 0.9887 0.1501 -0.0000
vn 0.9887 0.1502 -0.0000
vn 0.9888 0.1287 -0.0754
vn 0.9888 0.1285 -0.0754
vn 0.9878 0.0764 -0.1354
vn 0.9938 0.1112 -0.0000
vn 0.9697 -0.2445 -0.0000
vn 0.6726 -0.0546 -0.7380
vn 0.6587 -0.3731 -0.6534
vn 0.6518 -0.6552 -0.3820
vn 0.6469 -0.7626 -0.0000
vn 0.6517 -0.6552 0.3821
vn 0.6587 -0.3731 0.6534
vn 0.6726 -0.0546 0.7380
vn 0.9938 0.1112 -0.0001
vn -0.9938 0.1112 0.0038
vn -0.6698 -0.0546 -0.7405
vn -0.9697 -0.2444 0.0038
vn -0.6587 -0.3731 -0.6534
vn -0.6518 -0.6552 -0.3820
vn -0.6469 -0.7626 -0.0000
vn -0.6517 -0.6551 0.3821
vn -0.6587 -0.3731 0.6534
vn -0.6698 -0.0546 0.7405
vn -0.9938 0.1111 0.0037
vn -0.7715 0.5617 0.2987
vn -0.5615 0.7711 0.3002
vn -0.5811 0.8007 0.1456
vn -0.3040 0.9410 0.1487
vn -0.2951 0.9079 0.2977
vn 0.0018 0.9890 0.1480
vn -0.0000 0.9536 0.3010
vn -0.8016 0.5797 0.1463
vn -0.0000 1.0000 0.0001
vn 0.3094 0.9509 -0.0003
vn 0.5883 0.8086 -0.0000
vn 0.9516 0.3074 -0.0001
vn 0.9880 0.1545 -0.0000
vn 0.9880 0.1546 -0.0000
vn 0.9397 0.3073 0.1503
vn 0.9765 0.1545 0.1504
vn 0.9083 0.2949 0.2967
vn 0.9429 0.1502 0.2972
vn 0.7702 0.5617 0.3022
vn 0.8010 0.5796 0.1499
vn 0.5801 0.8007 0.1493
vn 0.3056 0.9410 0.1454
vn 0.2951 0.9079 0.2978
vn 0.5633 0.7710 0.2970
vn -0.7716 0.5616 0.2987
vn -0.8017 0.5796 0.1462
vn -0.8526 0.4330 0.2925
vn -0.8810 0.4487 0.1501
vn -0.8917 0.4526 -0.0037
vn -0.8917 0.4526 -0.0038
vn 0.2957 0.0459 -0.9542
vn 0.0679 0.2189 -0.9734
vn 0.2775 0.0895 -0.9566
vn 0.2391 0.1718 -0.9557
vn 0.1727 0.2401 -0.9553
vn 0.0885 0.2823 -0.9552
vn -0.0000 0.2951 -0.9555
vn -0.0923 0.2823 -0.9549
vn -0.1727 0.2401 -0.9553
vn -0.2133 0.2103 -0.9541
vn 0.9219 0.2990 0.2463
vn 0.7850 0.5689 0.2452
vn 0.2493 0.7738 0.5823
vn 0.5706 0.7847 0.2422
vn 0.8098 0.5868 -0.0000
vn 0.3009 0.9220 0.2437
vn -0.0019 0.9702 0.2422
vn 0.0001 1.0000 -0.0000
vn -0.3032 0.9220 0.2408
vn -0.5692 0.7847 0.2454
vn 0.9593 0.1502 0.2391
vn -0.6852 0.6875 0.2405
vn 0.0019 0.0895 0.9960
vn 0.0020 0.0895 0.9960
vn 0.0019 0.0894 0.9960
vn -0.7734 0.5832 0.2485
vn -0.5601 0.7954 0.2314
vn -0.5801 0.8111 0.0752
vn -0.3063 0.9496 0.0671
vn -0.2933 0.9302 0.2205
vn -0.0000 0.9981 0.0614
vn 0.0038 0.9772 0.2124
vn -0.7986 0.5938 0.0978
vn -0.5872 0.8059 -0.0751
vn -0.8083 0.5867 -0.0490
vn -0.3103 0.9468 -0.0854
vn 0.3112 0.9468 -0.0818
vn 0.3113 0.9468 -0.0818
vn 0.5872 0.8059 -0.0751
vn 0.8081 0.5867 -0.0527
vn 0.9511 0.3074 -0.0301
vn 0.9511 0.3074 -0.0302
vn 0.9511 -0.3074 0.0302
vn 0.8081 -0.5867 0.0528
vn 0.5881 -0.8059 0.0679
vn 0.3111 -0.9468 0.0824
vn 0.3110 -0.9468 0.0824
vn -0.0001 -0.9962 0.0873
vn 0.0001 -0.9962 0.0873
vn -0.3102 -0.9468 0.0861
vn -0.3102 -0.9468 0.0860
vn -0.5881 -0.8059 0.0679
vn -0.8081 -0.5867 0.0527
vn -0.8081 -0.5867 0.0528
vn -0.9511 -0.3074 0.0302
vn -0.9511 0.3074 -0.0302
vn -0.9511 0.3073 -0.0302
vn -0.9412 0.3157 0.1204
vn -0.7987 0.5937 0.0978
vn -0.9077 0.3198 0.2715
vn -0.9543 0.0284 0.2974
vn -0.9886 0.0110 0.1504
vn -0.9411 -0.2907 0.1728
vn -0.7998 -0.5653 0.2019
vn -0.5802 -0.7847 0.2183
vn -0.3046 -0.9237 0.2325
vn 0.0038 -0.9723 0.2337
vn 0.3046 -0.9237 0.2325
vn 0.5814 -0.7847 0.2148
vn 0.7998 -0.5653 0.2020
vn 0.9411 -0.2907 0.1728
vn 0.9886 0.0109 0.1504
vn 0.9412 0.3157 0.1204
vn 0.7986 0.5938 0.0979
vn 0.5801 0.8111 0.0751
vn 0.3062 0.9496 0.0671
vn 0.2955 0.9302 0.2176
vn 0.5615 0.7955 0.2280
vn 0.7719 0.5868 0.2448
vn 0.7719 0.5867 0.2449
vn 0.9067 0.3198 0.2751
vn 0.9543 0.0282 0.2974
vn 0.9074 -0.2655 0.3258
vn 0.7731 -0.5324 0.3447
vn 0.5621 -0.7424 0.3645
vn 0.5620 -0.7425 0.3645
vn 0.2962 -0.8785 0.3749
vn -0.2932 -0.8785 0.3772
vn -0.5600 -0.7425 0.3676
vn -0.7730 -0.5325 0.3448
vn -0.7731 -0.5324 0.3447
vn -0.9074 -0.2655 0.3258
vn 0.2410 0.0895 -0.9664
vn 0.2830 0.0066 -0.9591
vn 0.0019 -0.0895 -0.9960
vn 0.2921 -0.0851 -0.9526
vn 0.2810 -0.1760 -0.9434
vn 0.2392 -0.2571 -0.9363
vn 0.1728 -0.3198 -0.9316
vn 0.0885 -0.3650 -0.9268
vn -0.0019 -0.3771 -0.9262
vn -0.0923 -0.3650 -0.9264
vn -0.1729 -0.3198 -0.9316
vn -0.2391 -0.2570 -0.9363
vn -0.2775 -0.1760 -0.9445
vn -0.2957 -0.0851 -0.9515
vn -0.2830 0.0066 -0.9591
vn -0.2374 0.0895 -0.9673
vn -0.1765 0.1545 -0.9721
vn -0.0885 0.1932 -0.9772
vn 0.0038 0.2103 -0.9776
vn 0.0923 0.1932 -0.9768
vn 0.1765 0.1545 -0.9721
vn 0.7835 0.5903 0.1943
vn 0.9223 0.3198 0.2169
vn 0.5705 0.8033 0.1708
vn 0.5881 0.8059 -0.0676
vn 0.2988 0.9410 0.1588
vn -0.0000 0.9877 0.1565
vn -0.2970 0.9410 0.1621
vn -0.5695 0.8033 0.1743
vn -0.5881 0.8059 -0.0676
vn -0.7834 0.5903 0.1943
vn -0.8082 0.5868 -0.0490
vn 0.9707 0.0197 0.2393
vn 0.9511 -0.3074 0.0301
vn 0.9223 -0.2780 0.2683
vn 0.7857 -0.5471 0.2887
vn 0.5709 -0.7597 0.3113
vn 0.2973 -0.8985 0.3228
vn -0.0001 -0.9961 0.0878
vn -0.0020 -0.9454 0.3260
vn -0.3002 -0.8985 0.3202
vn -0.5726 -0.7598 0.3081
vn -0.7857 -0.5471 0.2887
vn 0.0019 0.0893 0.9960
vn -0.9511 -0.3074 0.0301
vn -0.9234 -0.2781 0.2647
vn -0.9707 0.0197 0.2393
vn -0.9232 0.3198 0.2131
vn -0.7835 0.5902 0.1943
vn 0.0018 -0.0894 -0.9960
vn 0.0020 -0.0895 -0.9960
vn 0.0019 -0.0894 -0.9960
vn 0.0017 -0.0893 -0.9960
vn -0.0000 0.0328 0.9995
vn -0.0000 0.0327 0.9995
vn -0.0000 0.0329 0.9995
vn -0.7716 0.5725 0.2773
vn -0.5620 0.7820 0.2695
vn -0.5799 0.8059 0.1197
vn -0.3055 0.9453 0.1139
vn -0.2934 0.9168 0.2708
vn -0.0001 0.9936 0.1129
vn -0.0000 0.9635 0.2676
vn -0.7991 0.5867 0.1313
vn -0.5879 0.8085 -0.0264
vn -0.8095 0.5868 -0.0188
vn -0.5879 0.8085 -0.0263
vn -0.8096 0.5867 -0.0189
vn -0.3076 0.9509 -0.0337
vn 0.0037 0.9994 -0.0347
vn 0.3080 0.9509 -0.0300
vn 0.3080 0.9509 -0.0301
vn 0.5877 0.8085 -0.0301
vn 0.5878 0.8085 -0.0301
vn 0.8095 0.5867 -0.0226
vn 0.8916 0.4526 -0.0151
vn 0.7997 0.5868 0.1275
vn 0.8825 0.4527 0.1278
vn 0.7704 0.5724 0.2808
vn 0.8501 0.4449 0.2817
vn 0.0037 0.9994 -0.0348
vn 0.7703 0.5725 0.2808
vn 0.5620 0.7820 0.2694
vn 0.5799 0.8058 0.1197
vn 0.3042 0.9454 0.1173
vn 0.2959 0.9168 0.2680
vn -0.9089 0.3032 0.2862
vn -0.9400 0.3115 0.1391
vn -0.9438 0.1588 0.2900
vn -0.9769 0.1588 0.1429
vn -0.9515 0.3073 -0.0151
vn -0.9880 0.1545 -0.0075
vn -0.9516 0.3074 -0.0076
vn -0.9880 0.1545 -0.0076
vn 0.2974 0.0153 -0.9546
vn 0.0018 0.1631 -0.9866
vn 0.2811 0.0589 -0.9579
vn 0.2392 0.1415 -0.9606
vn 0.1708 0.2061 -0.9635
vn 0.0942 0.2486 -0.9640
vn -0.0000 0.2613 -0.9653
vn -0.0942 0.2486 -0.9640
vn -0.1745 0.2060 -0.9629
vn -0.2392 0.1415 -0.9606
vn -0.2775 0.0590 -0.9589
vn -0.2975 0.0153 -0.9546
vn 0.8916 0.4527 -0.0151
vn 0.7837 0.5796 0.2233
vn 0.8652 0.4487 0.2240
vn -0.1252 0.8033 0.5823
vn 0.5707 0.7928 0.2138
vn 0.2999 0.9302 0.2115
vn -0.0018 0.9781 0.2082
vn 0.0036 0.9994 -0.0348
vn -0.3021 0.9302 0.2083
vn -0.5707 0.7928 0.2142
vn -0.7847 0.5797 0.2197
vn -0.8096 0.5867 -0.0188
vn -0.1252 0.8034 0.5822
vn -0.9597 0.1588 0.2318
vn -0.9516 0.3073 -0.0075
vn -0.9230 0.3072 0.2317
vn -0.1251 0.8033 0.5823
vn -0.7847 0.5796 0.2197
vn -0.0000 -0.0329 -0.9995
vn -0.0000 -0.0328 -0.9995
vn -0.0000 -0.0327 -0.9995
vn 0.6937 -0.1155 -0.7110
vn 0.7949 -0.1025 -0.5980
vn 0.7449 -0.2146 -0.6317
vn 0.8212 -0.1588 -0.5481
vn 0.8264 -0.3568 -0.4356
vn 0.8747 -0.2697 -0.4027
vn 0.8868 -0.4370 -0.1504
vn 0.9640 -0.0502 -0.2612
vn 0.9701 -0.0720 -0.2319
vn 0.9697 -0.0764 0.2320
vn 0.9618 -0.0546 0.2684
vn 0.7940 -0.1068 0.5984
vn 0.8253 -0.1588 0.5419
vn 0.6980 -0.1199 0.7060
vn 0.7457 -0.2103 0.6322
vn 0.8747 -0.2697 0.4027
vn 0.8265 -0.3568 0.4355
vn 0.9207 -0.3568 0.1579
vn 0.8868 -0.4370 0.1504
vn 0.9207 -0.3569 -0.1579
vn 0.9823 -0.1112 -0.1505
vn 0.9870 -0.1459 -0.0679
vn 0.9863 -0.1502 0.0679
vn 0.9795 -0.1155 0.1653
vn 0.6937 -0.1156 -0.7110
vn 0.7450 -0.2146 -0.6316
vn 0.9697 -0.0764 0.2319
vn 0.9617 -0.0546 0.2685
vn 0.7457 -0.2103 0.6323
vn 0.8264 -0.3568 0.4357
vn 0.9207 -0.3568 -0.1579
vn 0.9870 -0.1458 -0.0679
vn 0.9863 -0.1501 0.0679
vn 0.2758 0.0022 0.9612
vn 0.1430 0.0022 0.9897
vn -0.1430 0.0022 0.9897
vn -0.2758 0.0022 0.9612
vn 0.2831 0.0022 -0.9591
vn 0.1430 0.0022 -0.9897
vn -0.1430 0.0022 -0.9897
vn -0.2831 0.0022 -0.9591
vn -0.6963 -0.1155 0.7083
vn -0.7949 -0.1025 0.5981
vn -0.7474 -0.2146 0.6288
vn -0.8212 -0.1588 0.5481
vn -0.8281 -0.3567 0.4324
vn -0.8762 -0.2697 0.3993
vn -0.8868 -0.4370 0.1504
vn -0.9630 -0.0502 0.2648
vn -0.9701 -0.0720 0.2319
vn -0.9697 -0.0764 -0.2319
vn -0.9627 -0.0546 -0.2649
vn -0.7918 -0.1068 -0.6014
vn -0.8253 -0.1588 -0.5419
vn -0.6980 -0.1199 -0.7060
vn -0.7481 -0.2103 -0.6294
vn -0.8763 -0.2697 -0.3992
vn -0.8281 -0.3568 -0.4324
vn -0.9214 -0.3568 -0.1541
vn -0.8868 -0.4370 -0.1504
vn -0.9214 -0.3568 0.1541
vn -0.9818 -0.1112 0.1542
vn -0.9872 -0.1459 0.0642
vn -0.9861 -0.1502 -0.0716
vn -0.9790 -0.1150 -0.1685
vn -0.6964 -0.1155 0.7083
vn -0.7948 -0.1025 0.5981
vn -0.7474 -0.2145 0.6288
vn -0.9630 -0.0502 0.2649
vn -0.9628 -0.0546 -0.2648
vn -0.7918 -0.1069 -0.6014
vn -0.8253 -0.1588 -0.5420
vn -0.7480 -0.2104 -0.6294
vn -0.8762 -0.2697 -0.3993
vn -0.9214 -0.3568 -0.1542
vn -0.9214 -0.3568 0.1542
vn -0.8868 -0.4370 0.1503
vn -0.8763 -0.2697 0.3992
vn -0.8281 -0.3568 0.4324
vn -0.9788 -0.1155 -0.1689
vn -0.7073 -0.7032 -0.0717
vn -0.7118 -0.6485 -0.2698
vn -0.7152 -0.4949 -0.4935
vn -0.7153 -0.2697 -0.6447
vn -0.7095 -0.0677 -0.7015
vn -0.7095 0.0677 -0.7015
vn -0.7133 0.2697 -0.6468
vn -0.7134 0.2697 -0.6468
vn -0.7135 0.4949 -0.4960
vn -0.7136 0.4948 -0.4960
vn -0.7132 0.6486 -0.2658
vn -0.7133 0.6485 -0.2659
vn -0.7077 0.7032 -0.0678
vn -0.0000 -0.0978 -0.9952
vn -0.0000 0.0977 -0.9952
vn -0.0000 0.9236 -0.3833
vn 0.0018 0.9954 -0.0960
vn -0.3687 0.0022 -0.9296
vn 0.2970 0.9549 -0.0000
vn 0.3872 0.9220 -0.0000
vn 0.4854 0.8743 -0.0000
vn 0.5518 0.8334 -0.0301
vn 0.7350 0.6780 -0.0076
vn 0.8733 0.4872 -0.0001
vn 0.8776 0.4794 -0.0000
vn 0.9475 0.3198 -0.0000
vn 0.9707 0.2401 -0.0000
vn 0.9917 0.1285 -0.0000
vn 0.9917 0.1287 -0.0000
vn 0.2718 0.9624 -0.0000
vn -0.2718 0.9624 0.0037
vn -0.2970 0.9549 -0.0000
vn -0.4853 0.8743 -0.0038
vn -0.5520 0.8335 -0.0264
vn -0.7350 0.6780 -0.0113
vn -0.8732 0.4873 0.0037
vn -0.8774 0.4797 0.0038
vn -0.9707 0.2401 -0.0000
vn -0.9475 0.3198 -0.0037
vn -0.9917 0.1285 -0.0038
vn -0.5743 0.0022 0.8187
vn -0.4446 0.0109 0.8957
vn -0.2975 0.0022 0.9547
vn 0.2975 0.0022 0.9547
vn 0.4978 -0.0022 0.8673
vn 0.4241 -0.0022 0.9056
vn 0.5804 -0.0022 0.8143
vn 0.6108 0.0021 0.7918
vn 0.9653 0.0022 0.2612
vn 0.9653 0.0022 -0.2612
vn 0.6107 0.0022 0.7918
vn -0.4978 -0.0022 0.8673
vn -0.6108 0.0022 0.7918
vn -0.9653 0.0022 0.2612
vn -0.9653 0.0022 -0.2612
vn -0.4978 0.0021 -0.8673
vn -0.6108 -0.0022 -0.7918
vn -0.5618 0.0022 -0.8273
vn -0.2903 0.0022 -0.9569
vn 0.1280 0.0022 -0.9918
vn 0.2903 0.0022 -0.9569
vn 0.5618 0.0022 -0.8273
vn 0.4978 0.0021 -0.8673
vn 0.6107 0.0022 -0.7918
vn 0.6108 -0.0022 -0.7918
vn 0.6108 0.0022 -0.7918
vn 0.9652 0.0022 -0.2613
vn -0.6108 0.0024 0.7918
vn -0.6107 0.0022 0.7918
vn -0.6107 -0.0022 -0.7918
vn -0.6108 0.0022 -0.7918
vn 0.3687 0.0022 -0.9296
vn -0.3827 -0.0022 0.9239
vn -0.3757 -0.0022 0.9267
vn 0.3687 0.0022 0.9296
vn 0.3827 0.0021 0.9239
vn 0.2567 0.8033 -0.5374
vn 0.1467 0.9237 -0.3540
vn 0.1040 0.9762 -0.1901
vn 0.1188 0.9862 -0.1149
vn 0.1416 0.9862 -0.0853
vn 0.3009 0.9253 -0.2307
vn 0.2322 0.9253 -0.2997
vn 0.2321 0.9253 -0.2998
vn 0.1592 0.9863 -0.0442
vn 0.1652 0.9863 -0.0000
vn 0.1592 0.9863 0.0442
vn 0.1416 0.9862 0.0853
vn 0.3497 0.9254 0.1463
vn 0.3498 0.9253 0.1464
vn 0.3498 0.9253 -0.1464
vn 0.3497 0.9254 -0.1463
vn 0.3755 0.9253 -0.0524
vn 0.3755 0.9253 0.0524
vn 0.1188 0.9862 0.1149
vn 0.1022 0.9862 0.1299
vn 0.3009 0.9253 0.2307
vn 0.2322 0.9253 0.2997
vn -0.2708 0.8007 -0.5343
vn -0.1466 0.9237 -0.3540
vn -0.1040 0.9762 -0.1901
vn -0.1162 0.9863 -0.1175
vn -0.1435 0.9862 -0.0821
vn -0.1602 0.9862 -0.0407
vn -0.1653 0.9862 0.0038
vn -0.3760 0.9253 -0.0487
vn -0.3760 0.9254 -0.0487
vn -0.2292 0.9253 -0.3020
vn -0.2986 0.9253 -0.2337
vn -0.2986 0.9253 -0.2336
vn -0.3512 0.9253 -0.1429
vn -0.1601 0.9863 0.0407
vn -0.3760 0.9253 0.0487
vn -0.3761 0.9253 0.0487
vn -0.1433 0.9863 0.0821
vn -0.3512 0.9253 0.1429
vn -0.1162 0.9863 0.1174
vn -0.2986 0.9253 0.2337
vn -0.0993 0.9862 0.1321
vn -0.2292 0.9253 0.3020
vn 0.9917 0.1288 -0.0000
vn 0.9640 0.2658 -0.0000
vn 0.8733 0.4872 -0.0000
vn 0.8816 0.4720 -0.0000
vn 0.7378 0.6750 -0.0002
vn 0.7942 0.6077 -0.0000
vn 0.7231 0.6907 -0.0000
vn 0.6095 0.7928 -0.0000
vn 0.4192 0.9079 -0.0000
vn 0.5231 0.8523 -0.0000
vn 0.3832 0.9236 -0.0000
vn 0.2507 0.9681 -0.0000
vn 0.2675 0.9636 -0.0000
vn 0.1307 0.9914 -0.0000
vn -0.0001 1.0000 -0.0001
vn -0.1263 0.9920 -0.0037
vn -0.2465 0.9691 -0.0000
vn -0.2675 0.9635 -0.0000
vn -0.3832 0.9236 -0.0000
vn -0.4192 0.9079 -0.0002
vn -0.5232 0.8522 -0.0000
vn -0.6095 0.7928 -0.0000
vn -0.7380 0.6747 -0.0037
vn -0.7231 0.6907 -0.0038
vn -0.7942 0.6077 -0.0000
vn -0.8816 0.4720 -0.0000
vn -0.8732 0.4873 -0.0037
vn -0.9641 0.2655 -0.0037
vn -0.9917 0.1286 -0.0037
vn -0.9918 0.0021 -0.1280
vn 0.6107 0.0022 -0.7919
vn -0.6107 0.0022 -0.7918
vn -0.6107 0.0022 -0.7919
vn -0.5231 0.8523 -0.0000
vn -0.2718 0.9624 -0.0037
vn -0.1783 0.9840 -0.0000
vn 0.9239 -0.0022 -0.3827
vn 0.7918 0.0022 -0.6107
vn 0.7918 0.0022 -0.6108
vn -0.7918 0.0022 -0.6108
vn -0.7918 0.0022 0.6108
vn -0.7918 0.0023 0.6108
vn -0.6107 0.0022 0.7919
vn -0.1280 -0.0022 0.9918
vn 0.1280 -0.0022 0.9918
vn 0.6108 0.0022 0.7918
vn 0.6107 0.0022 0.7919
vn 0.7918 0.0022 0.6108
vn 0.7918 0.0023 0.6108
vn 0.1591 -0.9862 -0.0449
vn 0.1651 -0.9863 -0.0000
vn 0.1591 -0.9862 0.0449
vn 0.1447 -0.9862 0.0799
vn 0.1174 -0.9863 0.1162
vn 0.0816 -0.9863 0.1437
vn 0.0394 -0.9862 0.1605
vn 0.0018 -0.9862 0.1653
vn -0.0431 -0.9862 0.1596
vn -0.0848 -0.9862 0.1419
vn -0.1149 -0.9862 0.1188
vn -0.1428 -0.9863 0.0831
vn -0.1600 -0.9863 0.0413
vn -0.1652 -0.9863 0.0038
vn -0.1601 -0.9862 -0.0412
vn -0.1428 -0.9863 -0.0832
vn -0.1148 -0.9862 -0.1189
vn -0.0848 -0.9862 -0.1419
vn -0.0431 -0.9862 -0.1596
vn 0.0019 -0.9863 -0.1652
vn 0.0394 -0.9862 -0.1605
vn 0.0815 -0.9863 -0.1437
vn 0.1175 -0.9863 -0.1162
vn 0.1447 -0.9862 -0.0799
vn 0.3494 -0.9253 -0.1473
vn 0.3755 -0.9253 -0.0527
vn 0.3755 -0.9253 0.0527
vn 0.3755 -0.9253 0.0528
vn 0.3494 -0.9253 0.1472
vn 0.3493 -0.9254 0.1472
vn 0.2999 -0.9253 0.2320
vn 0.3000 -0.9253 0.2319
vn 0.2304 -0.9253 0.3011
vn 0.2305 -0.9255 0.3007
vn 0.1455 -0.9253 0.3501
vn 0.0509 -0.9253 0.3757
vn -0.0471 -0.9253 0.3762
vn -0.1420 -0.9254 0.3515
vn -0.1420 -0.9253 0.3515
vn -0.2334 -0.9253 0.2988
vn -0.3022 -0.9253 0.2289
vn -0.3508 -0.9253 0.1438
vn -0.3760 -0.9253 0.0490
vn -0.3760 -0.9253 -0.0490
vn -0.3508 -0.9253 -0.1438
vn -0.3023 -0.9253 -0.2289
vn -0.3022 -0.9253 -0.2289
vn -0.2334 -0.9253 -0.2988
vn -0.1421 -0.9253 -0.3515
vn -0.1420 -0.9254 -0.3515
vn -0.0472 -0.9253 -0.3762
vn 0.0509 -0.9254 -0.3757
vn 0.0509 -0.9253 -0.3757
vn 0.1455 -0.9253 -0.3501
vn 0.1455 -0.9254 -0.3500
vn 0.2304 -0.9253 -0.3011
vn 0.2304 -0.9254 -0.3011
vn 0.2999 -0.9253 -0.2319
vn 0.2999 -0.9254 -0.2319
vn 0.6048 0.0022 0.7964
vn 0.6047 0.0022 0.7964
vn 0.7918 0.0022 0.6107
vn -0.1355 0.0022 -0.9908
vn 0.9908 0.0022 0.1355
vn -0.7964 0.0022 -0.6047
vn -0.9239 -0.0022 -0.3827
vn -0.9908 0.0022 0.1355
vn 0.1355 0.0022 -0.9908
vn -0.6048 0.0022 0.7964
vn -0.6047 0.0022 0.7964
vn -0.6048 0.0022 -0.7964
vn -0.6047 0.0022 -0.7964
vn -0.7918 0.0022 -0.6107
vn -0.9239 0.0021 -0.3827
vn 0.1355 0.0022 0.9908
vn -0.9908 0.0022 -0.1355
vn -0.1446 0.9253 0.3505
vn -0.1447 0.9253 0.3505
vn 0.6108 -0.0022 0.7918
vn 0.7964 0.0022 0.6048
vn -0.7964 0.0022 0.6048
vn 0.1481 0.9253 0.3490
vn -0.6108 -0.0022 0.7918
vn -0.6107 0.0021 0.7919
vn -0.6107 -0.0022 0.7918
vn 0.9908 0.0022 -0.1355
vn -0.1355 0.0022 0.9908
vn 0.6048 0.0022 -0.7964
vn 0.4513 0.0022 0.8924
vn -0.4513 0.0022 0.8924
vn -0.4513 0.0022 -0.8924
vn 0.4513 0.0022 -0.8924
vn -0.0019 -0.1459 0.9893
vn -0.0019 -0.1458 0.9893
vn 0.0038 -0.5213 0.8534
vn -0.0000 -0.7216 0.6923
vn -0.7386 -0.6714 0.0604
vn -0.4717 -0.8806 0.0453
vn -0.8617 -0.5063 0.0339
vn -0.5986 -0.8007 0.0227
vn -0.9177 -0.3972 0.0038
vn -0.9844 -0.1761 0.0037
vn -0.9718 -0.2359 0.0038
vn -0.9569 -0.0110 -0.2901
vn -0.9999 -0.0109 0.0076
vn 0.4510 0.8887 -0.0823
vn 0.6721 0.7395 -0.0377
vn 0.5960 0.8007 -0.0602
vn 0.8198 0.5725 -0.0151
vn 0.8147 0.5796 -0.0151
vn 0.9070 0.4212 -0.0000
vn 0.9622 0.2655 -0.0603
vn 0.9812 0.1932 0.0001
vn 0.9934 0.0459 -0.1055
vn 0.9926 0.0153 0.1205
vn 0.9055 -0.0153 -0.4241
vn -0.6919 0.2232 0.6866
vn -0.6781 0.2739 0.6821
vn -0.6271 0.4172 0.6578
vn -0.6004 0.4644 0.6511
vn -0.4747 0.6077 0.6367
vn -0.4344 0.6419 0.6319
vn -0.2968 0.8261 0.4790
vn -0.2459 0.8499 0.4660
vn -0.0297 0.9876 0.1538
vn -0.0000 0.9935 0.1134
vn 0.7386 -0.6714 0.0604
vn 0.8618 -0.5063 0.0302
vn 0.4718 -0.8806 0.0453
vn 0.5986 -0.8007 0.0227
vn 0.9194 -0.3933 0.0075
vn 0.9844 -0.1762 0.0001
vn 0.9718 -0.2359 -0.0000
vn 0.9591 -0.0066 -0.2830
vn 0.9999 -0.0109 0.0076
vn 0.9511 0.3073 -0.0302
vn 0.9511 0.3073 -0.0301
vn -0.4517 0.8887 -0.0786
vn -0.5995 0.7981 -0.0602
vn -0.6718 0.7395 -0.0414
vn -0.8199 0.5724 -0.0113
vn -0.8147 0.5796 -0.0188
vn -0.9070 0.4212 0.0037
vn -0.9625 0.2655 -0.0565
vn -0.9811 0.1932 0.0038
vn -0.9935 0.0502 -0.1018
vn -0.9926 0.0153 0.1205
vn -0.9055 -0.0153 -0.4241
vn -0.9935 0.0502 -0.1017
vn 0.6919 0.2232 0.6866
vn 0.6244 0.4172 0.6604
vn 0.6807 0.2739 0.6794
vn 0.6006 0.4644 0.6508
vn 0.4744 0.6078 0.6368
vn 0.4375 0.6420 0.6297
vn 0.2968 0.8261 0.4790
vn 0.2459 0.8499 0.4660
vn 0.0296 0.9877 0.1538
vn -0.1280 0.0021 0.9918
vn -0.1281 0.0021 0.9918
vn 0.1281 -0.0021 0.9918
vn 0.9918 -0.0022 0.1280
vn 0.9918 -0.0022 -0.1280
vn 0.9934 0.0458 -0.1056
vn 0.8673 -0.0022 -0.4978
vn 0.4978 -0.0022 -0.8673
vn 0.1281 -0.0022 -0.9918
vn 0.1280 -0.0022 -0.9918
vn -0.9926 0.0153 0.1207
vn -0.0296 0.9877 0.1538
vn -0.0000 0.9936 0.1133
vn 0.0297 0.9877 0.1537
vn -0.9998 -0.0196 0.0075
vn -0.9569 -0.0109 -0.2903
vn -0.8010 0.0022 -0.5987
vn 0.2791 0.0808 0.9569
vn 0.0189 0.1198 0.9926
vn 0.1279 0.1069 0.9860
vn -0.0191 0.1192 0.9927
vn -0.1279 0.1069 0.9860
vn -0.2792 0.0808 0.9568
vn 0.8010 0.0022 -0.5987
vn 0.9977 -0.0022 -0.0679
vn 0.9997 -0.0239 -0.0000
vn -0.0019 0.1803 -0.9836
vn 0.7088 -0.6715 -0.2160
vn 0.7088 -0.6715 0.2160
vn 0.7088 -0.6714 -0.2162
vn 0.7057 -0.5725 -0.4175
vn 0.7056 -0.5725 -0.4176
vn 0.7058 -0.4172 -0.5725
vn 0.7084 -0.2189 -0.6710
vn 0.7084 0.2189 -0.6710
vn 0.7063 0.4172 -0.5719
vn 0.7060 0.5725 -0.4170
vn 0.7089 0.6715 -0.2157
vn 0.7089 0.6715 0.2157
vn 0.7059 0.5726 0.4170
vn 0.7061 0.5725 0.4167
vn 0.7063 0.4172 0.5719
vn 0.7084 0.2189 0.6710
vn 0.7084 0.2188 0.6710
vn 0.7071 -0.0022 0.7071
vn 0.7084 -0.2189 0.6710
vn 0.7058 -0.4171 0.5726
vn 0.7058 -0.4172 0.5725
vn 0.7056 -0.5725 0.4176
vn 0.7056 -0.5725 0.4175
vn 0.7088 -0.6715 0.2159
vn 0.7059 0.5725 -0.4171
vn 0.7059 0.5725 -0.4170
vn 0.7064 0.4172 -0.5719
vn 0.7059 0.5726 0.4171
vn 0.7058 0.5726 0.4170
vn 0.7063 0.4173 0.5719
vn 0.7063 0.4173 0.5718
vn 0.7085 0.2188 0.6709
vn 0.7084 0.2190 0.6710
vn 0.7083 -0.2189 0.6711
vn 0.7054 -0.5726 -0.4178
vn -0.7088 -0.6715 -0.2160
vn -0.7056 -0.5725 -0.4176
vn -0.7088 -0.6715 0.2160
vn -0.7056 -0.5726 0.4175
vn -0.7056 -0.5725 0.4176
vn -0.7058 -0.4172 0.5725
vn -0.7084 -0.2189 0.6710
vn -0.7085 -0.2188 0.6710
vn -0.7071 -0.0022 0.7071
vn -0.7084 0.2188 0.6710
vn -0.7084 0.2189 0.6710
vn -0.7087 0.4171 0.5690
vn -0.7087 0.4172 0.5689
vn -0.7078 0.5725 0.4138
vn -0.7079 0.5725 0.4138
vn -0.7078 0.6715 0.2193
vn -0.7078 0.7064 -0.0000
vn -0.7078 0.6715 -0.2193
vn -0.7078 0.5725 -0.4138
vn -0.7087 0.4172 -0.5689
vn -0.7084 0.2189 -0.6710
vn -0.7084 -0.2189 -0.6710
vn -0.7058 -0.4172 -0.5725
vn -0.7078 0.6715 -0.2192
vn -0.7087 0.4172 -0.5690
vn -0.7054 -0.5726 -0.4178
vn -0.7079 -0.7063 -0.0037
vn -0.7056 -0.5725 0.4175
vn -0.7085 0.2188 0.6710
vn -0.7078 0.6716 0.2191
vn 0.4045 0.4797 -0.7786
vn 0.3112 0.5398 -0.7821
vn 0.3112 0.5398 -0.7822
vn 0.2141 0.5868 -0.7809
vn 0.4785 0.4013 -0.7810
vn 0.5441 0.3115 -0.7791
vn 0.5440 0.3116 -0.7791
vn 0.5859 0.2146 -0.7814
vn 0.6157 0.1068 -0.7807
vn 0.6157 0.1070 -0.7807
vn 0.6227 0.0022 -0.7825
vn 0.6148 -0.1068 -0.7814
vn 0.5859 -0.2146 -0.7814
vn 0.5860 -0.2146 -0.7814
vn 0.5440 -0.3115 -0.7791
vn 0.4775 -0.4013 -0.7817
vn 0.4775 -0.4013 -0.7816
vn 0.4033 -0.4797 -0.7792
vn 0.4034 -0.4797 -0.7792
vn 0.3099 -0.5398 -0.7827
vn 0.2127 -0.5868 -0.7813
vn 0.1055 -0.6147 -0.7817
vn 0.0019 -0.6250 -0.7807
vn 0.1072 0.6147 -0.7814
vn 0.0037 0.6250 -0.7806
vn 0.0038 0.6250 -0.7806
vn -0.1109 0.6147 -0.7809
vn -0.2105 0.5867 -0.7819
vn -0.2105 0.5867 -0.7820
vn -0.3147 0.5398 -0.7808
vn -0.3148 0.5398 -0.7808
vn -0.4013 0.4797 -0.7803
vn -0.4012 0.4797 -0.7803
vn -0.4817 0.4013 -0.7791
vn -0.5410 0.3115 -0.7812
vn -0.5889 0.2146 -0.7792
vn -0.6157 0.1070 -0.7807
vn -0.6157 0.1068 -0.7807
vn -0.6227 0.0022 -0.7825
vn -0.6177 -0.1069 -0.7791
vn -0.6178 -0.1068 -0.7790
vn -0.5889 -0.2146 -0.7792
vn -0.5410 -0.3116 -0.7812
vn -0.4775 -0.4013 -0.7816
vn -0.4774 -0.4013 -0.7817
vn -0.4034 -0.4797 -0.7792
vn -0.4033 -0.4797 -0.7792
vn -0.3099 -0.5398 -0.7826
vn -0.3099 -0.5398 -0.7827
vn -0.2126 -0.5868 -0.7813
vn -0.2126 -0.5867 -0.7814
vn -0.1055 -0.6147 -0.7817
vn 0.6436 0.7654 -0.0000
vn 0.5005 0.8657 -0.0000
vn 0.7667 0.6420 -0.0000
vn 0.8667 0.4988 -0.0000
vn 0.9851 0.1717 -0.0000
vn 0.9402 -0.3405 -0.0000
vn 0.7667 -0.6420 -0.0000
vn 0.6436 -0.7654 -0.0000
vn 0.6433 -0.7656 -0.0000
vn 0.5006 -0.8657 -0.0000
vn 0.5002 -0.8659 -0.0000
vn 0.3426 -0.9395 -0.0000
vn 0.1736 -0.9848 -0.0000
vn 0.1737 -0.9848 -0.0000
vn 0.4046 0.4797 -0.7786
vn 0.2141 0.5867 -0.7810
vn 0.6157 0.1069 -0.7807
vn 0.6226 0.0022 -0.7825
vn 0.5441 -0.3115 -0.7791
vn 0.4774 -0.4013 -0.7817
vn 0.2126 -0.5867 -0.7814
vn 0.4046 0.4797 0.7786
vn 0.3112 0.5398 0.7821
vn 0.2141 0.5867 0.7810
vn 0.4045 0.4797 0.7786
vn 0.4786 0.4013 0.7810
vn 0.5441 0.3115 0.7791
vn 0.5859 0.2146 0.7814
vn 0.6157 0.1069 0.7807
vn 0.6157 0.1068 0.7807
vn 0.6227 0.0022 0.7825
vn 0.6148 -0.1069 0.7814
vn 0.5860 -0.2146 0.7814
vn 0.5859 -0.2146 0.7814
vn 0.5441 -0.3115 0.7791
vn 0.4774 -0.4013 0.7817
vn 0.4775 -0.4013 0.7816
vn 0.4034 -0.4797 0.7792
vn 0.4033 -0.4797 0.7793
vn 0.3099 -0.5398 0.7827
vn 0.2126 -0.5867 0.7814
vn 0.2126 -0.5869 0.7813
vn 0.1055 -0.6147 0.7817
vn 0.1054 -0.6147 0.7817
vn 0.0019 -0.6250 0.7807
vn 0.4786 0.4014 -0.7810
vn 0.4774 -0.4012 -0.7817
vn 0.4032 -0.4796 -0.7793
vn 0.4032 -0.4797 -0.7793
vn 0.3112 0.5399 0.7821
vn 0.5860 0.2146 0.7814
vn 0.6149 -0.1069 0.7814
vn 0.4032 -0.4797 0.7793
vn 0.2126 -0.5868 0.7813
vn 0.4857 0.8406 0.2398
vn 0.6235 0.7454 0.2357
vn 0.3339 0.9133 0.2331
vn 0.3424 0.9395 -0.0000
vn 0.1705 0.9575 0.2327
vn 0.1733 0.9849 -0.0000
vn -0.0019 0.9713 0.2379
vn -0.1675 0.9575 0.2350
vn -0.1736 0.9848 -0.0000
vn -0.3339 0.9133 0.2331
vn -0.3426 0.9395 -0.0000
vn -0.4857 0.8406 0.2398
vn -0.5005 0.8657 -0.0000
vn -0.6235 0.7454 0.2357
vn -0.6436 0.7654 -0.0000
vn -0.7436 0.6250 0.2376
vn -0.8411 0.4873 0.2347
vn -0.8667 0.4988 -0.0000
vn -0.9134 0.3322 0.2352
vn -0.9574 0.1674 0.2353
vn -0.9710 0.0022 0.2392
vn -0.9564 -0.1674 0.2393
vn -0.9134 -0.3322 0.2352
vn -0.9402 -0.3406 -0.0000
vn -0.8400 -0.4873 0.2386
vn -0.6232 -0.7454 0.2365
vn -0.4885 -0.8406 0.2340
vn -0.5006 -0.8657 -0.0000
vn -0.3330 -0.9133 0.2344
vn -0.3425 -0.9395 -0.0038
vn -0.1696 -0.9575 0.2333
vn -0.1732 -0.9849 -0.0000
vn 0.0038 -0.9713 0.2379
vn 0.1072 0.6147 0.7815
vn 0.0038 0.6250 0.7806
vn 0.0037 0.6250 0.7806
vn -0.1109 0.6147 0.7809
vn -0.1109 0.6147 0.7810
vn -0.2105 0.5867 0.7819
vn -0.3147 0.5398 0.7807
vn -0.4014 0.4796 0.7803
vn -0.4012 0.4797 0.7803
vn -0.4817 0.4013 0.7791
vn -0.4816 0.4013 0.7791
vn -0.5410 0.3115 0.7812
vn -0.5890 0.2146 0.7791
vn -0.5889 0.2146 0.7792
vn -0.6157 0.1070 0.7807
vn -0.6227 0.0022 0.7824
vn -0.6227 0.0022 0.7825
vn -0.6178 -0.1068 0.7790
vn -0.5888 -0.2146 0.7792
vn -0.5890 -0.2146 0.7791
vn -0.5410 -0.3115 0.7812
vn -0.5410 -0.3116 0.7811
vn -0.4775 -0.4013 0.7816
vn -0.4034 -0.4797 0.7792
vn -0.3099 -0.5398 0.7827
vn -0.2126 -0.5867 0.7814
vn -0.1055 -0.6147 0.7817
vn 0.2141 0.5867 -0.7809
vn 0.1072 0.6149 -0.7813
vn -0.1109 0.6147 -0.7810
vn -0.3147 0.5398 -0.7807
vn -0.6157 0.1069 -0.7807
vn -0.6178 -0.1069 -0.7790
vn -0.6178 -0.1069 -0.7791
vn -0.5411 -0.3117 -0.7811
vn -0.5410 -0.3117 -0.7811
vn -0.4776 -0.4013 -0.7816
vn -0.4032 -0.4797 -0.7793
vn 0.3118 0.5395 0.7821
vn 0.4785 0.4013 0.7810
vn 0.3113 0.5398 0.7821
vn 0.1072 0.6146 0.7815
vn 0.0038 0.6249 0.7807
vn -0.3147 0.5398 0.7808
vn -0.3146 0.5398 0.7808
vn -0.5409 0.3115 0.7813
vn -0.6157 0.1069 0.7807
vn -0.6156 0.1069 0.7807
vn -0.6227 0.0021 0.7825
vn -0.6177 -0.1069 0.7791
vn -0.5890 -0.2146 0.7792
vn -0.5889 -0.2146 0.7792
vn -0.5409 -0.3115 0.7813
vn -0.4774 -0.4012 0.7817
vn -0.4774 -0.4013 0.7817
vn -0.3100 -0.5398 0.7827
vn -0.1054 -0.6147 0.7817
vn 0.3424 0.9396 -0.0000
vn 0.1736 0.9848 -0.0000
vn -0.1733 0.9849 -0.0000
vn -0.3424 0.9396 -0.0000
vn -0.6435 0.7654 -0.0000
vn -0.9403 0.3404 -0.0037
vn -0.9851 0.1717 -0.0000
vn -0.9403 -0.3404 -0.0000
vn -0.1736 -0.9848 -0.0000
vn -0.1737 -0.9848 -0.0000
vn 0.1073 0.6149 -0.7813
vn -0.4014 0.4796 -0.7803
vn -0.4817 0.4013 -0.7790
vn -0.5890 0.2146 -0.7792
vn -0.6226 0.0022 -0.7825
vn -0.5890 -0.2146 -0.7792
vn -0.5410 -0.3115 -0.7812
vn -0.4033 -0.4797 -0.7793
vn -0.1054 -0.6147 -0.7817
vn -0.1108 0.6147 0.7809
vn -0.2105 0.5867 0.7820
vn -0.5410 0.3116 0.7811
vn -0.3099 -0.5398 0.7826
vn -0.2127 -0.5867 0.7813
vn -0.1108 0.6147 -0.7809
vn -0.2105 0.5868 -0.7819
vn -0.4816 0.4013 -0.7791
vn -0.6227 0.0022 -0.7824
vn -0.4013 0.4797 0.7803
vn -0.4775 -0.4013 0.7817
vn 0.1696 -0.9575 0.2333
vn 0.3330 -0.9133 0.2344
vn 0.3425 -0.9395 -0.0000
vn 0.4885 -0.8406 0.2340
vn 0.6232 -0.7454 0.2365
vn 0.7435 -0.6249 0.2380
vn 0.8400 -0.4873 0.2386
vn 0.9125 -0.3322 0.2389
vn 0.9564 -0.1674 0.2393
vn 0.9710 0.0022 0.2392
vn 0.9565 0.1674 0.2390
vn 0.9125 0.3322 0.2388
vn 0.8401 0.4873 0.2384
vn 0.7436 0.6250 0.2376
vn 0.6148 -0.1068 0.7814
vn 0.6226 0.0022 0.7825
vn 0.2127 -0.5867 -0.7814
vn 0.5859 -0.2146 -0.7815
vn 0.5859 0.2146 -0.7815
vn 0.0019 -0.6249 0.7807
vn 0.2126 -0.5866 0.7815
vn 0.4775 -0.4012 0.7817
vn 0.4774 -0.4012 0.7817
vn 0.6227 0.0021 0.7825
vn 0.6156 0.1069 0.7807
vn 0.5859 0.2146 0.7815
vn -0.0019 -0.9254 0.3791
vn -0.0000 -0.7954 -0.6061
vn 0.0017 0.5473 -0.8370
vn 0.0018 0.5472 -0.8370
vn 0.0037 0.8261 -0.5635
vn -0.0017 -0.6518 0.7584
vn -0.0000 0.9998 0.0214
vn 0.0018 -0.7597 -0.6502
vn -0.0019 0.3115 -0.9503
vn -0.0000 0.8927 -0.4507
vn -0.0018 0.9509 0.3094
vn 0.0017 -0.9969 0.0784
vn -0.0000 -0.9847 0.1740
vn -0.0018 -0.8927 0.4507
vn -0.0017 -0.8927 0.4507
vt 0.135559 0.341212
vt 0.117607 0.341212
vt 0.135559 0.503977
vt 0.117607 0.503977
vt 0.152412 0.503977
vt 0.152412 0.341212
vt 0.138124 0.503977
vt 0.138124 0.341212
vt 0.214205 0.591836
vt 0.214205 0.585604
vt 0.257558 0.591836
vt 0.257558 0.585604
vt 0.259878 0.585115
vt 0.261710 0.591103
vt 0.261588 0.584016
vt 0.265496 0.589148
vt 0.263420 0.582794
vt 0.268549 0.586215
vt 0.264519 0.580594
vt 0.270503 0.582427
vt 0.264885 0.578272
vt 0.271113 0.578272
vt 0.271113 0.549923
vt 0.264885 0.549801
vt 0.271113 0.540881
vt 0.265007 0.540881
vt 0.263908 0.539170
vt 0.270503 0.536848
vt 0.263053 0.537215
vt 0.268549 0.533182
vt 0.261588 0.535748
vt 0.265496 0.530372
vt 0.259756 0.534282
vt 0.261710 0.528539
vt 0.257558 0.533793
vt 0.257558 0.527806
vt 0.210541 0.527806
vt 0.210541 0.533793
vt 0.163647 0.533793
vt 0.163647 0.527806
vt 0.159495 0.528539
vt 0.161205 0.534160
vt 0.155709 0.530372
vt 0.159373 0.534893
vt 0.152656 0.533182
vt 0.157785 0.536848
vt 0.150824 0.536848
vt 0.156808 0.539170
vt 0.150092 0.540881
vt 0.156320 0.540881
vt 0.156320 0.549801
vt 0.150092 0.549923
vt 0.156320 0.578272
vt 0.150092 0.578272
vt 0.150824 0.582427
vt 0.156930 0.580716
vt 0.152656 0.586215
vt 0.157907 0.582672
vt 0.155709 0.589148
vt 0.159739 0.584138
vt 0.159495 0.591103
vt 0.161571 0.585238
vt 0.163647 0.591836
vt 0.163647 0.585604
vt 0.207000 0.585604
vt 0.207000 0.591836
vt 0.214205 0.607111
vt 0.257558 0.607111
vt 0.266473 0.605644
vt 0.274533 0.601612
vt 0.280883 0.595258
vt 0.285035 0.587193
vt 0.286379 0.578272
vt 0.286379 0.549801
vt 0.286379 0.540881
vt 0.285035 0.532327
vt 0.280883 0.524506
vt 0.274533 0.518396
vt 0.266473 0.514486
vt 0.257558 0.513020
vt 0.210541 0.513020
vt 0.163647 0.513020
vt 0.154732 0.514486
vt 0.146672 0.518396
vt 0.140322 0.524506
vt 0.136292 0.532327
vt 0.134826 0.540881
vt 0.134826 0.549801
vt 0.134826 0.578272
vt 0.136292 0.587193
vt 0.140322 0.595258
vt 0.146672 0.601612
vt 0.154732 0.605644
vt 0.163647 0.607111
vt 0.207000 0.607111
vt 0.214205 0.613221
vt 0.257558 0.613221
vt 0.266473 0.607111
vt 0.266473 0.613221
vt 0.274533 0.607111
vt 0.274533 0.613221
vt 0.280883 0.607111
vt 0.280883 0.613221
vt 0.286379 0.595258
vt 0.286379 0.587193
vt 0.292607 0.595258
vt 0.292607 0.587193
vt 0.292607 0.578272
vt 0.292607 0.549801
vt 0.292607 0.540758
vt 0.286379 0.532327
vt 0.292607 0.532205
vt 0.286379 0.524506
vt 0.292607 0.524506
vt 0.286379 0.518396
vt 0.292607 0.518274
vt 0.212373 0.545402
vt 0.212373 0.537826
vt 0.234111 0.545402
vt 0.234111 0.537826
vt 0.238507 0.538559
vt 0.236187 0.545768
vt 0.242537 0.540514
vt 0.238019 0.546746
vt 0.245712 0.543691
vt 0.239484 0.548212
vt 0.247788 0.547723
vt 0.240461 0.550045
vt 0.248399 0.552123
vt 0.240827 0.552123
vt 0.240827 0.566297
vt 0.248399 0.566297
vt 0.240827 0.569963
vt 0.248399 0.569963
vt 0.247788 0.574240
vt 0.240461 0.572040
vt 0.245712 0.578150
vt 0.239484 0.573873
vt 0.242537 0.581205
vt 0.238019 0.575218
vt 0.238507 0.583160
vt 0.236187 0.576195
vt 0.234111 0.583893
vt 0.234111 0.576562
vt 0.210664 0.576562
vt 0.210664 0.583893
vt 0.187216 0.583893
vt 0.187216 0.576562
vt 0.185140 0.576195
vt 0.182698 0.583160
vt 0.183186 0.575218
vt 0.178790 0.581205
vt 0.181721 0.573873
vt 0.175615 0.578150
vt 0.180744 0.572040
vt 0.173539 0.574240
vt 0.180500 0.569963
vt 0.172806 0.569963
vt 0.172806 0.566297
vt 0.180500 0.566297
vt 0.172806 0.552123
vt 0.180500 0.552123
vt 0.180744 0.550045
vt 0.173539 0.547723
vt 0.181721 0.548212
vt 0.175615 0.543691
vt 0.183186 0.546746
vt 0.178790 0.540514
vt 0.185140 0.545768
vt 0.182698 0.538559
vt 0.187216 0.545402
vt 0.187216 0.537826
vt 0.208832 0.537826
vt 0.208832 0.545402
vt 0.274533 0.514486
vt 0.266473 0.513386
vt 0.274533 0.508499
vt 0.266473 0.507521
vt 0.257558 0.507154
vt 0.210541 0.507154
vt 0.163647 0.507154
vt 0.154732 0.507521
vt 0.154732 0.513386
vt 0.146672 0.508499
vt 0.146672 0.514486
vt 0.140322 0.510209
vt 0.140322 0.516197
vt 0.207000 0.613221
vt 0.163647 0.613221
vt 0.154732 0.607111
vt 0.154732 0.613221
vt 0.146672 0.607111
vt 0.146672 0.613221
vt 0.140322 0.607111
vt 0.140322 0.613221
vt 0.134826 0.595258
vt 0.128720 0.595258
vt 0.134826 0.587193
vt 0.128720 0.587193
vt 0.128720 0.578272
vt 0.128720 0.549801
vt 0.128720 0.540881
vt 0.134826 0.532327
vt 0.128720 0.532327
vt 0.134826 0.524506
vt 0.128720 0.524506
vt 0.015881 0.002485
vt 0.015881 0.013360
vt 0.012461 0.002974
vt 0.009408 0.004562
vt 0.041282 0.002485
vt 0.041282 0.049286
vt 0.014904 0.049286
vt 0.004890 0.013360
vt 0.004890 0.049286
vt -0.000728 0.013360
vt -0.000728 0.049286
vt 0.000005 0.008228
vt 0.005500 0.009939
vt 0.006966 0.006884
vt 0.002447 0.003585
vt 0.074377 0.001752
vt 0.087443 0.001752
vt 0.074499 0.048553
vt 0.087321 0.048553
vt 0.087199 0.095476
vt 0.074743 0.095476
vt 0.149847 0.001752
vt 0.149847 0.048553
vt 0.149969 0.095476
vt 0.149969 0.100608
vt 0.107838 0.100608
vt 0.062287 0.100608
vt 0.062287 0.095476
vt 0.058989 0.094865
vt 0.057402 0.099875
vt 0.055936 0.093399
vt 0.052883 0.097553
vt 0.053494 0.090955
vt 0.049342 0.094010
vt 0.048853 0.094254
vt 0.052395 0.097798
vt 0.052517 0.098042
vt 0.057035 0.100242
vt 0.057157 0.100364
vt 0.062164 0.101341
vt 0.062042 0.101341
vt 0.107838 0.101341
vt 0.149969 0.101341
vt 0.153999 0.099386
vt 0.152656 0.102563
vt 0.157052 0.100608
vt 0.157052 0.101341
vt 0.193322 0.100608
vt 0.193445 0.101341
vt 0.195521 0.100608
vt 0.196253 0.101341
vt 0.193322 0.095476
vt 0.193200 0.094987
vt 0.192834 0.094499
vt 0.193200 0.048553
vt 0.193200 0.083012
vt 0.193200 0.094132
vt 0.203581 0.094132
vt 0.205046 0.093277
vt 0.207366 0.089366
vt 0.217869 0.052952
vt 0.219334 0.053318
vt 0.226906 0.056373
vt 0.221410 0.052952
vt 0.228371 0.054052
vt 0.222631 0.052096
vt 0.229348 0.051363
vt 0.223608 0.050997
vt 0.224097 0.050019
vt 0.224341 0.048553
vt 0.229714 0.048553
vt 0.229348 0.045620
vt 0.224097 0.047086
vt 0.223608 0.045987
vt 0.228371 0.043054
vt 0.222631 0.044887
vt 0.226906 0.040610
vt 0.221410 0.044154
vt 0.207366 0.007739
vt 0.219334 0.043787
vt 0.205046 0.003829
vt 0.217869 0.044032
vt 0.193200 0.014094
vt 0.216770 0.044643
vt 0.215793 0.045620
vt 0.215060 0.046964
vt 0.214816 0.048553
vt 0.215060 0.050019
vt 0.215793 0.051485
vt 0.216770 0.052341
vt 0.192834 0.002607
vt 0.193200 0.002974
vt 0.203458 0.002974
vt 0.193200 0.002118
vt 0.193200 0.001752
vt 0.149969 0.113928
vt 0.196986 0.113928
vt 0.206756 0.111973
vt 0.206389 0.109651
vt 0.205290 0.106963
vt 0.203458 0.104641
vt 0.201138 0.102808
vt 0.198451 0.101708
vt 0.206511 0.113928
vt 0.196620 0.170260
vt 0.107838 0.113928
vt 0.187827 0.178936
vt 0.116142 0.250298
vt 0.107838 0.246877
vt 0.096236 0.258486
vt 0.066317 0.258486
vt 0.107838 0.616398
vt 0.107838 0.270216
vt 0.108815 0.262885
vt 0.111623 0.256164
vt 0.206389 0.160362
vt 0.101854 0.187856
vt 0.101854 0.165739
vt 0.099289 0.180036
vt 0.098190 0.182235
vt 0.096480 0.183946
vt 0.094282 0.185046
vt 0.091840 0.185534
vt 0.079994 0.187856
vt 0.089397 0.185046
vt 0.087199 0.183946
vt 0.085490 0.182235
vt 0.084390 0.180036
vt 0.079994 0.165739
vt 0.084024 0.177714
vt 0.084390 0.175270
vt 0.085490 0.173071
vt 0.087199 0.171360
vt 0.089397 0.170260
vt 0.091840 0.169771
vt 0.094282 0.170260
vt 0.096480 0.171360
vt 0.098190 0.173071
vt 0.099289 0.175270
vt 0.099656 0.177714
vt 0.066317 0.113928
vt 0.061798 0.258486
vt 0.061798 0.616398
vt 0.066317 0.616398
vt 0.061798 0.690815
vt 0.056669 0.616398
vt 0.056669 0.690815
vt 0.052028 0.616398
vt 0.052028 0.690815
vt 0.047266 0.616398
vt 0.047266 0.690815
vt 0.042625 0.616398
vt 0.042625 0.690815
vt 0.037496 0.616398
vt 0.037496 0.690815
vt 0.001470 0.616398
vt 0.001470 0.690815
vt 0.061798 0.113928
vt 0.001470 0.258486
vt 0.037496 0.258486
vt 0.042625 0.258486
vt 0.047266 0.258486
vt 0.052028 0.258486
vt 0.056669 0.258486
vt 0.056669 0.113928
vt 0.052028 0.113928
vt 0.047266 0.113928
vt 0.042625 0.113928
vt 0.037496 0.113928
vt 0.001470 0.113928
vt 0.047266 0.108184
vt 0.052028 0.104763
vt 0.056669 0.102563
vt 0.066317 0.690815
vt 0.068393 0.642303
vt 0.069003 0.646091
vt 0.070713 0.649513
vt 0.073400 0.652201
vt 0.096236 0.690815
vt 0.076819 0.653912
vt 0.080605 0.654523
vt 0.107838 0.679084
vt 0.084390 0.653912
vt 0.087810 0.652201
vt 0.090497 0.649513
vt 0.092328 0.646091
vt 0.092817 0.642303
vt 0.092328 0.638515
vt 0.090497 0.635094
vt 0.087810 0.632405
vt 0.084390 0.630695
vt 0.080605 0.630084
vt 0.076819 0.630695
vt 0.073400 0.632405
vt 0.070713 0.635094
vt 0.069003 0.638515
vt 0.100633 0.689837
vt 0.104418 0.687393
vt 0.106983 0.683605
vt 0.212984 0.095476
vt 0.212984 0.100608
vt 0.211641 0.095476
vt 0.211641 0.100608
vt 0.208588 0.095476
vt 0.208588 0.100608
vt 0.205779 0.095476
vt 0.205779 0.100608
vt 0.203336 0.095476
vt 0.203336 0.100608
vt 0.201504 0.095476
vt 0.201504 0.100608
vt 0.198574 0.095476
vt 0.198574 0.100608
vt 0.195521 0.095476
vt 0.198574 0.101341
vt 0.201504 0.101341
vt 0.203336 0.101341
vt 0.205779 0.101341
vt 0.208588 0.101341
vt 0.211274 0.101341
vt 0.212984 0.101341
vt 0.051662 0.069448
vt 0.059478 0.085945
vt 0.043968 0.069448
vt 0.057768 0.085945
vt 0.043968 0.072014
vt 0.054227 0.085456
vt 0.044457 0.075680
vt 0.045800 0.078980
vt 0.047998 0.081912
vt 0.050929 0.084112
vt 0.071690 0.086189
vt 0.062164 0.083012
vt 0.071690 0.083012
vt 0.062164 0.078980
vt 0.071690 0.078980
vt 0.062164 0.074581
vt 0.071690 0.074581
vt 0.062164 0.070059
vt 0.071690 0.070059
vt 0.062164 0.066027
vt 0.071690 0.066027
vt 0.062164 0.062850
vt 0.071690 0.062850
vt 0.062164 0.058817
vt 0.071690 0.058817
vt 0.062164 0.054418
vt 0.071690 0.054418
vt 0.062164 0.049897
vt 0.071690 0.049897
vt 0.062164 0.045864
vt 0.071690 0.045864
vt 0.062164 0.042687
vt 0.071690 0.042687
vt 0.062164 0.038655
vt 0.071690 0.038655
vt 0.062164 0.034256
vt 0.071690 0.034256
vt 0.062164 0.029735
vt 0.071690 0.029735
vt 0.062164 0.025824
vt 0.071690 0.025824
vt 0.062164 0.022525
vt 0.071690 0.022525
vt 0.062164 0.018615
vt 0.071690 0.018615
vt 0.062164 0.014094
vt 0.071690 0.014094
vt 0.062164 0.009694
vt 0.071690 0.009694
vt 0.062164 0.005662
vt 0.071690 0.005662
vt 0.062164 0.086189
vt 0.206878 0.160240
vt 0.206756 0.114050
vt 0.212495 0.160240
vt 0.212373 0.114050
vt 0.258901 0.159996
vt 0.258779 0.113928
vt 0.305185 0.113805
vt 0.305307 0.159873
vt 0.211152 0.164395
vt 0.194544 0.181013
vt 0.207122 0.160362
vt 0.196620 0.170138
vt 0.120660 0.254942
vt 0.117119 0.259341
vt 0.114676 0.264840
vt 0.114066 0.270216
vt 0.114066 0.679084
vt 0.107838 0.683605
vt 0.114066 0.683605
vt 0.107838 0.687393
vt 0.114066 0.687393
vt 0.107838 0.689837
vt 0.114066 0.689837
vt -0.000850 0.049775
vt 0.004890 0.049775
vt -0.000850 0.085700
vt 0.004890 0.085700
vt 0.000005 0.090833
vt 0.005378 0.089122
vt 0.015758 0.085700
vt 0.014781 0.049775
vt 0.041282 0.049775
vt 0.041282 0.096698
vt 0.015758 0.096698
vt 0.012461 0.096087
vt 0.009408 0.094621
vt 0.006966 0.092177
vt 0.002325 0.095476
vt 0.048365 0.697658
vt 0.052028 0.693992
vt 0.046044 0.702301
vt 0.056669 0.691548
vt 0.045190 0.707434
vt 0.061798 0.696925
vt 0.066317 0.696925
vt 0.096236 0.696925
vt 0.100633 0.696925
vt 0.100633 0.690815
vt 0.212618 0.179547
vt 0.259023 0.170260
vt 0.305429 0.179180
vt 0.041282 0.109773
vt 0.015758 0.109773
vt 0.012461 0.096698
vt 0.012461 0.108551
vt 0.009408 0.096698
vt 0.009408 0.106474
vt 0.006966 0.096698
vt 0.006966 0.102930
vt 0.002325 0.096698
vt 0.002325 0.102441
vt 0.002814 0.102930
vt 0.057402 0.057473
vt 0.053250 0.055396
vt 0.057402 0.055396
vt 0.053250 0.052830
vt 0.057402 0.052830
vt 0.053250 0.050019
vt 0.057402 0.050019
vt 0.053250 0.047209
vt 0.057402 0.047209
vt 0.053250 0.044643
vt 0.057402 0.044643
vt 0.053250 0.042565
vt 0.057402 0.042565
vt 0.053250 0.039999
vt 0.057402 0.039999
vt 0.053250 0.037189
vt 0.057402 0.037189
vt 0.053250 0.034256
vt 0.057402 0.034256
vt 0.053127 0.031690
vt 0.057402 0.031690
vt 0.053127 0.029612
vt 0.057402 0.029612
vt 0.053127 0.027046
vt 0.057402 0.027046
vt 0.053127 0.024236
vt 0.057402 0.024236
vt 0.053127 0.021425
vt 0.057402 0.021425
vt 0.053127 0.018859
vt 0.057402 0.018859
vt 0.053127 0.016782
vt 0.057402 0.016782
vt 0.053127 0.014216
vt 0.057402 0.014216
vt 0.053127 0.011405
vt 0.057402 0.011405
vt 0.053127 0.008473
vt 0.057402 0.008473
vt 0.053127 0.005906
vt 0.057402 0.005906
vt 0.053250 0.057473
vt 0.212373 0.101586
vt 0.258779 0.101341
vt 0.305185 0.101219
vt 0.741035 0.831707
vt 0.742134 0.831096
vt 0.743355 0.825108
vt 0.743355 0.830974
vt 0.740669 0.825475
vt 0.740180 0.832562
vt 0.738226 0.826330
vt 0.739692 0.833662
vt 0.735906 0.827675
vt 0.739447 0.834884
vt 0.704155 0.846615
vt 0.739692 0.835984
vt 0.711726 0.858957
vt 0.740180 0.837084
vt 0.741035 0.837939
vt 0.742134 0.838550
vt 0.743355 0.858957
vt 0.743355 0.838672
vt 0.744577 0.838550
vt 0.775107 0.858957
vt 0.745676 0.837939
vt 0.746531 0.837084
vt 0.747019 0.835984
vt 0.784754 0.847837
vt 0.747263 0.834884
vt 0.782556 0.846615
vt 0.747019 0.833662
vt 0.750805 0.827675
vt 0.746531 0.832562
vt 0.748484 0.826330
vt 0.745676 0.831707
vt 0.746042 0.825475
vt 0.744577 0.831096
vt 0.785609 0.849425
vt 0.785609 0.858957
vt 0.702078 0.847837
vt 0.701101 0.858957
vt 0.701101 0.849425
vt 0.244980 0.275837
vt 0.237897 0.275837
vt 0.244980 0.273027
vt 0.237897 0.273027
vt 0.244980 0.224271
vt 0.237897 0.224271
vt 0.244980 0.221094
vt 0.237897 0.221094
vt 0.244980 0.218772
vt 0.237897 0.218772
vt 0.244980 0.206919
vt 0.237897 0.206919
vt 0.236797 0.207163
vt 0.236797 0.218772
vt 0.236797 0.221094
vt 0.236797 0.224271
vt 0.236797 0.273027
vt 0.236797 0.275715
vt 0.237897 0.279014
vt 0.236797 0.278892
vt 0.237897 0.282314
vt 0.244980 0.279014
vt 0.244980 0.282314
vt 0.237897 0.285613
vt 0.244980 0.285613
vt 0.237897 0.288301
vt 0.244980 0.288301
vt 0.237897 0.290990
vt 0.244980 0.290990
vt 0.237897 0.341334
vt 0.244980 0.341334
vt 0.237897 0.344267
vt 0.244980 0.344267
vt 0.237897 0.346344
vt 0.244980 0.346344
vt 0.244980 0.358197
vt 0.237897 0.358197
vt 0.236797 0.346344
vt 0.237042 0.357953
vt 0.236797 0.344267
vt 0.236797 0.341334
vt 0.236797 0.290990
vt 0.236797 0.288301
vt 0.236797 0.285857
vt 0.236797 0.282314
vt 0.244980 0.205819
vt 0.236797 0.205819
vt 0.236797 0.206430
vt 0.236797 0.206919
vt 0.869873 0.842949
vt 0.871827 0.842949
vt 0.871827 0.852236
vt 0.873781 0.852236
vt 0.869873 0.852236
vt 0.867797 0.842949
vt 0.867797 0.852236
vt 0.865965 0.842949
vt 0.865965 0.852236
vt 0.863767 0.842949
vt 0.863767 0.852236
vt 0.861935 0.842949
vt 0.861935 0.852236
vt 0.859981 0.842949
vt 0.859981 0.852236
vt 0.873781 0.842949
vt 0.875735 0.852236
vt 0.875735 0.842949
vt 0.877566 0.852236
vt 0.877566 0.842949
vt 0.879642 0.852236
vt 0.879642 0.842949
vt 0.881596 0.852236
vt 0.881596 0.842949
vt 0.883428 0.852236
vt 0.883428 0.842949
vt 0.885504 0.852236
vt 0.885504 0.842949
vt 0.887336 0.852358
vt 0.887336 0.842949
vt 0.889412 0.852358
vt 0.889412 0.842949
vt 0.891366 0.852358
vt 0.891488 0.842949
vt 0.893198 0.852358
vt 0.893320 0.842949
vt 0.895152 0.852358
vt 0.895152 0.842949
vt 0.897106 0.852358
vt 0.896984 0.842949
vt 0.899060 0.852358
vt 0.899060 0.842949
vt 0.236797 0.359297
vt 0.236797 0.358686
vt 0.244980 0.359297
vt 0.236797 0.358197
vt 0.899060 0.853702
vt 0.897106 0.853824
vt 0.895152 0.853702
vt 0.893198 0.853702
vt 0.891366 0.853580
vt 0.889290 0.853580
vt 0.887214 0.853580
vt 0.885504 0.853580
vt 0.883550 0.853580
vt 0.881596 0.853580
vt 0.879642 0.853580
vt 0.877566 0.853580
vt 0.875612 0.853580
vt 0.873781 0.853580
vt 0.871949 0.853580
vt 0.869873 0.853580
vt 0.867797 0.853580
vt 0.865965 0.853580
vt 0.863767 0.853702
vt 0.861935 0.853702
vt 0.859981 0.853702
vt 0.995902 0.241745
vt 0.947420 0.241745
vt 0.995902 0.239912
vt 0.947420 0.239912
vt 0.995902 0.238568
vt 0.995902 0.247732
vt 0.947420 0.247732
vt 0.947420 0.251276
vt 0.995902 0.251276
vt 0.947420 0.254086
vt 0.995902 0.254086
vt 0.947420 0.257630
vt 0.995902 0.257630
vt 0.947420 0.261174
vt 0.995902 0.261174
vt 0.947420 0.263618
vt 0.995902 0.263618
vt 0.947420 0.267039
vt 0.995902 0.267039
vt 0.947420 0.270705
vt 0.995902 0.270705
vt 0.947420 0.273516
vt 0.995902 0.273516
vt 0.947420 0.276937
vt 0.995902 0.276937
vt 0.947420 0.280603
vt 0.995902 0.280603
vt 0.947420 0.238568
vt 0.995902 0.236857
vt 0.947420 0.236857
vt 0.995902 0.235024
vt 0.947420 0.235024
vt 0.995902 0.233680
vt 0.947420 0.233680
vt 0.995902 0.231969
vt 0.947420 0.231969
vt 0.995902 0.230014
vt 0.947420 0.230014
vt 0.947420 0.212540
vt 0.995902 0.212540
vt 0.947420 0.211073
vt 0.995902 0.211073
vt 0.947420 0.203253
vt 0.995902 0.203253
vt 0.932399 0.341090
vt 0.936184 0.340723
vt 0.932032 0.343045
vt 0.935574 0.344634
vt 0.930689 0.344512
vt 0.929224 0.305653
vt 0.933742 0.312007
vt 0.936917 0.305042
vt 0.929956 0.301743
vt 0.932521 0.298688
vt 0.936307 0.297222
vt 0.940214 0.297955
vt 0.943267 0.300521
vt 0.944733 0.304309
vt 0.944000 0.308219
vt 0.941436 0.311396
vt 0.937650 0.312741
vt 0.933009 0.347689
vt 0.928857 0.345245
vt 0.929224 0.349033
vt 0.926903 0.344878
vt 0.925316 0.348300
vt 0.925438 0.343656
vt 0.922263 0.345856
vt 0.924705 0.341701
vt 0.920919 0.342068
vt 0.925071 0.339624
vt 0.921652 0.338035
vt 0.925804 0.320928
vt 0.929224 0.320683
vt 0.925682 0.319217
vt 0.928979 0.318973
vt 0.922751 0.312130
vt 0.925926 0.310541
vt 0.995902 0.306997
vt 0.947420 0.306997
vt 0.947420 0.310541
vt 0.995902 0.310541
vt 0.947420 0.313352
vt 0.995902 0.313352
vt 0.947420 0.316773
vt 0.995902 0.316773
vt 0.947420 0.320317
vt 0.995902 0.320317
vt 0.947420 0.323127
vt 0.995902 0.323127
vt 0.947420 0.326549
vt 0.995902 0.326549
vt 0.947420 0.330337
vt 0.995902 0.330337
vt 0.995902 0.343045
vt 0.947420 0.343045
vt 0.995902 0.344634
vt 0.947420 0.344634
vt 0.995902 0.351110
vt 0.947420 0.351110
vt 0.911027 0.301743
vt 0.911638 0.305653
vt 0.903944 0.305042
vt 0.907242 0.312007
vt 0.904677 0.340723
vt 0.908585 0.341090
vt 0.905410 0.344634
vt 0.908951 0.343045
vt 0.907974 0.347689
vt 0.908463 0.298688
vt 0.904677 0.297222
vt 0.900647 0.297955
vt 0.897594 0.300521
vt 0.896251 0.304309
vt 0.896984 0.308219
vt 0.899548 0.311396
vt 0.903334 0.312741
vt 0.910173 0.344512
vt 0.911760 0.349033
vt 0.912004 0.345245
vt 0.915668 0.348300
vt 0.913958 0.344878
vt 0.918721 0.345856
vt 0.915546 0.343656
vt 0.920064 0.342068
vt 0.916279 0.341701
vt 0.919332 0.338035
vt 0.915790 0.339624
vt 0.911760 0.320683
vt 0.915180 0.320928
vt 0.912004 0.318973
vt 0.915302 0.319217
vt 0.914935 0.310541
vt 0.918233 0.312130
vt 0.995902 0.354043
vt 0.947420 0.354043
vt 0.002814 0.998749
vt 0.024429 0.998749
vt 0.002814 0.806657
vt 0.024429 0.806657
vt 0.029924 0.806657
vt 0.029924 0.998749
vt 0.034443 0.806657
vt 0.034443 0.998749
vt 0.039084 0.806657
vt 0.039084 0.998749
vt 0.075231 0.998749
vt 0.075231 0.806657
vt 0.111379 0.998749
vt 0.111379 0.806657
vt 0.115776 0.806657
vt 0.115776 0.998749
vt 0.119806 0.806657
vt 0.119806 0.998749
vt 0.125301 0.806657
vt 0.125301 0.998749
vt 0.002936 0.806412
vt 0.024551 0.806412
vt 0.002936 0.998505
vt 0.024551 0.998505
vt 0.030047 0.998505
vt 0.030047 0.806412
vt 0.034687 0.998505
vt 0.034687 0.806412
vt 0.039206 0.998505
vt 0.039206 0.806412
vt 0.075354 0.806412
vt 0.075354 0.998505
vt 0.111501 0.998505
vt 0.111501 0.806412
vt 0.115898 0.998505
vt 0.115898 0.806412
vt 0.120660 0.998505
vt 0.120660 0.806412
vt 0.126156 0.998505
vt 0.126156 0.806412
vt 0.163159 0.911745
vt 0.164746 0.911134
vt 0.162182 0.913456
vt 0.161693 0.915778
vt 0.161693 0.929097
vt 0.173172 0.911134
vt 0.173172 0.929097
vt 0.182576 0.911134
vt 0.163159 0.946327
vt 0.162182 0.944738
vt 0.164746 0.946938
vt 0.161693 0.942417
vt 0.173172 0.946938
vt 0.185507 0.929097
vt 0.185507 0.942417
vt 0.182576 0.946938
vt 0.185140 0.944738
vt 0.184041 0.946327
vt 0.185507 0.915778
vt 0.185140 0.913456
vt 0.184041 0.911745
vt 0.205779 0.998505
vt 0.205779 0.995083
vt 0.231790 0.995083
vt 0.231790 0.981153
vt 0.205779 0.981153
vt 0.231790 0.964778
vt 0.205779 0.964778
vt 0.231790 0.948526
vt 0.205779 0.948526
vt 0.231790 0.929219
vt 0.205779 0.929219
vt 0.231790 0.909424
vt 0.205779 0.909424
vt 0.231790 0.880952
vt 0.205779 0.880952
vt 0.231790 0.859323
vt 0.205779 0.859323
vt 0.231790 0.849914
vt 0.205779 0.849914
vt 0.233989 0.847592
vt 0.240827 0.840627
vt 0.236309 0.845271
vt 0.240950 0.859323
vt 0.241072 0.880952
vt 0.240950 0.909057
vt 0.240950 0.929219
vt 0.240827 0.948526
vt 0.241194 0.964778
vt 0.241316 0.981641
vt 0.241316 0.995083
vt 0.231790 0.998505
vt 0.241316 0.998505
vt 0.250719 0.995694
vt 0.250719 0.999115
vt 0.250719 0.983108
vt 0.250719 0.964778
vt 0.250353 0.948526
vt 0.250475 0.929219
vt 0.250475 0.908202
vt 0.250475 0.880952
vt 0.250475 0.859201
vt 0.250353 0.840627
vt 0.250353 0.806412
vt 0.240827 0.806412
vt 0.176470 0.859568
vt 0.171096 0.840749
vt 0.167188 0.859568
vt 0.136048 0.859445
vt 0.136048 0.881196
vt 0.160716 0.881196
vt 0.170119 0.881196
vt 0.160960 0.908446
vt 0.151923 0.907102
vt 0.152778 0.929586
vt 0.143619 0.929586
vt 0.151191 0.948893
vt 0.142154 0.948893
vt 0.153755 0.965145
vt 0.144230 0.965145
vt 0.163403 0.983352
vt 0.153145 0.984941
vt 0.179278 0.995327
vt 0.167555 0.995327
vt 0.181232 0.998749
vt 0.169265 0.998749
vt 0.136048 0.998749
vt 0.136048 0.995327
vt 0.136048 0.987629
vt 0.136048 0.965145
vt 0.136048 0.948893
vt 0.136048 0.929586
vt 0.136048 0.904902
vt 0.133239 0.881196
vt 0.133239 0.859445
vt 0.133239 0.840627
vt 0.136048 0.840627
vt 0.174027 0.806657
vt 0.180133 0.840872
vt 0.183064 0.806657
vt 0.136048 0.806657
vt 0.133239 0.806657
vt 0.130430 0.806657
vt 0.130430 0.840627
vt 0.127499 0.806657
vt 0.127499 0.840627
vt 0.130430 0.859445
vt 0.127499 0.859445
vt 0.130430 0.881196
vt 0.127499 0.881196
vt 0.133239 0.904414
vt 0.133239 0.929586
vt 0.133239 0.948893
vt 0.133239 0.965145
vt 0.133239 0.988118
vt 0.133239 0.995327
vt 0.133239 0.998749
vt 0.130430 0.995327
vt 0.130430 0.998749
vt 0.127499 0.995327
vt 0.127499 0.998749
vt 0.127499 0.988729
vt 0.130430 0.988607
vt 0.130430 0.965145
vt 0.130430 0.948893
vt 0.130430 0.929586
vt 0.130430 0.904047
vt 0.127499 0.903925
vt 0.127499 0.929586
vt 0.127499 0.948893
vt 0.127499 0.965145
vt 0.205779 0.806412
vt 0.231790 0.806412
vt 0.205779 0.840627
vt 0.231790 0.840627
vt 0.183919 0.974187
vt 0.182698 0.974432
vt 0.184774 0.973210
vt 0.185140 0.971988
vt 0.185140 0.950848
vt 0.166822 0.974432
vt 0.159251 0.966856
vt 0.160228 0.970644
vt 0.163036 0.973454
vt 0.159251 0.955980
vt 0.166822 0.948404
vt 0.182698 0.948404
vt 0.184774 0.949626
vt 0.183919 0.948649
vt 0.160228 0.952192
vt 0.163036 0.949382
vt 0.196620 0.840627
vt 0.196620 0.806412
vt 0.183797 0.806412
vt 0.180866 0.840627
vt 0.174760 0.806412
vt 0.171829 0.840505
vt 0.177202 0.859323
vt 0.167921 0.859201
vt 0.170730 0.880952
vt 0.161449 0.880952
vt 0.161693 0.908202
vt 0.136780 0.840383
vt 0.136780 0.806412
vt 0.133972 0.806412
vt 0.133972 0.840261
vt 0.131163 0.806412
vt 0.131163 0.840261
vt 0.128232 0.806412
vt 0.128232 0.840261
vt 0.131163 0.859079
vt 0.128232 0.859079
vt 0.133972 0.859079
vt 0.136780 0.859201
vt 0.136780 0.880952
vt 0.133972 0.880952
vt 0.131163 0.880952
vt 0.128232 0.880952
vt 0.131163 0.903803
vt 0.128232 0.903558
vt 0.133972 0.904169
vt 0.136780 0.904658
vt 0.152656 0.906857
vt 0.153511 0.929342
vt 0.144230 0.929342
vt 0.151923 0.948526
vt 0.136780 0.929342
vt 0.133972 0.929342
vt 0.131163 0.929342
vt 0.128232 0.929342
vt 0.131163 0.948526
vt 0.128232 0.948526
vt 0.133972 0.948526
vt 0.136780 0.948526
vt 0.142886 0.948526
vt 0.154488 0.964778
vt 0.144962 0.964778
vt 0.164135 0.983108
vt 0.136780 0.964778
vt 0.133972 0.964778
vt 0.131163 0.964778
vt 0.128232 0.964778
vt 0.131163 0.988240
vt 0.128232 0.988362
vt 0.133972 0.987873
vt 0.136780 0.987262
vt 0.153877 0.984696
vt 0.180011 0.995083
vt 0.168288 0.995083
vt 0.181965 0.998505
vt 0.169997 0.998505
vt 0.136780 0.998505
vt 0.136780 0.995083
vt 0.133972 0.995083
vt 0.131163 0.995083
vt 0.128232 0.995083
vt 0.131163 0.998505
vt 0.128232 0.998505
vt 0.133972 0.998505
vt 0.186850 0.999115
vt 0.186850 0.995694
vt 0.196131 0.998505
vt 0.196131 0.995083
vt 0.196253 0.981641
vt 0.196253 0.964778
vt 0.196620 0.948526
vt 0.196498 0.929219
vt 0.186850 0.983108
vt 0.186850 0.964778
vt 0.187094 0.948526
vt 0.186972 0.929219
vt 0.187094 0.908202
vt 0.196620 0.909057
vt 0.186972 0.880952
vt 0.196498 0.880952
vt 0.187094 0.859201
vt 0.196620 0.859323
vt 0.203458 0.847592
vt 0.201138 0.845271
vt 0.187094 0.840627
vt 0.187094 0.806412
vt 0.307383 0.991539
vt 0.281860 0.991539
vt 0.307383 0.933374
vt 0.281860 0.933374
vt 0.307383 0.927509
vt 0.281860 0.927509
vt 0.307383 0.921888
vt 0.281860 0.921888
vt 0.307383 0.917122
vt 0.281860 0.917122
vt 0.307383 0.910646
vt 0.281860 0.910646
vt 0.307383 0.905025
vt 0.281860 0.905025
vt 0.307383 0.899159
vt 0.281860 0.899159
vt 0.281860 0.819121
vt 0.307383 0.819121
vt 0.307383 0.811056
vt 0.281860 0.811056
vt 0.307383 0.803480
vt 0.281860 0.803480
vt 0.307383 0.796881
vt 0.281860 0.796881
vt 0.307383 0.791993
vt 0.281860 0.791993
vt 0.307383 0.784417
vt 0.281860 0.784417
vt 0.307383 0.776230
vt 0.281860 0.776230
vt 0.307383 0.722342
vt 0.281860 0.722342
vt 0.126278 0.518641
vt 0.116264 0.518641
vt 0.126278 0.592569
vt 0.116264 0.592569
vt 0.127255 0.600146
vt 0.117607 0.602712
vt 0.130186 0.607233
vt 0.121515 0.612121
vt 0.134826 0.613221
vt 0.127743 0.620308
vt 0.140810 0.617864
vt 0.135926 0.626540
vt 0.147893 0.620797
vt 0.145329 0.630450
vt 0.155465 0.621774
vt 0.155465 0.631794
vt 0.257314 0.637293
vt 0.257314 0.627273
vt 0.267694 0.625929
vt 0.270259 0.635582
vt 0.277342 0.621896
vt 0.282349 0.630572
vt 0.285524 0.615542
vt 0.292607 0.622630
vt 0.291874 0.607233
vt 0.300545 0.612243
vt 0.295904 0.597702
vt 0.305552 0.600268
vt 0.297247 0.587315
vt 0.307261 0.587315
vt 0.297247 0.518641
vt 0.307261 0.518641
vt 0.252795 0.749958
vt 0.278319 0.749958
vt 0.252795 0.757901
vt 0.278319 0.757901
vt 0.252795 0.765355
vt 0.278319 0.765355
vt 0.252795 0.771709
vt 0.278319 0.771709
vt 0.252795 0.776719
vt 0.278319 0.776719
vt 0.252795 0.784051
vt 0.278319 0.784051
vt 0.252795 0.792115
vt 0.278319 0.792115
vt 0.278319 0.872032
vt 0.252795 0.872032
vt 0.252795 0.882174
vt 0.278319 0.882174
vt 0.252795 0.891705
vt 0.278319 0.891705
vt 0.252795 0.899770
vt 0.278319 0.899770
vt 0.252795 0.906002
vt 0.278319 0.906002
vt 0.252795 0.915533
vt 0.278319 0.915533
vt 0.252795 0.925676
vt 0.278319 0.925676
vt 0.252795 0.979564
vt 0.278319 0.979564
vt 0.003791 0.804091
vt 0.003791 0.790649
vt 0.025284 0.804091
vt 0.025284 0.790649
vt 0.003791 0.772931
vt 0.025284 0.772931
vt 0.003791 0.755823
vt 0.025284 0.755823
vt 0.003791 0.739082
vt 0.025284 0.739082
vt 0.047510 0.739082
vt 0.047510 0.751424
vt 0.026017 0.739082
vt 0.026017 0.751424
vt 0.047510 0.771464
vt 0.026017 0.771464
vt 0.047510 0.789183
vt 0.026017 0.789183
vt 0.047510 0.804091
vt 0.026017 0.804091
vt 0.003791 0.735905
vt 0.025284 0.735905
vt 0.057768 0.804579
vt 0.060821 0.791138
vt 0.074865 0.804579
vt 0.075354 0.792115
vt 0.060821 0.773297
vt 0.072789 0.772075
vt 0.057890 0.756312
vt 0.066317 0.754357
vt 0.049952 0.739449
vt 0.053127 0.739449
vt 0.076575 0.804579
vt 0.076086 0.792115
vt 0.093672 0.804579
vt 0.090619 0.791138
vt 0.078651 0.772075
vt 0.090619 0.773297
vt 0.085123 0.754357
vt 0.093550 0.756312
vt 0.098312 0.739449
vt 0.101487 0.739449
vt 0.077918 0.098409
vt 0.077918 0.078369
vt 0.079750 0.099997
vt 0.096603 0.099997
vt 0.096603 0.078369
vt 0.096603 0.076902
vt 0.077918 0.076902
vt 0.077918 0.060650
vt 0.096603 0.060650
vt 0.096603 0.059184
vt 0.077918 0.059184
vt 0.077918 0.039144
vt 0.096603 0.037555
vt 0.079750 0.037555
vt 0.053372 0.042565
vt 0.060455 0.042565
vt 0.053372 0.094987
vt 0.060455 0.094987
vt 0.062409 0.093643
vt 0.062409 0.043909
vt 0.036519 0.076902
vt 0.036519 0.060650
vt 0.037130 0.078369
vt 0.037130 0.059184
vt 0.077307 0.059184
vt 0.077307 0.078369
vt 0.946320 0.294900
vt 0.941314 0.294900
vt 0.946320 0.289401
vt 0.941314 0.289401
vt 0.936307 0.294900
vt 0.946320 0.283780
vt 0.941314 0.283780
vt 0.946320 0.278281
vt 0.941314 0.278281
vt 0.946320 0.272660
vt 0.941314 0.272660
vt 0.946320 0.267161
vt 0.941314 0.267161
vt 0.946320 0.261540
vt 0.941314 0.261540
vt 0.946320 0.256042
vt 0.941314 0.256042
vt 0.946320 0.250421
vt 0.941314 0.250421
vt 0.936307 0.256042
vt 0.936307 0.250421
vt 0.936307 0.261540
vt 0.936307 0.267161
vt 0.936307 0.272660
vt 0.936307 0.278281
vt 0.936307 0.283780
vt 0.936307 0.289401
vt 0.931300 0.294900
vt 0.931300 0.289401
vt 0.926293 0.294900
vt 0.931300 0.283780
vt 0.931300 0.278281
vt 0.931300 0.272660
vt 0.931300 0.267161
vt 0.931300 0.261540
vt 0.931300 0.256042
vt 0.931300 0.250421
vt 0.926293 0.256042
vt 0.926293 0.250421
vt 0.926293 0.261540
vt 0.926293 0.267161
vt 0.926293 0.272660
vt 0.926293 0.278281
vt 0.926293 0.283780
vt 0.926293 0.289401
vt 0.921286 0.294900
vt 0.921286 0.289401
vt 0.916279 0.294900
vt 0.921286 0.283780
vt 0.921286 0.278281
vt 0.921286 0.272660
vt 0.921286 0.267161
vt 0.921286 0.261540
vt 0.921286 0.256042
vt 0.921286 0.250421
vt 0.916279 0.256042
vt 0.916279 0.250421
vt 0.916279 0.261540
vt 0.916279 0.267161
vt 0.916279 0.272660
vt 0.916279 0.278281
vt 0.916279 0.283780
vt 0.916279 0.289401
vt 0.911272 0.294900
vt 0.911272 0.289401
vt 0.906265 0.294900
vt 0.906265 0.289401
vt 0.911272 0.283780
vt 0.911272 0.278281
vt 0.911272 0.272660
vt 0.911272 0.267161
vt 0.911272 0.261540
vt 0.911272 0.256042
vt 0.911272 0.250421
vt 0.906265 0.256042
vt 0.906265 0.250421
vt 0.906265 0.261540
vt 0.906265 0.267161
vt 0.906265 0.272660
vt 0.906265 0.278281
vt 0.906265 0.283780
vt 0.941314 0.220849
vt 0.941314 0.215350
vt 0.946320 0.215350
vt 0.946320 0.209729
vt 0.946320 0.220849
vt 0.941314 0.226470
vt 0.946320 0.226470
vt 0.941314 0.231969
vt 0.946320 0.231969
vt 0.941314 0.237590
vt 0.946320 0.237590
vt 0.941314 0.243089
vt 0.946320 0.243089
vt 0.941314 0.248710
vt 0.946320 0.248710
vt 0.936307 0.248710
vt 0.936307 0.243089
vt 0.936307 0.237590
vt 0.936307 0.231969
vt 0.936307 0.226470
vt 0.936307 0.220849
vt 0.936307 0.215350
vt 0.941314 0.209729
vt 0.936307 0.209729
vt 0.941314 0.204230
vt 0.936307 0.204230
vt 0.931300 0.209729
vt 0.931300 0.204230
vt 0.931300 0.248710
vt 0.946320 0.204230
vt 0.931300 0.215350
vt 0.931300 0.220849
vt 0.931300 0.226470
vt 0.931300 0.231969
vt 0.931300 0.237590
vt 0.931300 0.243089
vt 0.926293 0.248710
vt 0.926293 0.243089
vt 0.921286 0.248710
vt 0.926293 0.237590
vt 0.926293 0.231969
vt 0.926293 0.226470
vt 0.926293 0.220849
vt 0.926293 0.215350
vt 0.926293 0.209729
vt 0.926293 0.204230
vt 0.921286 0.209729
vt 0.921286 0.204230
vt 0.921286 0.215350
vt 0.921286 0.220849
vt 0.921286 0.226470
vt 0.921286 0.231969
vt 0.921286 0.237590
vt 0.921286 0.243089
vt 0.916279 0.248710
vt 0.916279 0.243089
vt 0.911272 0.248710
vt 0.916279 0.237590
vt 0.916279 0.231969
vt 0.916279 0.226470
vt 0.916279 0.220849
vt 0.916279 0.215350
vt 0.916279 0.209729
vt 0.916279 0.204230
vt 0.911272 0.209729
vt 0.911272 0.204230
vt 0.906265 0.209729
vt 0.906265 0.204230
vt 0.906265 0.215350
vt 0.911272 0.215350
vt 0.911272 0.220849
vt 0.911272 0.226470
vt 0.911272 0.231969
vt 0.911272 0.237590
vt 0.911272 0.243089
vt 0.906265 0.248710
vt 0.906265 0.243089
vt 0.906265 0.237590
vt 0.906265 0.231969
vt 0.906265 0.226470
vt 0.906265 0.220849
vt 0.749584 0.281581
vt 0.794158 0.281581
vt 0.749584 0.307853
vt 0.794158 0.332048
vt 0.749584 0.352454
vt 0.682783 0.307853
vt 0.682783 0.352454
vt 0.638331 0.332048
vt 0.682783 0.281581
vt 0.638331 0.281581
vt 0.682783 0.237101
vt 0.749584 0.237101
vt 0.682417 0.455588
vt 0.682417 0.459009
vt 0.651887 0.459009
vt 0.651887 0.463164
vt 0.682417 0.463164
vt 0.651887 0.467929
vt 0.682417 0.467929
vt 0.651887 0.472573
vt 0.682417 0.472573
vt 0.651887 0.476850
vt 0.682417 0.476850
vt 0.651887 0.480271
vt 0.682417 0.480271
vt 0.651887 0.484548
vt 0.682417 0.484548
vt 0.651887 0.489192
vt 0.682417 0.489192
vt 0.651887 0.493957
vt 0.682417 0.493957
vt 0.651887 0.498112
vt 0.682417 0.498112
vt 0.651887 0.501533
vt 0.682417 0.501533
vt 0.651887 0.505810
vt 0.682417 0.505810
vt 0.651887 0.510454
vt 0.682417 0.510454
vt 0.651887 0.515219
vt 0.682417 0.515219
vt 0.651887 0.519374
vt 0.682417 0.519374
vt 0.651887 0.522795
vt 0.682417 0.522795
vt 0.651887 0.527072
vt 0.682417 0.527072
vt 0.651887 0.531716
vt 0.682417 0.531716
vt 0.651887 0.536481
vt 0.682417 0.536481
vt 0.651887 0.540758
vt 0.682417 0.540758
vt 0.651887 0.455588
vt 0.651887 0.378238
vt 0.651887 0.371395
vt 0.678509 0.371395
vt 0.678509 0.365285
vt 0.678509 0.378238
vt 0.651887 0.385081
vt 0.678509 0.385081
vt 0.651887 0.391190
vt 0.678509 0.391190
vt 0.651887 0.396078
vt 0.678509 0.396078
vt 0.651887 0.402188
vt 0.678509 0.402188
vt 0.651887 0.409031
vt 0.678509 0.409031
vt 0.651887 0.415874
vt 0.678509 0.415874
vt 0.651887 0.421984
vt 0.678509 0.421984
vt 0.651887 0.426872
vt 0.678509 0.426872
vt 0.651887 0.432981
vt 0.678509 0.432981
vt 0.651887 0.439824
vt 0.678509 0.439824
vt 0.651887 0.446667
vt 0.678509 0.446667
vt 0.651887 0.452777
vt 0.678509 0.452777
vt 0.651887 0.365285
vt 0.678509 0.360397
vt 0.651887 0.360397
vt 0.678509 0.354287
vt 0.651887 0.354287
vt 0.678509 0.347444
vt 0.651887 0.347444
vt 0.678509 0.340601
vt 0.651887 0.340601
vt 0.678509 0.334491
vt 0.651887 0.334491
vt 0.678509 0.329604
vt 0.651887 0.329604
vt 0.674235 0.255308
vt 0.673624 0.250909
vt 0.680952 0.248588
vt 0.677776 0.242356
vt 0.682051 0.255308
vt 0.673624 0.259830
vt 0.680952 0.262151
vt 0.671548 0.263740
vt 0.677776 0.268261
vt 0.668373 0.266917
vt 0.672892 0.273149
vt 0.664343 0.268994
vt 0.666785 0.276326
vt 0.659947 0.269605
vt 0.659947 0.277426
vt 0.655550 0.268994
vt 0.653230 0.276326
vt 0.651643 0.266917
vt 0.647002 0.273149
vt 0.648467 0.263740
vt 0.642117 0.268261
vt 0.646391 0.259830
vt 0.639064 0.262151
vt 0.645659 0.255308
vt 0.637965 0.255308
vt 0.646391 0.250909
vt 0.639064 0.248588
vt 0.648467 0.246999
vt 0.642117 0.242356
vt 0.651643 0.243822
vt 0.647002 0.237590
vt 0.655550 0.241745
vt 0.653230 0.234413
vt 0.659947 0.241012
vt 0.659947 0.233313
vt 0.664343 0.241745
vt 0.666785 0.234413
vt 0.668373 0.243822
vt 0.672892 0.237590
vt 0.671548 0.246999
vt 0.186972 0.349277
vt 0.188682 0.345122
vt 0.188682 0.349277
vt 0.191368 0.345122
vt 0.186972 0.345122
vt 0.183919 0.349277
vt 0.183919 0.345122
vt 0.180866 0.349277
vt 0.180866 0.345122
vt 0.179156 0.349277
vt 0.179156 0.345122
vt 0.176470 0.349277
vt 0.176470 0.345122
vt 0.173417 0.349277
vt 0.173417 0.345122
vt 0.170364 0.349277
vt 0.170364 0.345122
vt 0.168654 0.349277
vt 0.168654 0.345122
vt 0.166089 0.349277
vt 0.166089 0.345122
vt 0.162914 0.349277
vt 0.162914 0.345122
vt 0.159861 0.349399
vt 0.159861 0.345122
vt 0.191368 0.349277
vt 0.194421 0.345122
vt 0.194421 0.349277
vt 0.197475 0.345122
vt 0.194544 0.349277
vt 0.197475 0.349277
vt 0.200161 0.345122
vt 0.200161 0.349277
vt 0.201871 0.345122
vt 0.201871 0.349277
vt 0.194544 0.345122
vt 0.136170 0.289157
vt 0.143131 0.275471
vt 0.135681 0.291601
vt 0.131651 0.331314
vt 0.134216 0.293678
vt 0.132140 0.295144
vt 0.129697 0.295633
vt 0.130430 0.328993
vt 0.129575 0.295633
vt 0.119928 0.303576
vt 0.127133 0.295144
vt 0.116508 0.294411
vt 0.124935 0.293678
vt 0.123591 0.291601
vt 0.115776 0.291845
vt 0.115531 0.289157
vt 0.123103 0.289157
vt 0.123591 0.286591
vt 0.115898 0.286468
vt 0.116753 0.283780
vt 0.118096 0.281458
vt 0.119806 0.279381
vt 0.124935 0.284513
vt 0.121882 0.277670
vt 0.124324 0.276448
vt 0.127133 0.283047
vt 0.126889 0.275715
vt 0.129575 0.275471
vt 0.129575 0.282558
vt 0.132140 0.283047
vt 0.134216 0.284513
vt 0.135681 0.286591
vt 0.129942 0.330092
vt 0.143131 0.331314
vt 0.143986 0.331314
vt 0.143986 0.275471
vt 0.144718 0.331314
vt 0.144718 0.275471
vt 0.145207 0.331314
vt 0.145207 0.275471
vt 0.146062 0.331314
vt 0.146062 0.275471
vt 0.204558 0.275471
vt 0.204558 0.331314
vt 0.205412 0.275471
vt 0.205412 0.331314
vt 0.206023 0.275471
vt 0.206023 0.331314
vt 0.206511 0.275471
vt 0.206511 0.331314
vt 0.207366 0.275471
vt 0.207366 0.331314
vt 0.214449 0.289157
vt 0.214938 0.286591
vt 0.216281 0.284513
vt 0.218479 0.283047
vt 0.220922 0.282558
vt 0.220922 0.275471
vt 0.223486 0.283047
vt 0.223608 0.275715
vt 0.226173 0.276448
vt 0.225562 0.284513
vt 0.228615 0.277670
vt 0.230691 0.279381
vt 0.226906 0.286591
vt 0.232523 0.281458
vt 0.233744 0.283780
vt 0.234599 0.286468
vt 0.234966 0.289157
vt 0.227516 0.289157
vt 0.226906 0.291601
vt 0.234721 0.291845
vt 0.234111 0.294411
vt 0.225562 0.293678
vt 0.223486 0.295144
vt 0.230569 0.303576
vt 0.220922 0.295633
vt 0.220189 0.328993
vt 0.220555 0.330092
vt 0.218846 0.331314
vt 0.214938 0.291601
vt 0.216281 0.293678
vt 0.218479 0.295144
vt 0.220800 0.295633
vt 0.175737 0.257386
vt 0.177935 0.256042
vt 0.186850 0.265084
vt 0.179278 0.253842
vt 0.179767 0.251398
vt 0.179278 0.248954
vt 0.174027 0.211440
vt 0.177935 0.246755
vt 0.175737 0.245411
vt 0.173417 0.244922
vt 0.173295 0.244922
vt 0.163647 0.236857
vt 0.170730 0.245411
vt 0.168654 0.246755
vt 0.160105 0.246022
vt 0.167311 0.248954
vt 0.159495 0.248710
vt 0.159251 0.251398
vt 0.166700 0.251398
vt 0.167311 0.253842
vt 0.159617 0.254086
vt 0.160350 0.256653
vt 0.161693 0.258974
vt 0.163525 0.261052
vt 0.168654 0.256042
vt 0.170730 0.257386
vt 0.167921 0.263984
vt 0.173295 0.257875
vt 0.173295 0.265084
vt 0.165601 0.262762
vt 0.170608 0.264840
vt 0.173661 0.210463
vt 0.175371 0.209241
vt 0.186850 0.209241
vt 0.188926 0.265084
vt 0.188926 0.209241
vt 0.190758 0.265084
vt 0.190758 0.209241
vt 0.191979 0.265084
vt 0.191979 0.209241
vt 0.194177 0.265084
vt 0.194177 0.209241
vt 0.198329 0.209241
vt 0.198329 0.265084
vt 0.200528 0.209241
vt 0.200528 0.265084
vt 0.202359 0.209241
vt 0.202359 0.265084
vt 0.203581 0.209241
vt 0.203581 0.265084
vt 0.205657 0.209241
vt 0.205657 0.265084
vt 0.217136 0.209241
vt 0.213228 0.248954
vt 0.214694 0.246755
vt 0.216770 0.245411
vt 0.219090 0.244922
vt 0.218479 0.211440
vt 0.219212 0.244922
vt 0.221777 0.245411
vt 0.218846 0.210463
vt 0.228860 0.236857
vt 0.223853 0.246755
vt 0.232401 0.246022
vt 0.225318 0.248954
vt 0.233134 0.248710
vt 0.233256 0.251398
vt 0.225807 0.251398
vt 0.225318 0.253842
vt 0.232890 0.254086
vt 0.232157 0.256653
vt 0.230814 0.258974
vt 0.228982 0.261052
vt 0.223853 0.256042
vt 0.221777 0.257386
vt 0.224585 0.263984
vt 0.219212 0.257875
vt 0.219212 0.265084
vt 0.216770 0.257386
vt 0.214694 0.256042
vt 0.213228 0.253842
vt 0.212740 0.251398
vt 0.226906 0.262762
vt 0.221899 0.264840
vt 0.184285 0.271072
vt 0.184285 0.266917
vt 0.187461 0.271072
vt 0.187461 0.266917
vt 0.190880 0.271072
vt 0.172928 0.271194
vt 0.172928 0.266917
vt 0.140322 0.271194
vt 0.140322 0.267039
vt 0.138856 0.267039
vt 0.138856 0.271194
vt 0.124813 0.271194
vt 0.124813 0.267039
vt 0.122126 0.267528
vt 0.123713 0.271438
vt 0.119928 0.268994
vt 0.122859 0.272049
vt 0.118340 0.271316
vt 0.122248 0.272905
vt 0.117852 0.274004
vt 0.122004 0.274004
vt 0.190880 0.266917
vt 0.194177 0.271072
vt 0.194177 0.266917
vt 0.197352 0.271072
vt 0.197352 0.266917
vt 0.200161 0.271072
vt 0.200161 0.266917
vt 0.202726 0.271072
vt 0.202726 0.266917
vt 0.204802 0.271072
vt 0.204802 0.266917
vt 0.207855 0.271072
vt 0.207855 0.266917
vt 0.211030 0.271072
vt 0.211030 0.266917
vt 0.214327 0.271072
vt 0.214327 0.266917
vt 0.230936 0.266795
vt 0.231058 0.270949
vt 0.232035 0.271194
vt 0.233622 0.267284
vt 0.232890 0.271805
vt 0.235821 0.268872
vt 0.233500 0.272660
vt 0.237408 0.271072
vt 0.233744 0.273760
vt 0.237897 0.273760
vt 0.204558 0.272049
vt 0.146062 0.272049
vt 0.204558 0.334614
vt 0.146062 0.334614
vt 0.194544 0.354776
vt 0.194421 0.354776
vt 0.194421 0.350621
vt 0.191368 0.350621
vt 0.191368 0.354776
vt 0.188682 0.350621
vt 0.188682 0.354776
vt 0.186972 0.350621
vt 0.186972 0.354776
vt 0.183919 0.350621
vt 0.197475 0.354776
vt 0.194544 0.350621
vt 0.197475 0.350621
vt 0.200161 0.354776
vt 0.200161 0.350621
vt 0.201871 0.354776
vt 0.201871 0.350621
vt 0.183919 0.354776
vt 0.180866 0.350621
vt 0.180866 0.354898
vt 0.179156 0.350621
vt 0.179156 0.354898
vt 0.176470 0.350621
vt 0.176470 0.354898
vt 0.173417 0.350744
vt 0.173417 0.354898
vt 0.170364 0.350744
vt 0.170364 0.354898
vt 0.168654 0.350744
vt 0.168654 0.354898
vt 0.165967 0.350744
vt 0.166089 0.354898
vt 0.162914 0.350744
vt 0.163036 0.355020
vt 0.159861 0.350866
vt 0.159861 0.355020
vt 0.189537 0.335591
vt 0.186361 0.339746
vt 0.186361 0.335591
vt 0.175004 0.335591
vt 0.175004 0.339746
vt 0.142398 0.339746
vt 0.142398 0.335591
vt 0.140322 0.335591
vt 0.140322 0.339746
vt 0.126156 0.335591
vt 0.126156 0.339746
vt 0.123591 0.339257
vt 0.125179 0.335347
vt 0.121271 0.337669
vt 0.124202 0.334736
vt 0.119806 0.335469
vt 0.123591 0.333880
vt 0.119195 0.332781
vt 0.123469 0.332781
vt 0.189537 0.339746
vt 0.192834 0.335591
vt 0.192834 0.339746
vt 0.196131 0.335591
vt 0.196131 0.339746
vt 0.199306 0.335591
vt 0.199306 0.339746
vt 0.201993 0.335469
vt 0.201993 0.339746
vt 0.203947 0.335469
vt 0.203947 0.339624
vt 0.206511 0.335469
vt 0.206511 0.339624
vt 0.209442 0.335469
vt 0.209442 0.339624
vt 0.212618 0.335347
vt 0.212740 0.339624
vt 0.216037 0.335347
vt 0.216037 0.339624
vt 0.232645 0.339502
vt 0.232645 0.335347
vt 0.233744 0.335102
vt 0.235332 0.339013
vt 0.234599 0.334491
vt 0.237530 0.337424
vt 0.235210 0.333636
vt 0.238996 0.335225
vt 0.235332 0.332536
vt 0.239606 0.332536
vt 0.274289 0.176003
vt 0.276487 0.176003
vt 0.276487 0.205330
vt 0.279540 0.205330
vt 0.274289 0.205330
vt 0.271236 0.176003
vt 0.271236 0.205330
vt 0.268183 0.176003
vt 0.268183 0.205330
vt 0.265984 0.176003
vt 0.265984 0.205330
vt 0.262931 0.176003
vt 0.262931 0.205330
vt 0.260000 0.176003
vt 0.260000 0.205330
vt 0.257802 0.176003
vt 0.257802 0.205330
vt 0.254749 0.176003
vt 0.254749 0.205330
vt 0.251696 0.176003
vt 0.251696 0.205330
vt 0.249498 0.176003
vt 0.249498 0.205330
vt 0.282471 0.176003
vt 0.282471 0.205330
vt 0.279540 0.176003
vt 0.195276 0.195432
vt 0.189659 0.198854
vt 0.192956 0.192866
vt 0.189659 0.192011
vt 0.186361 0.192866
vt 0.183919 0.195432
vt 0.183064 0.198854
vt 0.183919 0.202275
vt 0.186361 0.204719
vt 0.189659 0.205697
vt 0.192956 0.204719
vt 0.195276 0.202275
vt 0.196253 0.198854
vt 0.237164 0.183824
vt 0.243026 0.183824
vt 0.237164 0.186390
vt 0.243026 0.186390
vt 0.237164 0.189689
vt 0.243026 0.189689
vt 0.237164 0.193233
vt 0.243026 0.193233
vt 0.237164 0.196899
vt 0.243026 0.196899
vt 0.237164 0.200076
vt 0.243026 0.200076
vt 0.237164 0.202642
vt 0.243026 0.202642
vt 0.203703 0.189323
vt 0.203703 0.203009
vt 0.197841 0.189323
vt 0.197841 0.203009
vt 0.230691 0.183946
vt 0.236553 0.183946
vt 0.230691 0.186512
vt 0.236553 0.186512
vt 0.230691 0.189811
vt 0.236553 0.189811
vt 0.230691 0.193355
vt 0.236553 0.193355
vt 0.230691 0.197021
vt 0.236553 0.197021
vt 0.230691 0.200198
vt 0.236553 0.200198
vt 0.230691 0.202886
vt 0.236553 0.202886
vt 0.222509 0.203009
vt 0.222509 0.189323
vt 0.228371 0.203009
vt 0.228371 0.189323
vt 0.219945 0.205575
vt 0.213106 0.196166
vt 0.216770 0.207285
vt 0.213106 0.207774
vt 0.209564 0.207285
vt 0.206267 0.205575
vt 0.206267 0.186756
vt 0.209564 0.185046
vt 0.213106 0.184557
vt 0.216770 0.185046
vt 0.219945 0.186756
vt 0.508150 0.367729
vt 0.508150 0.371150
vt 0.505464 0.371150
vt 0.505464 0.374572
vt 0.505586 0.367851
vt 0.508150 0.364552
vt 0.505464 0.364552
vt 0.508150 0.360886
vt 0.505464 0.360886
vt 0.508150 0.357464
vt 0.505464 0.357464
vt 0.508150 0.353798
vt 0.505464 0.353798
vt 0.508150 0.350010
vt 0.505464 0.350010
vt 0.508150 0.346222
vt 0.505464 0.346222
vt 0.508150 0.342679
vt 0.505464 0.342679
vt 0.508150 0.339257
vt 0.505464 0.339257
vt 0.508150 0.336080
vt 0.505464 0.336080
vt 0.508150 0.332048
vt 0.505464 0.332048
vt 0.508150 0.328993
vt 0.506563 0.328993
vt 0.505464 0.329726
vt 0.501800 0.198609
vt 0.504365 0.198609
vt 0.501800 0.314940
vt 0.504365 0.314940
vt 0.502777 0.381903
vt 0.504365 0.381903
vt 0.501800 0.380193
vt 0.496915 0.168060
vt 0.499480 0.168060
vt 0.496915 0.171482
vt 0.499480 0.171482
vt 0.496915 0.174292
vt 0.499480 0.174292
vt 0.496915 0.177103
vt 0.499480 0.177103
vt 0.496915 0.180158
vt 0.499480 0.180158
vt 0.496915 0.183457
vt 0.499480 0.183457
vt 0.496915 0.186879
vt 0.499480 0.186879
vt 0.496915 0.189811
vt 0.499480 0.189811
vt 0.496915 0.192500
vt 0.499480 0.192500
vt 0.496915 0.195310
vt 0.499480 0.195310
vt 0.496915 0.198609
vt 0.499480 0.198609
vt 0.496915 0.315062
vt 0.499480 0.315062
vt 0.499480 0.380804
vt 0.496915 0.381903
vt 0.498869 0.381903
vt 0.495450 0.329604
vt 0.495450 0.332170
vt 0.494961 0.329115
vt 0.492885 0.332048
vt 0.492885 0.329115
vt 0.495450 0.336080
vt 0.492885 0.336202
vt 0.492885 0.339257
vt 0.495450 0.339257
vt 0.492885 0.342679
vt 0.495450 0.342679
vt 0.492885 0.346344
vt 0.495450 0.346344
vt 0.492885 0.350133
vt 0.495450 0.350133
vt 0.492885 0.353798
vt 0.495450 0.353798
vt 0.492885 0.357464
vt 0.495450 0.357464
vt 0.492885 0.360886
vt 0.495450 0.360886
vt 0.492885 0.364552
vt 0.495450 0.364552
vt 0.492885 0.367729
vt 0.495450 0.367973
vt 0.492885 0.371150
vt 0.495450 0.371150
vt 0.492885 0.374572
vt 0.495450 0.374572
vt 0.492885 0.378238
vt 0.495572 0.378238
vt 0.492885 0.382026
vt 0.495572 0.382026
vt 0.508150 0.381903
vt 0.505464 0.381903
vt 0.508150 0.378238
vt 0.505464 0.378238
vt 0.508150 0.374572
vt 0.465286 0.503244
vt 0.462721 0.502878
vt 0.465286 0.409520
vt 0.462721 0.409520
vt 0.465286 0.286468
vt 0.466873 0.286468
vt 0.466873 0.409520
vt 0.466873 0.503244
vt 0.501312 0.409520
vt 0.501312 0.503244
vt 0.532452 0.409520
vt 0.532208 0.503244
vt 0.501312 0.394612
vt 0.505219 0.394245
vt 0.509005 0.393268
vt 0.512547 0.391557
vt 0.515722 0.389357
vt 0.518531 0.386547
vt 0.520729 0.383370
vt 0.522438 0.379826
vt 0.523415 0.376038
vt 0.523782 0.372128
vt 0.532330 0.286468
vt 0.523415 0.368218
vt 0.522438 0.364429
vt 0.520729 0.360886
vt 0.518531 0.357709
vt 0.515722 0.354898
vt 0.512913 0.286468
vt 0.512913 0.352210
vt 0.513402 0.353310
vt 0.512913 0.170016
vt 0.532330 0.145210
vt 0.512302 0.166472
vt 0.510593 0.163295
vt 0.508150 0.160729
vt 0.501312 0.145210
vt 0.504853 0.159018
vt 0.501312 0.158529
vt 0.497770 0.159018
vt 0.494473 0.160729
vt 0.466873 0.145210
vt 0.491908 0.163295
vt 0.490321 0.166472
vt 0.489710 0.170016
vt 0.489710 0.286468
vt 0.489710 0.351721
vt 0.488855 0.353432
vt 0.486901 0.354898
vt 0.484093 0.357709
vt 0.481772 0.360886
vt 0.480185 0.364429
vt 0.479208 0.368218
vt 0.478841 0.372128
vt 0.479208 0.376038
vt 0.480185 0.379826
vt 0.481772 0.383370
vt 0.484093 0.386547
vt 0.486901 0.389357
vt 0.490076 0.391557
vt 0.493618 0.393268
vt 0.497404 0.394245
vt 0.460523 0.501778
vt 0.460523 0.409520
vt 0.458081 0.499945
vt 0.458081 0.409520
vt 0.455760 0.497745
vt 0.465286 0.145210
vt 0.462721 0.286468
vt 0.460523 0.286468
vt 0.462721 0.145210
vt 0.465286 0.001630
vt 0.466873 0.001630
vt 0.501312 0.001630
vt 0.532330 0.001630
vt 0.534162 0.145210
vt 0.534162 0.286468
vt 0.537582 0.145210
vt 0.537582 0.001630
vt 0.540757 0.001630
vt 0.534162 0.001630
vt 0.534162 0.409520
vt 0.534162 0.503244
vt 0.537582 0.409520
vt 0.537582 0.502755
vt 0.540757 0.409520
vt 0.540757 0.501167
vt 0.544176 0.409520
vt 0.544176 0.498723
vt 0.547962 0.409520
vt 0.547962 0.495546
vt 0.551381 0.409520
vt 0.551381 0.492124
vt 0.553213 0.490291
vt 0.553213 0.409520
vt 0.594612 0.448867
vt 0.594612 0.409520
vt 0.626974 0.416485
vt 0.626974 0.409520
vt 0.594612 0.286468
vt 0.626974 0.286468
vt 0.553213 0.286468
vt 0.551381 0.278526
vt 0.547962 0.283780
vt 0.544176 0.285735
vt 0.547473 0.282925
vt 0.547962 0.281214
vt 0.551381 0.145210
vt 0.553213 0.145210
vt 0.594612 0.145210
vt 0.626974 0.145210
vt 0.594612 0.001630
vt 0.626974 0.013238
vt 0.626974 0.001630
vt 0.637843 0.001630
vt 0.553213 0.001630
vt 0.551381 0.001630
vt 0.547962 0.145210
vt 0.544176 0.283536
vt 0.544054 0.284513
vt 0.547962 0.001630
vt 0.544176 0.145210
vt 0.544176 0.001630
vt 0.540757 0.145210
vt 0.537582 0.286468
vt 0.540757 0.286102
vt 0.541001 0.285246
vt 0.540757 0.284880
vt 0.462721 0.001630
vt 0.460523 0.145210
vt 0.460523 0.001630
vt 0.458081 0.145210
vt 0.458081 0.286468
vt 0.455760 0.409520
vt 0.453318 0.495301
vt 0.453318 0.409520
vt 0.451242 0.409520
vt 0.451242 0.493102
vt 0.385419 0.427360
vt 0.385419 0.409520
vt 0.374550 0.416485
vt 0.374550 0.409520
vt 0.385419 0.399255
vt 0.434756 0.399255
vt 0.437564 0.398767
vt 0.439885 0.397178
vt 0.441472 0.394734
vt 0.442083 0.391924
vt 0.442083 0.301499
vt 0.451242 0.286468
vt 0.441472 0.298688
vt 0.439885 0.296366
vt 0.437564 0.294778
vt 0.434756 0.294167
vt 0.385419 0.286468
vt 0.385419 0.294167
vt 0.374550 0.286468
vt 0.382610 0.294778
vt 0.380290 0.296366
vt 0.378702 0.298688
vt 0.378091 0.301499
vt 0.378091 0.391924
vt 0.378702 0.394734
vt 0.380290 0.397178
vt 0.382610 0.398767
vt 0.458081 0.001630
vt 0.374550 0.145210
vt 0.385419 0.145210
vt 0.374550 0.001630
vt 0.385419 0.001630
vt 0.451242 0.145210
vt 0.451242 0.001630
vt 0.453318 0.145210
vt 0.453318 0.001630
vt 0.455760 0.001630
vt 0.455760 0.145210
vt 0.455760 0.286468
vt 0.453318 0.286468
vt 0.379313 0.363452
vt 0.379313 0.355754
vt 0.410087 0.355754
vt 0.410087 0.333269
vt 0.379313 0.333269
vt 0.410087 0.295267
vt 0.388472 0.295267
vt 0.387128 0.295267
vt 0.379313 0.303087
vt 0.384808 0.295633
vt 0.379801 0.300643
vt 0.380900 0.298444
vt 0.382610 0.296733
vt 0.434145 0.295267
vt 0.440862 0.300888
vt 0.435244 0.295267
vt 0.440862 0.302354
vt 0.440862 0.348177
vt 0.440617 0.355754
vt 0.440617 0.363452
vt 0.440495 0.385936
vt 0.440495 0.396811
vt 0.410087 0.396811
vt 0.379313 0.385936
vt 0.386640 0.396811
vt 0.440617 0.299055
vt 0.436954 0.295511
vt 0.438541 0.296366
vt 0.439763 0.297588
vt 0.636011 0.177347
vt 0.630638 0.177347
vt 0.636011 0.174537
vt 0.630638 0.174537
vt 0.636011 0.172093
vt 0.630638 0.172093
vt 0.636011 0.169649
vt 0.630638 0.169649
vt 0.636011 0.166839
vt 0.636011 0.226715
vt 0.630638 0.226715
vt 0.630638 0.229525
vt 0.636011 0.229525
vt 0.630638 0.232458
vt 0.636011 0.232458
vt 0.630638 0.234779
vt 0.636011 0.234779
vt 0.630638 0.237590
vt 0.636011 0.237590
vt 0.630638 0.328137
vt 0.636011 0.328137
vt 0.630638 0.330948
vt 0.636011 0.330948
vt 0.630638 0.333758
vt 0.636011 0.333758
vt 0.630638 0.336080
vt 0.636011 0.336080
vt 0.630638 0.338890
vt 0.636011 0.338890
vt 0.630638 0.166839
vt 0.636011 0.076414
vt 0.630638 0.076414
vt 0.636011 0.073603
vt 0.630638 0.073603
vt 0.636011 0.071281
vt 0.630638 0.071281
vt 0.636011 0.068471
vt 0.630638 0.068471
vt 0.636011 0.065782
vt 0.630638 0.065782
vt 0.630638 0.016415
vt 0.636011 0.016415
vt 0.496182 0.328993
vt 0.496182 0.332170
vt 0.496182 0.336080
vt 0.496182 0.339257
vt 0.496182 0.342434
vt 0.496182 0.346222
vt 0.496182 0.350133
vt 0.496182 0.354043
vt 0.496182 0.357831
vt 0.496182 0.361375
vt 0.496305 0.364552
vt 0.496305 0.367607
vt 0.496182 0.370784
vt 0.496182 0.374327
vt 0.496182 0.378115
vt 0.496182 0.382026
vt 0.500212 0.315062
vt 0.500212 0.198609
vt 0.500212 0.195310
vt 0.500212 0.192500
vt 0.500212 0.189811
vt 0.500212 0.186879
vt 0.500212 0.183457
vt 0.500212 0.179914
vt 0.500212 0.177103
vt 0.500212 0.174292
vt 0.500212 0.171482
vt 0.500212 0.168060
vt 0.500212 0.380804
vt 0.500212 0.381781
vt 0.499480 0.382514
vt 0.501067 0.198609
vt 0.501067 0.314940
vt 0.501067 0.380193
vt 0.501067 0.381903
vt 0.501800 0.382637
vt 0.504853 0.329115
vt 0.504853 0.332170
vt 0.504853 0.336080
vt 0.504853 0.339257
vt 0.504853 0.342312
vt 0.504853 0.346100
vt 0.504853 0.350010
vt 0.504853 0.353921
vt 0.504853 0.357709
vt 0.504853 0.361252
vt 0.504853 0.364552
vt 0.504853 0.367607
vt 0.504853 0.370661
vt 0.504853 0.374205
vt 0.504853 0.377993
vt 0.504731 0.381903
vt 0.413873 0.250909
vt 0.417537 0.253109
vt 0.414484 0.254086
vt 0.418514 0.254942
vt 0.415827 0.256897
vt 0.419979 0.256530
vt 0.418147 0.259219
vt 0.421933 0.257508
vt 0.420956 0.260563
vt 0.424131 0.257875
vt 0.424131 0.261052
vt 0.426207 0.257508
vt 0.427184 0.260563
vt 0.428161 0.256530
vt 0.429993 0.259219
vt 0.429627 0.254942
vt 0.432313 0.256897
vt 0.430604 0.253109
vt 0.433779 0.254086
vt 0.430970 0.250909
vt 0.434267 0.250909
vt 0.434267 0.064316
vt 0.430970 0.064316
vt 0.427550 0.250909
vt 0.427428 0.252009
vt 0.426940 0.252987
vt 0.426085 0.253720
vt 0.425108 0.254209
vt 0.424131 0.254453
vt 0.423032 0.254209
vt 0.422055 0.253720
vt 0.421200 0.252987
vt 0.424131 0.250909
vt 0.427550 0.064316
vt 0.427428 0.063216
vt 0.430604 0.062239
vt 0.426940 0.062239
vt 0.429627 0.060284
vt 0.433779 0.061139
vt 0.432313 0.058328
vt 0.424131 0.064316
vt 0.420590 0.250909
vt 0.420712 0.252009
vt 0.417170 0.250909
vt 0.417170 0.064316
vt 0.413873 0.064316
vt 0.414484 0.061139
vt 0.417537 0.062239
vt 0.415827 0.058328
vt 0.420590 0.064316
vt 0.420712 0.063216
vt 0.418514 0.060284
vt 0.418147 0.056129
vt 0.419979 0.058695
vt 0.420956 0.054663
vt 0.421933 0.057718
vt 0.424131 0.054174
vt 0.424131 0.057473
vt 0.427184 0.054663
vt 0.421200 0.062239
vt 0.422055 0.061506
vt 0.423032 0.061017
vt 0.424131 0.060772
vt 0.426207 0.057718
vt 0.429993 0.056129
vt 0.428161 0.058695
vt 0.426085 0.061506
vt 0.425108 0.061017
vt 0.381877 0.250909
vt 0.385419 0.253109
vt 0.382366 0.254086
vt 0.386518 0.254942
vt 0.383831 0.256897
vt 0.387983 0.256530
vt 0.386029 0.259219
vt 0.389937 0.257508
vt 0.388960 0.260563
vt 0.392013 0.257875
vt 0.392013 0.261052
vt 0.394211 0.257508
vt 0.395188 0.260563
vt 0.396043 0.256530
vt 0.397997 0.259219
vt 0.397631 0.254942
vt 0.400195 0.256897
vt 0.398608 0.253109
vt 0.401661 0.254086
vt 0.398974 0.250909
vt 0.402149 0.250909
vt 0.402149 0.064316
vt 0.398974 0.064316
vt 0.395555 0.250909
vt 0.395311 0.252009
vt 0.394822 0.252987
vt 0.394089 0.253720
vt 0.393112 0.254209
vt 0.392013 0.254453
vt 0.390914 0.254209
vt 0.389937 0.253720
vt 0.389204 0.252987
vt 0.392013 0.250909
vt 0.395555 0.064316
vt 0.395311 0.063216
vt 0.398608 0.062239
vt 0.394822 0.062239
vt 0.397631 0.060284
vt 0.401661 0.061139
vt 0.400195 0.058328
vt 0.392013 0.064316
vt 0.388594 0.250909
vt 0.388716 0.252009
vt 0.385174 0.250909
vt 0.385174 0.064316
vt 0.381877 0.064316
vt 0.382366 0.061139
vt 0.385419 0.062239
vt 0.383831 0.058328
vt 0.388594 0.064316
vt 0.388716 0.063216
vt 0.386518 0.060284
vt 0.386029 0.056129
vt 0.387983 0.058695
vt 0.388960 0.054663
vt 0.389937 0.057718
vt 0.392013 0.054174
vt 0.392013 0.057473
vt 0.395188 0.054663
vt 0.389204 0.062239
vt 0.389937 0.061506
vt 0.390914 0.061017
vt 0.392013 0.060772
vt 0.394211 0.057718
vt 0.397997 0.056129
vt 0.396043 0.058695
vt 0.394089 0.061506
vt 0.393112 0.061017
vt 0.587163 0.395834
vt 0.583743 0.397911
vt 0.584110 0.395834
vt 0.580690 0.396934
vt 0.580812 0.395834
vt 0.577515 0.395834
vt 0.580202 0.397789
vt 0.579469 0.398522
vt 0.582888 0.399744
vt 0.581423 0.401088
vt 0.585331 0.401455
vt 0.583133 0.403654
vt 0.586674 0.398889
vt 0.578614 0.399011
vt 0.579591 0.402066
vt 0.580568 0.404999
vt 0.577515 0.402432
vt 0.577515 0.405487
vt 0.575561 0.402066
vt 0.574584 0.404999
vt 0.573729 0.401088
vt 0.571898 0.403654
vt 0.577515 0.399133
vt 0.576538 0.399011
vt 0.575561 0.398522
vt 0.574828 0.397789
vt 0.572264 0.399744
vt 0.569821 0.401455
vt 0.571287 0.397911
vt 0.568356 0.398889
vt 0.574462 0.396934
vt 0.574218 0.395834
vt 0.571043 0.395834
vt 0.567990 0.395834
vt 0.567990 0.064194
vt 0.571043 0.064194
vt 0.574218 0.064194
vt 0.577515 0.064194
vt 0.574462 0.063216
vt 0.571287 0.062239
vt 0.568356 0.061261
vt 0.572264 0.060406
vt 0.569821 0.058573
vt 0.573729 0.058939
vt 0.571898 0.056496
vt 0.575561 0.058084
vt 0.574584 0.055151
vt 0.574828 0.062361
vt 0.575561 0.061506
vt 0.576538 0.061139
vt 0.577515 0.060895
vt 0.577515 0.057718
vt 0.577515 0.054663
vt 0.579591 0.058084
vt 0.580568 0.055151
vt 0.578614 0.061139
vt 0.579469 0.061506
vt 0.581423 0.058939
vt 0.583133 0.056496
vt 0.582888 0.060406
vt 0.585331 0.058573
vt 0.580202 0.062361
vt 0.580690 0.063216
vt 0.583743 0.062239
vt 0.586674 0.061261
vt 0.584110 0.064194
vt 0.587163 0.064194
vt 0.580812 0.064194
vt 0.617693 0.395834
vt 0.614273 0.397911
vt 0.614640 0.395834
vt 0.611220 0.396934
vt 0.610732 0.397789
vt 0.608045 0.395834
vt 0.609999 0.398522
vt 0.613419 0.399744
vt 0.617204 0.398889
vt 0.615861 0.401455
vt 0.611953 0.401088
vt 0.609144 0.399011
vt 0.613785 0.403654
vt 0.610121 0.402066
vt 0.611098 0.404999
vt 0.608045 0.402432
vt 0.608045 0.405487
vt 0.608045 0.399133
vt 0.607068 0.399011
vt 0.606091 0.402066
vt 0.605114 0.404999
vt 0.604260 0.401088
vt 0.602428 0.403654
vt 0.611343 0.395834
vt 0.606091 0.398522
vt 0.605481 0.397789
vt 0.602794 0.399744
vt 0.600352 0.401455
vt 0.601939 0.397911
vt 0.599008 0.398889
vt 0.601573 0.395834
vt 0.598520 0.395834
vt 0.598520 0.064194
vt 0.601573 0.064194
vt 0.604748 0.395834
vt 0.604748 0.064194
vt 0.608045 0.064194
vt 0.604992 0.396934
vt 0.604992 0.063216
vt 0.601939 0.062239
vt 0.599008 0.061261
vt 0.602794 0.060406
vt 0.600352 0.058573
vt 0.604260 0.058939
vt 0.602428 0.056496
vt 0.606091 0.058084
vt 0.605114 0.055151
vt 0.605481 0.062361
vt 0.606091 0.061506
vt 0.607068 0.061139
vt 0.608045 0.060895
vt 0.608045 0.057718
vt 0.608045 0.054663
vt 0.610121 0.058084
vt 0.611098 0.055151
vt 0.609144 0.061139
vt 0.609999 0.061506
vt 0.611953 0.058939
vt 0.613785 0.056496
vt 0.613419 0.060406
vt 0.615861 0.058573
vt 0.610732 0.062361
vt 0.611220 0.063216
vt 0.614273 0.062239
vt 0.617204 0.061261
vt 0.614640 0.064194
vt 0.617693 0.064194
vt 0.611343 0.064194
vt 0.595955 0.940217
vt 0.597177 0.939850
vt 0.598276 0.946571
vt 0.598276 0.939728
vt 0.599497 0.939850
vt 0.600596 0.940217
vt 0.601695 0.940706
vt 0.602672 0.941317
vt 0.603527 0.942172
vt 0.604260 0.943150
vt 0.604748 0.944249
vt 0.604992 0.945349
vt 0.605114 0.946571
vt 0.604992 0.947793
vt 0.604748 0.948893
vt 0.604260 0.949993
vt 0.603527 0.950970
vt 0.602672 0.951826
vt 0.601695 0.952437
vt 0.600596 0.953048
vt 0.599497 0.953292
vt 0.598276 0.953414
vt 0.597177 0.953292
vt 0.595955 0.953048
vt 0.594856 0.952437
vt 0.593879 0.951826
vt 0.593024 0.950970
vt 0.592414 0.949993
vt 0.591925 0.948893
vt 0.591559 0.947793
vt 0.591437 0.946571
vt 0.591559 0.945349
vt 0.591925 0.944249
vt 0.592414 0.943150
vt 0.593024 0.942172
vt 0.593879 0.941317
vt 0.594856 0.940706
vt 0.900403 0.570208
vt 0.901868 0.578150
vt 0.897838 0.572407
vt 0.898571 0.580105
vt 0.894908 0.564831
vt 0.904799 0.576439
vt 0.904921 0.584627
vt 0.907974 0.583405
vt 0.906753 0.591470
vt 0.910051 0.590859
vt 0.907364 0.598557
vt 0.910661 0.598557
vt 0.906753 0.605644
vt 0.910051 0.606133
vt 0.904921 0.612487
vt 0.907974 0.613587
vt 0.901868 0.618842
vt 0.904799 0.620552
vt 0.897838 0.624707
vt 0.900403 0.626906
vt 0.892832 0.629717
vt 0.894908 0.632283
vt 0.886970 0.633749
vt 0.888679 0.636682
vt 0.880497 0.636804
vt 0.881718 0.639981
vt 0.873658 0.638637
vt 0.874269 0.641937
vt 0.866575 0.639248
vt 0.866575 0.642548
vt 0.859492 0.638637
vt 0.859004 0.641937
vt 0.852654 0.636804
vt 0.851555 0.639981
vt 0.846303 0.633749
vt 0.844594 0.636682
vt 0.840442 0.629717
vt 0.838243 0.632283
vt 0.835435 0.624707
vt 0.832870 0.626906
vt 0.831405 0.618842
vt 0.828474 0.620552
vt 0.828352 0.612487
vt 0.825176 0.613587
vt 0.826520 0.605644
vt 0.823223 0.606133
vt 0.825909 0.598557
vt 0.822612 0.598557
vt 0.826520 0.591470
vt 0.823223 0.590859
vt 0.828352 0.584627
vt 0.825176 0.583405
vt 0.831405 0.578150
vt 0.828474 0.576439
vt 0.835435 0.572407
vt 0.832870 0.570208
vt 0.840442 0.567397
vt 0.838243 0.564831
vt 0.846303 0.563242
vt 0.844594 0.560310
vt 0.852654 0.560310
vt 0.851555 0.557133
vt 0.859492 0.558477
vt 0.859004 0.555177
vt 0.866575 0.557866
vt 0.866575 0.554444
vt 0.873658 0.558477
vt 0.874269 0.555177
vt 0.880497 0.560310
vt 0.881718 0.557133
vt 0.886970 0.563242
vt 0.888679 0.560310
vt 0.892832 0.567397
vt 0.894908 0.574851
vt 0.890389 0.570208
vt 0.885016 0.566542
vt 0.879276 0.563853
vt 0.873048 0.562143
vt 0.866575 0.561654
vt 0.860225 0.562143
vt 0.853997 0.563853
vt 0.848135 0.566542
vt 0.842884 0.570208
vt 0.838365 0.574851
vt 0.834702 0.580105
vt 0.831893 0.585849
vt 0.830306 0.592081
vt 0.829695 0.598557
vt 0.830306 0.604911
vt 0.831893 0.611143
vt 0.834702 0.617009
vt 0.838365 0.622263
vt 0.842884 0.626784
vt 0.848135 0.630450
vt 0.853997 0.633261
vt 0.860225 0.634849
vt 0.866575 0.635460
vt 0.873048 0.634849
vt 0.879276 0.633261
vt 0.885016 0.630450
vt 0.890389 0.626784
vt 0.894908 0.622263
vt 0.898571 0.617009
vt 0.901258 0.611143
vt 0.902968 0.604911
vt 0.903578 0.598557
vt 0.902968 0.592081
vt 0.901258 0.585849
vt 0.877688 0.594525
vt 0.876834 0.592569
vt 0.878177 0.596480
vt 0.878421 0.598557
vt 0.878177 0.600634
vt 0.877688 0.602589
vt 0.876834 0.604422
vt 0.875612 0.606133
vt 0.874147 0.607599
vt 0.872559 0.608699
vt 0.870605 0.609555
vt 0.868652 0.610166
vt 0.866575 0.610288
vt 0.864622 0.610166
vt 0.862545 0.609555
vt 0.860714 0.608699
vt 0.859004 0.607599
vt 0.857539 0.606133
vt 0.856439 0.604422
vt 0.855585 0.602589
vt 0.854974 0.600634
vt 0.854852 0.598557
vt 0.854974 0.596480
vt 0.855585 0.594525
vt 0.856439 0.592569
vt 0.857539 0.590981
vt 0.859004 0.589514
vt 0.860714 0.588293
vt 0.862545 0.587437
vt 0.864622 0.586948
vt 0.866575 0.586704
vt 0.868652 0.586948
vt 0.870605 0.587437
vt 0.872559 0.588293
vt 0.874147 0.589514
vt 0.875612 0.590981
vt 0.597543 0.935696
vt 0.596444 0.935696
vt 0.596444 0.920910
vt 0.595345 0.920910
vt 0.597543 0.920910
vt 0.598764 0.935696
vt 0.598764 0.920910
vt 0.599863 0.935696
vt 0.599863 0.920910
vt 0.601084 0.935696
vt 0.601084 0.920910
vt 0.602184 0.935696
vt 0.602184 0.920910
vt 0.603160 0.935696
vt 0.603160 0.920910
vt 0.604015 0.935696
vt 0.604015 0.920910
vt 0.604626 0.935696
vt 0.604626 0.920910
vt 0.605725 0.935696
vt 0.605725 0.920910
vt 0.606824 0.935696
vt 0.606824 0.920910
vt 0.608045 0.935696
vt 0.608045 0.920910
vt 0.609267 0.935696
vt 0.609267 0.920910
vt 0.610366 0.935696
vt 0.610366 0.920910
vt 0.611465 0.935696
vt 0.611465 0.920910
vt 0.595345 0.935696
vt 0.594368 0.920910
vt 0.594368 0.935696
vt 0.593513 0.920910
vt 0.593513 0.935696
vt 0.592780 0.920910
vt 0.592780 0.935696
vt 0.591681 0.920910
vt 0.591681 0.935696
vt 0.590582 0.920910
vt 0.590582 0.935696
vt 0.589361 0.920910
vt 0.589361 0.935696
vt 0.588262 0.920910
vt 0.588262 0.935696
vt 0.587040 0.920910
vt 0.587040 0.935696
vt 0.585941 0.920910
vt 0.585941 0.935696
vt 0.584964 0.920910
vt 0.584964 0.935696
vt 0.584232 0.920910
vt 0.584232 0.935696
vt 0.583499 0.920910
vt 0.583499 0.935696
vt 0.582400 0.920910
vt 0.582400 0.935696
vt 0.581301 0.920910
vt 0.581301 0.935696
vt 0.580080 0.920910
vt 0.580080 0.935696
vt 0.578858 0.920910
vt 0.578858 0.935696
vt 0.577759 0.920910
vt 0.577759 0.935696
vt 0.576660 0.920910
vt 0.576660 0.935696
vt 0.575683 0.920910
vt 0.575683 0.935696
vt 0.574828 0.920910
vt 0.574828 0.935696
vt 0.574218 0.920910
vt 0.574218 0.935696
vt 0.774985 0.874842
vt 0.774985 0.842216
vt 0.786098 0.874842
vt 0.786098 0.842216
vt 0.797333 0.874842
vt 0.797333 0.842216
vt 0.808446 0.874842
vt 0.808446 0.842216
vt 0.819681 0.874842
vt 0.819681 0.842216
vt 0.830794 0.874842
vt 0.830794 0.842216
vt 0.842029 0.874842
vt 0.842029 0.842216
vt 0.853142 0.874842
vt 0.853142 0.842216
vt 0.864377 0.874842
vt 0.864377 0.842216
vt 0.875490 0.874842
vt 0.875490 0.842216
vt 0.886725 0.874842
vt 0.886725 0.842216
vt 0.897838 0.874842
vt 0.897838 0.842216
vt 0.909074 0.874842
vt 0.909074 0.842216
vt 0.920187 0.874842
vt 0.920187 0.842216
vt 0.931422 0.874842
vt 0.931422 0.842216
vt 0.942535 0.874842
vt 0.942535 0.842216
vt 0.953648 0.874842
vt 0.953648 0.842216
vt 0.964883 0.874842
vt 0.964883 0.842216
vt 0.975996 0.874842
vt 0.975996 0.842216
vt 0.987231 0.874842
vt 0.987231 0.842216
vt 0.998344 0.874842
vt 0.998344 0.842216
vt 0.154732 0.746659
vt 0.154732 0.737983
vt 0.156564 0.746659
vt 0.156564 0.737983
vt 0.160594 0.746659
vt 0.160594 0.737983
vt 0.165845 0.746659
vt 0.165845 0.737983
vt 0.171463 0.746659
vt 0.171463 0.737983
vt 0.177202 0.746659
vt 0.177202 0.737983
vt 0.182454 0.746659
vt 0.182454 0.737983
vt 0.188071 0.746659
vt 0.188071 0.737983
vt 0.193200 0.746659
vt 0.193200 0.737983
vt 0.198940 0.746659
vt 0.198940 0.737983
vt 0.241560 0.737983
vt 0.241560 0.746659
vt 0.239850 0.737983
vt 0.239850 0.746659
vt 0.235698 0.737983
vt 0.235698 0.746659
vt 0.230569 0.737983
vt 0.230569 0.746659
vt 0.224830 0.737983
vt 0.224830 0.746659
vt 0.219090 0.737983
vt 0.219090 0.746659
vt 0.213961 0.737983
vt 0.213961 0.746659
vt 0.209809 0.737983
vt 0.209809 0.746659
vt 0.204680 0.737983
vt 0.204680 0.746659
vt 0.134460 0.801036
vt 0.128232 0.804213
vt 0.121271 0.782951
vt 0.121271 0.805313
vt 0.114432 0.804213
vt 0.108204 0.801036
vt 0.103197 0.796148
vt 0.100022 0.789916
vt 0.092328 0.782951
vt 0.100022 0.776108
vt 0.103197 0.769876
vt 0.108204 0.764866
vt 0.114432 0.761689
vt 0.121271 0.760589
vt 0.128232 0.761689
vt 0.134460 0.764866
vt 0.139345 0.769876
vt 0.141543 0.771953
vt 0.141543 0.794071
vt 0.182454 0.771953
vt 0.182454 0.794071
vt 0.186728 0.793215
vt 0.190391 0.790771
vt 0.192712 0.787228
vt 0.193567 0.782951
vt 0.192712 0.778796
vt 0.190391 0.775130
vt 0.186728 0.772808
vt 0.139345 0.796148
vt 0.174760 0.750691
vt 0.173417 0.750691
vt 0.173417 0.747392
vt 0.129453 0.750691
vt 0.129453 0.747392
vt 0.128110 0.747392
vt 0.128110 0.750691
vt 0.127133 0.747392
vt 0.127133 0.750691
vt 0.125789 0.747392
vt 0.125789 0.750691
vt 0.124446 0.747392
vt 0.124446 0.750691
vt 0.123469 0.747392
vt 0.123469 0.750691
vt 0.122126 0.747392
vt 0.122126 0.750691
vt 0.174760 0.747392
vt 0.175737 0.750691
vt 0.175737 0.747392
vt 0.177080 0.750691
vt 0.177080 0.747392
vt 0.178424 0.750691
vt 0.178424 0.747392
vt 0.179401 0.750691
vt 0.179401 0.747392
vt 0.180744 0.750691
vt 0.180744 0.747392
vt 0.224585 0.747392
vt 0.224585 0.750691
vt 0.175371 0.754723
vt 0.173417 0.754723
vt 0.173417 0.751302
vt 0.129453 0.754723
vt 0.129453 0.751302
vt 0.127377 0.751302
vt 0.127377 0.754723
vt 0.125667 0.751302
vt 0.125667 0.754723
vt 0.124446 0.751302
vt 0.124446 0.754723
vt 0.122370 0.751302
vt 0.122370 0.754723
vt 0.120294 0.751302
vt 0.120294 0.754723
vt 0.119195 0.751302
vt 0.119195 0.754723
vt 0.117363 0.751302
vt 0.117363 0.754723
vt 0.115287 0.751302
vt 0.115287 0.754723
vt 0.175371 0.751302
vt 0.177202 0.754723
vt 0.177202 0.751302
vt 0.178302 0.754723
vt 0.178302 0.751302
vt 0.180378 0.754723
vt 0.180378 0.751302
vt 0.182454 0.754723
vt 0.182454 0.751302
vt 0.184163 0.754723
vt 0.184163 0.751302
vt 0.185385 0.754723
vt 0.185385 0.751302
vt 0.187461 0.754723
vt 0.187461 0.751302
vt 0.231424 0.751424
vt 0.231424 0.754723
vt 0.176470 0.758756
vt 0.173295 0.758756
vt 0.173295 0.754968
vt 0.129453 0.758756
vt 0.129453 0.754968
vt 0.126156 0.754968
vt 0.126156 0.758756
vt 0.123469 0.754968
vt 0.123469 0.758756
vt 0.121759 0.754968
vt 0.121759 0.758756
vt 0.118462 0.754968
vt 0.118462 0.758756
vt 0.115287 0.754968
vt 0.115287 0.758756
vt 0.113455 0.754968
vt 0.113455 0.758756
vt 0.110769 0.754968
vt 0.110769 0.758756
vt 0.107593 0.754968
vt 0.107593 0.758756
vt 0.176470 0.754968
vt 0.179278 0.758756
vt 0.179278 0.754968
vt 0.180988 0.758756
vt 0.180988 0.754968
vt 0.184163 0.758756
vt 0.184163 0.754968
vt 0.187461 0.758756
vt 0.187461 0.754968
vt 0.190147 0.758756
vt 0.190147 0.754968
vt 0.191857 0.758756
vt 0.191857 0.754968
vt 0.195154 0.758756
vt 0.195154 0.754968
vt 0.238996 0.754968
vt 0.238996 0.758756
vt 0.120783 0.746659
vt 0.120783 0.737983
vt 0.117363 0.737983
vt 0.117363 0.746659
vt 0.114310 0.737983
vt 0.114310 0.746659
vt 0.111013 0.737983
vt 0.111013 0.746659
vt 0.107471 0.737983
vt 0.107471 0.746659
vt 0.104052 0.737983
vt 0.104052 0.746659
vt 0.100999 0.737983
vt 0.100999 0.746659
vt 0.097457 0.737983
vt 0.097457 0.746659
vt 0.279051 0.737983
vt 0.279051 0.746659
vt 0.275510 0.737983
vt 0.275510 0.746659
vt 0.199795 0.776230
vt 0.202726 0.775741
vt 0.197230 0.777941
vt 0.195521 0.780507
vt 0.195032 0.783440
vt 0.195521 0.786372
vt 0.197230 0.788938
vt 0.199795 0.790649
vt 0.202726 0.791260
vt 0.243636 0.775741
vt 0.243636 0.791260
vt 0.246689 0.790649
vt 0.249132 0.788938
vt 0.250841 0.786372
vt 0.251452 0.783440
vt 0.250841 0.780507
vt 0.249132 0.777941
vt 0.246689 0.776230
vt 0.184408 0.778307
vt 0.186117 0.779407
vt 0.182454 0.777941
vt 0.187094 0.780996
vt 0.187583 0.782951
vt 0.187094 0.784906
vt 0.186117 0.786494
vt 0.184408 0.787594
vt 0.182454 0.787961
vt 0.141543 0.787961
vt 0.141543 0.777941
vt 0.139711 0.787594
vt 0.138002 0.786494
vt 0.136902 0.784906
vt 0.136536 0.782951
vt 0.136902 0.780996
vt 0.138002 0.779407
vt 0.139711 0.778307
vt 0.244735 0.781240
vt 0.245712 0.782218
vt 0.243514 0.780873
vt 0.246079 0.783440
vt 0.245712 0.784661
vt 0.244735 0.785517
vt 0.243514 0.785883
vt 0.202604 0.785883
vt 0.202604 0.780873
vt 0.201382 0.785517
vt 0.200405 0.784661
vt 0.200161 0.783440
vt 0.200405 0.782218
vt 0.201382 0.781240
vt 0.356110 0.499456
vt 0.356110 0.506666
vt 0.352080 0.499456
vt 0.352080 0.506666
vt 0.356110 0.513753
vt 0.352080 0.513753
vt 0.348050 0.513753
vt 0.348050 0.506666
vt 0.348050 0.499456
vt 0.352080 0.492369
vt 0.356110 0.492369
vt 0.360262 0.499456
vt 0.360262 0.506666
vt 0.343898 0.506666
vt 0.343898 0.499456
vt 0.343898 0.492369
vt 0.348050 0.492369
vt 0.343898 0.485159
vt 0.348050 0.485159
vt 0.343898 0.513753
vt 0.339868 0.513753
vt 0.339868 0.506666
vt 0.339868 0.499456
vt 0.339868 0.492369
vt 0.335838 0.499456
vt 0.335838 0.506666
vt 0.335838 0.513753
vt 0.331685 0.513753
vt 0.331685 0.506666
vt 0.331685 0.499456
vt 0.335838 0.492369
vt 0.339868 0.485159
vt 0.343898 0.478072
vt 0.348050 0.478072
vt 0.352080 0.485159
vt 0.356110 0.485159
vt 0.360262 0.492369
vt 0.360262 0.485159
vt 0.356110 0.478072
vt 0.352080 0.478072
vt 0.348050 0.470862
vt 0.343898 0.470862
vt 0.339868 0.478072
vt 0.339868 0.470862
vt 0.335838 0.478072
vt 0.335838 0.485159
vt 0.343898 0.463775
vt 0.339868 0.463775
vt 0.335838 0.470862
vt 0.331685 0.478072
vt 0.331685 0.485159
vt 0.331685 0.492369
vt 0.323626 0.485159
vt 0.323626 0.478072
vt 0.323626 0.492369
vt 0.315443 0.492369
vt 0.315443 0.499456
vt 0.323626 0.499456
vt 0.323626 0.506666
vt 0.323626 0.513753
vt 0.315443 0.506666
vt 0.315443 0.513753
vt 0.323626 0.520963
vt 0.315443 0.485159
vt 0.315443 0.520963
vt 0.323626 0.528050
vt 0.331685 0.520963
vt 0.315443 0.528050
vt 0.323626 0.535259
vt 0.315443 0.535259
vt 0.323626 0.542347
vt 0.315443 0.542347
vt 0.323626 0.549556
vt 0.315443 0.549556
vt 0.323626 0.556644
vt 0.315443 0.556644
vt 0.323626 0.563853
vt 0.315443 0.563853
vt 0.323626 0.570941
vt 0.315443 0.570941
vt 0.323626 0.580961
vt 0.315443 0.580961
vt 0.315443 0.596968
vt 0.323626 0.596968
vt 0.315443 0.621163
vt 0.323626 0.621163
vt 0.315443 0.652934
vt 0.323626 0.652934
vt 0.323626 0.685927
vt 0.315443 0.685927
vt 0.323626 0.708045
vt 0.315443 0.708045
vt 0.323626 0.718553
vt 0.315443 0.718553
vt 0.323626 0.726496
vt 0.315443 0.726496
vt 0.323626 0.734317
vt 0.315443 0.734317
vt 0.323626 0.742137
vt 0.315443 0.742137
vt 0.315443 0.749958
vt 0.323626 0.749958
vt 0.315443 0.757778
vt 0.323626 0.757778
vt 0.315443 0.765721
vt 0.323626 0.765721
vt 0.315443 0.780751
vt 0.323626 0.780751
vt 0.323626 0.862012
vt 0.331685 0.780751
vt 0.331685 0.765721
vt 0.331685 0.757778
vt 0.331685 0.749958
vt 0.331685 0.742137
vt 0.331685 0.734317
vt 0.331685 0.726496
vt 0.331685 0.718553
vt 0.331685 0.708045
vt 0.331685 0.685927
vt 0.331685 0.652934
vt 0.331685 0.621163
vt 0.331685 0.596968
vt 0.331685 0.580961
vt 0.331685 0.570941
vt 0.331685 0.563853
vt 0.331685 0.556644
vt 0.331685 0.549556
vt 0.331685 0.542347
vt 0.331685 0.535259
vt 0.331685 0.528050
vt 0.315443 0.862012
vt 0.335838 0.535259
vt 0.335838 0.542347
vt 0.335838 0.549556
vt 0.335838 0.556644
vt 0.335838 0.563853
vt 0.335838 0.570941
vt 0.335838 0.580961
vt 0.335838 0.596968
vt 0.335838 0.621163
vt 0.335838 0.652934
vt 0.335838 0.685927
vt 0.335838 0.708045
vt 0.335838 0.718553
vt 0.335838 0.726496
vt 0.335838 0.734317
vt 0.335838 0.742137
vt 0.335838 0.749958
vt 0.335838 0.757778
vt 0.335838 0.765721
vt 0.335838 0.780751
vt 0.339868 0.765721
vt 0.339868 0.757778
vt 0.339868 0.749958
vt 0.339868 0.742137
vt 0.339868 0.734317
vt 0.339868 0.726496
vt 0.339868 0.718553
vt 0.339868 0.708045
vt 0.339868 0.685927
vt 0.339868 0.652934
vt 0.339868 0.621163
vt 0.339868 0.596968
vt 0.339868 0.580961
vt 0.339868 0.570941
vt 0.339868 0.563853
vt 0.339868 0.556644
vt 0.339868 0.549556
vt 0.339868 0.542347
vt 0.339868 0.535259
vt 0.335838 0.528050
vt 0.335838 0.520963
vt 0.339868 0.520963
vt 0.343898 0.520963
vt 0.348050 0.520963
vt 0.352080 0.520963
vt 0.356110 0.520963
vt 0.360262 0.513753
vt 0.364292 0.506666
vt 0.364292 0.499456
vt 0.364292 0.492369
vt 0.364292 0.485159
vt 0.360262 0.478072
vt 0.364292 0.478072
vt 0.360262 0.470862
vt 0.356110 0.470862
vt 0.352080 0.470862
vt 0.348050 0.463775
vt 0.352080 0.463775
vt 0.356110 0.463775
vt 0.360262 0.463775
vt 0.364292 0.470862
vt 0.372474 0.478072
vt 0.372474 0.485159
vt 0.372474 0.492369
vt 0.372474 0.499456
vt 0.372474 0.506666
vt 0.372474 0.513753
vt 0.364292 0.513753
vt 0.372474 0.520963
vt 0.364292 0.520963
vt 0.364292 0.528050
vt 0.372474 0.528050
vt 0.364292 0.535259
vt 0.372474 0.535259
vt 0.372474 0.542347
vt 0.364292 0.542347
vt 0.372474 0.549556
vt 0.364292 0.549556
vt 0.372474 0.556644
vt 0.364292 0.556644
vt 0.372474 0.563853
vt 0.364292 0.563853
vt 0.372474 0.570941
vt 0.364292 0.570941
vt 0.372474 0.580961
vt 0.364292 0.580961
vt 0.372474 0.596968
vt 0.364292 0.596968
vt 0.372474 0.621163
vt 0.364292 0.621163
vt 0.372474 0.652934
vt 0.364292 0.652934
vt 0.372474 0.685927
vt 0.364292 0.685927
vt 0.364292 0.708045
vt 0.372474 0.708045
vt 0.364292 0.718553
vt 0.372474 0.718553
vt 0.364292 0.726496
vt 0.372474 0.726496
vt 0.364292 0.734317
vt 0.372474 0.734317
vt 0.364292 0.742137
vt 0.372474 0.742137
vt 0.372474 0.749958
vt 0.364292 0.749958
vt 0.372474 0.757778
vt 0.364292 0.757778
vt 0.372474 0.765721
vt 0.364292 0.765721
vt 0.372474 0.780751
vt 0.364292 0.780751
vt 0.364292 0.862012
vt 0.372474 0.862012
vt 0.368322 0.892194
vt 0.372474 0.889139
vt 0.372474 0.915411
vt 0.352080 0.892194
vt 0.364292 0.876186
vt 0.356110 0.876186
vt 0.360262 0.870565
vt 0.360262 0.862012
vt 0.360262 0.780751
vt 0.360262 0.765721
vt 0.360262 0.757778
vt 0.360262 0.749958
vt 0.360262 0.742137
vt 0.360262 0.734317
vt 0.360262 0.726496
vt 0.360262 0.718553
vt 0.360262 0.708045
vt 0.360262 0.685927
vt 0.360262 0.652934
vt 0.360262 0.621163
vt 0.360262 0.596968
vt 0.360262 0.580961
vt 0.360262 0.570941
vt 0.360262 0.563853
vt 0.360262 0.556644
vt 0.360262 0.549556
vt 0.360262 0.542347
vt 0.360262 0.535259
vt 0.360262 0.528050
vt 0.360262 0.520963
vt 0.356110 0.528050
vt 0.356110 0.535259
vt 0.352080 0.528050
vt 0.348050 0.528050
vt 0.343898 0.528050
vt 0.339868 0.528050
vt 0.343898 0.535259
vt 0.348050 0.535259
vt 0.352080 0.535259
vt 0.356110 0.542347
vt 0.356110 0.549556
vt 0.352080 0.542347
vt 0.348050 0.542347
vt 0.343898 0.542347
vt 0.343898 0.549556
vt 0.348050 0.549556
vt 0.352080 0.549556
vt 0.356110 0.556644
vt 0.352080 0.556644
vt 0.348050 0.556644
vt 0.343898 0.556644
vt 0.343898 0.563853
vt 0.348050 0.563853
vt 0.352080 0.563853
vt 0.356110 0.563853
vt 0.356110 0.570941
vt 0.352080 0.570941
vt 0.348050 0.570941
vt 0.343898 0.570941
vt 0.343898 0.580961
vt 0.343898 0.596968
vt 0.343898 0.621163
vt 0.343898 0.652934
vt 0.343898 0.685927
vt 0.343898 0.708045
vt 0.343898 0.718553
vt 0.343898 0.726496
vt 0.343898 0.734317
vt 0.343898 0.742137
vt 0.343898 0.749958
vt 0.343898 0.757778
vt 0.343898 0.765721
vt 0.339868 0.780751
vt 0.339868 0.862012
vt 0.335838 0.862012
vt 0.331685 0.862012
vt 0.323626 0.876186
vt 0.319473 0.892194
vt 0.315443 0.889139
vt 0.315443 0.915411
vt 0.339868 0.915411
vt 0.339868 0.999482
vt 0.343898 0.915411
vt 0.343898 0.999482
vt 0.348050 0.999482
vt 0.348050 0.915411
vt 0.348050 0.889139
vt 0.352080 0.862012
vt 0.356110 0.862012
vt 0.356110 0.780751
vt 0.356110 0.765721
vt 0.356110 0.757778
vt 0.356110 0.749958
vt 0.356110 0.742137
vt 0.356110 0.734317
vt 0.356110 0.726496
vt 0.356110 0.718553
vt 0.356110 0.708045
vt 0.356110 0.685927
vt 0.356110 0.652934
vt 0.356110 0.621163
vt 0.356110 0.596968
vt 0.356110 0.580961
vt 0.352080 0.580961
vt 0.348050 0.580961
vt 0.348050 0.596968
vt 0.315443 0.999482
vt 0.372474 0.999482
vt 0.352080 0.596968
vt 0.352080 0.621163
vt 0.348050 0.621163
vt 0.348050 0.652934
vt 0.352080 0.652934
vt 0.352080 0.685927
vt 0.348050 0.685927
vt 0.348050 0.708045
vt 0.343898 0.780751
vt 0.352080 0.708045
vt 0.352080 0.718553
vt 0.348050 0.718553
vt 0.348050 0.726496
vt 0.352080 0.726496
vt 0.352080 0.734317
vt 0.348050 0.734317
vt 0.348050 0.742137
vt 0.352080 0.742137
vt 0.352080 0.749958
vt 0.348050 0.749958
vt 0.348050 0.757778
vt 0.352080 0.757778
vt 0.352080 0.765721
vt 0.348050 0.765721
vt 0.348050 0.780751
vt 0.343898 0.862012
vt 0.339868 0.889139
vt 0.335838 0.892194
vt 0.331685 0.876186
vt 0.343898 0.889139
vt 0.348050 0.862012
vt 0.352080 0.780751
vt 0.308971 0.499456
vt 0.308971 0.506666
vt 0.308971 0.513753
vt 0.308971 0.492369
vt 0.308971 0.485159
vt 0.308971 0.478072
vt 0.315443 0.478072
vt 0.308971 0.470862
vt 0.315443 0.470862
vt 0.315443 0.463775
vt 0.308971 0.463775
vt 0.315443 0.456565
vt 0.308971 0.456565
vt 0.315443 0.449478
vt 0.308971 0.449478
vt 0.315443 0.442268
vt 0.308971 0.442268
vt 0.315443 0.435181
vt 0.308971 0.435181
vt 0.315443 0.427971
vt 0.308971 0.427971
vt 0.315443 0.418074
vt 0.308971 0.418074
vt 0.315443 0.401944
vt 0.308971 0.401944
vt 0.315443 0.377871
vt 0.308971 0.377871
vt 0.315443 0.346100
vt 0.308971 0.346100
vt 0.315443 0.312985
vt 0.308971 0.312985
vt 0.315443 0.290867
vt 0.308971 0.290867
vt 0.315443 0.280359
vt 0.308971 0.280359
vt 0.315443 0.272538
vt 0.308971 0.272538
vt 0.315443 0.264718
vt 0.308971 0.264718
vt 0.315443 0.256775
vt 0.308971 0.256775
vt 0.315443 0.248954
vt 0.308971 0.248954
vt 0.315443 0.241134
vt 0.308971 0.241134
vt 0.315443 0.233313
vt 0.308971 0.233313
vt 0.315443 0.218161
vt 0.308971 0.218161
vt 0.315443 0.136900
vt 0.308971 0.136900
vt 0.315443 0.109773
vt 0.308971 0.109773
vt 0.308971 0.083501
vt 0.315443 0.083501
vt 0.315443 -0.000570
vt 0.308971 -0.000570
vt 0.308971 0.520963
vt 0.308971 0.528050
vt 0.308971 0.535259
vt 0.308971 0.542347
vt 0.308971 0.549556
vt 0.308971 0.556644
vt 0.308971 0.563853
vt 0.308971 0.570941
vt 0.308971 0.580961
vt 0.308971 0.596968
vt 0.308971 0.621163
vt 0.308971 0.652934
vt 0.308971 0.685927
vt 0.308971 0.708045
vt 0.308971 0.718553
vt 0.308971 0.726496
vt 0.308971 0.734317
vt 0.308971 0.742137
vt 0.308971 0.749958
vt 0.308971 0.757778
vt 0.308971 0.765721
vt 0.308971 0.780751
vt 0.308971 0.862012
vt 0.308971 0.889139
vt 0.308971 0.915411
vt 0.308971 0.999482
vt 0.254139 0.057595
vt 0.323626 0.470862
vt 0.331685 0.470862
vt 0.335838 0.463775
vt 0.323626 0.463775
vt 0.323626 0.456565
vt 0.323626 0.449478
vt 0.323626 0.442268
vt 0.323626 0.435181
vt 0.323626 0.427971
vt 0.323626 0.418074
vt 0.323626 0.401944
vt 0.323626 0.377871
vt 0.323626 0.346100
vt 0.323626 0.312985
vt 0.323626 0.290867
vt 0.323626 0.280359
vt 0.323626 0.272538
vt 0.323626 0.264718
vt 0.323626 0.256775
vt 0.323626 0.248954
vt 0.323626 0.241134
vt 0.323626 0.233313
vt 0.323626 0.218161
vt 0.323626 0.136900
vt 0.323626 0.122726
vt 0.319473 0.106718
vt 0.339868 0.083501
vt 0.339868 -0.000570
vt 0.343898 0.083501
vt 0.343898 -0.000570
vt 0.348050 -0.000570
vt 0.348050 0.083501
vt 0.372474 0.083501
vt 0.352080 0.106718
vt 0.348050 0.109773
vt 0.343898 0.109773
vt 0.339868 0.109773
vt 0.335838 0.106718
vt 0.331685 0.122726
vt 0.331685 0.136900
vt 0.372474 -0.000570
vt 0.331685 0.463775
vt 0.335838 0.136900
vt 0.331685 0.218161
vt 0.331685 0.233313
vt 0.331685 0.241134
vt 0.331685 0.248954
vt 0.331685 0.256775
vt 0.331685 0.264718
vt 0.331685 0.272538
vt 0.331685 0.280359
vt 0.331685 0.290867
vt 0.331685 0.312985
vt 0.331685 0.346100
vt 0.331685 0.377871
vt 0.331685 0.401944
vt 0.331685 0.418074
vt 0.331685 0.427971
vt 0.331685 0.435181
vt 0.331685 0.442268
vt 0.331685 0.449478
vt 0.331685 0.456565
vt 0.335838 0.456565
vt 0.335838 0.449478
vt 0.335838 0.442268
vt 0.335838 0.435181
vt 0.335838 0.427971
vt 0.335838 0.418074
vt 0.335838 0.401944
vt 0.335838 0.377871
vt 0.335838 0.346100
vt 0.335838 0.312985
vt 0.335838 0.290867
vt 0.335838 0.280359
vt 0.335838 0.272538
vt 0.335838 0.264718
vt 0.335838 0.256775
vt 0.335838 0.248954
vt 0.335838 0.241134
vt 0.335838 0.233313
vt 0.335838 0.218161
vt 0.339868 0.136900
vt 0.343898 0.136900
vt 0.348050 0.136900
vt 0.352080 0.136900
vt 0.356110 0.136900
vt 0.352080 0.218161
vt 0.348050 0.218161
vt 0.343898 0.218161
vt 0.339868 0.218161
vt 0.339868 0.233313
vt 0.339868 0.241134
vt 0.339868 0.248954
vt 0.339868 0.256775
vt 0.339868 0.264718
vt 0.339868 0.272538
vt 0.339868 0.280359
vt 0.339868 0.290867
vt 0.339868 0.312985
vt 0.339868 0.346100
vt 0.339868 0.377871
vt 0.339868 0.401944
vt 0.339868 0.418074
vt 0.339868 0.427971
vt 0.339868 0.435181
vt 0.339868 0.442268
vt 0.339868 0.449478
vt 0.339868 0.456565
vt 0.343898 0.456565
vt 0.343898 0.449478
vt 0.343898 0.442268
vt 0.343898 0.435181
vt 0.343898 0.427971
vt 0.343898 0.418074
vt 0.343898 0.401944
vt 0.343898 0.377871
vt 0.343898 0.346100
vt 0.343898 0.312985
vt 0.343898 0.290867
vt 0.343898 0.280359
vt 0.343898 0.272538
vt 0.343898 0.264718
vt 0.343898 0.256775
vt 0.343898 0.248954
vt 0.343898 0.241134
vt 0.343898 0.233313
vt 0.348050 0.233313
vt 0.348050 0.241134
vt 0.348050 0.248954
vt 0.348050 0.256775
vt 0.348050 0.264718
vt 0.348050 0.272538
vt 0.348050 0.280359
vt 0.348050 0.290867
vt 0.348050 0.312985
vt 0.348050 0.346100
vt 0.348050 0.377871
vt 0.348050 0.401944
vt 0.348050 0.418074
vt 0.348050 0.427971
vt 0.348050 0.435181
vt 0.348050 0.442268
vt 0.348050 0.449478
vt 0.348050 0.456565
vt 0.352080 0.456565
vt 0.352080 0.449478
vt 0.352080 0.442268
vt 0.352080 0.435181
vt 0.352080 0.427971
vt 0.352080 0.418074
vt 0.352080 0.401944
vt 0.352080 0.377871
vt 0.352080 0.346100
vt 0.352080 0.312985
vt 0.352080 0.290867
vt 0.352080 0.280359
vt 0.352080 0.272538
vt 0.352080 0.264718
vt 0.352080 0.256775
vt 0.352080 0.248954
vt 0.352080 0.241134
vt 0.352080 0.233313
vt 0.356110 0.218161
vt 0.356110 0.233313
vt 0.356110 0.241134
vt 0.356110 0.248954
vt 0.356110 0.256775
vt 0.356110 0.264718
vt 0.356110 0.272538
vt 0.356110 0.280359
vt 0.356110 0.290867
vt 0.356110 0.312985
vt 0.356110 0.346100
vt 0.356110 0.377871
vt 0.356110 0.401944
vt 0.356110 0.418074
vt 0.356110 0.427971
vt 0.360262 0.418074
vt 0.360262 0.401944
vt 0.360262 0.377871
vt 0.360262 0.346100
vt 0.360262 0.312985
vt 0.364292 0.312985
vt 0.364292 0.346100
vt 0.364292 0.377871
vt 0.364292 0.401944
vt 0.364292 0.418074
vt 0.372474 0.401944
vt 0.372474 0.377871
vt 0.372474 0.346100
vt 0.372474 0.312985
vt 0.364292 0.290867
vt 0.360262 0.290867
vt 0.364292 0.280359
vt 0.360262 0.280359
vt 0.364292 0.272538
vt 0.372474 0.280359
vt 0.372474 0.272538
vt 0.372474 0.290867
vt 0.360262 0.272538
vt 0.364292 0.264718
vt 0.372474 0.264718
vt 0.364292 0.256775
vt 0.372474 0.256775
vt 0.372474 0.248954
vt 0.364292 0.248954
vt 0.372474 0.241134
vt 0.364292 0.241134
vt 0.372474 0.233313
vt 0.364292 0.233313
vt 0.372474 0.218161
vt 0.364292 0.218161
vt 0.364292 0.136900
vt 0.372474 0.136900
vt 0.368322 0.106718
vt 0.372474 0.109773
vt 0.364292 0.122726
vt 0.356110 0.122726
vt 0.360262 0.128469
vt 0.360262 0.136900
vt 0.360262 0.218161
vt 0.360262 0.233313
vt 0.360262 0.241134
vt 0.360262 0.248954
vt 0.360262 0.256775
vt 0.360262 0.264718
vt 0.372474 0.470862
vt 0.364292 0.463775
vt 0.372474 0.463775
vt 0.372474 0.456565
vt 0.364292 0.456565
vt 0.372474 0.449478
vt 0.364292 0.449478
vt 0.372474 0.442268
vt 0.364292 0.442268
vt 0.372474 0.435181
vt 0.364292 0.435181
vt 0.372474 0.427971
vt 0.364292 0.427971
vt 0.372474 0.418074
vt 0.360262 0.427971
vt 0.360262 0.435181
vt 0.360262 0.442268
vt 0.360262 0.449478
vt 0.360262 0.456565
vt 0.356110 0.456565
vt 0.356110 0.449478
vt 0.356110 0.442268
vt 0.356110 0.435181
vt 0.494351 0.649635
vt 0.487634 0.644869
vt 0.494351 0.644869
vt 0.494351 0.640104
vt 0.487634 0.640104
vt 0.494351 0.635460
vt 0.487634 0.635460
vt 0.494351 0.631183
vt 0.487634 0.631183
vt 0.494351 0.627151
vt 0.487634 0.627151
vt 0.494351 0.623852
vt 0.487634 0.623852
vt 0.494351 0.621041
vt 0.487634 0.621041
vt 0.494351 0.616764
vt 0.487634 0.616764
vt 0.494351 0.612121
vt 0.487634 0.612121
vt 0.494351 0.607355
vt 0.487634 0.607355
vt 0.494351 0.602589
vt 0.487634 0.602589
vt 0.494351 0.597946
vt 0.487634 0.597946
vt 0.494351 0.593547
vt 0.487634 0.593547
vt 0.494351 0.590859
vt 0.487634 0.590859
vt 0.494351 0.587437
vt 0.487634 0.587437
vt 0.494351 0.583527
vt 0.487634 0.583527
vt 0.494351 0.579128
vt 0.487634 0.579128
vt 0.494351 0.574484
vt 0.487634 0.574484
vt 0.494351 0.569719
vt 0.487634 0.569719
vt 0.487634 0.564953
vt 0.494351 0.564953
vt 0.487634 0.560310
vt 0.494351 0.560310
vt 0.487634 0.555911
vt 0.494351 0.555911
vt 0.487634 0.552000
vt 0.494351 0.552000
vt 0.487634 0.548579
vt 0.494351 0.548579
vt 0.487634 0.545891
vt 0.494351 0.545891
vt 0.487634 0.649635
vt 0.494351 0.654278
vt 0.487634 0.654278
vt 0.494351 0.658677
vt 0.487634 0.658677
vt 0.494351 0.662588
vt 0.487634 0.662588
vt 0.494351 0.666009
vt 0.487634 0.666009
vt 0.494351 0.668697
vt 0.487634 0.668697
vt 0.494351 0.673097
vt 0.487634 0.673097
vt 0.494351 0.677740
vt 0.487634 0.677740
vt 0.494351 0.682506
vt 0.487634 0.682506
vt 0.494351 0.687271
vt 0.487634 0.687271
vt 0.494351 0.691915
vt 0.487634 0.691915
vt 0.494351 0.696192
vt 0.487634 0.696192
vt 0.376626 0.782706
vt 0.379191 0.787350
vt 0.375161 0.777574
vt 0.382488 0.791504
vt 0.386518 0.794926
vt 0.391158 0.797492
vt 0.396165 0.799203
vt 0.401417 0.799814
vt 0.406790 0.799447
vt 0.411919 0.798103
vt 0.374672 0.772320
vt 0.484215 0.745803
vt 0.374672 0.745803
vt 0.374672 0.741526
vt 0.484215 0.741526
vt 0.374672 0.737983
vt 0.484215 0.737983
vt 0.374672 0.734561
vt 0.484215 0.734561
vt 0.374672 0.730406
vt 0.484215 0.730406
vt 0.482993 0.771220
vt 0.484215 0.769509
vt 0.402149 0.727596
vt 0.396898 0.726985
vt 0.407400 0.727229
vt 0.391769 0.725274
vt 0.387128 0.722708
vt 0.383098 0.719287
vt 0.379801 0.715132
vt 0.377359 0.710488
vt 0.375771 0.705356
vt 0.375283 0.700102
vt 0.412530 0.725885
vt 0.375283 0.673585
vt 0.483726 0.699002
vt 0.484825 0.697291
vt 0.484825 0.673585
vt 0.484825 0.671875
vt 0.375283 0.671875
vt 0.484825 0.670408
vt 0.375283 0.670408
vt 0.484825 0.669553
vt 0.375283 0.669553
vt 0.484825 0.667842
vt 0.375283 0.667842
vt 0.424253 0.651468
vt 0.428894 0.652690
vt 0.433657 0.653179
vt 0.438419 0.652690
vt 0.443060 0.651468
vt 0.447456 0.649391
vt 0.484825 0.625562
vt 0.451364 0.646702
vt 0.454783 0.643281
vt 0.457470 0.639370
vt 0.459546 0.634971
vt 0.460767 0.630328
vt 0.461134 0.625562
vt 0.484825 0.583405
vt 0.460767 0.620797
vt 0.459546 0.616153
vt 0.457470 0.611876
vt 0.454783 0.607966
vt 0.451364 0.604545
vt 0.447456 0.601734
vt 0.443060 0.599779
vt 0.438419 0.598557
vt 0.375283 0.583405
vt 0.433657 0.598068
vt 0.428894 0.598557
vt 0.424253 0.599779
vt 0.419857 0.601734
vt 0.375283 0.625562
vt 0.415949 0.604545
vt 0.412530 0.607966
vt 0.409843 0.611876
vt 0.407767 0.616153
vt 0.406546 0.620797
vt 0.406179 0.625562
vt 0.406546 0.630328
vt 0.407767 0.634971
vt 0.409843 0.639370
vt 0.412530 0.643281
vt 0.415949 0.646702
vt 0.419857 0.649391
vt 0.375283 0.581694
vt 0.484825 0.581694
vt 0.375283 0.580228
vt 0.484825 0.580228
vt 0.375283 0.579372
vt 0.484825 0.579372
vt 0.375283 0.577661
vt 0.484825 0.577661
vt 0.484825 0.553955
vt 0.483726 0.552245
vt 0.412530 0.525362
vt 0.375283 0.551145
vt 0.407400 0.524017
vt 0.375771 0.545768
vt 0.377359 0.540758
vt 0.379801 0.535993
vt 0.383098 0.531838
vt 0.387128 0.528416
vt 0.391769 0.525850
vt 0.396898 0.524262
vt 0.402149 0.523651
vt 0.382488 0.887795
vt 0.375771 0.887795
vt 0.382488 0.882663
vt 0.375771 0.882663
vt 0.382488 0.877408
vt 0.382366 0.958913
vt 0.375771 0.958913
vt 0.375771 0.960135
vt 0.382366 0.960135
vt 0.382366 0.983841
vt 0.375771 0.983841
vt 0.376504 0.987996
vt 0.382732 0.985430
vt 0.378946 0.991662
vt 0.383709 0.986896
vt 0.382488 0.993983
vt 0.385052 0.987873
vt 0.386762 0.994839
vt 0.386762 0.988118
vt 0.429016 0.988240
vt 0.429016 0.994839
vt 0.375771 0.877408
vt 0.382488 0.872154
vt 0.375771 0.872154
vt 0.382488 0.867022
vt 0.375771 0.867022
vt 0.382488 0.862378
vt 0.375771 0.862378
vt 0.382488 0.858346
vt 0.375771 0.858346
vt 0.382488 0.855046
vt 0.375771 0.855046
vt 0.382488 0.850403
vt 0.375771 0.850403
vt 0.382488 0.845271
vt 0.375771 0.845271
vt 0.382488 0.840016
vt 0.375771 0.840016
vt 0.375771 0.813378
vt 0.382488 0.813378
vt 0.382732 0.811789
vt 0.376626 0.809223
vt 0.383709 0.810323
vt 0.379068 0.805557
vt 0.385174 0.809345
vt 0.382610 0.803235
vt 0.386762 0.809101
vt 0.386762 0.802380
vt 0.429016 0.802380
vt 0.429016 0.809101
vt 0.471270 0.809101
vt 0.471270 0.802380
vt 0.475544 0.803235
vt 0.472979 0.809345
vt 0.479086 0.805557
vt 0.474323 0.810323
vt 0.481528 0.809223
vt 0.475300 0.811789
vt 0.482383 0.813378
vt 0.475666 0.813378
vt 0.475666 0.840016
vt 0.482383 0.840016
vt 0.482383 0.845271
vt 0.475666 0.845271
vt 0.482383 0.850403
vt 0.475666 0.850403
vt 0.482383 0.855046
vt 0.475666 0.855046
vt 0.482383 0.859201
vt 0.475666 0.859201
vt 0.482383 0.862623
vt 0.475666 0.862623
vt 0.482261 0.867266
vt 0.475666 0.867266
vt 0.482261 0.872276
vt 0.475666 0.872276
vt 0.482261 0.877530
vt 0.475666 0.877530
vt 0.482261 0.882907
vt 0.475666 0.882907
vt 0.482261 0.888039
vt 0.475666 0.888039
vt 0.482261 0.959157
vt 0.475544 0.959157
vt 0.475544 0.960257
vt 0.482261 0.960257
vt 0.475544 0.983963
vt 0.482261 0.983963
vt 0.481406 0.988240
vt 0.475178 0.985674
vt 0.478963 0.991784
vt 0.474201 0.987018
vt 0.475422 0.994228
vt 0.472857 0.987996
vt 0.471148 0.995083
vt 0.471148 0.988362
vt 0.428894 0.988362
vt 0.428894 0.994961
vt 0.424864 0.624096
vt 0.413507 0.625807
vt 0.425352 0.622385
vt 0.425963 0.620797
vt 0.427062 0.619452
vt 0.428283 0.618231
vt 0.429627 0.617253
vt 0.413507 0.610532
vt 0.431214 0.616398
vt 0.432924 0.616031
vt 0.434633 0.615909
vt 0.436343 0.616031
vt 0.453074 0.610532
vt 0.438053 0.616398
vt 0.439640 0.617253
vt 0.440984 0.618231
vt 0.442205 0.619452
vt 0.443182 0.620797
vt 0.443915 0.622385
vt 0.444403 0.624096
vt 0.444525 0.625807
vt 0.453074 0.625807
vt 0.444403 0.627517
vt 0.443915 0.629228
vt 0.443182 0.630817
vt 0.442205 0.632161
vt 0.440984 0.633383
vt 0.439640 0.634360
vt 0.453074 0.641081
vt 0.438053 0.635094
vt 0.436343 0.635582
vt 0.434633 0.635705
vt 0.432924 0.635582
vt 0.431214 0.635094
vt 0.413507 0.641081
vt 0.429627 0.634360
vt 0.428283 0.633383
vt 0.427062 0.632161
vt 0.425963 0.630817
vt 0.425352 0.629228
vt 0.424864 0.627517
vt 0.424742 0.625807
vt 0.379068 0.787350
vt 0.374672 0.738105
vt 0.484215 0.738105
vt 0.386762 0.984208
vt 0.386762 0.857368
vt 0.391036 0.984208
vt 0.391036 0.857368
vt 0.395311 0.984208
vt 0.395311 0.857368
vt 0.399463 0.984208
vt 0.399463 0.857368
vt 0.403737 0.984208
vt 0.403737 0.857368
vt 0.407889 0.984208
vt 0.407889 0.857368
vt 0.412163 0.984208
vt 0.412163 0.857368
vt 0.416315 0.984208
vt 0.416315 0.857368
vt 0.420590 0.984208
vt 0.420590 0.857368
vt 0.424742 0.984208
vt 0.424742 0.857368
vt 0.429016 0.984208
vt 0.429016 0.857368
vt 0.433168 0.984208
vt 0.433168 0.857368
vt 0.437442 0.984208
vt 0.437442 0.857368
vt 0.441594 0.984208
vt 0.441594 0.857368
vt 0.445869 0.984208
vt 0.445869 0.857368
vt 0.450021 0.984208
vt 0.450021 0.857368
vt 0.454295 0.984208
vt 0.454295 0.857368
vt 0.458447 0.984208
vt 0.458447 0.857368
vt 0.462721 0.984208
vt 0.462721 0.857368
vt 0.466996 0.984208
vt 0.466996 0.857368
vt 0.471148 0.984208
vt 0.471148 0.857368
vt 0.431458 0.851991
vt 0.428039 0.853824
vt 0.424742 0.842216
vt 0.424253 0.854435
vt 0.420467 0.853824
vt 0.417048 0.851991
vt 0.414361 0.849303
vt 0.412652 0.846004
vt 0.412041 0.842216
vt 0.412652 0.838428
vt 0.414361 0.835006
vt 0.417048 0.832318
vt 0.420467 0.830607
vt 0.424253 0.829996
vt 0.428039 0.830607
vt 0.431458 0.832318
vt 0.434145 0.835006
vt 0.435855 0.838428
vt 0.436465 0.842216
vt 0.435855 0.846004
vt 0.434145 0.849303
vt 0.391281 0.851991
vt 0.398974 0.842216
vt 0.394700 0.853824
vt 0.398486 0.854435
vt 0.402271 0.853824
vt 0.405691 0.851991
vt 0.408377 0.849303
vt 0.410087 0.846004
vt 0.410698 0.842216
vt 0.410087 0.838428
vt 0.408377 0.835006
vt 0.405691 0.832318
vt 0.402271 0.830607
vt 0.398486 0.829996
vt 0.394700 0.830607
vt 0.391281 0.832318
vt 0.388594 0.835006
vt 0.386884 0.838428
vt 0.386274 0.842216
vt 0.386884 0.846004
vt 0.388594 0.849303
vt 0.300423 0.054052
vt 0.300423 0.046964
vt 0.268427 0.054052
vt 0.297003 0.043543
vt 0.271846 0.043543
vt 0.268427 0.046964
vt 0.300423 0.043543
vt 0.307383 0.043543
vt 0.300423 0.012261
vt 0.307383 0.012261
vt 0.268427 0.012261
vt 0.261344 0.012261
vt 0.268427 0.043543
vt 0.261344 0.043543
vt 0.271846 0.012261
vt 0.297003 0.012261
vt 0.229348 0.043543
vt 0.229348 0.012261
vt 0.300423 0.008839
vt 0.300423 0.001752
vt 0.268427 0.008717
vt 0.268427 0.001752
vt 0.175371 0.497745
vt 0.175371 0.500800
vt 0.210053 0.497745
vt 0.210053 0.500800
vt 0.175371 0.405243
vt 0.210053 0.405243
vt 0.978072 0.022158
vt 0.927514 0.022158
vt 0.978072 0.017271
vt 0.927514 0.017271
vt 0.978072 0.011772
vt 0.927514 0.011772
vt 0.978072 0.006884
vt 0.978072 0.084967
vt 0.927514 0.084967
vt 0.978072 0.134334
vt 0.927514 0.134334
vt 0.978072 0.183457
vt 0.927514 0.183457
vt 0.927514 0.188345
vt 0.978072 0.188345
vt 0.927514 0.193355
vt 0.978072 0.193355
vt 0.927514 0.198243
vt 0.978072 0.198243
vt 0.927514 0.203131
vt 0.978072 0.203131
vt 0.927880 0.013605
vt 0.978316 0.013605
vt 0.927880 0.017271
vt 0.978316 0.017271
vt 0.927880 0.022158
vt 0.978316 0.022158
vt 0.978316 0.084845
vt 0.927880 0.084845
vt 0.978316 0.134334
vt 0.927880 0.134334
vt 0.927880 0.183335
vt 0.978316 0.183335
vt 0.927880 0.188223
vt 0.978316 0.188223
vt 0.927880 0.191767
vt 0.978316 0.191767
vt 0.927514 0.001996
vt 0.978072 0.001996
vt 0.927514 0.006884
vt 0.983812 0.084967
vt 0.982957 0.022158
vt 0.987842 0.022158
vt 0.983689 0.019715
vt 0.985399 0.018004
vt 0.987842 0.017271
vt 0.990284 0.018004
vt 0.992116 0.019715
vt 0.992726 0.022158
vt 0.991383 0.084967
vt 0.921896 0.084967
vt 0.917622 0.022158
vt 0.922507 0.022158
vt 0.921896 0.019715
vt 0.920064 0.018004
vt 0.917622 0.017271
vt 0.915180 0.018004
vt 0.913470 0.019715
vt 0.912737 0.022158
vt 0.914081 0.084967
vt 0.982224 0.183091
vt 0.979415 0.188345
vt 0.983079 0.185901
vt 0.982957 0.191889
vt 0.983812 0.134334
vt 0.979415 0.017271
vt 0.982957 0.013727
vt 0.987842 0.012383
vt 0.992726 0.013727
vt 0.996390 0.017271
vt 0.997611 0.022158
vt 0.997611 0.084967
vt 0.997611 0.134334
vt 0.991383 0.134334
vt 0.997611 0.183457
vt 0.993459 0.183091
vt 0.992726 0.185901
vt 0.996390 0.188345
vt 0.990650 0.187978
vt 0.992726 0.191889
vt 0.987842 0.188712
vt 0.987842 0.193233
vt 0.985033 0.187978
vt 0.922507 0.185901
vt 0.923240 0.183091
vt 0.927392 0.183457
vt 0.921896 0.134334
vt 0.927392 0.022158
vt 0.926048 0.017271
vt 0.922507 0.013727
vt 0.917622 0.012383
vt 0.912737 0.013727
vt 0.909196 0.017271
vt 0.907852 0.022158
vt 0.907852 0.084967
vt 0.914081 0.134334
vt 0.907852 0.134334
vt 0.907852 0.183457
vt 0.912004 0.183091
vt 0.909196 0.188345
vt 0.912737 0.185901
vt 0.912737 0.191889
vt 0.914813 0.187978
vt 0.917622 0.193233
vt 0.917622 0.188712
vt 0.922507 0.191889
vt 0.920431 0.187978
vt 0.926048 0.188345
vt 0.917622 0.183457
vt 0.987842 0.183457
vt 0.883917 0.338524
vt 0.883550 0.341212
vt 0.875246 0.338524
vt 0.882329 0.343656
vt 0.880375 0.345489
vt 0.877933 0.346711
vt 0.875246 0.347200
vt 0.872681 0.346711
vt 0.870239 0.345489
vt 0.868285 0.343656
vt 0.867064 0.341212
vt 0.866575 0.338524
vt 0.807225 0.242356
vt 0.809179 0.242356
vt 0.804904 0.258730
vt 0.809423 0.258730
vt 0.811621 0.242356
vt 0.814308 0.258730
vt 0.814308 0.242356
vt 0.800264 0.258730
vt 0.804904 0.266673
vt 0.800264 0.266673
vt 0.805026 0.314451
vt 0.800264 0.314451
vt 0.809423 0.314451
vt 0.809423 0.266673
vt 0.814308 0.266673
vt 0.819193 0.266673
vt 0.819070 0.314451
vt 0.823467 0.314451
vt 0.823589 0.266673
vt 0.828107 0.314451
vt 0.828107 0.266673
vt 0.832504 0.314451
vt 0.832504 0.266673
vt 0.837389 0.314451
vt 0.837389 0.266673
vt 0.832504 0.258730
vt 0.837389 0.258730
vt 0.834702 0.242356
vt 0.837389 0.242356
vt 0.814308 0.314451
vt 0.832259 0.242356
vt 0.828107 0.258730
vt 0.823589 0.258730
vt 0.819193 0.258730
vt 0.816872 0.242356
vt 0.819315 0.242356
vt 0.822368 0.242356
vt 0.888924 0.242478
vt 0.893076 0.258852
vt 0.886603 0.242478
vt 0.888679 0.258852
vt 0.893076 0.266673
vt 0.888679 0.266673
vt 0.892954 0.314451
vt 0.888557 0.314451
vt 0.891122 0.338646
vt 0.875368 0.338646
vt 0.890267 0.333758
vt 0.888069 0.329359
vt 0.884649 0.325816
vt 0.880253 0.323616
vt 0.875368 0.322883
vt 0.870483 0.323616
vt 0.866087 0.325816
vt 0.862545 0.329359
vt 0.837389 0.321294
vt 0.832504 0.321294
vt 0.832504 0.318606
vt 0.828107 0.318606
vt 0.837389 0.289890
vt 0.823589 0.318606
vt 0.828107 0.321294
vt 0.823589 0.321294
vt 0.819193 0.318606
vt 0.819193 0.321294
vt 0.814308 0.318606
vt 0.814308 0.321294
vt 0.809423 0.318606
vt 0.809423 0.321294
vt 0.805026 0.318606
vt 0.814308 0.289890
vt 0.837389 0.318606
vt 0.805026 0.321294
vt 0.800264 0.318606
vt 0.800264 0.321294
vt 0.856195 0.337669
vt 0.840442 0.337669
vt 0.855462 0.332903
vt 0.853142 0.328504
vt 0.849723 0.324960
vt 0.845326 0.322761
vt 0.840442 0.321905
vt 0.835557 0.322761
vt 0.831160 0.324960
vt 0.827619 0.328504
vt 0.883550 0.335836
vt 0.882329 0.333392
vt 0.880375 0.331559
vt 0.877933 0.330337
vt 0.875246 0.329848
vt 0.872681 0.330337
vt 0.870239 0.331559
vt 0.868285 0.333392
vt 0.867064 0.335836
vt 0.842273 0.314451
vt 0.842273 0.266673
vt 0.846670 0.314451
vt 0.846670 0.266673
vt 0.851310 0.314451
vt 0.851432 0.266673
vt 0.855707 0.314451
vt 0.855829 0.266673
vt 0.860592 0.314451
vt 0.860714 0.266673
vt 0.865476 0.314451
vt 0.865598 0.266673
vt 0.869873 0.314451
vt 0.869995 0.266673
vt 0.874513 0.314451
vt 0.874513 0.266673
vt 0.878910 0.314451
vt 0.878910 0.266673
vt 0.883672 0.314451
vt 0.883795 0.266673
vt 0.883917 0.242478
vt 0.883795 0.258852
vt 0.878910 0.258852
vt 0.874513 0.258852
vt 0.869995 0.258852
vt 0.865598 0.258852
vt 0.860714 0.258852
vt 0.855829 0.258730
vt 0.851432 0.258730
vt 0.846670 0.258730
vt 0.842273 0.258730
vt 0.840075 0.242356
vt 0.842518 0.242356
vt 0.845693 0.242356
vt 0.855585 0.242356
vt 0.858027 0.242356
vt 0.860714 0.242356
vt 0.863400 0.242356
vt 0.865843 0.242356
vt 0.868774 0.242478
vt 0.878788 0.242478
vt 0.881230 0.242478
vt 0.890267 0.343534
vt 0.888069 0.347933
vt 0.884649 0.351354
vt 0.880253 0.353676
vt 0.875368 0.354409
vt 0.870483 0.353676
vt 0.866087 0.351354
vt 0.862545 0.347933
vt 0.860347 0.343534
vt 0.859492 0.338646
vt 0.860347 0.333758
vt 0.842273 0.321294
vt 0.842273 0.318606
vt 0.846670 0.321294
vt 0.846670 0.318606
vt 0.851432 0.321294
vt 0.851432 0.318606
vt 0.855829 0.321172
vt 0.855829 0.318606
vt 0.860714 0.321172
vt 0.860714 0.318606
vt 0.865476 0.321172
vt 0.865476 0.318606
vt 0.860714 0.289890
vt 0.869873 0.318606
vt 0.869873 0.321172
vt 0.874513 0.321172
vt 0.874513 0.318606
vt 0.883795 0.289890
vt 0.878910 0.321172
vt 0.878910 0.318606
vt 0.883795 0.318606
vt 0.888679 0.318606
vt 0.888679 0.321172
vt 0.893076 0.321172
vt 0.893076 0.318606
vt 0.883795 0.321172
vt 0.855462 0.342556
vt 0.853142 0.346955
vt 0.849723 0.350499
vt 0.845326 0.352699
vt 0.840442 0.353432
vt 0.835557 0.352699
vt 0.831160 0.350499
vt 0.827619 0.346955
vt 0.825421 0.342556
vt 0.824688 0.337669
vt 0.825421 0.332903
vt 0.635645 0.592692
vt 0.630882 0.592692
vt 0.633324 0.578639
vt 0.629172 0.583527
vt 0.628439 0.567764
vt 0.625631 0.575584
vt 0.621845 0.561776
vt 0.624898 0.592692
vt 0.624043 0.588415
vt 0.612442 0.588415
vt 0.611587 0.592692
vt 0.605603 0.592692
vt 0.607190 0.583527
vt 0.600840 0.592692
vt 0.603038 0.578639
vt 0.610732 0.575584
vt 0.607923 0.567764
vt 0.615617 0.571185
vt 0.614640 0.561776
vt 0.620868 0.571185
vt 0.622089 0.585360
vt 0.619647 0.583160
vt 0.616838 0.583160
vt 0.614273 0.585360
vt 0.635645 0.600634
vt 0.600840 0.600634
vt 0.630882 0.595746
vt 0.605603 0.595746
vt 0.751293 0.592447
vt 0.746531 0.592447
vt 0.749095 0.578395
vt 0.744943 0.583282
vt 0.740547 0.592447
vt 0.739692 0.588170
vt 0.728212 0.588170
vt 0.727235 0.592447
vt 0.721251 0.592447
vt 0.722961 0.583282
vt 0.716611 0.592447
vt 0.718809 0.578395
vt 0.726503 0.575340
vt 0.723694 0.567519
vt 0.731265 0.570941
vt 0.730288 0.561532
vt 0.736517 0.570941
vt 0.737616 0.561532
vt 0.741401 0.575340
vt 0.744210 0.567519
vt 0.737860 0.584993
vt 0.735295 0.582916
vt 0.732487 0.582916
vt 0.730044 0.584993
vt 0.751293 0.600390
vt 0.716611 0.600390
vt 0.746531 0.595502
vt 0.721251 0.595502
vt 0.656649 0.557866
vt 0.656649 0.559821
vt 0.653841 0.557866
vt 0.653841 0.559821
vt 0.692431 0.557866
vt 0.692431 0.555055
vt 0.656649 0.555055
vt 0.692431 0.559821
vt 0.695118 0.559943
vt 0.695118 0.557866
vt 0.656649 0.562631
vt 0.692431 0.562631
vt 0.656649 0.564953
vt 0.646391 0.564953
vt 0.646391 0.591714
vt 0.656649 0.591714
vt 0.647002 0.593914
vt 0.656649 0.593914
vt 0.692431 0.593914
vt 0.692431 0.596724
vt 0.656649 0.596724
vt 0.647002 0.562631
vt 0.692431 0.564953
vt 0.701956 0.562631
vt 0.702689 0.564953
vt 0.702689 0.591714
vt 0.692431 0.591714
vt 0.701956 0.593914
vt 0.656649 0.598801
vt 0.692431 0.598801
vt 0.695118 0.596724
vt 0.695118 0.598801
vt 0.653841 0.598801
vt 0.653841 0.596724
vt 0.692431 0.601490
vt 0.656649 0.601490
vt 0.644315 0.593914
vt 0.644315 0.591714
vt 0.646391 0.593914
vt 0.644315 0.564953
vt 0.644315 0.562631
vt 0.646391 0.562631
vt 0.704765 0.593914
vt 0.702689 0.593914
vt 0.704765 0.591714
vt 0.704765 0.564953
vt 0.702689 0.562631
vt 0.704765 0.562631
vt 0.647002 0.595991
vt 0.656649 0.595991
vt 0.643705 0.593914
vt 0.642850 0.593914
vt 0.642850 0.591714
vt 0.642850 0.564953
vt 0.643705 0.562631
vt 0.642850 0.562631
vt 0.647002 0.560676
vt 0.656649 0.560676
vt 0.706475 0.593914
vt 0.705376 0.593914
vt 0.706475 0.591714
vt 0.706475 0.564953
vt 0.706475 0.562631
vt 0.705376 0.562631
vt 0.701956 0.595991
vt 0.692431 0.595991
vt 0.701956 0.560676
vt 0.692431 0.560676
vt 0.226784 0.498478
vt 0.222509 0.392779
vt 0.226784 0.392534
vt 0.221777 0.389602
vt 0.225684 0.387647
vt 0.219701 0.387158
vt 0.222876 0.383859
vt 0.216648 0.385447
vt 0.217991 0.381781
vt 0.212862 0.384836
vt 0.212984 0.381170
vt 0.177813 0.384836
vt 0.177569 0.381170
vt 0.174027 0.385447
vt 0.172806 0.382026
vt 0.170974 0.387158
vt 0.168654 0.384347
vt 0.168898 0.389602
vt 0.165967 0.387891
vt 0.168165 0.392779
vt 0.164135 0.392534
vt 0.168165 0.498478
vt 0.164135 0.498478
vt 0.222509 0.498478
vt 0.228982 0.498478
vt 0.228982 0.392534
vt 0.227883 0.386669
vt 0.225074 0.381903
vt 0.218479 0.378971
vt 0.212984 0.378115
vt 0.177569 0.378115
vt 0.171829 0.378604
vt 0.166456 0.382026
vt 0.163403 0.386425
vt 0.161815 0.392534
vt 0.161815 0.498478
vt 0.165845 0.501411
vt 0.165845 0.504710
vt 0.224830 0.501411
vt 0.224830 0.504710
vt 0.135559 0.728696
vt 0.135437 0.731506
vt 0.135559 0.704501
vt 0.134216 0.704501
vt 0.134216 0.727963
vt 0.265374 0.705845
vt 0.263786 0.705601
vt 0.262809 0.695825
vt 0.261954 0.700957
vt 0.260489 0.702546
vt 0.260489 0.694603
vt 0.257924 0.704012
vt 0.258291 0.693870
vt 0.254383 0.703523
vt 0.255116 0.692770
vt 0.251940 0.692403
vt 0.251940 0.698758
vt 0.265252 0.696314
vt 0.268305 0.696680
vt 0.268305 0.701935
vt 0.271480 0.696314
vt 0.271358 0.705845
vt 0.273922 0.695825
vt 0.272945 0.705601
vt 0.274777 0.701079
vt 0.276853 0.702546
vt 0.276853 0.694603
vt 0.279296 0.704012
vt 0.278929 0.693870
vt 0.282226 0.692770
vt 0.282837 0.703523
vt 0.285280 0.698758
vt 0.285280 0.692403
vt 0.160472 0.694481
vt 0.158884 0.692403
vt 0.155465 0.669675
vt 0.155953 0.690326
vt 0.153511 0.689226
vt 0.150458 0.669675
vt 0.150458 0.688860
vt 0.145329 0.669675
vt 0.147283 0.689226
vt 0.144840 0.690326
vt 0.140566 0.669675
vt 0.141909 0.692403
vt 0.140322 0.694481
vt 0.139223 0.697780
vt 0.137391 0.669675
vt 0.137391 0.700835
vt 0.133361 0.669675
vt 0.133361 0.700835
vt 0.128598 0.669675
vt 0.128598 0.700835
vt 0.123469 0.669675
vt 0.123469 0.700835
vt 0.118340 0.669675
vt 0.118340 0.700835
vt 0.138490 0.700835
vt 0.138979 0.700835
vt 0.160350 0.669675
vt 0.161571 0.697780
vt 0.163403 0.669675
vt 0.163403 0.700835
vt 0.167555 0.700835
vt 0.167555 0.669675
vt 0.172318 0.700835
vt 0.172318 0.669675
vt 0.177447 0.700835
vt 0.177325 0.669675
vt 0.182454 0.700835
vt 0.182454 0.669675
vt 0.187216 0.700835
vt 0.187216 0.669675
vt 0.191368 0.700835
vt 0.191368 0.669675
vt 0.194421 0.669675
vt 0.194055 0.694847
vt 0.194421 0.694236
vt 0.195887 0.692403
vt 0.198329 0.690448
vt 0.199306 0.690082
vt 0.199184 0.669675
vt 0.201260 0.689226
vt 0.204313 0.688860
vt 0.204313 0.669675
vt 0.207488 0.689226
vt 0.209442 0.669675
vt 0.209442 0.690082
vt 0.210297 0.690448
vt 0.212862 0.692403
vt 0.214205 0.694236
vt 0.214205 0.669675
vt 0.214571 0.694847
vt 0.215548 0.697780
vt 0.215793 0.700835
vt 0.217380 0.669675
vt 0.217380 0.700835
vt 0.221410 0.700835
vt 0.221410 0.669675
vt 0.226173 0.700835
vt 0.226173 0.669675
vt 0.162304 0.700835
vt 0.161937 0.700835
vt 0.193200 0.697780
vt 0.192834 0.700835
vt 0.108815 0.727963
vt 0.107593 0.731506
vt 0.108815 0.704501
vt 0.107471 0.704501
vt 0.107471 0.728696
vt 0.226906 0.732117
vt 0.226906 0.704501
vt 0.227028 0.732117
vt 0.227150 0.730773
vt 0.228371 0.727963
vt 0.228371 0.704501
vt 0.014659 0.727963
vt 0.014659 0.704501
vt 0.015881 0.730773
vt 0.016003 0.732117
vt 0.016125 0.704501
vt 0.016125 0.732117
vt 0.285035 0.703523
vt 0.285157 0.703523
vt 0.285768 0.698513
vt 0.285768 0.692037
vt 0.287233 0.690937
vt 0.290897 0.694603
vt 0.294927 0.689471
vt 0.296881 0.693992
vt 0.295904 0.695214
vt 0.291630 0.699491
vt 0.290409 0.700468
vt 0.290409 0.686782
vt 0.297369 0.683361
vt 0.292363 0.682017
vt 0.298224 0.677007
vt 0.293095 0.677007
vt 0.297369 0.670530
vt 0.292363 0.671875
vt 0.294927 0.664421
vt 0.299812 0.665154
vt 0.300423 0.666498
vt 0.299812 0.688738
vt 0.300423 0.687393
vt 0.302010 0.681528
vt 0.302254 0.679940
vt 0.302010 0.672363
vt 0.302254 0.673952
vt 0.290409 0.667109
vt 0.290897 0.659288
vt 0.287233 0.662954
vt 0.285280 0.661488
vt 0.285768 0.655378
vt 0.285280 0.656233
vt 0.296881 0.659899
vt 0.295904 0.658677
vt 0.290409 0.653423
vt 0.291630 0.654401
vt 0.252185 0.703523
vt 0.251452 0.698513
vt 0.251452 0.692037
vt 0.246323 0.694603
vt 0.249987 0.690937
vt 0.246811 0.686782
vt 0.242415 0.689349
vt 0.244857 0.682017
vt 0.239850 0.683361
vt 0.244247 0.676885
vt 0.238996 0.676885
vt 0.235210 0.681528
vt 0.235088 0.679940
vt 0.246934 0.700468
vt 0.245712 0.699491
vt 0.241438 0.695214
vt 0.240461 0.693992
vt 0.237408 0.688738
vt 0.236797 0.687271
vt 0.244857 0.671875
vt 0.239850 0.670408
vt 0.235088 0.673952
vt 0.235210 0.672363
vt 0.246811 0.667109
vt 0.242415 0.664421
vt 0.236797 0.666498
vt 0.237408 0.665154
vt 0.249987 0.662954
vt 0.246323 0.659288
vt 0.240461 0.659899
vt 0.241438 0.658677
vt 0.251940 0.661488
vt 0.251940 0.656233
vt 0.251452 0.655378
vt 0.245712 0.654401
vt 0.246934 0.653423
vt 0.255116 0.661121
vt 0.253772 0.650368
vt 0.251940 0.655134
vt 0.255116 0.650246
vt 0.257924 0.649757
vt 0.257924 0.660266
vt 0.259878 0.651346
vt 0.258535 0.659777
vt 0.259878 0.659288
vt 0.261954 0.652812
vt 0.262321 0.651712
vt 0.262321 0.658189
vt 0.263298 0.657822
vt 0.265252 0.648046
vt 0.265252 0.657578
vt 0.265374 0.648046
vt 0.268305 0.651957
vt 0.268305 0.657211
vt 0.271358 0.648046
vt 0.271480 0.648046
vt 0.271480 0.657578
vt 0.273434 0.657822
vt 0.274289 0.651712
vt 0.274289 0.658189
vt 0.274777 0.652812
vt 0.276853 0.651346
vt 0.276853 0.659288
vt 0.278685 0.659899
vt 0.279296 0.660266
vt 0.279296 0.649879
vt 0.282226 0.650246
vt 0.282226 0.661121
vt 0.263786 0.648169
vt 0.272945 0.648291
vt 0.283570 0.650368
vt 0.285280 0.655134
vt 0.140566 0.702668
vt 0.140566 0.733950
vt 0.130186 0.723930
vt 0.130186 0.702668
vt 0.132262 0.725396
vt 0.111868 0.723930
vt 0.110280 0.725396
vt 0.111868 0.702668
vt 0.155099 0.497623
vt 0.155099 0.363085
vt 0.160716 0.497623
vt 0.160716 0.389602
vt 0.161693 0.384958
vt 0.164746 0.381170
vt 0.169142 0.378482
vt 0.174394 0.377627
vt 0.215548 0.363085
vt 0.215548 0.377627
vt 0.220800 0.362230
vt 0.220800 0.378482
vt 0.225318 0.381170
vt 0.225318 0.360397
vt 0.241927 0.360397
vt 0.228249 0.384958
vt 0.229348 0.389602
vt 0.229348 0.497623
vt 0.241927 0.497623
vt 0.246201 0.497623
vt 0.246201 0.360397
vt 0.304941 0.360397
vt 0.304941 0.206919
vt 0.246201 0.206919
vt 0.304941 0.497623
vt 0.066317 0.704501
vt 0.066317 0.732117
vt 0.064729 0.704501
vt 0.064729 0.732117
vt 0.076330 0.704501
vt 0.076330 0.732117
vt 0.074865 0.704501
vt 0.074865 0.732117
vt 0.086833 0.704501
vt 0.086833 0.732117
vt 0.085856 0.704501
vt 0.085856 0.732117
vt 0.097946 0.704501
vt 0.097824 0.732117
vt 0.096603 0.704501
vt 0.096603 0.732117
vt 0.118096 0.722342
vt 0.116508 0.722953
vt 0.118096 0.704501
vt 0.116508 0.704501
vt 0.125667 0.722953
vt 0.124080 0.722342
vt 0.125667 0.704501
vt 0.124080 0.704501
vt 0.146062 0.704501
vt 0.146062 0.732117
vt 0.145085 0.704501
vt 0.145085 0.732117
vt 0.157175 0.704501
vt 0.157175 0.732117
vt 0.155953 0.704501
vt 0.155953 0.732117
vt 0.168165 0.704501
vt 0.168165 0.732117
vt 0.166700 0.704501
vt 0.166700 0.732117
vt 0.178302 0.704501
vt 0.178302 0.732117
vt 0.176714 0.704501
vt 0.176714 0.732117
vt 0.185873 0.704501
vt 0.185873 0.732117
vt 0.184285 0.704501
vt 0.184285 0.732117
vt 0.195765 0.704501
vt 0.195765 0.732117
vt 0.194421 0.704501
vt 0.194421 0.732117
vt 0.206267 0.704501
vt 0.206267 0.732117
vt 0.205290 0.704501
vt 0.205290 0.732117
vt 0.217380 0.704501
vt 0.217380 0.732117
vt 0.216159 0.704501
vt 0.216159 0.732117
vt 0.237530 0.722342
vt 0.237530 0.704501
vt 0.236065 0.704501
vt 0.236065 0.722953
vt 0.006966 0.722953
vt 0.005500 0.722342
vt 0.006966 0.704501
vt 0.005500 0.704501
vt 0.026627 0.704501
vt 0.026627 0.732117
vt 0.025650 0.704501
vt 0.025650 0.732117
vt 0.037740 0.704501
vt 0.037740 0.732117
vt 0.036397 0.704501
vt 0.036397 0.732117
vt 0.048609 0.704501
vt 0.048609 0.732117
vt 0.047266 0.704501
vt 0.047266 0.732117
vt 0.058745 0.704501
vt 0.058745 0.732117
vt 0.057157 0.704501
vt 0.057157 0.732117
vt 0.265740 0.665887
vt 0.264885 0.662832
vt 0.268793 0.665398
vt 0.268793 0.662343
vt 0.271846 0.665887
vt 0.272579 0.662832
vt 0.274655 0.666987
vt 0.276243 0.664298
vt 0.277097 0.668942
vt 0.279296 0.666742
vt 0.278929 0.671264
vt 0.281616 0.669797
vt 0.280150 0.674196
vt 0.283081 0.673341
vt 0.280517 0.677251
vt 0.283570 0.677251
vt 0.280150 0.680306
vt 0.283081 0.681039
vt 0.278929 0.683117
vt 0.281616 0.684583
vt 0.277097 0.685561
vt 0.279296 0.687760
vt 0.274655 0.687393
vt 0.276243 0.690082
vt 0.271846 0.688615
vt 0.272579 0.691548
vt 0.268793 0.688982
vt 0.268793 0.692037
vt 0.265740 0.688615
vt 0.264885 0.691548
vt 0.262931 0.687393
vt 0.261344 0.690082
vt 0.260489 0.685561
vt 0.258291 0.687760
vt 0.258535 0.683117
vt 0.255848 0.684583
vt 0.257436 0.680306
vt 0.254383 0.681039
vt 0.256947 0.677251
vt 0.253894 0.677251
vt 0.257436 0.674196
vt 0.254383 0.673341
vt 0.258535 0.671264
vt 0.255848 0.669797
vt 0.260489 0.668942
vt 0.258291 0.666742
vt 0.262931 0.666987
vt 0.261344 0.664298
vt 0.261710 0.661366
vt 0.262565 0.660999
vt 0.265984 0.660144
vt 0.266961 0.660022
vt 0.270503 0.660022
vt 0.271480 0.660144
vt 0.275021 0.660999
vt 0.275754 0.661366
vt 0.278929 0.663199
vt 0.279662 0.663687
vt 0.282226 0.666254
vt 0.282715 0.666987
vt 0.284547 0.670164
vt 0.284913 0.671019
vt 0.285890 0.674441
vt 0.286012 0.675418
vt 0.286012 0.678962
vt 0.285890 0.679940
vt 0.284913 0.683361
vt 0.284547 0.684216
vt 0.282715 0.687393
vt 0.282226 0.688127
vt 0.279662 0.690693
vt 0.278929 0.691182
vt 0.275754 0.693015
vt 0.275021 0.693381
vt 0.271480 0.694359
vt 0.270503 0.694481
vt 0.266961 0.694481
vt 0.265984 0.694359
vt 0.262565 0.693381
vt 0.261710 0.693015
vt 0.258535 0.691182
vt 0.257802 0.690693
vt 0.255360 0.688127
vt 0.254749 0.687393
vt 0.252917 0.684216
vt 0.252551 0.683361
vt 0.251696 0.679940
vt 0.251574 0.678962
vt 0.251574 0.675418
vt 0.251696 0.674441
vt 0.252551 0.671019
vt 0.252917 0.670164
vt 0.254749 0.666987
vt 0.255360 0.666254
vt 0.257802 0.663687
vt 0.258535 0.663199
vt 0.061798 0.733950
vt 0.061798 0.702668
vt 0.070957 0.702668
vt 0.070957 0.733950
vt 0.081215 0.702668
vt 0.081215 0.733950
vt 0.091718 0.702668
vt 0.091718 0.733950
vt 0.102464 0.702668
vt 0.102464 0.733950
vt 0.121027 0.702668
vt 0.121027 0.721975
vt 0.151069 0.702668
vt 0.151069 0.733950
vt 0.161815 0.702668
vt 0.161815 0.733950
vt 0.172073 0.702668
vt 0.172073 0.733950
vt 0.181232 0.702668
vt 0.181232 0.733950
vt 0.190391 0.702668
vt 0.190391 0.733950
vt 0.200772 0.702668
vt 0.200772 0.733950
vt 0.211274 0.702668
vt 0.211274 0.733950
vt 0.222021 0.702668
vt 0.222021 0.733950
vt 0.252185 0.650368
vt 0.231424 0.723930
vt 0.229837 0.725519
vt 0.231424 0.702668
vt 0.232523 0.723563
vt 0.240583 0.702668
vt 0.240583 0.721975
vt 0.002447 0.702668
vt 0.002447 0.721975
vt 0.011606 0.723930
vt 0.010507 0.723563
vt 0.011606 0.702668
vt 0.285157 0.650368
vt 0.285035 0.650368
vt 0.013194 0.725396
vt 0.021010 0.702668
vt 0.021010 0.733950
vt 0.031512 0.702668
vt 0.031512 0.733950
vt 0.042259 0.702668
vt 0.042259 0.733950
vt 0.052639 0.702668
vt 0.052639 0.733950
vt 0.121393 0.665765
vt 0.140688 0.651712
vt 0.160105 0.665765
vt 0.163525 0.659044
vt 0.164624 0.651712
vt 0.163525 0.644258
vt 0.160105 0.637538
vt 0.121393 0.637538
vt 0.117974 0.644258
vt 0.116753 0.651712
vt 0.117974 0.659044
vt 0.194788 0.654645
vt 0.233500 0.654645
vt 0.194788 0.667353
vt 0.233500 0.667353
vt 0.233867 0.639370
vt 0.233867 0.652079
vt 0.227272 0.639370
vt 0.227272 0.652079
vt 0.219823 0.639370
vt 0.219823 0.652079
vt 0.212495 0.639493
vt 0.212495 0.652079
vt 0.205779 0.639493
vt 0.205779 0.652079
vt 0.167066 0.652079
vt 0.167066 0.639493
vt 0.166700 0.667353
vt 0.166700 0.654645
vt 0.173295 0.667353
vt 0.173295 0.654645
vt 0.180744 0.667353
vt 0.180744 0.654645
vt 0.188071 0.667353
vt 0.188071 0.654645
vt 0.628439 0.545280
vt 0.628684 0.410253
vt 0.640652 0.545280
vt 0.641018 0.410253
vt 0.641018 0.358442
vt 0.649200 0.358442
vt 0.641018 0.403043
vt 0.649200 0.403043
vt 0.641018 0.406832
vt 0.649200 0.406832
vt 0.649200 0.410253
vt 0.648956 0.545280
vt 0.574462 0.998505
vt 0.560052 0.997160
vt 0.576050 0.997527
vt 0.560052 0.996672
vt 0.578248 0.995816
vt 0.560052 0.995816
vt 0.580446 0.994472
vt 0.560052 0.994839
vt 0.583377 0.993617
vt 0.560052 0.993617
vt 0.607313 0.984941
vt 0.608534 0.981153
vt 0.611709 0.987140
vt 0.614029 0.983963
vt 0.615128 0.990562
vt 0.618303 0.988240
vt 0.617326 0.994961
vt 0.621112 0.993739
vt 0.617326 0.999849
vt 0.620746 0.999849
vt 0.679852 0.998016
vt 0.641384 0.996427
vt 0.679364 1.000337
vt 0.640774 0.998749
vt 0.641384 0.991906
vt 0.684371 0.992884
vt 0.641384 0.988729
vt 0.690111 0.988118
vt 0.641384 0.984085
vt 0.695972 0.983597
vt 0.644315 0.980664
vt 0.703788 0.980664
vt 0.641384 0.980664
vt 0.706719 0.989829
vt 0.706841 0.985796
vt 0.713802 0.989829
vt 0.713802 0.985796
vt 0.722961 0.989829
vt 0.722961 0.985796
vt 0.732242 0.989829
vt 0.732242 0.985796
vt 0.744577 0.989829
vt 0.744577 0.985796
vt 0.568478 0.997649
vt 0.566891 0.996672
vt 0.582888 0.996427
vt 0.582888 0.995938
vt 0.564692 0.995083
vt 0.582888 0.995083
vt 0.562494 0.993739
vt 0.582888 0.994105
vt 0.559563 0.992884
vt 0.582888 0.992884
vt 0.636500 0.984941
vt 0.632225 0.987140
vt 0.635400 0.981153
vt 0.629905 0.983963
vt 0.628684 0.990562
vt 0.625509 0.988240
vt 0.626486 0.994961
vt 0.622822 0.993739
vt 0.626486 0.999849
vt 0.623066 0.999849
vt 0.644315 0.601856
vt 0.703788 0.601856
vt 0.707085 0.980908
vt 0.713924 0.980908
vt 0.706963 0.985185
vt 0.713802 0.985185
vt 0.722961 0.980908
vt 0.722961 0.985185
vt 0.732242 0.980908
vt 0.732242 0.985185
vt 0.744577 0.980908
vt 0.744577 0.985185
vt 0.593269 0.601856
vt 0.596322 0.601856
vt 0.596322 0.980664
vt 0.598398 0.980664
vt 0.598398 0.601856
vt 0.601451 0.980664
vt 0.601451 0.601856
vt 0.636133 0.980664
vt 0.636133 0.601856
vt 0.639186 0.980664
vt 0.639186 0.601856
vt 0.641384 0.601856
vt 0.703666 0.601856
vt 0.706719 0.980664
vt 0.706719 0.601856
vt 0.708917 0.980664
vt 0.708917 0.601856
vt 0.711848 0.980664
vt 0.711848 0.601856
vt 0.746653 0.980664
vt 0.746653 0.601856
vt 0.749584 0.980664
vt 0.749584 0.601856
vt 0.751782 0.980664
vt 0.751782 0.601856
vt 0.754713 0.980664
vt 0.754713 0.601856
vt 0.593391 0.980664
vt 0.756300 0.999482
vt 0.752392 0.999482
vt 0.755079 0.994839
vt 0.748240 0.993861
vt 0.746897 0.990073
vt 0.690599 0.993861
vt 0.691942 0.990073
vt 0.686447 0.999482
vt 0.687302 0.991417
vt 0.683882 0.994839
vt 0.682539 0.999482
vt 0.751660 0.991417
vt 0.706719 0.601123
vt 0.708917 0.598924
vt 0.709650 0.595991
vt 0.709650 0.561165
vt 0.638331 0.595991
vt 0.639186 0.598924
vt 0.641384 0.601123
vt 0.638331 0.561165
vt 0.644315 0.555177
vt 0.703788 0.555177
vt 0.708917 0.558232
vt 0.706719 0.556033
vt 0.639186 0.558232
vt 0.641384 0.556033
vt 0.582644 0.987751
vt 0.567990 0.988240
vt 0.582644 0.981030
vt 0.567990 0.980664
vt 0.690355 0.996061
vt 0.694629 0.994961
vt 0.687302 0.999115
vt 0.690355 0.999115
vt 0.693286 0.998260
vt 0.745554 0.998260
vt 0.744210 0.994961
vt 0.751538 0.999115
vt 0.748484 0.996061
vt 0.748484 0.999115
vt 0.568844 0.987751
vt 0.581789 0.986163
vt 0.568844 0.981030
vt 0.567135 0.980175
vt 0.567135 0.988607
vt 0.581789 0.982741
vt 0.908341 0.612365
vt 0.902113 0.624707
vt 0.910539 0.598801
vt 0.902113 0.572774
vt 0.908341 0.585115
vt 0.892343 0.634483
vt 0.880009 0.640715
vt 0.852654 0.640715
vt 0.866331 0.642914
vt 0.822123 0.598801
vt 0.852654 0.556766
vt 0.830550 0.572774
vt 0.840319 0.562998
vt 0.840319 0.634483
vt 0.830550 0.624707
vt 0.824322 0.612365
vt 0.824322 0.585115
vt 0.866331 0.554566
vt 0.880009 0.556766
vt 0.892343 0.562998
vt 0.259634 0.060406
vt 0.248033 0.076414
vt 0.248033 0.056618
vt 0.241804 0.057595
vt 0.236309 0.060406
vt 0.231913 0.064805
vt 0.229104 0.070304
vt 0.228127 0.076414
vt 0.229104 0.082523
vt 0.231913 0.088022
vt 0.236309 0.092421
vt 0.241804 0.095232
vt 0.248033 0.096209
vt 0.254139 0.095232
vt 0.259634 0.092421
vt 0.264030 0.088022
vt 0.266839 0.082523
vt 0.267816 0.076414
vt 0.266839 0.070304
vt 0.264030 0.064805
vt 0.255116 0.054540
vt 0.248033 0.053441
vt 0.261466 0.057840
vt 0.266595 0.062850
vt 0.269892 0.069326
vt 0.270991 0.076414
vt 0.269892 0.083501
vt 0.266595 0.089855
vt 0.261466 0.094987
vt 0.255116 0.098287
vt 0.248033 0.099386
vt 0.240827 0.098287
vt 0.234477 0.094987
vt 0.229348 0.089855
vt 0.226051 0.083501
vt 0.224952 0.076414
vt 0.226051 0.069326
vt 0.229348 0.062850
vt 0.234477 0.057840
vt 0.240827 0.054540
vt 0.296148 0.085945
vt 0.292851 0.087533
vt 0.289187 0.076291
vt 0.289187 0.088144
vt 0.285524 0.087533
vt 0.282226 0.085945
vt 0.279662 0.083256
vt 0.277952 0.079957
vt 0.277342 0.076291
vt 0.277952 0.072748
vt 0.279662 0.069448
vt 0.282226 0.066760
vt 0.285524 0.065049
vt 0.289187 0.064560
vt 0.292851 0.065049
vt 0.296148 0.066760
vt 0.298713 0.069448
vt 0.300423 0.072748
vt 0.301033 0.076291
vt 0.300423 0.079957
vt 0.298713 0.083256
vt 0.293950 0.090955
vt 0.298224 0.088755
vt 0.289187 0.091688
vt 0.284425 0.090955
vt 0.280150 0.088755
vt 0.276731 0.085334
vt 0.274655 0.081057
vt 0.273800 0.076291
vt 0.274655 0.071648
vt 0.276731 0.067371
vt 0.280150 0.063949
vt 0.284425 0.061750
vt 0.289187 0.061017
vt 0.293950 0.061750
vt 0.298224 0.063949
vt 0.301522 0.067371
vt 0.303720 0.071648
vt 0.304453 0.076291
vt 0.303720 0.081057
vt 0.301522 0.085334
vt 0.905898 0.765721
vt 0.899426 0.765721
vt 0.899426 0.760100
vt 0.892221 0.760100
vt 0.905898 0.760100
vt 0.912737 0.765721
vt 0.912737 0.760100
vt 0.918965 0.765721
vt 0.918965 0.760100
vt 0.926171 0.765721
vt 0.926171 0.760100
vt 0.933864 0.765721
vt 0.933742 0.760100
vt 0.941680 0.765721
vt 0.941680 0.760100
vt 0.949618 0.765721
vt 0.949496 0.760100
vt 0.957189 0.765721
vt 0.957189 0.760100
vt 0.964394 0.765721
vt 0.964394 0.760100
vt 0.970867 0.765721
vt 0.970867 0.760100
vt 0.978927 0.765721
vt 0.978927 0.760100
vt 0.985399 0.765721
vt 0.985399 0.760100
vt 0.992604 0.765721
vt 0.992604 0.760100
vt 0.996512 0.765721
vt 0.996512 0.760100
vt 0.999443 0.765721
vt 0.999443 0.760100
vt 0.892221 0.765721
vt 0.884649 0.760100
vt 0.884649 0.765721
vt 0.876711 0.760100
vt 0.876711 0.765721
vt 0.868896 0.760100
vt 0.868896 0.765721
vt 0.861202 0.760100
vt 0.861202 0.765721
vt 0.853997 0.760100
vt 0.854119 0.765721
vt 0.847525 0.760100
vt 0.847525 0.765721
vt 0.840808 0.760100
vt 0.840808 0.765721
vt 0.833969 0.760100
vt 0.833969 0.765721
vt 0.826764 0.760100
vt 0.826764 0.765721
vt 0.819193 0.760100
vt 0.819193 0.765721
vt 0.811255 0.760100
vt 0.811255 0.765721
vt 0.803439 0.760100
vt 0.803439 0.765721
vt 0.795745 0.760100
vt 0.795745 0.765721
vt 0.788662 0.760100
vt 0.788662 0.765721
vt 0.782190 0.760100
vt 0.782190 0.765721
vt 0.776572 0.760100
vt 0.776572 0.765721
vt 0.770466 0.760100
vt 0.770466 0.765721
vt 0.763261 0.760100
vt 0.763261 0.765721
vt 0.759353 0.760100
vt 0.759353 0.765721
vt 0.756422 0.760100
vt 0.756422 0.765721
vt 0.905898 0.802869
vt 0.899426 0.802869
vt 0.899426 0.788083
vt 0.892221 0.788083
vt 0.905898 0.788083
vt 0.912737 0.802869
vt 0.912737 0.788083
vt 0.918965 0.802869
vt 0.918965 0.788083
vt 0.926171 0.802869
vt 0.926171 0.788083
vt 0.933864 0.802869
vt 0.933864 0.788083
vt 0.941680 0.802869
vt 0.941680 0.788083
vt 0.949618 0.802869
vt 0.949618 0.788083
vt 0.957189 0.802869
vt 0.957189 0.788083
vt 0.964394 0.802869
vt 0.964394 0.788083
vt 0.970989 0.802869
vt 0.970989 0.788083
vt 0.979049 0.802869
vt 0.979049 0.788083
vt 0.985521 0.802869
vt 0.985521 0.788083
vt 0.992604 0.802869
vt 0.992604 0.788083
vt 0.996512 0.802869
vt 0.996512 0.788083
vt 0.999443 0.802869
vt 0.999443 0.788083
vt 0.899426 0.782462
vt 0.892221 0.782462
vt 0.905898 0.782462
vt 0.912737 0.782462
vt 0.918965 0.782462
vt 0.926171 0.782462
vt 0.933864 0.782462
vt 0.941680 0.782462
vt 0.949618 0.782462
vt 0.957189 0.782462
vt 0.964394 0.782462
vt 0.970867 0.782462
vt 0.978927 0.782462
vt 0.985399 0.782462
vt 0.992604 0.782462
vt 0.996512 0.782462
vt 0.999443 0.782462
vt 0.899426 0.776963
vt 0.892221 0.776963
vt 0.905898 0.776963
vt 0.912737 0.776963
vt 0.918965 0.776963
vt 0.926171 0.776963
vt 0.933864 0.776963
vt 0.941680 0.776963
vt 0.949618 0.776963
vt 0.957189 0.776963
vt 0.964394 0.776963
vt 0.970867 0.776963
vt 0.978927 0.776963
vt 0.985399 0.776963
vt 0.992604 0.776963
vt 0.996512 0.776963
vt 0.999443 0.776963
vt 0.899426 0.771342
vt 0.892221 0.771342
vt 0.905898 0.771342
vt 0.912737 0.771342
vt 0.918965 0.771342
vt 0.926171 0.771342
vt 0.933864 0.771342
vt 0.941680 0.771342
vt 0.949618 0.771342
vt 0.957189 0.771342
vt 0.964394 0.771342
vt 0.970867 0.771342
vt 0.978927 0.771342
vt 0.985399 0.771342
vt 0.992604 0.771342
vt 0.996512 0.771342
vt 0.999443 0.771342
vt 0.899426 0.645602
vt 0.905898 0.645602
vt 0.905898 0.743359
vt 0.912737 0.743359
vt 0.899426 0.743359
vt 0.892221 0.645602
vt 0.892221 0.743359
vt 0.884527 0.645602
vt 0.884649 0.743359
vt 0.876711 0.645602
vt 0.876711 0.743359
vt 0.868774 0.645602
vt 0.868896 0.743359
vt 0.861202 0.645602
vt 0.861202 0.743359
vt 0.853997 0.645602
vt 0.853997 0.743359
vt 0.847525 0.645602
vt 0.847525 0.743359
vt 0.840808 0.645602
vt 0.840808 0.743359
vt 0.833969 0.645602
vt 0.833969 0.743359
vt 0.826764 0.645602
vt 0.826764 0.743359
vt 0.819193 0.645602
vt 0.819193 0.743359
vt 0.811255 0.645602
vt 0.811255 0.743359
vt 0.803317 0.645602
vt 0.803439 0.743359
vt 0.795745 0.645602
vt 0.795745 0.743359
vt 0.788540 0.645602
vt 0.788662 0.743359
vt 0.782068 0.645602
vt 0.782068 0.743359
vt 0.776450 0.645602
vt 0.776572 0.743359
vt 0.770466 0.645602
vt 0.770466 0.743359
vt 0.763261 0.645602
vt 0.763261 0.743359
vt 0.759353 0.645602
vt 0.759353 0.743359
vt 0.756422 0.645602
vt 0.756422 0.743359
vt 0.905898 0.748980
vt 0.912737 0.748980
vt 0.899426 0.748980
vt 0.892221 0.748980
vt 0.884649 0.748980
vt 0.876711 0.748980
vt 0.868896 0.748980
vt 0.861202 0.748980
vt 0.853997 0.748980
vt 0.847525 0.748980
vt 0.840808 0.748980
vt 0.833969 0.748980
vt 0.826764 0.748980
vt 0.819193 0.748980
vt 0.811255 0.748980
vt 0.803439 0.748980
vt 0.795745 0.748980
vt 0.788662 0.748980
vt 0.782068 0.748980
vt 0.776572 0.748980
vt 0.770466 0.748980
vt 0.763261 0.748980
vt 0.759353 0.748980
vt 0.756422 0.748980
vt 0.905898 0.754601
vt 0.912737 0.754601
vt 0.899426 0.754601
vt 0.892221 0.754601
vt 0.884649 0.754601
vt 0.876711 0.754601
vt 0.868896 0.754601
vt 0.861202 0.754601
vt 0.853997 0.754601
vt 0.847525 0.754601
vt 0.840808 0.754601
vt 0.833969 0.754601
vt 0.826764 0.754601
vt 0.819193 0.754601
vt 0.811255 0.754601
vt 0.803439 0.754601
vt 0.795745 0.754601
vt 0.788662 0.754601
vt 0.782068 0.754601
vt 0.776572 0.754601
vt 0.770466 0.754601
vt 0.763261 0.754601
vt 0.759353 0.754601
vt 0.756422 0.754479
vt 0.892221 0.802869
vt 0.884649 0.788083
vt 0.884649 0.802869
vt 0.876711 0.788083
vt 0.876711 0.802869
vt 0.868896 0.788083
vt 0.868896 0.802869
vt 0.861202 0.788083
vt 0.861202 0.802869
vt 0.854119 0.788083
vt 0.854119 0.802869
vt 0.847647 0.788083
vt 0.847647 0.802869
vt 0.840808 0.788083
vt 0.840808 0.802869
vt 0.833969 0.788083
vt 0.833969 0.802869
vt 0.826886 0.788083
vt 0.826886 0.802869
vt 0.819193 0.788083
vt 0.819193 0.802869
vt 0.811377 0.788083
vt 0.811377 0.802869
vt 0.803439 0.788083
vt 0.803439 0.802869
vt 0.795745 0.788083
vt 0.795745 0.802869
vt 0.788662 0.788083
vt 0.788662 0.802869
vt 0.782190 0.788083
vt 0.782190 0.802869
vt 0.776572 0.788083
vt 0.776572 0.802869
vt 0.770466 0.788083
vt 0.770466 0.802869
vt 0.763261 0.788083
vt 0.763383 0.802869
vt 0.759353 0.788083
vt 0.759353 0.802869
vt 0.756422 0.788083
vt 0.756422 0.802869
vt 0.884649 0.782462
vt 0.876711 0.782462
vt 0.868896 0.782462
vt 0.861202 0.782462
vt 0.854119 0.782462
vt 0.847525 0.782462
vt 0.840808 0.782462
vt 0.833969 0.782462
vt 0.826764 0.782462
vt 0.819193 0.782462
vt 0.811255 0.782462
vt 0.803439 0.782462
vt 0.795745 0.782462
vt 0.788662 0.782462
vt 0.782190 0.782462
vt 0.776572 0.782462
vt 0.770466 0.782462
vt 0.763261 0.782462
vt 0.759353 0.782462
vt 0.756422 0.782462
vt 0.884649 0.776963
vt 0.876711 0.776963
vt 0.868896 0.776963
vt 0.861202 0.776963
vt 0.854119 0.776963
vt 0.847525 0.776963
vt 0.840808 0.776963
vt 0.833969 0.776963
vt 0.826764 0.776963
vt 0.819193 0.776963
vt 0.811255 0.776963
vt 0.803439 0.776963
vt 0.795745 0.776963
vt 0.788662 0.776963
vt 0.782190 0.776963
vt 0.776572 0.776963
vt 0.770466 0.776963
vt 0.763261 0.776963
vt 0.759353 0.776963
vt 0.756422 0.776841
vt 0.884649 0.771342
vt 0.876711 0.771342
vt 0.868896 0.771342
vt 0.861202 0.771342
vt 0.854119 0.771342
vt 0.847525 0.771342
vt 0.840808 0.771342
vt 0.833969 0.771342
vt 0.826764 0.771342
vt 0.819193 0.771342
vt 0.811255 0.771342
vt 0.803439 0.771342
vt 0.795745 0.771342
vt 0.788662 0.771342
vt 0.782190 0.771342
vt 0.776572 0.771342
vt 0.770466 0.771342
vt 0.763261 0.771342
vt 0.759353 0.771342
vt 0.756422 0.771342
vt 0.999443 0.645602
vt 0.999443 0.743359
vt 0.996512 0.645602
vt 0.996512 0.743359
vt 0.992604 0.645602
vt 0.992604 0.743359
vt 0.985399 0.645602
vt 0.985399 0.743359
vt 0.978927 0.645602
vt 0.978927 0.743359
vt 0.970867 0.645602
vt 0.970867 0.743359
vt 0.964272 0.645602
vt 0.964394 0.743359
vt 0.957189 0.645602
vt 0.957189 0.743359
vt 0.949496 0.645602
vt 0.949496 0.743359
vt 0.941680 0.645602
vt 0.941680 0.743359
vt 0.933742 0.645602
vt 0.933742 0.743359
vt 0.926171 0.645602
vt 0.926171 0.743359
vt 0.918965 0.645602
vt 0.918965 0.743359
vt 0.912615 0.645602
vt 0.999443 0.748980
vt 0.996512 0.748980
vt 0.992604 0.748980
vt 0.985399 0.748980
vt 0.978927 0.748980
vt 0.970867 0.748980
vt 0.964394 0.748980
vt 0.957189 0.748980
vt 0.949496 0.748980
vt 0.941680 0.748980
vt 0.933742 0.748980
vt 0.926171 0.748980
vt 0.918965 0.748980
vt 0.999443 0.754601
vt 0.996512 0.754601
vt 0.992604 0.754601
vt 0.985399 0.754601
vt 0.978927 0.754601
vt 0.970867 0.754601
vt 0.964394 0.754601
vt 0.957189 0.754601
vt 0.949496 0.754601
vt 0.941680 0.754601
vt 0.933742 0.754601
vt 0.926171 0.754601
vt 0.918965 0.754601
s 1
usemtl Material_0
f 1/1/1 2/2/1 3/3/1
f 2/2/1 4/4/1 3/3/1
f 5/5/2 6/6/2 7/7/2
f 6/6/2 8/8/2 7/7/2
f 9/8/3 10/1/3 11/7/3
f 10/1/3 12/3/3 11/7/3
f 13/9/4 14/10/4 15/11/5
f 14/10/4 16/12/5 15/11/5
f 16/12/5 17/13/6 15/11/5
f 15/11/5 17/13/6 18/14/6
f 17/13/6 19/15/7 18/14/6
f 18/14/6 19/15/7 20/16/7
f 19/15/7 21/17/8 20/16/7
f 20/16/7 21/17/8 22/18/8
f 21/17/8 23/19/9 22/18/8
f 22/18/8 23/19/9 24/20/9
f 23/19/9 25/21/10 24/20/9
f 24/20/9 25/21/10 26/22/11
f 26/22/11 25/21/10 27/23/12
f 25/21/10 28/24/12 27/23/12
f 27/23/12 28/24/12 29/25/13
f 28/24/12 30/26/13 29/25/13
f 30/26/13 31/27/14 29/25/13
f 29/25/13 31/27/14 32/28/15
f 31/27/14 33/29/16 32/28/15
f 32/28/15 33/29/16 34/30/17
f 33/29/16 35/31/18 34/30/17
f 34/30/17 35/31/18 36/32/18
f 35/31/18 37/33/19 36/32/18
f 36/32/18 37/33/19 38/34/19
f 37/33/19 39/35/20 38/34/19
f 38/34/19 39/35/20 40/36/20
f 40/36/20 39/35/20 41/37/21
f 39/35/20 42/38/22 41/37/21
f 42/38/22 43/39/23 41/37/21
f 41/37/21 43/39/23 44/40/23
f 44/40/23 43/39/23 45/41/24
f 43/39/23 46/42/24 45/41/24
f 45/41/24 46/42/24 47/43/25
f 46/42/24 48/44/25 47/43/25
f 47/43/25 48/44/25 49/45/26
f 48/44/25 50/46/26 49/45/26
f 49/45/26 50/46/26 51/47/27
f 50/46/26 52/48/27 51/47/27
f 51/47/27 52/48/27 53/49/28
f 52/48/27 54/50/28 53/49/28
f 54/50/28 55/51/2 53/49/28
f 53/49/28 55/51/2 56/52/2
f 55/51/2 57/53/29 56/52/2
f 56/52/2 57/53/29 58/54/29
f 58/54/29 57/53/29 59/55/30
f 57/53/29 60/56/30 59/55/30
f 59/55/30 60/56/30 61/57/31
f 60/56/30 62/58/32 61/57/31
f 61/57/31 62/58/32 63/59/33
f 62/58/32 64/60/33 63/59/33
f 63/59/33 64/60/33 65/61/34
f 64/60/33 66/62/34 65/61/34
f 65/61/34 66/62/34 67/63/35
f 66/62/34 68/64/35 67/63/35
f 68/64/35 69/65/4 67/63/35
f 67/63/35 69/65/4 70/66/4
f 71/67/36 73/9/36 72/68/36
f 73/9/36 74/11/36 72/68/36
f 74/11/36 75/14/36 72/68/36
f 72/68/36 75/14/36 76/69/36
f 75/14/36 77/16/36 76/69/36
f 76/69/36 77/16/36 78/70/36
f 77/16/36 79/18/36 78/70/36
f 78/70/36 79/18/36 80/71/36
f 79/18/36 81/20/36 80/71/36
f 80/71/36 81/20/36 82/72/36
f 81/20/36 83/22/36 82/72/36
f 82/72/36 83/22/36 84/73/36
f 84/73/36 83/22/36 85/74/37
f 83/22/36 86/23/38 85/74/37
f 85/74/37 86/23/38 87/75/39
f 86/23/38 88/25/40 87/75/39
f 88/25/40 89/28/41 87/75/39
f 87/75/39 89/28/41 90/76/41
f 89/28/41 91/30/41 90/76/41
f 90/76/41 91/30/41 92/77/41
f 91/30/41 93/32/41 92/77/41
f 92/77/41 93/32/41 94/78/42
f 93/32/41 95/34/43 94/78/42
f 94/78/42 95/34/43 96/79/41
f 95/34/43 97/36/43 96/79/41
f 96/79/41 97/36/43 98/80/41
f 98/80/41 97/36/43 99/81/44
f 97/36/43 100/37/41 99/81/44
f 100/37/41 101/40/45 99/81/44
f 99/81/44 101/40/45 102/82/46
f 102/82/46 101/40/45 103/83/47
f 101/40/45 104/41/45 103/83/47
f 103/83/47 104/41/45 105/84/48
f 104/41/45 106/43/41 105/84/48
f 105/84/48 106/43/41 107/85/41
f 106/43/41 108/45/41 107/85/41
f 107/85/41 108/45/41 109/86/41
f 108/45/41 110/47/41 109/86/41
f 109/86/41 110/47/41 111/87/49
f 110/47/41 112/49/50 111/87/49
f 112/49/50 113/52/51 111/87/49
f 111/87/49 113/52/51 114/88/37
f 113/52/51 115/54/36 114/88/37
f 114/88/37 115/54/36 116/89/36
f 116/89/36 115/54/36 117/90/36
f 115/54/36 118/55/36 117/90/36
f 117/90/36 118/55/36 119/91/36
f 118/55/36 120/57/36 119/91/36
f 119/91/36 120/57/36 121/92/36
f 120/57/36 122/59/36 121/92/36
f 121/92/36 122/59/36 123/93/36
f 122/59/36 124/61/36 123/93/36
f 123/93/36 124/61/36 125/94/36
f 124/61/36 126/63/36 125/94/36
f 126/63/36 127/66/36 125/94/36
f 125/94/36 127/66/36 128/95/36
f 129/96/1 131/67/1 130/97/52
f 131/67/1 132/68/53 130/97/52
f 132/68/53 133/98/54 130/97/52
f 130/97/52 133/98/54 134/99/55
f 133/98/54 135/100/56 134/99/55
f 134/99/55 135/100/56 136/101/56
f 135/100/56 137/102/57 136/101/56
f 136/101/56 137/102/57 138/103/57
f 139/104/58 141/105/59 140/106/58
f 140/106/58 141/105/59 142/107/59
f 141/105/59 143/73/60 142/107/59
f 142/107/59 143/73/60 144/108/60
f 144/108/60 143/73/60 145/109/2
f 143/73/60 146/74/2 145/109/2
f 145/109/2 146/74/2 147/110/61
f 146/74/2 148/75/62 147/110/61
f 148/75/62 149/111/63 147/110/61
f 147/110/61 149/111/63 150/112/63
f 149/111/63 151/113/64 150/112/63
f 150/112/63 151/113/64 152/114/65
f 151/113/64 153/115/66 152/114/65
f 152/114/65 153/115/66 154/116/66
f 155/117/67 157/118/67 156/119/67
f 157/118/67 158/120/67 156/119/67
f 158/120/67 159/121/67 156/119/67
f 156/119/67 159/121/67 160/122/67
f 159/121/67 161/123/67 160/122/67
f 160/122/67 161/123/67 162/124/67
f 161/123/67 163/125/67 162/124/67
f 162/124/67 163/125/67 164/126/67
f 163/125/67 165/127/67 164/126/67
f 164/126/67 165/127/67 166/128/67
f 165/127/67 167/129/67 166/128/67
f 166/128/67 167/129/67 168/130/67
f 168/130/67 167/129/67 169/131/68
f 167/129/67 170/132/68 169/131/68
f 169/131/68 170/132/68 171/133/69
f 170/132/68 172/134/69 171/133/69
f 172/134/69 173/135/70 171/133/69
f 171/133/69 173/135/70 174/136/69
f 173/135/70 175/137/70 174/136/69
f 174/136/69 175/137/70 176/138/69
f 175/137/70 177/139/69 176/138/69
f 176/138/69 177/139/69 178/140/71
f 177/139/69 179/141/69 178/140/71
f 178/140/71 179/141/69 180/142/69
f 179/141/69 181/143/70 180/142/69
f 180/142/69 181/143/70 182/144/69
f 182/144/69 181/143/70 183/145/71
f 181/143/70 184/146/69 183/145/71
f 184/146/69 185/147/69 183/145/71
f 183/145/71 185/147/69 186/148/69
f 186/148/69 185/147/69 187/149/69
f 185/147/69 188/150/69 187/149/69
f 187/149/69 188/150/69 189/151/69
f 188/150/69 190/152/69 189/151/69
f 189/151/69 190/152/69 191/153/69
f 190/152/69 192/154/69 191/153/69
f 191/153/69 192/154/69 193/155/69
f 192/154/69 194/156/72 193/155/69
f 193/155/69 194/156/72 195/157/69
f 194/156/72 196/158/69 195/157/69
f 196/158/69 197/159/68 195/157/69
f 195/157/69 197/159/68 198/160/68
f 197/159/68 199/161/67 198/160/68
f 198/160/68 199/161/67 200/162/67
f 200/162/67 199/161/67 201/163/67
f 199/161/67 202/164/67 201/163/67
f 201/163/67 202/164/67 203/165/67
f 202/164/67 204/166/67 203/165/67
f 203/165/67 204/166/67 205/167/67
f 204/166/67 206/168/73 205/167/67
f 205/167/67 206/168/73 207/169/73
f 206/168/73 208/170/73 207/169/73
f 207/169/73 208/170/73 209/171/73
f 208/170/73 210/172/67 209/171/73
f 210/172/67 211/173/67 209/171/73
f 209/171/73 211/173/67 212/174/67
f 213/175/74 215/176/75 214/177/76
f 214/177/76 215/176/75 216/178/77
f 215/176/75 217/80/78 216/178/77
f 216/178/77 217/80/78 218/179/79
f 218/179/79 217/80/78 219/180/80
f 217/80/78 220/81/80 219/180/80
f 220/81/80 221/82/81 219/180/80
f 219/180/80 221/82/81 222/181/82
f 222/181/82 221/82/81 223/182/83
f 221/82/81 224/183/84 223/182/83
f 223/182/83 224/183/84 225/184/85
f 224/183/84 226/185/85 225/184/85
f 225/184/85 226/185/85 227/186/86
f 226/185/85 228/187/87 227/186/86
f 229/188/1 230/189/88 231/95/1
f 231/95/1 230/189/88 232/94/89
f 232/94/89 230/189/88 233/190/90
f 230/189/88 234/191/91 233/190/90
f 233/190/90 234/191/91 235/192/92
f 234/191/91 236/193/93 235/192/92
f 235/192/92 236/193/93 237/194/94
f 236/193/93 238/195/94 237/194/94
f 239/196/95 240/197/95 241/198/96
f 240/197/95 242/199/96 241/198/96
f 241/198/96 242/199/96 243/89/97
f 242/199/96 244/200/97 243/89/97
f 244/200/97 245/201/12 243/89/97
f 243/89/97 245/201/12 246/88/12
f 245/201/12 247/202/98 246/88/12
f 246/88/12 247/202/98 248/87/99
f 248/87/99 247/202/98 249/203/100
f 247/202/98 250/204/100 249/203/100
f 249/203/100 250/204/100 251/205/101
f 250/204/100 252/206/101 251/205/101
f 253/207/36 254/208/36 255/209/36
f 254/208/36 256/210/36 255/209/36
f 253/207/36 257/211/36 254/208/36
f 257/211/36 258/212/36 254/208/36
f 258/212/36 259/213/36 254/208/36
f 254/208/36 259/213/36 260/214/36
f 259/213/36 261/215/36 260/214/36
f 260/214/36 261/215/36 262/216/36
f 261/215/36 263/217/36 262/216/36
f 262/216/36 264/218/36 260/214/36
f 264/218/36 265/219/36 260/214/36
f 260/214/36 265/219/36 254/208/36
f 265/219/36 266/220/36 254/208/36
f 254/208/36 266/220/36 256/210/36
f 264/218/36 267/221/36 265/219/36
f 265/219/36 267/221/36 266/220/36
f 268/222/4 270/223/4 269/224/4
f 270/223/4 271/225/4 269/224/4
f 271/225/4 272/226/4 269/224/4
f 269/224/4 272/226/4 273/227/4
f 274/223/36 276/228/36 275/225/36
f 276/228/36 277/229/102 275/225/36
f 277/229/102 278/230/102 275/225/36
f 275/225/36 278/230/102 279/226/36
f 278/230/102 280/231/103 279/226/36
f 280/231/103 281/232/104 279/226/36
f 281/232/104 282/233/105 279/226/36
f 279/226/36 282/233/105 283/234/106
f 283/234/106 282/233/105 284/235/107
f 282/233/105 285/236/108 284/235/107
f 284/235/107 285/236/108 286/237/109
f 285/236/108 287/238/110 286/237/109
f 286/237/109 287/238/110 288/239/111
f 288/239/111 287/238/110 289/240/112
f 289/240/112 287/238/110 290/241/113
f 287/238/110 291/242/114 290/241/113
f 287/238/110 285/236/108 292/243/114
f 285/236/108 293/244/115 292/243/114
f 285/236/108 282/233/105 294/245/115
f 282/233/105 295/246/116 294/245/115
f 282/233/105 281/232/104 296/247/117
f 296/247/117 281/232/104 297/248/118
f 281/232/104 280/231/103 297/248/118
f 297/248/118 280/231/103 298/249/119
f 280/231/103 299/250/120 298/249/119
f 298/249/119 299/250/120 300/251/121
f 299/250/120 301/252/122 300/251/121
f 300/251/121 301/252/122 302/253/123
f 301/252/122 303/254/104 302/253/123
f 302/253/123 303/254/104 304/255/124
f 303/254/104 305/256/125 304/255/124
f 304/255/124 305/256/125 306/257/126
f 280/231/103 278/230/102 299/250/120
f 299/250/120 278/230/102 301/252/122
f 301/252/122 278/230/102 303/254/104
f 278/230/102 307/258/36 303/254/104
f 303/254/104 307/258/36 305/256/125
f 307/258/36 278/230/102 308/259/36
f 308/259/36 278/230/102 309/260/36
f 278/230/102 310/261/36 309/260/36
f 310/261/36 311/262/102 309/260/36
f 309/260/36 311/262/102 312/263/36
f 312/263/36 311/262/102 313/264/36
f 313/264/36 311/262/102 314/265/36
f 314/265/36 311/262/102 315/266/36
f 311/262/102 316/267/36 315/266/36
f 316/267/36 317/268/36 315/266/36
f 315/266/36 317/268/36 318/269/36
f 317/268/36 319/270/36 318/269/36
f 318/269/36 319/270/36 320/271/36
f 319/270/36 321/272/36 320/271/36
f 320/271/36 321/272/36 322/273/36
f 321/272/36 323/274/36 322/273/36
f 323/274/36 324/275/36 322/273/36
f 324/275/36 325/276/36 322/273/36
f 322/273/36 325/276/36 326/277/36
f 326/277/36 325/276/36 327/278/36
f 325/276/36 328/279/36 327/278/36
f 328/279/36 329/280/36 327/278/36
f 327/278/36 329/280/36 330/281/36
f 329/280/36 331/282/36 330/281/36
f 330/281/36 331/282/36 332/283/36
f 331/282/36 333/284/36 332/283/36
f 332/283/36 333/284/36 334/285/36
f 333/284/36 335/286/36 334/285/36
f 334/285/36 335/286/36 336/287/36
f 335/286/36 337/288/36 336/287/36
f 336/287/36 337/288/36 338/289/102
f 337/288/36 339/290/36 338/289/102
f 339/290/36 340/291/36 338/289/102
f 340/291/36 341/292/36 338/289/102
f 338/289/102 341/292/36 310/261/36
f 341/292/36 342/293/36 310/261/36
f 342/293/36 343/294/36 310/261/36
f 310/261/36 343/294/36 311/262/102
f 343/294/36 344/295/36 311/262/102
f 344/295/36 345/296/36 311/262/102
f 311/262/102 345/296/36 316/267/36
f 278/230/102 277/229/102 310/261/36
f 310/261/36 277/229/102 338/289/102
f 277/229/102 346/297/36 338/289/102
f 346/297/36 347/298/36 338/289/102
f 338/289/102 347/298/36 336/287/36
f 347/298/36 348/299/36 336/287/36
f 277/229/102 276/228/36 346/297/36
f 346/297/36 276/228/36 349/300/36
f 276/228/36 350/301/36 349/300/36
f 351/253/12 352/302/12 353/251/127
f 352/302/12 354/249/127 353/251/127
f 351/253/12 355/255/12 352/302/12
f 352/302/12 355/255/12 356/303/12
f 355/255/12 357/257/12 356/303/12
f 356/303/12 357/257/12 358/304/12
f 358/304/12 357/257/12 359/305/12
f 359/305/12 357/257/12 360/306/12
f 360/306/12 357/257/12 361/307/12
f 361/307/12 357/257/12 362/308/12
f 357/257/12 363/309/12 362/308/12
f 358/304/12 364/310/12 356/303/12
f 364/310/12 365/311/12 356/303/12
f 356/303/12 365/311/12 366/312/12
f 365/311/12 367/313/12 366/312/12
f 367/313/12 368/314/127 366/312/12
f 366/312/12 368/314/127 369/315/127
f 368/314/127 370/316/12 369/315/127
f 369/315/127 370/316/12 371/317/128
f 371/317/128 370/316/12 372/318/128
f 372/318/128 370/316/12 373/319/12
f 373/319/12 370/316/12 374/320/12
f 374/320/12 370/316/12 375/321/12
f 370/316/12 368/314/127 375/321/12
f 364/310/12 376/322/127 365/311/12
f 371/317/128 377/323/128 369/315/127
f 369/315/127 377/323/128 366/312/12
f 366/312/12 377/323/128 378/324/128
f 378/324/128 377/323/128 379/325/12
f 379/325/12 377/323/128 380/326/12
f 380/326/12 377/323/128 381/327/12
f 381/327/12 377/323/128 382/328/12
f 382/328/12 377/323/128 383/329/12
f 377/323/128 384/330/12 383/329/12
f 383/329/12 384/330/12 385/331/12
f 385/331/12 384/330/12 386/332/12
f 386/332/12 384/330/12 387/333/12
f 387/333/12 384/330/12 388/334/12
f 384/330/12 389/335/128 388/334/12
f 388/334/12 389/335/128 390/336/12
f 390/336/12 389/335/128 391/337/12
f 391/337/12 389/335/128 392/338/12
f 392/338/12 389/335/128 393/339/12
f 393/339/12 389/335/128 394/340/12
f 389/335/128 378/324/128 394/340/12
f 394/340/12 378/324/128 395/341/12
f 395/341/12 378/324/128 396/342/12
f 396/342/12 378/324/128 397/343/12
f 397/343/12 378/324/128 398/344/12
f 398/344/12 378/324/128 399/345/12
f 399/345/12 378/324/128 400/346/12
f 378/324/128 379/325/12 400/346/12
f 378/324/128 389/335/128 366/312/12
f 366/312/12 389/335/128 401/347/12
f 389/335/128 371/317/128 401/347/12
f 401/347/12 371/317/128 402/348/10
f 402/348/10 371/317/128 403/349/11
f 371/317/128 404/350/128 403/349/11
f 404/350/128 405/351/11 403/349/11
f 403/349/11 405/351/11 406/352/129
f 405/351/11 407/353/9 406/352/129
f 406/352/129 407/353/9 408/354/130
f 407/353/9 409/355/131 408/354/130
f 408/354/130 409/355/131 410/356/132
f 409/355/131 411/357/132 410/356/132
f 410/356/132 411/357/132 412/358/133
f 411/357/132 413/359/6 412/358/133
f 412/358/133 413/359/6 414/360/134
f 413/359/6 415/361/134 414/360/134
f 414/360/134 415/361/134 416/362/4
f 415/361/134 417/363/4 416/362/4
f 417/363/4 418/361/35 416/362/4
f 416/362/4 418/361/35 419/360/35
f 418/361/35 420/359/34 419/360/35
f 389/335/128 384/330/12 371/317/128
f 384/330/12 377/323/128 371/317/128
f 402/348/10 421/364/11 401/347/12
f 372/318/128 404/350/128 371/317/128
f 419/360/35 422/365/4 416/362/4
f 416/362/4 422/365/4 414/360/134
f 422/365/4 423/366/134 414/360/134
f 414/360/134 423/366/134 412/358/133
f 423/366/134 424/367/133 412/358/133
f 412/358/133 424/367/133 410/356/132
f 424/367/133 425/368/132 410/356/132
f 410/356/132 425/368/132 408/354/130
f 425/368/132 426/369/130 408/354/130
f 408/354/130 426/369/130 406/352/129
f 426/369/130 427/370/135 406/352/129
f 406/352/129 427/370/135 403/349/11
f 403/349/11 427/370/135 402/348/10
f 427/370/135 428/371/135 402/348/10
f 402/348/10 428/371/135 421/364/11
f 428/371/135 427/370/135 429/372/131
f 427/370/135 426/369/130 429/372/131
f 429/372/131 426/369/130 430/373/136
f 426/369/130 425/368/132 430/373/136
f 430/373/136 425/368/132 431/374/6
f 425/368/132 424/367/133 431/374/6
f 431/374/6 424/367/133 432/375/134
f 424/367/133 423/366/134 432/375/134
f 432/375/134 423/366/134 433/376/4
f 423/366/134 422/365/4 433/376/4
f 433/376/4 422/365/4 434/366/35
f 422/365/4 419/360/35 434/366/35
f 434/366/35 419/360/35 435/358/34
f 419/360/35 420/359/34 435/358/34
f 420/359/34 436/357/33 435/358/34
f 435/358/34 436/357/33 437/356/33
f 436/357/33 438/355/32 437/356/33
f 433/376/4 434/366/35 439/375/35
f 434/366/35 440/367/137 439/375/35
f 439/375/35 440/367/137 441/374/34
f 440/367/137 442/368/33 441/374/34
f 441/374/34 442/368/33 443/373/138
f 434/366/35 435/358/34 440/367/137
f 435/358/34 437/356/33 440/367/137
f 440/367/137 437/356/33 442/368/33
f 437/356/33 444/354/139 442/368/33
f 442/368/33 444/354/139 445/369/139
f 445/369/139 444/354/139 446/352/140
f 444/354/139 447/353/30 446/352/140
f 446/352/140 447/353/30 448/351/29
f 437/356/33 438/355/32 444/354/139
f 444/354/139 438/355/32 447/353/30
f 442/368/33 445/369/139 443/373/138
f 445/369/139 449/372/139 443/373/138
f 443/373/138 449/372/139 450/377/141
f 450/377/141 449/372/139 451/378/142
f 449/372/139 452/371/140 451/378/142
f 451/378/142 452/371/140 453/379/143
f 452/371/140 454/364/29 453/379/143
f 453/379/143 454/364/29 455/247/144
f 454/364/29 456/312/2 455/247/144
f 455/247/144 456/312/2 457/248/2
f 457/248/2 456/312/2 458/249/2
f 456/312/2 459/302/2 458/249/2
f 458/249/2 459/302/2 460/251/2
f 460/251/2 459/302/2 461/253/2
f 461/253/2 459/302/2 462/255/2
f 459/302/2 463/303/2 462/255/2
f 462/255/2 463/303/2 464/257/2
f 463/303/2 465/304/2 464/257/2
f 465/304/2 466/305/2 464/257/2
f 466/305/2 467/306/2 464/257/2
f 467/306/2 468/307/2 464/257/2
f 468/307/2 469/308/2 464/257/2
f 464/257/2 469/308/2 470/309/2
f 465/304/2 463/303/2 471/310/2
f 471/310/2 463/303/2 472/311/2
f 463/303/2 473/302/2 472/311/2
f 472/311/2 473/302/2 474/314/2
f 473/302/2 456/312/2 474/314/2
f 456/312/2 475/315/2 474/314/2
f 474/314/2 475/315/2 476/316/2
f 475/315/2 477/317/145 476/316/2
f 477/317/145 478/318/145 476/316/2
f 478/318/145 479/319/2 476/316/2
f 479/319/2 480/320/2 476/316/2
f 480/320/2 481/321/2 476/316/2
f 476/316/2 481/321/2 474/314/2
f 472/311/2 482/322/2 471/310/2
f 477/317/145 475/315/2 483/323/145
f 475/315/2 456/312/2 483/323/145
f 483/323/145 456/312/2 484/324/145
f 484/324/145 456/312/2 485/335/145
f 456/312/2 486/347/2 485/335/145
f 485/335/145 486/347/2 477/317/145
f 477/317/145 486/347/2 487/348/146
f 486/347/2 454/364/29 487/348/146
f 454/364/29 452/371/140 487/348/146
f 487/348/146 452/371/140 488/370/147
f 452/371/140 449/372/139 488/370/147
f 449/372/139 445/369/139 488/370/147
f 445/369/139 446/352/140 488/370/147
f 488/370/147 446/352/140 489/349/146
f 446/352/140 448/351/29 489/349/146
f 489/349/146 448/351/29 490/350/145
f 448/351/29 491/380/2 490/350/145
f 490/350/145 491/380/2 492/381/2
f 492/381/2 491/380/2 493/382/2
f 493/382/2 491/380/2 494/383/2
f 494/383/2 491/380/2 495/384/2
f 491/380/2 496/385/2 495/384/2
f 495/384/2 496/385/2 497/386/2
f 497/386/2 496/385/2 498/387/2
f 496/385/2 499/388/145 498/387/2
f 498/387/2 499/388/145 500/389/2
f 500/389/2 499/388/145 501/390/2
f 501/390/2 499/388/145 502/391/2
f 502/391/2 499/388/145 503/392/2
f 503/392/2 499/388/145 504/393/2
f 504/393/2 499/388/145 505/394/2
f 499/388/145 478/318/145 505/394/2
f 505/394/2 478/318/145 506/395/2
f 506/395/2 478/318/145 507/396/2
f 507/396/2 478/318/145 508/397/2
f 508/397/2 478/318/145 509/398/2
f 509/398/2 478/318/145 510/399/2
f 478/318/145 490/350/145 510/399/2
f 510/399/2 490/350/145 511/400/2
f 511/400/2 490/350/145 512/401/2
f 512/401/2 490/350/145 513/402/2
f 490/350/145 492/381/2 513/402/2
f 488/370/147 489/349/146 487/348/146
f 487/348/146 489/349/146 477/317/145
f 489/349/146 490/350/145 477/317/145
f 477/317/145 490/350/145 478/318/145
f 496/385/2 514/403/2 499/388/145
f 514/403/2 515/404/2 499/388/145
f 499/388/145 515/404/2 516/405/2
f 485/335/145 477/317/145 517/330/2
f 477/317/145 483/323/145 517/330/2
f 483/323/145 518/329/2 517/330/2
f 518/329/2 519/331/2 517/330/2
f 519/331/2 520/332/2 517/330/2
f 520/332/2 521/333/2 517/330/2
f 521/333/2 522/334/2 517/330/2
f 517/330/2 522/334/2 485/335/145
f 522/334/2 523/336/2 485/335/145
f 523/336/2 524/337/2 485/335/145
f 524/337/2 525/338/2 485/335/145
f 525/338/2 526/339/2 485/335/145
f 526/339/2 527/340/2 485/335/145
f 485/335/145 527/340/2 484/324/145
f 527/340/2 528/341/2 484/324/145
f 528/341/2 529/342/2 484/324/145
f 529/342/2 530/343/2 484/324/145
f 530/343/2 531/344/2 484/324/145
f 531/344/2 532/345/2 484/324/145
f 532/345/2 533/346/2 484/324/145
f 484/324/145 533/346/2 483/323/145
f 533/346/2 534/325/2 483/323/145
f 534/325/2 535/326/2 483/323/145
f 535/326/2 536/327/2 483/323/145
f 536/327/2 537/328/2 483/323/145
f 483/323/145 537/328/2 518/329/2
f 538/406/1 540/407/148 539/408/149
f 540/407/148 541/409/150 539/408/149
f 539/408/149 541/409/150 542/410/21
f 541/409/150 543/411/151 542/410/21
f 542/410/21 543/411/151 544/412/152
f 543/411/151 545/413/153 544/412/152
f 544/412/152 545/413/153 546/414/154
f 545/413/153 547/415/155 546/414/154
f 546/414/154 547/415/155 548/416/156
f 547/415/155 549/417/157 548/416/156
f 548/416/156 549/417/157 550/418/158
f 549/417/157 551/419/159 550/418/158
f 550/418/158 551/419/159 552/420/160
f 551/419/159 305/256/125 552/420/160
f 552/420/160 305/256/125 307/258/36
f 305/256/125 551/419/159 306/257/126
f 306/257/126 551/419/159 553/421/161
f 551/419/159 549/417/157 553/421/161
f 553/421/161 549/417/157 554/422/162
f 549/417/157 547/415/155 554/422/162
f 554/422/162 547/415/155 555/423/163
f 547/415/155 545/413/153 555/423/163
f 555/423/163 545/413/153 556/424/164
f 545/413/153 543/411/151 556/424/164
f 556/424/164 543/411/151 557/425/165
f 543/411/151 541/409/150 557/425/165
f 557/425/165 541/409/150 558/426/166
f 541/409/150 540/407/148 558/426/166
f 558/426/166 540/407/148 559/427/167
f 560/428/168 562/429/169 561/430/170
f 562/429/169 563/431/171 561/430/170
f 561/430/170 563/431/171 564/432/2
f 563/431/171 565/433/2 564/432/2
f 564/432/2 565/433/2 566/434/2
f 566/434/2 565/433/2 567/435/2
f 567/435/2 565/433/2 568/436/2
f 565/433/2 569/437/2 568/436/2
f 570/438/172 571/439/173 572/440/173
f 571/439/173 573/441/174 572/440/173
f 572/440/173 573/441/174 574/442/174
f 573/441/174 575/443/175 574/442/174
f 574/442/174 575/443/175 576/444/175
f 575/443/175 577/445/176 576/444/175
f 576/444/175 577/445/176 578/446/177
f 577/445/176 579/447/178 578/446/177
f 578/446/177 579/447/178 580/448/178
f 579/447/178 581/449/179 580/448/178
f 580/448/178 581/449/179 582/450/179
f 581/449/179 583/451/180 582/450/179
f 582/450/179 583/451/180 584/452/180
f 583/451/180 585/453/36 584/452/180
f 584/452/180 585/453/36 586/454/36
f 585/453/36 587/455/181 586/454/36
f 586/454/36 587/455/181 588/456/181
f 587/455/181 589/457/182 588/456/181
f 588/456/181 589/457/182 590/458/182
f 589/457/182 591/459/183 590/458/182
f 590/458/182 591/459/183 592/460/183
f 591/459/183 593/461/184 592/460/183
f 592/460/183 593/461/184 594/462/184
f 593/461/184 595/463/185 594/462/184
f 594/462/184 595/463/185 596/464/185
f 595/463/185 597/465/186 596/464/185
f 596/464/185 597/465/186 598/466/186
f 597/465/186 599/467/187 598/466/186
f 598/466/186 599/467/187 600/468/187
f 599/467/187 601/469/188 600/468/187
f 600/468/187 601/469/188 602/470/188
f 601/469/188 603/471/189 602/470/188
f 602/470/188 603/471/189 604/472/189
f 603/471/189 605/473/73 604/472/189
f 604/472/189 605/473/73 606/474/73
f 605/473/73 607/475/190 606/474/73
f 606/474/73 607/475/190 608/476/190
f 607/475/190 609/477/191 608/476/190
f 608/476/190 609/477/191 610/478/192
f 570/438/172 611/479/192 571/439/173
f 612/322/193 613/310/194 614/480/195
f 613/310/194 615/481/196 614/480/195
f 614/480/195 615/481/196 616/482/1
f 615/481/196 617/483/1 616/482/1
f 616/482/1 617/483/1 618/484/1
f 617/483/1 619/485/1 618/484/1
f 619/485/1 620/486/1 618/484/1
f 618/484/1 620/486/1 621/487/1
f 622/488/197 624/489/198 623/490/198
f 623/490/198 624/489/198 625/322/197
f 625/322/197 624/489/198 626/491/199
f 626/491/199 624/489/198 627/313/198
f 627/313/198 624/489/198 628/314/200
f 624/489/198 629/492/201 628/314/200
f 628/314/200 629/492/201 630/321/202
f 629/492/201 631/493/202 630/321/202
f 630/321/202 631/493/202 632/320/203
f 631/493/202 633/494/204 632/320/203
f 632/320/203 633/494/204 634/319/205
f 633/494/204 635/495/205 634/319/205
f 635/495/205 636/496/206 634/319/205
f 634/319/205 636/496/206 637/388/207
f 637/388/207 636/496/206 638/497/208
f 636/496/206 639/498/209 638/497/208
f 638/497/208 639/498/209 640/499/210
f 639/498/209 641/500/211 640/499/210
f 640/499/210 641/500/211 642/501/212
f 641/500/211 643/502/212 642/501/212
f 644/503/36 645/504/36 646/505/36
f 645/504/36 647/506/36 646/505/36
f 646/505/36 647/506/36 648/507/36
f 648/507/36 647/506/36 649/508/36
f 649/508/36 647/506/36 650/509/36
f 647/506/36 651/510/36 650/509/36
f 651/510/36 652/511/36 650/509/36
f 652/511/36 653/512/36 650/509/36
f 653/512/36 654/513/36 650/509/36
f 654/513/36 655/514/36 650/509/36
f 655/514/36 656/515/36 650/509/36
f 656/515/36 657/516/36 650/509/36
f 650/509/36 657/516/36 649/508/36
f 657/516/36 658/517/36 649/508/36
f 649/508/36 658/517/36 648/507/36
f 647/506/36 645/504/36 651/510/36
f 659/518/73 660/519/67 661/520/67
f 660/519/67 662/521/67 661/520/67
f 662/521/67 663/351/67 661/520/67
f 661/520/67 663/351/67 664/522/67
f 664/522/67 663/351/67 665/523/67
f 663/351/67 666/380/67 665/523/67
f 665/523/67 666/380/67 667/524/67
f 666/380/67 668/385/213 667/524/67
f 667/524/67 668/385/213 669/525/213
f 669/525/213 668/385/213 670/526/214
f 668/385/213 671/527/214 670/526/214
f 672/405/12 673/404/12 674/388/128
f 673/404/12 675/403/12 674/388/128
f 675/403/12 676/385/12 674/388/128
f 674/388/128 676/385/12 677/387/12
f 677/387/12 676/385/12 678/386/12
f 678/386/12 676/385/12 679/384/12
f 676/385/12 680/380/12 679/384/12
f 679/384/12 680/380/12 681/383/12
f 681/383/12 680/380/12 682/382/12
f 682/382/12 680/380/12 683/381/12
f 680/380/12 404/350/128 683/381/12
f 683/381/12 404/350/128 684/402/12
f 684/402/12 404/350/128 685/401/12
f 685/401/12 404/350/128 686/400/12
f 686/400/12 404/350/128 687/399/12
f 404/350/128 372/318/128 687/399/12
f 687/399/12 372/318/128 688/398/12
f 688/398/12 372/318/128 689/397/12
f 689/397/12 372/318/128 690/396/12
f 690/396/12 372/318/128 691/395/12
f 691/395/12 372/318/128 692/394/12
f 372/318/128 674/388/128 692/394/12
f 692/394/12 674/388/128 693/393/12
f 693/393/12 674/388/128 694/392/12
f 694/392/12 674/388/128 695/391/12
f 695/391/12 674/388/128 696/390/12
f 696/390/12 674/388/128 697/389/12
f 674/388/128 677/387/12 697/389/12
f 404/350/128 680/380/12 405/351/11
f 698/528/198 700/482/197 699/529/197
f 700/482/197 701/484/197 699/529/197
f 701/484/197 702/487/197 699/529/197
f 699/529/197 702/487/197 703/530/198
f 352/302/12 366/312/12 354/249/127
f 354/249/127 366/312/12 704/248/12
f 704/248/12 366/312/12 705/247/215
f 366/312/12 421/364/11 705/247/215
f 705/247/215 421/364/11 706/379/216
f 421/364/11 428/371/135 706/379/216
f 706/379/216 428/371/135 707/378/217
f 428/371/135 429/372/131 707/378/217
f 707/378/217 429/372/131 708/377/218
f 429/372/131 430/373/136 708/377/218
f 709/512/2 710/531/2 711/513/219
f 710/531/2 712/532/220 711/513/219
f 711/513/219 712/532/220 713/533/221
f 712/532/220 714/534/222 713/533/221
f 713/533/221 714/534/222 715/535/58
f 714/534/222 716/536/223 715/535/58
f 715/535/58 716/536/223 717/537/3
f 716/536/223 718/538/3 717/537/3
f 719/539/139 720/537/139 721/540/139
f 721/540/139 720/537/139 722/541/139
f 720/537/139 723/538/224 722/541/139
f 724/542/187 725/543/188 726/544/188
f 725/543/188 727/545/189 726/544/188
f 726/544/188 727/545/189 728/546/189
f 727/545/189 729/547/67 728/546/189
f 728/546/189 729/547/67 730/548/67
f 729/547/67 731/549/225 730/548/67
f 730/548/67 731/549/225 732/550/190
f 731/549/225 733/551/191 732/550/190
f 732/550/190 733/551/191 734/552/191
f 733/551/191 735/553/226 734/552/191
f 734/552/191 735/553/226 736/554/173
f 735/553/226 737/555/174 736/554/173
f 736/554/173 737/555/174 738/556/174
f 737/555/174 739/557/1 738/556/174
f 738/556/174 739/557/1 740/558/1
f 739/557/1 741/559/176 740/558/1
f 740/558/1 741/559/176 742/560/176
f 741/559/176 743/561/178 742/560/176
f 742/560/176 743/561/178 744/562/178
f 743/561/178 745/563/179 744/562/178
f 744/562/178 745/563/179 746/564/179
f 745/563/179 747/565/227 746/564/179
f 746/564/179 747/565/227 748/566/180
f 747/565/227 749/567/36 748/566/180
f 748/566/180 749/567/36 750/568/36
f 749/567/36 751/569/181 750/568/36
f 750/568/36 751/569/181 752/570/181
f 751/569/181 753/571/182 752/570/181
f 752/570/181 753/571/182 754/572/182
f 753/571/182 755/573/183 754/572/182
f 754/572/182 755/573/183 756/574/183
f 755/573/183 757/575/184 756/574/183
f 756/574/183 757/575/184 758/576/184
f 757/575/184 759/577/4 758/576/184
f 758/576/184 759/577/4 760/578/4
f 759/577/4 761/579/186 760/578/4
f 760/578/4 761/579/186 762/580/186
f 761/579/186 763/581/187 762/580/186
f 762/580/186 763/581/187 764/582/228
f 724/542/187 765/583/228 725/543/188
f 766/483/229 767/584/229 768/485/230
f 767/584/229 769/585/230 768/485/230
f 769/585/230 770/586/231 768/485/230
f 768/485/230 770/586/231 771/486/230
f 772/587/67 774/588/67 773/589/67
f 773/589/67 774/588/67 775/590/67
f 773/589/67 776/591/67 772/587/67
f 772/587/67 776/591/67 777/592/67
f 776/591/67 778/593/67 777/592/67
f 777/592/67 778/593/67 779/594/67
f 778/593/67 780/595/67 779/594/67
f 779/594/67 780/595/67 781/596/67
f 780/595/67 782/597/67 781/596/67
f 781/596/67 782/597/67 783/598/67
f 782/597/67 784/599/67 783/598/67
f 783/598/67 784/599/67 785/600/67
f 785/600/67 784/599/67 786/601/67
f 786/601/67 784/599/67 787/602/67
f 784/599/67 788/603/67 787/602/67
f 787/602/67 788/603/67 789/604/67
f 789/604/67 788/603/67 790/605/67
f 788/603/67 791/606/67 790/605/67
f 790/605/67 791/606/67 792/607/67
f 792/607/67 791/606/67 793/608/67
f 793/608/67 791/606/67 794/609/67
f 791/606/67 795/610/67 794/609/67
f 794/609/67 795/610/67 796/611/67
f 795/610/67 797/612/67 796/611/67
f 796/611/67 797/612/67 798/613/67
f 797/612/67 799/614/67 798/613/67
f 798/613/67 799/614/67 800/615/67
f 799/614/67 801/616/67 800/615/67
f 800/615/67 801/616/67 802/617/67
f 801/616/67 803/618/67 802/617/67
f 802/617/67 803/618/67 804/619/67
f 804/619/67 803/618/67 775/590/67
f 803/618/67 773/589/67 775/590/67
f 795/610/67 791/606/67 805/620/67
f 791/606/67 806/621/67 805/620/67
f 782/597/67 807/622/67 784/599/67
f 784/599/67 807/622/67 808/623/67
f 807/622/67 809/624/67 808/623/67
f 810/625/232 811/626/233 812/627/234
f 811/626/233 813/628/235 812/627/234
f 812/627/234 813/628/235 814/629/234
f 813/628/235 815/630/236 814/629/234
f 814/629/234 815/630/236 816/631/237
f 815/630/236 817/632/238 816/631/237
f 816/631/237 817/632/238 818/633/239
f 817/632/238 819/634/240 818/633/239
f 818/633/239 819/634/240 820/635/2
f 820/635/2 819/634/240 821/636/241
f 821/636/241 819/634/240 822/637/242
f 822/637/242 819/634/240 823/638/243
f 819/634/240 817/632/238 823/638/243
f 823/638/243 817/632/238 824/639/244
f 817/632/238 815/630/236 824/639/244
f 824/639/244 815/630/236 825/640/245
f 815/630/236 813/628/235 825/640/245
f 825/640/245 813/628/235 826/641/246
f 813/628/235 811/626/233 826/641/246
f 826/641/246 811/626/233 827/642/247
f 811/626/233 828/643/248 827/642/247
f 827/642/247 828/643/248 829/644/249
f 829/644/249 828/643/248 830/645/250
f 828/643/248 831/646/251 830/645/250
f 831/646/251 832/647/1 830/645/250
f 830/645/250 832/647/1 833/648/252
f 832/647/1 834/649/253 833/648/252
f 833/648/252 834/649/253 835/650/254
f 834/649/253 836/651/255 835/650/254
f 835/650/254 836/651/255 837/652/256
f 836/651/255 838/653/257 837/652/256
f 837/652/256 838/653/257 839/654/258
f 838/653/257 840/655/259 839/654/258
f 839/654/258 840/655/259 841/656/260
f 840/655/259 842/657/261 841/656/260
f 841/656/260 842/657/261 843/658/262
f 842/657/261 844/659/263 843/658/262
f 844/659/263 845/660/12 843/658/262
f 845/660/12 846/661/264 843/658/262
f 843/658/262 846/661/264 847/662/265
f 846/661/264 848/663/118 847/662/265
f 811/626/233 810/625/232 828/643/248
f 810/625/232 831/646/251 828/643/248
f 847/662/265 849/664/266 843/658/262
f 843/658/262 849/664/266 841/656/260
f 849/664/266 850/665/267 841/656/260
f 841/656/260 850/665/267 839/654/258
f 850/665/267 851/666/268 839/654/258
f 839/654/258 851/666/268 837/652/256
f 851/666/268 852/667/269 837/652/256
f 837/652/256 852/667/269 835/650/254
f 852/667/269 853/668/270 835/650/254
f 835/650/254 853/668/270 833/648/252
f 853/668/270 854/669/271 833/648/252
f 833/648/252 854/669/271 830/645/250
f 854/669/271 829/644/249 830/645/250
f 855/670/1 856/635/1 857/671/1
f 857/671/1 856/635/1 858/672/1
f 856/635/1 859/636/1 858/672/1
f 859/636/1 860/637/154 861/673/154
f 860/637/154 862/673/36 861/673/154
f 863/674/127 864/675/96 865/676/272
f 864/675/96 866/677/273 865/676/272
f 865/676/272 867/678/127 863/674/127
f 863/674/127 867/678/127 868/679/135
f 867/678/127 869/680/9 868/679/135
f 868/679/135 869/680/9 870/681/274
f 869/680/9 871/682/274 870/681/274
f 870/681/274 871/682/274 872/683/275
f 871/682/274 873/684/275 872/683/275
f 872/683/275 873/684/275 874/685/6
f 873/684/275 875/686/6 874/685/6
f 874/685/6 875/686/6 876/687/276
f 875/686/6 877/688/276 876/687/276
f 864/675/96 878/689/273 866/677/273
f 866/677/273 878/689/273 879/690/277
f 878/689/273 880/691/277 879/690/277
f 879/690/277 880/691/277 881/692/90
f 880/691/277 882/693/90 881/692/90
f 881/692/90 882/693/90 883/694/278
f 882/693/90 884/695/278 883/694/278
f 883/694/278 884/695/278 885/696/279
f 884/695/278 886/697/280 885/696/279
f 885/696/279 886/697/280 887/698/281
f 886/697/280 888/699/281 887/698/281
f 887/698/281 888/699/281 889/700/282
f 888/699/281 890/701/282 889/700/282
f 889/700/282 890/701/282 891/702/59
f 890/701/282 892/703/59 891/702/59
f 891/702/59 892/703/59 893/704/283
f 892/703/59 894/705/283 893/704/283
f 893/704/283 894/705/283 895/706/30
f 894/705/283 896/707/30 895/706/30
f 895/706/30 896/707/30 897/708/284
f 896/707/30 898/709/285 897/708/284
f 897/708/284 898/709/285 899/710/286
f 898/709/285 900/711/33 899/710/286
f 899/710/286 900/711/33 901/712/34
f 900/711/33 902/713/34 901/712/34
f 901/712/34 902/713/34 903/714/4
f 902/713/34 904/715/4 903/714/4
f 905/716/1 906/717/1 907/718/1
f 907/718/1 906/717/1 908/660/1
f 906/717/1 909/661/1 908/660/1
f 909/661/1 910/661/154 911/663/154
f 910/661/154 912/719/36 911/663/154
f 913/720/287 914/721/288 915/714/287
f 915/714/287 914/721/288 916/712/289
f 914/721/288 917/722/290 916/712/289
f 916/712/289 917/722/290 918/710/291
f 917/722/290 919/723/292 918/710/291
f 918/710/291 919/723/292 920/708/293
f 919/723/292 921/724/294 920/708/293
f 920/708/293 921/724/294 922/706/295
f 921/724/294 923/725/296 922/706/295
f 922/706/295 923/725/296 924/704/297
f 923/725/296 925/726/298 924/704/297
f 924/704/297 925/726/298 926/702/299
f 925/726/298 927/727/300 926/702/299
f 926/702/299 927/727/300 928/700/301
f 927/727/300 929/728/302 928/700/301
f 928/700/301 929/728/302 930/698/303
f 929/728/302 931/729/304 930/698/303
f 930/698/303 931/729/304 932/696/305
f 931/729/304 933/730/306 932/696/305
f 932/696/305 933/730/306 934/694/306
f 933/730/306 935/731/307 934/694/306
f 934/694/306 935/731/307 936/692/308
f 935/731/307 937/732/309 936/692/308
f 936/692/308 937/732/309 938/690/310
f 937/732/309 939/733/311 938/690/310
f 938/690/310 939/733/311 940/677/312
f 939/733/311 941/734/313 940/677/312
f 940/677/312 941/734/313 942/676/314
f 941/734/313 943/735/315 942/676/314
f 942/676/314 943/735/315 944/678/316
f 943/735/315 945/736/317 944/678/316
f 944/678/316 945/736/317 946/680/318
f 945/736/317 947/737/319 946/680/318
f 946/680/318 947/737/319 948/682/320
f 947/737/319 949/738/321 948/682/320
f 948/682/320 949/738/321 950/684/322
f 949/738/321 951/739/323 950/684/322
f 950/684/322 951/739/323 952/686/324
f 951/739/323 953/740/287 952/686/324
f 952/686/324 953/740/287 954/688/287
f 955/741/325 957/742/325 956/743/326
f 957/742/325 958/744/326 956/743/326
f 956/743/326 958/744/326 959/745/327
f 955/741/325 960/746/328 957/742/325
f 957/742/325 960/746/328 961/747/328
f 961/747/328 960/746/328 962/748/329
f 960/746/328 963/749/329 962/748/329
f 962/748/329 963/749/329 964/750/327
f 963/749/329 965/751/330 964/750/327
f 964/750/327 965/751/330 966/752/331
f 965/751/330 967/753/332 966/752/331
f 966/752/331 967/753/332 968/754/333
f 967/753/332 969/755/333 968/754/333
f 968/754/333 969/755/333 970/756/334
f 969/755/333 971/757/334 970/756/334
f 970/756/334 971/757/334 972/758/335
f 971/757/334 973/759/335 972/758/335
f 972/758/335 973/759/335 974/760/336
f 973/759/335 975/761/336 974/760/336
f 974/760/336 975/761/336 976/762/337
f 975/761/336 977/763/337 976/762/337
f 976/762/337 977/763/337 978/764/338
f 977/763/337 979/765/338 978/764/338
f 978/764/338 979/765/338 980/766/339
f 979/765/338 981/767/340 980/766/339
f 958/744/326 982/768/327 959/745/327
f 959/745/327 982/768/327 983/769/332
f 982/768/327 984/770/332 983/769/332
f 983/769/332 984/770/332 985/771/341
f 984/770/332 986/772/342 985/771/341
f 985/771/341 986/772/342 987/773/334
f 986/772/342 988/774/334 987/773/334
f 987/773/334 988/774/334 989/775/335
f 988/774/334 990/776/343 989/775/335
f 989/775/335 990/776/343 991/777/344
f 990/776/343 992/778/345 991/777/344
f 992/778/345 993/779/346 991/777/344
f 991/777/344 993/779/346 994/780/346
f 993/779/346 995/781/347 994/780/346
f 994/780/346 995/781/347 996/782/347
f 995/781/347 997/783/348 996/782/347
f 996/782/347 997/783/348 998/784/349
f 999/785/12 1001/786/12 1000/787/12
f 1001/786/12 1002/788/12 1000/787/12
f 1000/787/12 1002/788/12 1003/789/12
f 999/785/12 1004/790/12 1001/786/12
f 1001/786/12 1004/790/12 1005/791/12
f 1005/791/12 1004/790/12 1006/792/128
f 1004/790/12 1007/793/12 1006/792/128
f 1007/793/12 1008/794/12 1006/792/128
f 1008/794/12 1009/795/12 1006/792/128
f 1009/795/12 1010/796/12 1006/792/128
f 1010/796/12 1011/797/12 1006/792/128
f 1011/797/12 1012/798/12 1006/792/128
f 1012/798/12 1013/799/12 1006/792/128
f 1013/799/12 1014/800/12 1006/792/128
f 1014/800/12 1015/801/12 1006/792/128
f 1006/792/128 1015/801/12 1005/791/12
f 1002/788/12 1016/802/12 1003/789/12
f 1003/789/12 1016/802/12 1017/803/12
f 1016/802/12 1018/804/12 1017/803/12
f 1017/803/12 1018/804/12 1019/805/12
f 1018/804/12 1020/806/12 1019/805/12
f 1019/805/12 1020/806/12 1021/807/12
f 1020/806/12 1022/808/12 1021/807/12
f 1021/807/12 1022/808/12 1023/809/12
f 1022/808/12 1024/810/12 1023/809/12
f 1023/809/12 1024/810/12 1025/811/12
f 1024/810/12 1026/812/12 1025/811/12
f 1026/812/12 1027/813/12 1025/811/12
f 1025/811/12 1027/813/12 1028/814/12
f 1027/813/12 1029/815/12 1028/814/12
f 1028/814/12 1029/815/12 1030/816/12
f 1029/815/12 1031/817/12 1030/816/12
f 1030/816/12 1031/817/12 1032/818/12
f 1033/767/335 1035/819/350 1034/766/335
f 1034/766/335 1035/819/350 1036/820/351
f 1036/820/351 1035/819/350 1037/821/336
f 1035/819/350 1038/822/336 1037/821/336
f 1037/821/336 1038/822/336 1039/823/337
f 1038/822/336 1040/824/337 1039/823/337
f 1039/823/337 1040/824/337 1041/825/338
f 1040/824/337 1042/826/338 1041/825/338
f 1041/825/338 1042/826/338 1043/827/352
f 1042/826/338 1044/828/352 1043/827/352
f 1043/827/352 1044/828/352 1045/829/353
f 1044/828/352 1046/830/354 1045/829/353
f 1045/829/353 1046/830/354 1047/831/355
f 1046/830/354 1048/832/356 1047/831/355
f 1047/831/355 1048/832/356 1049/833/357
f 1048/832/356 1050/834/357 1049/833/357
f 1050/834/357 1051/835/358 1049/833/357
f 1049/833/357 1051/835/358 1052/836/359
f 1051/835/358 1053/837/360 1052/836/359
f 1052/836/359 1053/837/360 1054/838/360
f 1053/837/360 1055/839/212 1054/838/360
f 1054/838/360 1055/839/212 1056/840/212
f 1057/841/2 1059/842/2 1058/843/145
f 1058/843/145 1059/842/2 1060/844/2
f 1060/844/2 1059/842/2 1061/845/2
f 1059/842/2 1062/846/2 1061/845/2
f 1061/845/2 1062/846/2 1063/847/2
f 1062/846/2 1064/848/2 1063/847/2
f 1063/847/2 1064/848/2 1065/849/2
f 1057/841/2 1058/843/145 1066/850/2
f 1066/850/2 1058/843/145 1067/851/2
f 1067/851/2 1058/843/145 1068/852/2
f 1068/852/2 1058/843/145 1069/853/2
f 1069/853/2 1058/843/145 1070/854/2
f 1070/854/2 1058/843/145 1071/855/2
f 1071/855/2 1058/843/145 1072/856/2
f 1072/856/2 1058/843/145 1073/857/2
f 1058/843/145 1060/844/2 1073/857/2
f 1064/848/2 1074/858/2 1065/849/2
f 1065/849/2 1074/858/2 1075/859/2
f 1074/858/2 1076/860/2 1075/859/2
f 1075/859/2 1076/860/2 1077/861/2
f 1076/860/2 1078/862/2 1077/861/2
f 1077/861/2 1078/862/2 1079/863/2
f 1078/862/2 1080/864/2 1079/863/2
f 1079/863/2 1080/864/2 1081/865/2
f 1080/864/2 1082/866/283 1081/865/2
f 1081/865/2 1082/866/283 1083/867/283
f 1082/866/283 1084/868/283 1083/867/283
f 1084/868/283 1085/869/2 1083/867/283
f 1083/867/283 1085/869/2 1086/870/2
f 1085/869/2 1087/871/2 1086/870/2
f 1086/870/2 1087/871/2 1088/872/2
f 1087/871/2 1089/873/2 1088/872/2
f 1088/872/2 1089/873/2 1090/874/2
f 1091/839/361 1093/875/361 1092/840/361
f 1092/840/361 1093/875/361 1094/876/361
f 1095/406/1 1097/408/149 1096/407/362
f 1096/407/362 1097/408/149 1098/409/363
f 1097/408/149 1099/410/21 1098/409/363
f 1098/409/363 1099/410/21 1100/411/364
f 1099/410/21 1101/412/152 1100/411/364
f 1100/411/364 1101/412/152 1102/413/365
f 1101/412/152 1103/414/366 1102/413/365
f 1104/427/367 1096/407/362 1105/426/368
f 1096/407/362 1098/409/363 1105/426/368
f 1105/426/368 1098/409/363 1106/425/369
f 1098/409/363 1100/411/364 1106/425/369
f 1106/425/369 1100/411/364 1107/424/370
f 1100/411/364 1102/413/365 1107/424/370
f 1107/424/370 1102/413/365 1108/423/371
f 1102/413/365 1109/415/372 1108/423/371
f 1108/423/371 1109/415/372 1110/422/373
f 1109/415/372 1111/417/374 1110/422/373
f 1110/422/373 1111/417/374 1112/421/375
f 1112/421/375 1111/417/374 1113/419/376
f 1111/417/374 1114/418/377 1113/419/376
f 1114/418/377 1115/420/160 1113/419/376
f 1113/419/376 1115/420/160 1116/256/378
f 1115/420/160 1117/258/36 1116/256/378
f 1102/413/365 1103/414/366 1109/415/372
f 1103/414/366 1118/416/379 1109/415/372
f 1109/415/372 1118/416/379 1111/417/374
f 1118/416/379 1114/418/377 1111/417/374
f 1112/421/375 1113/419/376 1119/257/380
f 1113/419/376 1116/256/378 1119/257/380
f 1119/257/380 1116/256/378 1120/255/381
f 1116/256/378 1121/254/382 1120/255/381
f 1120/255/381 1121/254/382 1122/253/383
f 1121/254/382 1123/252/384 1122/253/383
f 1122/253/383 1123/252/384 1124/251/385
f 1123/252/384 1125/250/386 1124/251/385
f 1124/251/385 1125/250/386 1126/249/387
f 1125/250/386 1127/231/388 1126/249/387
f 1126/249/387 1127/231/388 1128/248/242
f 1127/231/388 1129/232/382 1128/248/242
f 1128/248/242 1129/232/382 1130/247/389
f 1130/247/389 1129/232/382 1131/233/390
f 1131/233/390 1129/232/382 1132/226/36
f 1129/232/382 1127/231/388 1132/226/36
f 1132/226/36 1127/231/388 1133/230/36
f 1127/231/388 1125/250/386 1133/230/36
f 1125/250/386 1123/252/384 1133/230/36
f 1123/252/384 1121/254/382 1133/230/36
f 1133/230/36 1121/254/382 1117/258/36
f 1121/254/382 1116/256/378 1117/258/36
f 1132/226/36 1134/234/106 1131/233/390
f 1134/234/106 1135/235/391 1131/233/390
f 1131/233/390 1135/235/391 1136/236/392
f 1135/235/391 1137/237/393 1136/236/392
f 1136/236/392 1137/237/393 1138/238/394
f 1137/237/393 1139/239/395 1138/238/394
f 1139/239/395 1140/240/396 1138/238/394
f 1140/240/396 1141/241/397 1138/238/394
f 1138/238/394 1141/241/397 1142/242/398
f 1143/246/399 1131/233/390 1144/245/400
f 1144/245/400 1131/233/390 1136/236/392
f 1138/238/394 1145/243/398 1136/236/392
f 1136/236/392 1145/243/398 1146/244/401
f 1147/428/402 1149/430/403 1148/429/404
f 1148/429/404 1149/430/403 1150/431/405
f 1149/430/403 1151/432/12 1150/431/405
f 1150/431/405 1151/432/12 1152/433/12
f 1151/432/12 1153/434/127 1152/433/12
f 1153/434/127 1154/435/127 1152/433/12
f 1154/435/127 1155/436/127 1152/433/12
f 1152/433/12 1155/436/127 1156/437/12
f 1157/445/176 1159/443/175 1158/444/175
f 1158/444/175 1159/443/175 1160/442/174
f 1158/444/175 1161/446/176 1157/445/176
f 1157/445/176 1161/446/176 1162/447/406
f 1161/446/176 1163/448/407 1162/447/406
f 1162/447/406 1163/448/407 1164/449/179
f 1163/448/407 1165/450/179 1164/449/179
f 1164/449/179 1165/450/179 1166/451/227
f 1165/450/179 1167/452/227 1166/451/227
f 1166/451/227 1167/452/227 1168/453/36
f 1167/452/227 1169/454/408 1168/453/36
f 1168/453/36 1169/454/408 1170/455/181
f 1169/454/408 1171/456/409 1170/455/181
f 1170/455/181 1171/456/409 1172/457/410
f 1171/456/409 1173/458/410 1172/457/410
f 1172/457/410 1173/458/410 1174/459/183
f 1173/458/410 1175/460/183 1174/459/183
f 1174/459/183 1175/460/183 1176/461/184
f 1175/460/183 1177/462/184 1176/461/184
f 1176/461/184 1177/462/184 1178/463/185
f 1177/462/184 1179/464/185 1178/463/185
f 1178/463/185 1179/464/185 1180/465/411
f 1179/464/185 1181/466/186 1180/465/411
f 1180/465/411 1181/466/186 1182/467/187
f 1181/466/186 1183/468/187 1182/467/187
f 1182/467/187 1183/468/187 1184/469/412
f 1183/468/187 1185/470/412 1184/469/412
f 1184/469/412 1185/470/412 1186/471/189
f 1185/470/412 1187/472/413 1186/471/189
f 1186/471/189 1187/472/413 1188/473/67
f 1187/472/413 1189/474/67 1188/473/67
f 1188/473/67 1189/474/67 1190/475/414
f 1189/474/67 1191/476/190 1190/475/414
f 1190/475/414 1191/476/190 1192/477/192
f 1191/476/190 1193/478/191 1192/477/192
f 1194/479/172 1195/438/192 1196/439/173
f 1195/438/192 1197/440/173 1196/439/173
f 1196/439/173 1197/440/173 1198/441/174
f 1197/440/173 1160/442/174 1198/441/174
f 1198/441/174 1160/442/174 1159/443/175
f 1199/483/1 1201/481/415 1200/482/1
f 1200/482/1 1201/481/415 1202/480/416
f 1201/481/415 1203/310/417 1202/480/416
f 1202/480/416 1203/310/417 1204/322/418
f 1205/491/419 1207/314/201 1206/492/201
f 1207/314/201 1208/321/202 1206/492/201
f 1206/492/201 1208/321/202 1209/493/202
f 1208/321/202 1210/320/204 1209/493/202
f 1209/493/202 1210/320/204 1211/494/203
f 1210/320/204 1212/319/205 1211/494/203
f 1211/494/203 1212/319/205 1213/495/205
f 1213/495/205 1212/319/205 1214/496/206
f 1212/319/205 1215/388/207 1214/496/206
f 1215/388/207 1216/497/208 1214/496/206
f 1214/496/206 1216/497/208 1217/498/209
f 1216/497/208 1218/499/210 1217/498/209
f 1217/498/209 1218/499/210 1219/500/211
f 1218/499/210 1220/501/212 1219/500/211
f 1219/500/211 1220/501/212 1221/502/420
f 1206/492/201 1222/489/211 1205/491/419
f 1205/491/419 1222/489/211 1223/322/421
f 1223/322/421 1222/489/211 1224/490/211
f 1222/489/211 1225/488/211 1224/490/211
f 1226/518/67 1227/520/67 1228/519/67
f 1228/519/67 1227/520/67 1229/521/67
f 1229/521/67 1227/520/67 1230/351/67
f 1227/520/67 1231/522/67 1230/351/67
f 1231/522/67 1232/523/67 1230/351/67
f 1230/351/67 1232/523/67 1233/380/67
f 1232/523/67 1234/524/67 1233/380/67
f 1233/380/67 1234/524/67 1235/385/213
f 1234/524/67 1236/525/422 1235/385/213
f 1236/525/422 1237/526/423 1235/385/213
f 1235/385/213 1237/526/423 1238/527/214
f 1239/512/12 1241/513/424 1240/531/12
f 1240/531/12 1241/513/424 1242/532/425
f 1241/513/424 1243/533/96 1242/532/425
f 1242/532/425 1243/533/96 1244/534/426
f 1243/533/96 1245/535/427 1244/534/426
f 1244/534/426 1245/535/427 1246/536/428
f 1245/535/427 1247/537/429 1246/536/428
f 1246/536/428 1247/537/429 1248/538/429
f 1249/538/8 1251/537/130 1250/541/130
f 1250/541/130 1251/537/130 1252/540/130
f 1251/537/130 1253/539/130 1252/540/130
f 1254/549/190 1255/547/67 1256/548/67
f 1255/547/67 1257/546/189 1256/548/67
f 1256/548/67 1258/550/430 1254/549/190
f 1254/549/190 1258/550/430 1259/551/191
f 1258/550/430 1260/552/191 1259/551/191
f 1259/551/191 1260/552/191 1261/553/173
f 1260/552/191 1262/554/173 1261/553/173
f 1261/553/173 1262/554/173 1263/555/174
f 1262/554/173 1264/556/174 1263/555/174
f 1263/555/174 1264/556/174 1265/557/1
f 1264/556/174 1266/558/1 1265/557/1
f 1265/557/1 1266/558/1 1267/559/176
f 1266/558/1 1268/560/176 1267/559/176
f 1267/559/176 1268/560/176 1269/561/178
f 1268/560/176 1270/562/178 1269/561/178
f 1269/561/178 1270/562/178 1271/563/179
f 1270/562/178 1272/564/179 1271/563/179
f 1271/563/179 1272/564/179 1273/565/180
f 1272/564/179 1274/566/227 1273/565/180
f 1273/565/180 1274/566/227 1275/567/36
f 1274/566/227 1276/568/36 1275/567/36
f 1275/567/36 1276/568/36 1277/569/181
f 1276/568/36 1278/570/181 1277/569/181
f 1277/569/181 1278/570/181 1279/571/182
f 1278/570/181 1280/572/182 1279/571/182
f 1279/571/182 1280/572/182 1281/573/183
f 1280/572/182 1282/574/183 1281/573/183
f 1281/573/183 1282/574/183 1283/575/184
f 1282/574/183 1284/576/184 1283/575/184
f 1283/575/184 1284/576/184 1285/577/4
f 1284/576/184 1286/578/4 1285/577/4
f 1285/577/4 1286/578/4 1287/579/186
f 1286/578/4 1288/580/186 1287/579/186
f 1287/579/186 1288/580/186 1289/581/228
f 1288/580/186 1290/582/187 1289/581/228
f 1255/547/67 1291/545/431 1257/546/189
f 1257/546/189 1291/545/431 1292/544/188
f 1291/545/431 1293/543/188 1292/544/188
f 1292/544/188 1293/543/188 1294/542/228
f 1293/543/188 1295/583/187 1294/542/228
f 1296/877/67 1297/878/432 1298/879/67
f 1298/879/67 1297/878/432 1299/880/432
f 1299/880/432 1297/878/432 1300/881/433
f 1297/878/432 1301/882/433 1300/881/433
f 1300/881/433 1301/882/433 1302/883/434
f 1301/882/433 1303/884/434 1302/883/434
f 1302/883/434 1303/884/434 1304/885/435
f 1303/884/434 1305/886/435 1304/885/435
f 1305/886/435 1306/887/2 1304/885/435
f 1304/885/435 1306/887/2 1307/888/2
f 1306/887/2 1308/889/436 1307/888/2
f 1307/888/2 1308/889/436 1309/890/437
f 1309/890/437 1308/889/436 1310/891/438
f 1308/889/436 1311/892/438 1310/891/438
f 1310/891/438 1311/892/438 1312/893/439
f 1311/892/438 1313/894/439 1312/893/439
f 1312/893/439 1313/894/439 1314/895/440
f 1313/894/439 1315/896/440 1314/895/440
f 1316/897/67 1317/898/441 1318/899/67
f 1318/899/67 1317/898/441 1319/900/441
f 1319/900/441 1317/898/441 1320/901/442
f 1317/898/441 1321/902/442 1320/901/442
f 1320/901/442 1321/902/442 1322/903/443
f 1321/902/442 1323/904/443 1322/903/443
f 1322/903/443 1323/904/443 1324/905/444
f 1323/904/443 1325/906/444 1324/905/444
f 1325/906/444 1326/907/12 1324/905/444
f 1324/905/444 1326/907/12 1327/908/12
f 1327/908/12 1326/907/12 1328/909/445
f 1326/907/12 1329/910/445 1328/909/445
f 1328/909/445 1329/910/445 1330/911/446
f 1329/910/445 1331/912/446 1330/911/446
f 1330/911/446 1331/912/446 1332/913/447
f 1331/912/446 1333/914/447 1332/913/447
f 1332/913/447 1333/914/447 1334/915/448
f 1333/914/447 1335/916/448 1334/915/448
f 1336/917/4 1337/918/4 1338/919/4
f 1338/919/4 1337/918/4 1339/920/4
f 1339/920/4 1337/918/4 1340/921/4
f 1337/918/4 1341/922/4 1340/921/4
f 1340/921/4 1341/922/4 1342/923/4
f 1341/922/4 1343/924/4 1342/923/4
f 1344/925/4 1345/926/4 1346/927/4
f 1345/926/4 1347/928/4 1346/927/4
f 1347/928/4 1340/921/4 1346/927/4
f 1340/921/4 1342/923/4 1346/927/4
f 1346/927/4 1342/923/4 1348/929/4
f 1342/923/4 1349/930/4 1348/929/4
f 1349/930/4 1350/931/4 1348/929/4
f 1348/929/4 1350/931/4 1351/932/4
f 1350/931/4 1352/933/4 1351/932/4
f 1351/932/4 1352/933/4 1353/934/4
f 1349/930/4 1342/923/4 1354/935/4
f 1342/923/4 1343/924/4 1354/935/4
f 1354/935/4 1343/924/4 1355/936/4
f 1343/924/4 1356/937/4 1355/936/4
f 1357/938/449 1358/939/450 1359/940/451
f 1359/940/451 1358/939/450 1360/941/452
f 1358/939/450 1361/942/453 1360/941/452
f 1360/941/452 1361/942/453 1362/943/454
f 1361/942/453 1363/944/455 1362/943/454
f 1362/943/454 1363/944/455 1364/945/456
f 1363/944/455 1365/946/457 1364/945/456
f 1364/945/456 1365/946/457 1366/947/458
f 1365/946/457 1367/948/459 1366/947/458
f 1366/947/458 1367/948/459 1368/949/460
f 1367/948/459 1369/950/461 1368/949/460
f 1368/949/460 1369/950/461 1370/951/462
f 1369/950/461 1371/952/463 1370/951/462
f 1370/951/462 1371/952/463 1372/953/464
f 1371/952/463 1373/954/465 1372/953/464
f 1372/953/464 1373/954/465 1374/955/466
f 1373/954/465 1375/956/467 1374/955/466
f 1372/953/464 1374/955/466 1376/957/468
f 1374/955/466 1377/958/469 1376/957/468
f 1376/957/468 1377/958/469 1378/959/470
f 1377/958/469 1379/960/471 1378/959/470
f 1378/959/470 1379/960/471 1376/957/468
f 1376/957/468 1379/960/471 1372/953/464
f 1372/953/464 1379/960/471 1370/951/462
f 1379/960/471 1380/961/472 1370/951/462
f 1370/951/462 1380/961/472 1368/949/460
f 1380/961/472 1381/962/473 1368/949/460
f 1368/949/460 1381/962/473 1366/947/458
f 1381/962/473 1382/963/474 1366/947/458
f 1366/947/458 1382/963/474 1364/945/456
f 1382/963/474 1383/964/475 1364/945/456
f 1364/945/456 1383/964/475 1362/943/454
f 1383/964/475 1384/965/476 1362/943/454
f 1362/943/454 1384/965/476 1360/941/452
f 1384/965/476 1385/966/477 1360/941/452
f 1360/941/452 1385/966/477 1359/940/451
f 1385/966/477 1386/967/478 1359/940/451
f 1359/940/451 1386/967/478 1387/968/479
f 1387/968/479 1386/967/478 1388/969/480
f 1386/967/478 1389/970/481 1388/969/480
f 1388/969/480 1389/970/481 1390/971/482
f 1359/940/451 1387/968/479 1357/938/449
f 1389/970/481 1386/967/478 1391/972/483
f 1386/967/478 1385/966/477 1391/972/483
f 1391/972/483 1385/966/477 1392/973/484
f 1385/966/477 1384/965/476 1392/973/484
f 1392/973/484 1384/965/476 1393/974/485
f 1384/965/476 1383/964/475 1393/974/485
f 1393/974/485 1383/964/475 1394/975/486
f 1383/964/475 1382/963/474 1394/975/486
f 1394/975/486 1382/963/474 1395/976/487
f 1382/963/474 1381/962/473 1395/976/487
f 1395/976/487 1381/962/473 1396/977/488
f 1381/962/473 1380/961/472 1396/977/488
f 1396/977/488 1380/961/472 1397/978/489
f 1380/961/472 1379/960/471 1397/978/489
f 1397/978/489 1379/960/471 1398/979/490
f 1379/960/471 1377/958/469 1398/979/490
f 1398/979/490 1377/958/469 1399/980/491
f 1377/958/469 1400/981/492 1399/980/491
f 1401/982/493 1402/983/494 1403/984/495
f 1402/983/494 1404/985/435 1403/984/495
f 1404/985/435 1405/986/435 1403/984/495
f 1405/986/435 1406/987/496 1403/984/495
f 1403/984/495 1406/987/496 1407/988/497
f 1407/988/497 1406/987/496 1408/989/498
f 1406/987/496 1409/990/499 1408/989/498
f 1408/989/498 1409/990/499 1410/991/500
f 1409/990/499 1411/992/501 1410/991/500
f 1410/991/500 1411/992/501 1412/993/502
f 1411/992/501 1413/994/503 1412/993/502
f 1412/993/502 1413/994/503 1414/995/504
f 1413/994/503 1415/996/505 1414/995/504
f 1414/995/504 1415/996/505 1416/997/483
f 1415/996/505 1417/998/506 1416/997/483
f 1416/997/483 1417/998/506 1418/999/507
f 1417/998/506 1419/1000/508 1418/999/507
f 1418/999/507 1419/1000/508 1420/1001/509
f 1420/1001/509 1419/1000/508 1421/1002/510
f 1421/1002/510 1419/1000/508 1422/1003/435
f 1422/1003/435 1419/1000/508 1423/1004/435
f 1419/1000/508 1417/998/506 1423/1004/435
f 1423/1004/435 1417/998/506 1424/1005/511
f 1417/998/506 1415/996/505 1424/1005/511
f 1424/1005/511 1415/996/505 1425/1006/512
f 1415/996/505 1413/994/503 1425/1006/512
f 1425/1006/512 1413/994/503 1426/1007/512
f 1413/994/503 1411/992/501 1426/1007/512
f 1426/1007/512 1411/992/501 1427/1008/435
f 1411/992/501 1409/990/499 1427/1008/435
f 1427/1008/435 1409/990/499 1428/1009/513
f 1409/990/499 1406/987/496 1428/1009/513
f 1406/987/496 1405/986/435 1428/1009/513
f 1428/1009/513 1405/986/435 1429/1010/434
f 1429/1010/434 1405/986/435 1430/1011/434
f 1405/986/435 1404/985/435 1430/1011/434
f 1430/1011/434 1404/985/435 1431/1012/434
f 1431/1012/434 1404/985/435 1432/1013/435
f 1404/985/435 1402/983/494 1432/1013/435
f 1432/1013/435 1402/983/494 1433/1014/436
f 1402/983/494 1434/1015/514 1433/1014/436
f 1433/1014/436 1434/1015/514 1435/1016/515
f 1407/988/497 1401/982/493 1403/984/495
f 1401/982/493 1434/1015/514 1402/983/494
f 1433/1014/436 1436/1017/435 1432/1013/435
f 1436/1017/435 1437/1018/434 1432/1013/435
f 1432/1013/435 1437/1018/434 1431/1012/434
f 1437/1018/434 1438/1019/433 1431/1012/434
f 1431/1012/434 1438/1019/433 1439/1020/433
f 1438/1019/433 1440/1021/516 1439/1020/433
f 1440/1021/516 1441/1022/516 1439/1020/433
f 1439/1020/433 1441/1022/516 1442/1023/433
f 1441/1022/516 1443/1024/516 1442/1023/433
f 1442/1023/433 1443/1024/516 1444/1025/433
f 1443/1024/516 1445/1026/516 1444/1025/433
f 1431/1012/434 1439/1020/433 1430/1011/434
f 1439/1020/433 1442/1023/433 1430/1011/434
f 1430/1011/434 1442/1023/433 1429/1010/434
f 1442/1023/433 1444/1025/433 1429/1010/434
f 1444/1025/433 1446/1027/517 1429/1010/434
f 1429/1010/434 1446/1027/517 1428/1009/513
f 1428/1009/513 1446/1027/517 1427/1008/435
f 1446/1027/517 1447/1028/434 1427/1008/435
f 1427/1008/435 1447/1028/434 1426/1007/512
f 1447/1028/434 1448/1029/434 1426/1007/512
f 1426/1007/512 1448/1029/434 1425/1006/512
f 1448/1029/434 1449/1030/434 1425/1006/512
f 1425/1006/512 1449/1030/434 1424/1005/511
f 1449/1030/434 1450/1031/518 1424/1005/511
f 1424/1005/511 1450/1031/518 1423/1004/435
f 1450/1031/518 1451/1032/434 1423/1004/435
f 1423/1004/435 1451/1032/434 1422/1003/435
f 1422/1003/435 1451/1032/434 1452/1033/434
f 1451/1032/434 1453/1034/433 1452/1033/434
f 1452/1033/434 1453/1034/433 1454/1035/433
f 1453/1034/433 1455/1036/516 1454/1035/433
f 1454/1035/433 1455/1036/516 1456/1037/516
f 1455/1036/516 1453/1034/433 1457/1038/519
f 1457/1038/519 1453/1034/433 1458/1039/520
f 1453/1034/433 1451/1032/434 1458/1039/520
f 1451/1032/434 1450/1031/518 1458/1039/520
f 1458/1039/520 1450/1031/518 1459/1040/433
f 1450/1031/518 1449/1030/434 1459/1040/433
f 1459/1040/433 1449/1030/434 1460/1041/433
f 1449/1030/434 1448/1029/434 1460/1041/433
f 1460/1041/433 1448/1029/434 1461/1042/433
f 1448/1029/434 1447/1028/434 1461/1042/433
f 1461/1042/433 1447/1028/434 1462/1043/520
f 1447/1028/434 1446/1027/517 1462/1043/520
f 1446/1027/517 1444/1025/433 1462/1043/520
f 1444/1025/433 1445/1026/516 1462/1043/520
f 1445/1026/516 1463/1044/521 1462/1043/520
f 1462/1043/520 1463/1044/521 1461/1042/433
f 1463/1044/521 1464/1045/516 1461/1042/433
f 1461/1042/433 1464/1045/516 1460/1041/433
f 1464/1045/516 1465/1046/516 1460/1041/433
f 1460/1041/433 1465/1046/516 1459/1040/433
f 1465/1046/516 1466/1047/516 1459/1040/433
f 1459/1040/433 1466/1047/516 1458/1039/520
f 1466/1047/516 1457/1038/519 1458/1039/520
f 1467/1048/36 1468/1049/36 1469/1050/36
f 1468/1049/36 1470/1051/36 1469/1050/36
f 1471/1052/4 1472/1053/4 1473/1054/4
f 1473/1054/4 1472/1053/4 1474/1055/4
f 1474/1055/4 1472/1053/4 1475/1056/4
f 1472/1053/4 1476/1057/4 1475/1056/4
f 1475/1056/4 1476/1057/4 1477/1058/4
f 1477/1058/4 1476/1057/4 1478/1059/4
f 1476/1057/4 1479/1060/4 1478/1059/4
f 1477/1058/4 1480/1061/4 1475/1056/4
f 1480/1061/4 1481/1062/4 1475/1056/4
f 1481/1062/4 1482/1063/4 1475/1056/4
f 1475/1056/4 1482/1063/4 1483/1064/4
f 1482/1063/4 1484/1065/4 1483/1064/4
f 1480/1061/4 1485/1066/4 1481/1062/4
f 1485/1066/4 1486/1067/4 1481/1062/4
f 1487/1049/522 1488/981/522 1489/1051/523
f 1488/981/522 1490/958/524 1489/1051/523
f 1490/958/524 1491/955/525 1489/1051/523
f 1491/955/525 1492/956/526 1489/1051/523
f 1489/1051/523 1492/956/526 1493/1050/527
f 1492/956/526 1494/1068/528 1493/1050/527
f 1494/1068/528 1495/1069/529 1493/1050/527
f 1493/1050/527 1495/1069/529 1496/1048/530
f 1497/1070/531 1499/1071/532 1498/1072/445
f 1498/1072/445 1499/1071/532 1500/1073/533
f 1499/1071/532 1501/1074/534 1500/1073/533
f 1500/1073/533 1501/1074/534 1502/1075/535
f 1501/1074/534 1503/1076/536 1502/1075/535
f 1502/1075/535 1503/1076/536 1504/1077/537
f 1503/1076/536 1505/1078/538 1504/1077/537
f 1500/1073/533 1506/1079/444 1498/1072/445
f 1498/1072/445 1506/1079/444 1507/1080/444
f 1507/1080/444 1506/1079/444 1508/1081/443
f 1506/1079/444 1509/1082/443 1508/1081/443
f 1508/1081/443 1509/1082/443 1510/1083/442
f 1509/1082/443 1511/1084/442 1510/1083/442
f 1510/1083/442 1511/1084/442 1512/1085/539
f 1512/1085/539 1511/1084/442 1513/1086/539
f 1511/1084/442 1514/1087/442 1513/1086/539
f 1513/1086/539 1514/1087/442 1515/1088/539
f 1514/1087/442 1511/1084/442 1516/1089/443
f 1511/1084/442 1509/1082/443 1516/1089/443
f 1516/1089/443 1509/1082/443 1517/1090/444
f 1509/1082/443 1506/1079/444 1517/1090/444
f 1506/1079/444 1500/1073/533 1517/1090/444
f 1500/1073/533 1502/1075/535 1517/1090/444
f 1517/1090/444 1502/1075/535 1518/1091/444
f 1502/1075/535 1504/1077/537 1518/1091/444
f 1517/1090/444 1518/1091/444 1516/1089/443
f 1518/1091/444 1519/1092/443 1516/1089/443
f 1516/1089/443 1519/1092/443 1514/1087/442
f 1519/1092/443 1520/1093/442 1514/1087/442
f 1514/1087/442 1520/1093/442 1515/1088/539
f 1515/1088/539 1520/1093/442 1521/1094/539
f 1520/1093/442 1522/1095/540 1521/1094/539
f 1521/1094/539 1522/1095/540 1523/1096/541
f 1522/1095/540 1520/1093/442 1524/1097/542
f 1520/1093/442 1519/1092/443 1524/1097/542
f 1524/1097/542 1519/1092/443 1525/1098/543
f 1519/1092/443 1518/1091/444 1525/1098/543
f 1518/1091/444 1504/1077/537 1525/1098/543
f 1525/1098/543 1504/1077/537 1526/1099/544
f 1504/1077/537 1505/1078/538 1526/1099/544
f 1505/1078/538 1527/1100/545 1526/1099/544
f 1526/1099/544 1527/1100/545 1528/1101/546
f 1527/1100/545 1529/1102/547 1528/1101/546
f 1528/1101/546 1530/1103/444 1526/1099/544
f 1526/1099/544 1530/1103/444 1525/1098/543
f 1525/1098/543 1530/1103/444 1524/1097/542
f 1530/1103/444 1531/1104/443 1524/1097/542
f 1524/1097/542 1531/1104/443 1522/1095/540
f 1531/1104/443 1532/1105/442 1522/1095/540
f 1522/1095/540 1532/1105/442 1523/1096/541
f 1523/1096/541 1532/1105/442 1533/1106/539
f 1532/1105/442 1534/1107/442 1533/1106/539
f 1533/1106/539 1534/1107/442 1535/1108/539
f 1534/1107/442 1532/1105/442 1536/1109/443
f 1532/1105/442 1531/1104/443 1536/1109/443
f 1536/1109/443 1531/1104/443 1537/1110/548
f 1531/1104/443 1530/1103/444 1537/1110/548
f 1530/1103/444 1528/1101/546 1537/1110/548
f 1537/1110/548 1528/1101/546 1538/1111/549
f 1528/1101/546 1529/1102/547 1538/1111/549
f 1529/1102/547 1539/1112/550 1538/1111/549
f 1538/1111/549 1539/1112/550 1540/1113/551
f 1539/1112/550 1541/1114/552 1540/1113/551
f 1540/1113/551 1542/1115/548 1538/1111/549
f 1538/1111/549 1542/1115/548 1537/1110/548
f 1537/1110/548 1542/1115/548 1536/1109/443
f 1542/1115/548 1543/1116/443 1536/1109/443
f 1536/1109/443 1543/1116/443 1534/1107/442
f 1543/1116/443 1544/1117/442 1534/1107/442
f 1534/1107/442 1544/1117/442 1535/1108/539
f 1535/1108/539 1544/1117/442 1545/1118/539
f 1544/1117/442 1546/1119/540 1545/1118/539
f 1545/1118/539 1546/1119/540 1547/1120/553
f 1546/1119/540 1544/1117/442 1548/1121/554
f 1544/1117/442 1543/1116/443 1548/1121/554
f 1548/1121/554 1543/1116/443 1549/1122/543
f 1543/1116/443 1542/1115/548 1549/1122/543
f 1542/1115/548 1540/1113/551 1549/1122/543
f 1549/1122/543 1540/1113/551 1550/1123/555
f 1540/1113/551 1541/1114/552 1550/1123/555
f 1541/1114/552 1551/1124/556 1550/1123/555
f 1550/1123/555 1551/1124/556 1552/1125/557
f 1551/1124/556 1553/1126/558 1552/1125/557
f 1553/1126/558 1554/1127/559 1552/1125/557
f 1554/1127/559 1555/1128/444 1552/1125/557
f 1552/1125/557 1555/1128/444 1556/1129/444
f 1555/1128/444 1557/1130/443 1556/1129/444
f 1556/1129/444 1557/1130/443 1548/1121/554
f 1548/1121/554 1557/1130/443 1546/1119/540
f 1557/1130/443 1558/1131/442 1546/1119/540
f 1546/1119/540 1558/1131/442 1547/1120/553
f 1547/1120/553 1558/1131/442 1559/1132/539
f 1558/1131/442 1560/1133/442 1559/1132/539
f 1559/1132/539 1560/1133/442 1561/1134/539
f 1552/1125/557 1556/1129/444 1550/1123/555
f 1550/1123/555 1556/1129/444 1549/1122/543
f 1556/1129/444 1548/1121/554 1549/1122/543
f 1555/1128/444 1562/1135/443 1557/1130/443
f 1557/1130/443 1562/1135/443 1558/1131/442
f 1562/1135/443 1560/1133/442 1558/1131/442
f 1563/1136/560 1564/1137/556 1565/1138/561
f 1564/1137/556 1566/1139/562 1565/1138/561
f 1565/1138/561 1566/1139/562 1357/938/449
f 1357/938/449 1566/1139/562 1358/939/450
f 1566/1139/562 1567/1140/563 1358/939/450
f 1358/939/450 1567/1140/563 1361/942/453
f 1567/1140/563 1568/1141/564 1361/942/453
f 1361/942/453 1568/1141/564 1363/944/455
f 1568/1141/564 1569/1142/565 1363/944/455
f 1363/944/455 1569/1142/565 1365/946/457
f 1569/1142/565 1570/1143/566 1365/946/457
f 1365/946/457 1570/1143/566 1367/948/459
f 1564/1137/556 1571/1144/567 1566/1139/562
f 1566/1139/562 1571/1144/567 1567/1140/563
f 1571/1144/567 1572/1145/568 1567/1140/563
f 1567/1140/563 1572/1145/568 1568/1141/564
f 1572/1145/568 1573/1146/569 1568/1141/564
f 1568/1141/564 1573/1146/569 1569/1142/565
f 1573/1146/569 1574/1147/570 1569/1142/565
f 1569/1142/565 1574/1147/570 1570/1143/566
f 1574/1147/570 1575/1148/571 1570/1143/566
f 1570/1143/566 1575/1148/571 1576/1149/572
f 1575/1148/571 1577/1150/573 1576/1149/572
f 1576/1149/572 1577/1150/573 1578/1151/574
f 1577/1150/573 1579/1152/575 1578/1151/574
f 1579/1152/575 1580/1153/576 1578/1151/574
f 1578/1151/574 1580/1153/576 1371/952/463
f 1371/952/463 1580/1153/576 1373/954/465
f 1580/1153/576 1581/1154/577 1373/954/465
f 1373/954/465 1581/1154/577 1375/956/467
f 1581/1154/577 1582/1155/578 1375/956/467
f 1375/956/467 1582/1155/578 1583/1068/579
f 1582/1155/578 1580/1153/576 1583/1068/579
f 1583/1068/579 1580/1153/576 1584/1156/580
f 1580/1153/576 1579/1152/575 1584/1156/580
f 1570/1143/566 1576/1149/572 1367/948/459
f 1367/948/459 1576/1149/572 1369/950/461
f 1576/1149/572 1578/1151/574 1369/950/461
f 1369/950/461 1578/1151/574 1371/952/463
f 1581/1154/577 1580/1153/576 1582/1155/578
f 1584/1156/580 1585/1157/531 1583/1068/579
f 1585/1157/531 1586/1069/581 1583/1068/579
f 1587/1158/67 1588/1159/67 1589/1160/582
f 1588/1159/67 1590/1161/582 1589/1160/582
f 1589/1160/582 1590/1161/582 1591/1162/583
f 1590/1161/582 1592/1163/583 1591/1162/583
f 1591/1162/583 1592/1163/583 1593/1164/584
f 1592/1163/583 1594/1165/584 1593/1164/584
f 1593/1164/584 1594/1165/584 1595/1166/211
f 1594/1165/584 1596/1167/211 1595/1166/211
f 1595/1166/211 1596/1167/211 1597/1168/202
f 1596/1167/211 1598/1169/585 1597/1168/202
f 1597/1168/202 1598/1169/585 1599/1170/203
f 1598/1169/585 1600/1171/203 1599/1170/203
f 1599/1170/203 1600/1171/203 1601/1172/586
f 1600/1171/203 1602/1173/586 1601/1172/586
f 1602/1173/586 1603/1174/587 1601/1172/586
f 1601/1172/586 1603/1174/587 1604/1175/588
f 1604/1175/588 1603/1174/587 1605/1176/22
f 1603/1174/587 1606/1177/22 1605/1176/22
f 1605/1176/22 1606/1177/22 1607/1178/152
f 1606/1177/22 1608/1179/152 1607/1178/152
f 1607/1178/152 1608/1179/152 1609/1180/154
f 1608/1179/152 1610/1181/154 1609/1180/154
f 1609/1180/154 1610/1181/154 1611/1182/589
f 1610/1181/154 1612/1183/589 1611/1182/589
f 1611/1182/589 1612/1183/589 1613/1184/158
f 1612/1183/589 1614/1185/158 1613/1184/158
f 1613/1184/158 1614/1185/158 1615/1186/160
f 1614/1185/158 1616/1187/160 1615/1186/160
f 1615/1186/160 1616/1187/160 1617/1188/36
f 1616/1187/160 1618/1189/36 1617/1188/36
f 1619/1190/2 1620/1191/2 1621/1192/2
f 1620/1191/2 1622/1193/2 1621/1192/2
f 1621/1192/2 1622/1193/2 1623/1194/2
f 1622/1193/2 1624/1195/2 1623/1194/2
f 1623/1194/2 1624/1195/2 1625/1196/2
f 1624/1195/2 1626/1197/2 1625/1196/2
f 1625/1196/2 1626/1197/2 1627/1198/2
f 1626/1197/2 1628/1199/2 1627/1198/2
f 1627/1198/2 1628/1199/2 1629/1200/2
f 1628/1199/2 1630/1201/2 1629/1200/2
f 1629/1200/2 1630/1201/2 1631/1202/2
f 1630/1201/2 1632/1203/2 1631/1202/2
f 1631/1202/2 1632/1203/2 1633/1204/2
f 1632/1203/2 1634/1205/2 1633/1204/2
f 1634/1205/2 1635/1206/2 1633/1204/2
f 1633/1204/2 1635/1206/2 1636/1207/2
f 1636/1207/2 1635/1206/2 1637/1208/2
f 1635/1206/2 1638/1209/2 1637/1208/2
f 1637/1208/2 1638/1209/2 1639/1210/2
f 1638/1209/2 1640/1211/2 1639/1210/2
f 1639/1210/2 1640/1211/2 1641/1212/2
f 1640/1211/2 1642/1213/2 1641/1212/2
f 1641/1212/2 1642/1213/2 1643/1214/2
f 1642/1213/2 1644/1215/2 1643/1214/2
f 1643/1214/2 1644/1215/2 1645/1216/2
f 1644/1215/2 1646/1217/2 1645/1216/2
f 1645/1216/2 1646/1217/2 1647/1218/2
f 1646/1217/2 1648/1219/2 1647/1218/2
f 1647/1218/2 1648/1219/2 1649/1220/2
f 1648/1219/2 1650/1221/2 1649/1220/2
f 1651/1222/590 1652/1223/590 1653/1224/591
f 1652/1223/590 1654/1225/591 1653/1224/591
f 1653/1224/591 1654/1225/591 1655/1226/592
f 1654/1225/591 1656/1227/592 1655/1226/592
f 1655/1226/592 1656/1227/592 1657/1228/287
f 1656/1227/592 1658/1229/287 1657/1228/287
f 1657/1228/287 1658/1229/287 1659/1230/593
f 1658/1229/287 1660/1231/594 1659/1230/593
f 1659/1230/593 1660/1231/594 1661/1232/595
f 1660/1231/594 1662/1233/595 1661/1232/595
f 1661/1232/595 1662/1233/595 1663/1234/596
f 1662/1233/595 1664/1235/597 1663/1234/596
f 1664/1235/597 1665/1236/598 1663/1234/596
f 1663/1234/596 1665/1236/598 1666/1237/598
f 1666/1237/598 1665/1236/598 1667/1238/80
f 1665/1236/598 1668/1239/599 1667/1238/80
f 1667/1238/80 1668/1239/599 1669/1240/600
f 1668/1239/599 1670/1241/601 1669/1240/600
f 1669/1240/600 1670/1241/601 1671/1242/602
f 1670/1241/601 1672/1243/603 1671/1242/602
f 1671/1242/602 1672/1243/603 1673/1244/604
f 1672/1243/603 1674/1245/605 1673/1244/604
f 1673/1244/604 1674/1245/605 1675/1246/606
f 1674/1245/605 1676/1247/606 1675/1246/606
f 1675/1246/606 1676/1247/606 1677/1248/607
f 1676/1247/606 1678/1249/607 1677/1248/607
f 1677/1248/607 1678/1249/607 1679/1250/67
f 1678/1249/607 1680/1251/67 1679/1250/67
f 1681/1191/12 1682/1190/12 1683/1193/12
f 1682/1190/12 1684/1192/12 1683/1193/12
f 1683/1193/12 1684/1192/12 1685/1195/12
f 1684/1192/12 1686/1194/12 1685/1195/12
f 1685/1195/12 1686/1194/12 1687/1197/12
f 1686/1194/12 1688/1196/12 1687/1197/12
f 1687/1197/12 1688/1196/12 1689/1199/12
f 1688/1196/12 1690/1198/12 1689/1199/12
f 1689/1199/12 1690/1198/12 1691/1201/12
f 1690/1198/12 1692/1200/12 1691/1201/12
f 1691/1201/12 1692/1200/12 1693/1203/12
f 1692/1200/12 1694/1202/12 1693/1203/12
f 1693/1203/12 1694/1202/12 1695/1205/12
f 1694/1202/12 1696/1204/12 1695/1205/12
f 1695/1205/12 1696/1204/12 1697/1206/12
f 1696/1204/12 1698/1207/12 1697/1206/12
f 1697/1206/12 1698/1207/12 1699/1209/12
f 1698/1207/12 1700/1208/12 1699/1209/12
f 1699/1209/12 1700/1208/12 1701/1211/12
f 1700/1208/12 1702/1210/12 1701/1211/12
f 1701/1211/12 1702/1210/12 1703/1213/12
f 1702/1210/12 1704/1212/12 1703/1213/12
f 1703/1213/12 1704/1212/12 1705/1215/12
f 1704/1212/12 1706/1214/12 1705/1215/12
f 1705/1215/12 1706/1214/12 1707/1217/12
f 1706/1214/12 1708/1216/12 1707/1217/12
f 1707/1217/12 1708/1216/12 1709/1219/12
f 1708/1216/12 1710/1218/12 1709/1219/12
f 1709/1219/12 1710/1218/12 1711/1221/12
f 1710/1218/12 1712/1220/12 1711/1221/12
f 1713/1252/608 1714/1253/609 1715/1254/608
f 1715/1254/608 1714/1253/609 1716/1255/609
f 1714/1253/609 1717/1256/355 1716/1255/609
f 1716/1255/609 1717/1256/355 1718/1257/355
f 1717/1256/355 1719/1258/610 1718/1257/355
f 1718/1257/355 1719/1258/610 1720/1259/611
f 1719/1258/610 1721/1260/612 1720/1259/611
f 1720/1259/611 1721/1260/612 1722/1261/612
f 1723/1262/613 1725/1263/614 1724/1264/350
f 1724/1264/350 1725/1263/614 1726/1265/615
f 1725/1263/614 1727/1266/616 1726/1265/615
f 1726/1265/615 1727/1266/616 1728/1267/617
f 1727/1266/616 1729/1268/618 1728/1267/617
f 1728/1267/617 1729/1268/618 1730/1269/619
f 1729/1268/618 1731/1270/620 1730/1269/619
f 1730/1269/619 1731/1270/620 1732/1271/620
f 1733/1260/4 1735/1272/4 1734/1261/4
f 1734/1261/4 1735/1272/4 1736/1273/4
f 1737/1274/12 1739/1275/12 1738/1276/12
f 1738/1276/12 1739/1275/12 1740/1277/12
f 1739/1275/12 1741/1278/12 1740/1277/12
f 1740/1277/12 1741/1278/12 1742/1279/12
f 1741/1278/12 1743/1280/12 1742/1279/12
f 1742/1279/12 1743/1280/12 1744/1281/12
f 1743/1280/12 1745/1282/12 1744/1281/12
f 1744/1281/12 1745/1282/12 1746/1283/12
f 1747/1284/2 1749/1285/2 1748/1286/2
f 1748/1286/2 1749/1285/2 1750/1287/2
f 1749/1285/2 1751/1288/2 1750/1287/2
f 1750/1287/2 1751/1288/2 1752/1289/2
f 1751/1288/2 1753/1290/2 1752/1289/2
f 1752/1289/2 1753/1290/2 1754/1291/2
f 1753/1290/2 1755/1292/2 1754/1291/2
f 1754/1291/2 1755/1292/2 1756/1293/2
f 1757/1294/621 1759/1295/622 1758/1296/621
f 1758/1296/621 1759/1295/622 1760/1297/621
f 1760/1297/621 1759/1295/622 1761/1298/623
f 1761/1298/623 1759/1295/622 1762/1299/624
f 1759/1295/622 1763/1300/624 1762/1299/624
f 1763/1300/624 1764/1301/625 1762/1299/624
f 1762/1299/624 1764/1301/625 1765/1302/625
f 1765/1302/625 1764/1301/625 1766/1303/626
f 1764/1301/625 1767/1304/627 1766/1303/626
f 1767/1304/627 1768/1305/628 1766/1303/626
f 1766/1303/626 1768/1305/628 1769/1306/629
f 1768/1305/628 1770/1307/630 1769/1306/629
f 1771/1308/1 1772/1309/631 1773/1310/1
f 1773/1310/1 1772/1309/631 1774/1311/632
f 1774/1311/632 1772/1309/631 1775/1312/633
f 1772/1309/631 1776/1313/633 1775/1312/633
f 1777/1314/12 1778/1315/12 1779/1316/12
f 1778/1315/12 1780/1317/12 1779/1316/12
f 1780/1317/12 1781/1308/12 1779/1316/12
f 1779/1316/12 1781/1308/12 1782/1310/12
f 1783/1301/2 1785/1300/2 1784/1318/2
f 1785/1300/2 1786/1319/2 1784/1318/2
f 1786/1319/2 1787/1312/2 1784/1318/2
f 1784/1318/2 1787/1312/2 1788/1313/2
f 1789/1320/634 1791/1321/635 1790/1322/636
f 1790/1322/636 1791/1321/635 1792/1323/637
f 1791/1321/635 1793/1324/638 1792/1323/637
f 1790/1322/636 1792/1323/637 1794/1325/429
f 1792/1323/637 1795/1326/639 1794/1325/429
f 1794/1325/429 1795/1326/639 1796/1327/640
f 1795/1326/639 1797/1328/641 1796/1327/640
f 1796/1327/640 1797/1328/641 1798/1329/12
f 1797/1328/641 1799/1330/642 1798/1329/12
f 1798/1329/12 1799/1330/642 1800/1331/643
f 1799/1330/642 1801/1332/644 1800/1331/643
f 1800/1331/643 1801/1332/644 1802/1333/218
f 1801/1332/644 1803/1334/645 1802/1333/218
f 1802/1333/218 1803/1334/645 1804/1335/646
f 1803/1334/645 1805/1336/647 1804/1335/646
f 1804/1335/646 1805/1336/647 1806/1337/648
f 1806/1337/648 1805/1336/647 1807/1338/649
f 1805/1336/647 1808/1339/650 1807/1338/649
f 1807/1338/649 1808/1339/650 1809/1340/651
f 1808/1339/650 1805/1336/647 1810/1341/652
f 1805/1336/647 1803/1334/645 1810/1341/652
f 1810/1341/652 1803/1334/645 1811/1342/653
f 1803/1334/645 1801/1332/644 1811/1342/653
f 1811/1342/653 1801/1332/644 1812/1343/654
f 1801/1332/644 1799/1330/642 1812/1343/654
f 1812/1343/654 1799/1330/642 1813/1344/655
f 1799/1330/642 1797/1328/641 1813/1344/655
f 1813/1344/655 1797/1328/641 1814/1345/656
f 1797/1328/641 1795/1326/639 1814/1345/656
f 1814/1345/656 1795/1326/639 1815/1346/657
f 1795/1326/639 1792/1323/637 1815/1346/657
f 1792/1323/637 1793/1324/638 1815/1346/657
f 1793/1324/638 1816/1347/658 1815/1346/657
f 1815/1346/657 1816/1347/658 1817/1348/659
f 1816/1347/658 1818/1349/660 1817/1348/659
f 1815/1346/657 1817/1348/659 1814/1345/656
f 1817/1348/659 1819/1350/661 1814/1345/656
f 1814/1345/656 1819/1350/661 1813/1344/655
f 1819/1350/661 1820/1351/662 1813/1344/655
f 1813/1344/655 1820/1351/662 1812/1343/654
f 1820/1351/662 1821/1352/663 1812/1343/654
f 1812/1343/654 1821/1352/663 1811/1342/653
f 1821/1352/663 1822/1353/664 1811/1342/653
f 1811/1342/653 1822/1353/664 1810/1341/652
f 1822/1353/664 1823/1354/665 1810/1341/652
f 1810/1341/652 1823/1354/665 1808/1339/650
f 1823/1354/665 1824/1355/666 1808/1339/650
f 1808/1339/650 1824/1355/666 1809/1340/651
f 1809/1340/651 1824/1355/666 1825/1356/667
f 1824/1355/666 1826/1357/668 1825/1356/667
f 1825/1356/667 1826/1357/668 1827/1358/669
f 1826/1357/668 1824/1355/666 1828/1359/3
f 1824/1355/666 1823/1354/665 1828/1359/3
f 1828/1359/3 1823/1354/665 1829/1360/670
f 1823/1354/665 1822/1353/664 1829/1360/670
f 1829/1360/670 1822/1353/664 1830/1361/2
f 1822/1353/664 1821/1352/663 1830/1361/2
f 1830/1361/2 1821/1352/663 1831/1362/671
f 1821/1352/663 1820/1351/662 1831/1362/671
f 1831/1362/671 1820/1351/662 1832/1363/672
f 1820/1351/662 1819/1350/661 1832/1363/672
f 1832/1363/672 1819/1350/661 1833/1364/673
f 1819/1350/661 1817/1348/659 1833/1364/673
f 1817/1348/659 1818/1349/660 1833/1364/673
f 1818/1349/660 1834/1365/674 1833/1364/673
f 1833/1364/673 1834/1365/674 1835/1366/675
f 1834/1365/674 1836/1367/676 1835/1366/675
f 1833/1364/673 1835/1366/675 1832/1363/672
f 1835/1366/675 1837/1368/677 1832/1363/672
f 1832/1363/672 1837/1368/677 1831/1362/671
f 1837/1368/677 1838/1369/678 1831/1362/671
f 1831/1362/671 1838/1369/678 1830/1361/2
f 1838/1369/678 1839/1370/679 1830/1361/2
f 1830/1361/2 1839/1370/679 1829/1360/670
f 1839/1370/679 1840/1371/680 1829/1360/670
f 1829/1360/670 1840/1371/680 1828/1359/3
f 1840/1371/680 1841/1372/681 1828/1359/3
f 1828/1359/3 1841/1372/681 1826/1357/668
f 1841/1372/681 1842/1373/682 1826/1357/668
f 1826/1357/668 1842/1373/682 1827/1358/669
f 1827/1358/669 1842/1373/682 1843/1374/683
f 1842/1373/682 1844/1375/684 1843/1374/683
f 1843/1374/683 1844/1375/684 1845/1376/685
f 1844/1375/684 1842/1373/682 1846/1377/686
f 1842/1373/682 1841/1372/681 1846/1377/686
f 1846/1377/686 1841/1372/681 1847/1378/687
f 1841/1372/681 1840/1371/680 1847/1378/687
f 1847/1378/687 1840/1371/680 1848/1379/688
f 1840/1371/680 1839/1370/679 1848/1379/688
f 1848/1379/688 1839/1370/679 1849/1380/689
f 1839/1370/679 1838/1369/678 1849/1380/689
f 1849/1380/689 1838/1369/678 1850/1381/690
f 1838/1369/678 1837/1368/677 1850/1381/690
f 1850/1381/690 1837/1368/677 1851/1382/691
f 1837/1368/677 1835/1366/675 1851/1382/691
f 1835/1366/675 1836/1367/676 1851/1382/691
f 1836/1367/676 1852/1383/692 1851/1382/691
f 1851/1382/691 1852/1383/692 1853/1384/693
f 1852/1383/692 1854/1385/694 1853/1384/693
f 1854/1385/694 1855/1386/636 1853/1384/693
f 1855/1386/636 1856/1387/695 1853/1384/693
f 1853/1384/693 1856/1387/695 1850/1381/690
f 1850/1381/690 1856/1387/695 1849/1380/689
f 1856/1387/695 1857/1388/696 1849/1380/689
f 1849/1380/689 1857/1388/696 1848/1379/688
f 1857/1388/696 1858/1389/697 1848/1379/688
f 1848/1379/688 1858/1389/697 1847/1378/687
f 1858/1389/697 1859/1390/698 1847/1378/687
f 1847/1378/687 1859/1390/698 1846/1377/686
f 1859/1390/698 1860/1391/699 1846/1377/686
f 1846/1377/686 1860/1391/699 1844/1375/684
f 1860/1391/699 1861/1392/700 1844/1375/684
f 1844/1375/684 1861/1392/700 1845/1376/685
f 1845/1376/685 1861/1392/700 1862/1393/701
f 1861/1392/700 1863/1394/646 1862/1393/701
f 1862/1393/701 1863/1394/646 1864/1395/648
f 1850/1381/690 1851/1382/691 1853/1384/693
f 1863/1394/646 1861/1392/700 1865/1396/218
f 1861/1392/700 1860/1391/699 1865/1396/218
f 1865/1396/218 1860/1391/699 1866/1397/643
f 1860/1391/699 1859/1390/698 1866/1397/643
f 1866/1397/643 1859/1390/698 1867/1398/702
f 1859/1390/698 1858/1389/697 1867/1398/702
f 1867/1398/702 1858/1389/697 1868/1399/703
f 1858/1389/697 1857/1388/696 1868/1399/703
f 1868/1399/703 1857/1388/696 1869/1400/429
f 1857/1388/696 1856/1387/695 1869/1400/429
f 1869/1400/429 1856/1387/695 1855/1386/636
f 1870/1401/704 1872/1402/705 1871/1403/3
f 1871/1403/3 1872/1402/705 1873/1404/706
f 1871/1403/3 1874/1405/707 1870/1401/704
f 1870/1401/704 1874/1405/707 1875/1406/708
f 1874/1405/707 1876/1407/2 1875/1406/708
f 1875/1406/708 1876/1407/2 1877/1408/709
f 1876/1407/2 1878/1409/671 1877/1408/709
f 1877/1408/709 1878/1409/671 1879/1410/710
f 1878/1409/671 1880/1411/711 1879/1410/710
f 1879/1410/710 1880/1411/711 1881/1412/712
f 1880/1411/711 1882/1413/713 1881/1412/712
f 1881/1412/712 1882/1413/713 1883/1414/714
f 1882/1413/713 1884/1415/715 1883/1414/714
f 1883/1414/714 1885/1416/716 1881/1412/712
f 1885/1416/716 1886/1417/717 1881/1412/712
f 1881/1412/712 1886/1417/717 1879/1410/710
f 1886/1417/717 1887/1418/718 1879/1410/710
f 1879/1410/710 1887/1418/718 1877/1408/709
f 1887/1418/718 1888/1419/719 1877/1408/709
f 1877/1408/709 1888/1419/719 1875/1406/708
f 1888/1419/719 1889/1420/720 1875/1406/708
f 1875/1406/708 1889/1420/720 1870/1401/704
f 1889/1420/720 1890/1421/721 1870/1401/704
f 1870/1401/704 1890/1421/721 1872/1402/705
f 1890/1421/721 1891/1422/722 1872/1402/705
f 1872/1402/705 1891/1422/722 1892/1423/723
f 1891/1422/722 1893/1424/724 1892/1423/723
f 1892/1423/723 1893/1424/724 1894/1425/725
f 1894/1425/725 1893/1424/724 1895/1426/726
f 1893/1424/724 1896/1427/727 1895/1426/726
f 1895/1426/726 1896/1427/727 1897/1428/728
f 1886/1417/717 1885/1416/716 1898/1429/729
f 1872/1402/705 1892/1423/723 1873/1404/706
f 1873/1404/706 1892/1423/723 1899/1430/730
f 1892/1423/723 1894/1425/725 1899/1430/730
f 1896/1427/727 1893/1424/724 1900/1431/731
f 1893/1424/724 1891/1422/722 1900/1431/731
f 1900/1431/731 1891/1422/722 1901/1432/732
f 1891/1422/722 1890/1421/721 1901/1432/732
f 1901/1432/732 1890/1421/721 1902/1433/733
f 1890/1421/721 1889/1420/720 1902/1433/733
f 1902/1433/733 1889/1420/720 1903/1434/734
f 1889/1420/720 1888/1419/719 1903/1434/734
f 1903/1434/734 1888/1419/719 1904/1435/735
f 1888/1419/719 1887/1418/718 1904/1435/735
f 1904/1435/735 1887/1418/718 1905/1436/736
f 1887/1418/718 1886/1417/717 1905/1436/736
f 1886/1417/717 1898/1429/729 1905/1436/736
f 1898/1429/729 1906/1437/737 1905/1436/736
f 1905/1436/736 1906/1437/737 1907/1438/738
f 1906/1437/737 1908/1439/739 1907/1438/738
f 1905/1436/736 1907/1438/738 1904/1435/735
f 1907/1438/738 1909/1440/740 1904/1435/735
f 1904/1435/735 1909/1440/740 1903/1434/734
f 1909/1440/740 1910/1441/741 1903/1434/734
f 1903/1434/734 1910/1441/741 1902/1433/733
f 1910/1441/741 1911/1442/12 1902/1433/733
f 1902/1433/733 1911/1442/12 1901/1432/732
f 1911/1442/12 1912/1443/643 1901/1432/732
f 1901/1432/732 1912/1443/643 1900/1431/731
f 1912/1443/643 1913/1444/218 1900/1431/731
f 1900/1431/731 1913/1444/218 1896/1427/727
f 1913/1444/218 1914/1445/742 1896/1427/727
f 1896/1427/727 1914/1445/742 1897/1428/728
f 1897/1428/728 1914/1445/742 1915/1446/648
f 1914/1445/742 1916/1447/743 1915/1446/648
f 1915/1446/648 1916/1447/743 1917/1448/744
f 1916/1447/743 1914/1445/742 1918/1449/745
f 1914/1445/742 1913/1444/218 1918/1449/745
f 1918/1449/745 1913/1444/218 1919/1450/746
f 1913/1444/218 1912/1443/643 1919/1450/746
f 1919/1450/746 1912/1443/643 1920/1451/747
f 1912/1443/643 1911/1442/12 1920/1451/747
f 1920/1451/747 1911/1442/12 1921/1452/748
f 1911/1442/12 1910/1441/741 1921/1452/748
f 1921/1452/748 1910/1441/741 1922/1453/749
f 1910/1441/741 1909/1440/740 1922/1453/749
f 1922/1453/749 1909/1440/740 1923/1454/750
f 1909/1440/740 1907/1438/738 1923/1454/750
f 1907/1438/738 1908/1439/739 1923/1454/750
f 1908/1439/739 1924/1455/751 1923/1454/750
f 1923/1454/750 1924/1455/751 1925/1456/752
f 1924/1455/751 1926/1457/753 1925/1456/752
f 1923/1454/750 1925/1456/752 1922/1453/749
f 1925/1456/752 1927/1458/754 1922/1453/749
f 1922/1453/749 1927/1458/754 1921/1452/748
f 1927/1458/754 1928/1459/755 1921/1452/748
f 1921/1452/748 1928/1459/755 1920/1451/747
f 1928/1459/755 1929/1460/756 1920/1451/747
f 1920/1451/747 1929/1460/756 1919/1450/746
f 1929/1460/756 1930/1461/757 1919/1450/746
f 1919/1450/746 1930/1461/757 1918/1449/745
f 1930/1461/757 1931/1462/758 1918/1449/745
f 1918/1449/745 1931/1462/758 1916/1447/743
f 1931/1462/758 1932/1463/759 1916/1447/743
f 1916/1447/743 1932/1463/759 1917/1448/744
f 1917/1448/744 1932/1463/759 1933/1464/760
f 1932/1463/759 1934/1465/761 1933/1464/760
f 1933/1464/760 1934/1465/761 1935/1466/762
f 1934/1465/761 1936/1467/706 1935/1466/762
f 1935/1466/762 1936/1467/706 1937/1468/730
f 1936/1467/706 1934/1465/761 1938/1469/763
f 1938/1469/763 1934/1465/761 1939/1470/764
f 1934/1465/761 1932/1463/759 1939/1470/764
f 1932/1463/759 1931/1462/758 1939/1470/764
f 1939/1470/764 1931/1462/758 1940/1471/765
f 1931/1462/758 1930/1461/757 1940/1471/765
f 1940/1471/765 1930/1461/757 1941/1472/766
f 1930/1461/757 1929/1460/756 1941/1472/766
f 1941/1472/766 1929/1460/756 1942/1473/767
f 1929/1460/756 1928/1459/755 1942/1473/767
f 1942/1473/767 1928/1459/755 1943/1474/768
f 1928/1459/755 1927/1458/754 1943/1474/768
f 1943/1474/768 1927/1458/754 1944/1475/769
f 1927/1458/754 1925/1456/752 1944/1475/769
f 1925/1456/752 1926/1457/753 1944/1475/769
f 1926/1457/753 1945/1476/770 1944/1475/769
f 1945/1476/770 1946/1477/771 1944/1475/769
f 1944/1475/769 1946/1477/771 1943/1474/768
f 1946/1477/771 1947/1478/672 1943/1474/768
f 1943/1474/768 1947/1478/672 1942/1473/767
f 1947/1478/672 1948/1479/772 1942/1473/767
f 1942/1473/767 1948/1479/772 1941/1472/766
f 1948/1479/772 1949/1480/773 1941/1472/766
f 1941/1472/766 1949/1480/773 1940/1471/765
f 1949/1480/773 1950/1481/707 1940/1471/765
f 1940/1471/765 1950/1481/707 1939/1470/764
f 1950/1481/707 1938/1469/763 1939/1470/764
f 1951/1482/36 1952/1483/36 1953/1484/36
f 1952/1483/36 1954/1485/36 1953/1484/36
f 1955/1484/774 1956/1486/774 1957/1487/774
f 1956/1486/774 1958/1488/774 1957/1487/774
f 1959/1487/67 1960/1489/67 1961/1490/67
f 1960/1489/67 1962/1491/67 1961/1490/67
f 1963/1490/1 1964/1492/1 1965/1482/1
f 1964/1492/1 1966/1493/1 1965/1482/1
f 1967/1490/2 1968/1482/2 1969/1487/2
f 1968/1482/2 1970/1484/2 1969/1487/2
f 1971/1494/56 1972/1495/775 1973/1496/775
f 1973/1496/775 1972/1495/775 1974/1497/59
f 1972/1495/775 1975/1498/59 1974/1497/59
f 1974/1497/59 1975/1498/59 1976/1499/2
f 1975/1498/59 1977/1500/2 1976/1499/2
f 1976/1499/2 1977/1500/2 1978/1501/147
f 1977/1500/2 1979/1502/30 1978/1501/147
f 1978/1501/147 1979/1502/30 1980/1503/32
f 1979/1502/30 1981/1504/32 1980/1503/32
f 1980/1503/32 1981/1504/32 1982/1505/33
f 1981/1504/32 1983/1506/776 1982/1505/33
f 1982/1505/33 1983/1506/776 1984/1507/34
f 1983/1506/776 1985/1508/34 1984/1507/34
f 1984/1507/34 1985/1508/34 1986/1509/4
f 1985/1508/34 1987/1510/4 1986/1509/4
f 1986/1509/4 1987/1510/4 1988/1511/6
f 1987/1510/4 1989/1512/777 1988/1511/6
f 1988/1511/6 1989/1512/777 1990/1513/7
f 1989/1512/777 1991/1514/7 1990/1513/7
f 1990/1513/7 1991/1514/7 1992/1515/131
f 1991/1514/7 1993/1516/778 1992/1515/131
f 1992/1515/131 1993/1516/778 1994/1517/135
f 1993/1516/778 1995/1518/135 1994/1517/135
f 1994/1517/135 1995/1518/135 1996/1519/12
f 1995/1518/135 1997/1520/12 1996/1519/12
f 1996/1519/12 1997/1520/12 1998/1521/272
f 1997/1520/12 1999/1522/272 1998/1521/272
f 1998/1521/272 1999/1522/272 2000/1523/94
f 1999/1522/272 2001/1524/94 2000/1523/94
f 2000/1523/94 2001/1524/94 2002/1525/92
f 2001/1524/94 2003/1526/92 2002/1525/92
f 2002/1525/92 2003/1526/92 2004/1527/90
f 2003/1526/92 2005/1528/90 2004/1527/90
f 2004/1527/90 2005/1528/90 2006/1529/1
f 2005/1528/90 2007/1530/1 2006/1529/1
f 2006/1529/1 2007/1530/1 2008/1531/55
f 2007/1530/1 2009/1532/55 2008/1531/55
f 2008/1531/55 2009/1532/55 2010/1533/779
f 2009/1532/55 2011/1534/779 2010/1533/779
f 1973/1496/775 2012/1535/56 1971/1494/56
f 2013/1536/12 2015/1537/272 2014/1538/272
f 2014/1538/272 2015/1537/272 2016/1539/95
f 2014/1538/272 2017/1540/12 2013/1536/12
f 2013/1536/12 2017/1540/12 2018/1541/9
f 2017/1540/12 2019/1542/135 2018/1541/9
f 2018/1541/9 2019/1542/135 2020/1543/130
f 2019/1542/135 2021/1544/130 2020/1543/130
f 2020/1543/130 2021/1544/130 2022/1545/7
f 2021/1544/130 2023/1546/7 2022/1545/7
f 2022/1545/7 2023/1546/7 2024/1547/777
f 2023/1546/7 2025/1548/777 2024/1547/777
f 2024/1547/777 2025/1548/777 2026/1549/4
f 2025/1548/777 2027/1550/4 2026/1549/4
f 2026/1549/4 2027/1550/4 2028/1551/137
f 2027/1550/4 2029/1552/137 2028/1551/137
f 2028/1551/137 2029/1552/137 2030/1553/33
f 2029/1552/137 2031/1554/33 2030/1553/33
f 2030/1553/33 2031/1554/33 2032/1555/31
f 2031/1554/33 2033/1556/139 2032/1555/31
f 2032/1555/31 2033/1556/139 2034/1557/30
f 2033/1556/139 2035/1558/147 2034/1557/30
f 2034/1557/30 2035/1558/147 2036/1559/2
f 2035/1558/147 2037/1560/2 2036/1559/2
f 2036/1559/2 2037/1560/2 2038/1561/59
f 2037/1560/2 2039/1562/59 2038/1561/59
f 2038/1561/59 2039/1562/59 2040/1563/58
f 2039/1562/59 2041/1564/58 2040/1563/58
f 2015/1537/272 2042/1565/94 2016/1539/95
f 2016/1539/95 2042/1565/94 2043/1566/92
f 2042/1565/94 2044/1567/92 2043/1566/92
f 2043/1566/92 2044/1567/92 2045/1568/91
f 2044/1567/92 2046/1569/91 2045/1568/91
f 2045/1568/91 2046/1569/91 2047/1570/1
f 2046/1569/91 2048/1571/1 2047/1570/1
f 2047/1570/1 2048/1571/1 2049/1572/55
f 2048/1571/1 2050/1573/55 2049/1572/55
f 2049/1572/55 2050/1573/55 2051/1574/56
f 2050/1573/55 2052/1575/56 2051/1574/56
f 2051/1574/56 2052/1575/56 2053/1576/57
f 2052/1575/56 2054/1577/57 2053/1576/57
f 2055/1578/780 2056/1579/781 2057/1580/781
f 2056/1579/781 2058/1581/782 2057/1580/781
f 2057/1580/781 2059/1582/780 2055/1578/780
f 2055/1578/780 2059/1582/780 2060/1583/783
f 2059/1582/780 2061/1584/783 2060/1583/783
f 2060/1583/783 2061/1584/783 2062/1585/784
f 2061/1584/783 2063/1586/784 2062/1585/784
f 2062/1585/784 2063/1586/784 2064/1587/785
f 2063/1586/784 2065/1588/786 2064/1587/785
f 2064/1587/785 2065/1588/786 2066/1589/787
f 2065/1588/786 2067/1590/788 2066/1589/787
f 2066/1589/787 2067/1590/788 2068/1591/789
f 2067/1590/788 2069/1592/790 2068/1591/789
f 2068/1591/789 2069/1592/790 2070/1593/791
f 2069/1592/790 2071/1594/792 2070/1593/791
f 2070/1593/791 2071/1594/792 2072/1595/793
f 2071/1594/792 2073/1596/793 2072/1595/793
f 2072/1595/793 2073/1596/793 2074/1597/794
f 2073/1596/793 2075/1598/794 2074/1597/794
f 2074/1597/794 2075/1598/794 2076/1599/795
f 2075/1598/794 2077/1600/795 2076/1599/795
f 2076/1599/795 2077/1600/795 2078/1601/796
f 2077/1600/795 2079/1602/797 2078/1601/796
f 2078/1601/796 2079/1602/797 2080/1603/798
f 2079/1602/797 2081/1604/798 2080/1603/798
f 2080/1603/798 2081/1604/798 2082/1605/799
f 2081/1604/798 2083/1606/799 2082/1605/799
f 2082/1605/799 2083/1606/799 2084/1607/800
f 2083/1606/799 2085/1608/801 2084/1607/800
f 2084/1607/800 2085/1608/801 2086/1609/802
f 2085/1608/801 2087/1610/802 2086/1609/802
f 2086/1609/802 2087/1610/802 2088/1611/803
f 2087/1610/802 2089/1612/804 2088/1611/803
f 2088/1611/803 2089/1612/804 2090/1613/805
f 2089/1612/804 2091/1614/806 2090/1613/805
f 2090/1613/805 2091/1614/806 2092/1615/807
f 2091/1614/806 2093/1616/807 2092/1615/807
f 2092/1615/807 2093/1616/807 2094/1617/782
f 2093/1616/807 2058/1581/782 2094/1617/782
f 2094/1617/782 2058/1581/782 2056/1579/781
f 2095/1618/808 2097/1619/602 2096/1620/809
f 2096/1620/809 2097/1619/602 2098/1621/810
f 2097/1619/602 2095/1618/808 2099/1622/811
f 2095/1618/808 2100/1623/812 2099/1622/811
f 2099/1622/811 2100/1623/812 2101/1624/812
f 2100/1623/812 2102/1625/813 2101/1624/812
f 2101/1624/812 2102/1625/813 2103/1626/814
f 2102/1625/813 2104/1627/815 2103/1626/814
f 2103/1626/814 2104/1627/815 2105/1628/815
f 2104/1627/815 2106/1629/816 2105/1628/815
f 2105/1628/815 2106/1629/816 2107/1630/816
f 2106/1629/816 2108/1631/817 2107/1630/816
f 2107/1630/816 2108/1631/817 2109/1632/36
f 2108/1631/817 2110/1633/818 2109/1632/36
f 2109/1632/36 2110/1633/818 2111/1634/818
f 2110/1633/818 2112/1635/366 2111/1634/818
f 2111/1634/818 2112/1635/366 2113/1636/366
f 2112/1635/366 2114/1637/819 2113/1636/366
f 2113/1636/366 2114/1637/819 2115/1638/820
f 2114/1637/819 2116/1639/821 2115/1638/820
f 2115/1638/820 2116/1639/821 2117/1640/821
f 2116/1639/821 2118/1641/209 2117/1640/821
f 2117/1640/821 2118/1641/209 2119/1642/209
f 2096/1620/809 2098/1621/810 2120/1643/810
f 2098/1621/810 2121/1644/822 2120/1643/810
f 2120/1643/810 2121/1644/822 2122/1645/67
f 2121/1644/822 2123/1646/420 2122/1645/67
f 2122/1645/67 2123/1646/420 2124/1647/823
f 2124/1647/823 2123/1646/420 2125/1648/212
f 2123/1646/420 2126/1649/211 2125/1648/212
f 2125/1648/212 2126/1649/211 2127/1650/210
f 2126/1649/211 2128/1651/824 2127/1650/210
f 2127/1650/210 2128/1651/824 2129/1652/824
f 2121/1644/822 2130/1653/12 2123/1646/420
f 2131/1654/12 2132/1655/825 2133/1656/12
f 2132/1655/825 2134/1657/12 2133/1656/12
f 2133/1656/12 2134/1657/12 2135/1658/12
f 2135/1658/12 2134/1657/12 2136/1659/12
f 2136/1659/12 2134/1657/12 2137/1660/12
f 2134/1657/12 2138/1661/12 2137/1660/12
f 2137/1660/12 2138/1661/12 2139/1662/12
f 2138/1661/12 2140/1663/12 2139/1662/12
f 2139/1662/12 2140/1663/12 2141/1664/12
f 2140/1663/12 2142/1665/12 2141/1664/12
f 2141/1664/12 2142/1665/12 2143/1666/12
f 2143/1666/12 2142/1665/12 2144/1667/12
f 2142/1665/12 2145/1668/12 2144/1667/12
f 2145/1668/12 2146/1669/12 2144/1667/12
f 2144/1667/12 2146/1669/12 2147/1670/12
f 2147/1670/12 2146/1669/12 2148/1671/12
f 2146/1669/12 2149/1672/12 2148/1671/12
f 2149/1672/12 2150/1673/12 2148/1671/12
f 2150/1673/12 2151/1674/12 2148/1671/12
f 2151/1674/12 2152/1675/12 2148/1671/12
f 2148/1671/12 2152/1675/12 2153/1676/12
f 2152/1675/12 2154/1677/12 2153/1676/12
f 2154/1677/12 2155/1678/12 2153/1676/12
f 2153/1676/12 2155/1678/12 2156/1679/12
f 2155/1678/12 2157/1680/12 2156/1679/12
f 2157/1680/12 2158/1681/12 2156/1679/12
f 2156/1679/12 2158/1681/12 2159/1682/12
f 2159/1682/12 2158/1681/12 2160/1683/12
f 2160/1683/12 2158/1681/12 2161/1684/12
f 2161/1684/12 2158/1681/12 2162/1685/12
f 2158/1681/12 2132/1655/825 2162/1685/12
f 2162/1685/12 2132/1655/825 2131/1654/12
f 2140/1663/12 2138/1661/12 2163/1686/12
f 2163/1686/12 2138/1661/12 2134/1657/12
f 2134/1657/12 2132/1655/825 2164/1687/826
f 2164/1687/826 2132/1655/825 2165/1688/640
f 2132/1655/825 2166/1689/640 2165/1688/640
f 2165/1688/640 2166/1689/640 2167/1690/429
f 2166/1689/640 2168/1691/827 2167/1690/429
f 2167/1690/429 2168/1691/827 2169/1692/828
f 2168/1691/827 2170/1693/636 2169/1692/828
f 2169/1692/828 2170/1693/636 2171/1694/829
f 2170/1693/636 2172/1695/829 2171/1694/829
f 2172/1695/829 2173/1696/830 2171/1694/829
f 2171/1694/829 2173/1696/830 2174/1697/831
f 2173/1696/830 2175/1698/706 2174/1697/831
f 2174/1697/831 2175/1698/706 2176/1699/832
f 2175/1698/706 2177/1700/833 2176/1699/832
f 2176/1699/832 2177/1700/833 2178/1701/3
f 2177/1700/833 2179/1702/707 2178/1701/3
f 2178/1701/3 2179/1702/707 2180/1703/707
f 2179/1702/707 2181/1704/834 2180/1703/707
f 2180/1703/707 2181/1704/834 2182/1705/834
f 2182/1705/834 2181/1704/834 2183/1706/2
f 2183/1706/2 2181/1704/834 2184/1707/2
f 2184/1707/2 2181/1704/834 2185/1708/2
f 2185/1708/2 2181/1704/834 2186/1709/2
f 2186/1709/2 2181/1704/834 2187/1710/2
f 2181/1704/834 2188/1711/2 2187/1710/2
f 2187/1710/2 2188/1711/2 2189/1712/2
f 2188/1711/2 2190/1713/2 2189/1712/2
f 2190/1713/2 2191/1714/2 2189/1712/2
f 2189/1712/2 2191/1714/2 2192/1715/2
f 2191/1714/2 2193/1716/2 2192/1715/2
f 2193/1716/2 2194/1717/2 2192/1715/2
f 2192/1715/2 2194/1717/2 2195/1718/2
f 2194/1717/2 2196/1719/2 2195/1718/2
f 2196/1719/2 2197/1720/2 2195/1718/2
f 2197/1720/2 2198/1721/2 2195/1718/2
f 2198/1721/2 2199/1722/2 2195/1718/2
f 2195/1718/2 2199/1722/2 2200/1723/2
f 2200/1723/2 2199/1722/2 2201/1724/2
f 2199/1722/2 2202/1725/2 2201/1724/2
f 2202/1725/2 2203/1726/2 2201/1724/2
f 2201/1724/2 2203/1726/2 2204/1727/2
f 2204/1727/2 2203/1726/2 2205/1728/2
f 2203/1726/2 2206/1729/2 2205/1728/2
f 2205/1728/2 2206/1729/2 2207/1730/2
f 2207/1730/2 2206/1729/2 2208/1731/145
f 2206/1729/2 2209/1732/2 2208/1731/145
f 2209/1732/2 2210/1733/2 2208/1731/145
f 2210/1733/2 2182/1705/834 2208/1731/145
f 2182/1705/834 2183/1706/2 2208/1731/145
f 2183/1706/2 2211/1734/2 2208/1731/145
f 2211/1734/2 2212/1735/2 2208/1731/145
f 2212/1735/2 2213/1736/2 2208/1731/145
f 2213/1736/2 2214/1737/2 2208/1731/145
f 2208/1731/145 2214/1737/2 2207/1730/2
f 2215/1738/2 2217/1739/2 2216/1740/835
f 2217/1739/2 2218/1741/2 2216/1740/835
f 2218/1741/2 2219/1742/2 2216/1740/835
f 2219/1742/2 2220/1743/2 2216/1740/835
f 2216/1740/835 2220/1743/2 2221/1744/2
f 2220/1743/2 2222/1745/2 2221/1744/2
f 2222/1745/2 2223/1746/2 2221/1744/2
f 2223/1746/2 2224/1747/2 2221/1744/2
f 2224/1747/2 2225/1748/2 2221/1744/2
f 2221/1744/2 2225/1748/2 2226/1749/2
f 2225/1748/2 2227/1750/2 2226/1749/2
f 2227/1750/2 2228/1751/2 2226/1749/2
f 2226/1749/2 2228/1751/2 2229/1752/2
f 2228/1751/2 2230/1753/2 2229/1752/2
f 2229/1752/2 2230/1753/2 2231/1754/2
f 2231/1754/2 2230/1753/2 2232/1755/2
f 2230/1753/2 2233/1756/2 2232/1755/2
f 2233/1756/2 2234/1757/2 2232/1755/2
f 2232/1755/2 2234/1757/2 2235/1758/2
f 2235/1758/2 2234/1757/2 2236/1759/2
f 2236/1759/2 2234/1757/2 2237/1760/2
f 2237/1760/2 2234/1757/2 2238/1761/2
f 2234/1757/2 2239/1762/2 2238/1761/2
f 2239/1762/2 2240/1763/2 2238/1761/2
f 2238/1761/2 2240/1763/2 2241/1764/2
f 2240/1763/2 2242/1765/2 2241/1764/2
f 2241/1764/2 2242/1765/2 2243/1766/2
f 2242/1765/2 2215/1738/2 2243/1766/2
f 2243/1766/2 2215/1738/2 2216/1740/835
f 2238/1761/2 2241/1764/2 2244/1767/2
f 2241/1764/2 2243/1766/2 2245/1768/2
f 2226/1749/2 2246/1769/2 2221/1744/2
f 2246/1769/2 2247/1770/2 2221/1744/2
f 2221/1744/2 2247/1770/2 2216/1740/835
f 2247/1770/2 2248/1771/836 2216/1740/835
f 2216/1740/835 2248/1771/836 2249/1772/837
f 2248/1771/836 2250/1773/838 2249/1772/837
f 2249/1772/837 2250/1773/838 2251/1774/141
f 2250/1773/838 2252/1775/141 2251/1774/141
f 2251/1774/141 2252/1775/141 2253/1776/839
f 2252/1775/141 2254/1777/839 2253/1776/839
f 2253/1776/839 2254/1777/839 2255/1778/840
f 2254/1777/839 2256/1779/840 2255/1778/840
f 2256/1779/840 2257/1780/841 2255/1778/840
f 2255/1778/840 2257/1780/841 2258/1781/841
f 2257/1780/841 2259/1782/646 2258/1781/841
f 2258/1781/841 2259/1782/646 2260/1783/842
f 2259/1782/646 2261/1784/843 2260/1783/842
f 2260/1783/842 2261/1784/843 2262/1785/843
f 2261/1784/843 2263/1786/844 2262/1785/843
f 2262/1785/843 2263/1786/844 2264/1787/844
f 2263/1786/844 2265/1788/845 2264/1787/844
f 2264/1787/844 2265/1788/845 2266/1789/846
f 2265/1788/845 2267/1790/12 2266/1789/846
f 2266/1789/846 2267/1790/12 2268/1791/12
f 2268/1791/12 2267/1790/12 2269/1792/12
f 2269/1792/12 2267/1790/12 2270/1793/12
f 2270/1793/12 2267/1790/12 2271/1794/12
f 2267/1790/12 2272/1795/12 2271/1794/12
f 2271/1794/12 2272/1795/12 2273/1796/12
f 2273/1796/12 2272/1795/12 2274/1797/12
f 2272/1795/12 2275/1798/12 2274/1797/12
f 2275/1798/12 2276/1799/12 2274/1797/12
f 2274/1797/12 2276/1799/12 2277/1800/12
f 2276/1799/12 2278/1801/12 2277/1800/12
f 2277/1800/12 2278/1801/12 2279/1802/12
f 2278/1801/12 2280/1803/12 2279/1802/12
f 2280/1803/12 2281/1804/12 2279/1802/12
f 2279/1802/12 2281/1804/12 2282/1805/12
f 2282/1805/12 2281/1804/12 2283/1806/12
f 2281/1804/12 2284/1807/12 2283/1806/12
f 2284/1807/12 2285/1808/12 2283/1806/12
f 2285/1808/12 2286/1809/12 2283/1806/12
f 2286/1809/12 2287/1810/12 2283/1806/12
f 2283/1806/12 2287/1810/12 2288/1811/12
f 2288/1811/12 2287/1810/12 2289/1812/12
f 2287/1810/12 2290/1813/12 2289/1812/12
f 2289/1812/12 2290/1813/12 2291/1814/12
f 2290/1813/12 2292/1815/12 2291/1814/12
f 2291/1814/12 2292/1815/12 2293/1816/12
f 2293/1816/12 2292/1815/12 2294/1817/12
f 2294/1817/12 2292/1815/12 2295/1818/12
f 2292/1815/12 2266/1789/846 2295/1818/12
f 2295/1818/12 2266/1789/846 2296/1819/12
f 2266/1789/846 2268/1791/12 2296/1819/12
f 2275/1798/12 2272/1795/12 2267/1790/12
f 2287/1810/12 2297/1820/12 2290/1813/12
f 2290/1813/12 2298/1821/12 2292/1815/12
f 2299/1822/847 2301/1823/848 2300/1824/849
f 2301/1823/848 2302/1825/849 2300/1824/849
f 2300/1824/849 2302/1825/849 2303/1826/850
f 2299/1822/847 2304/1827/851 2301/1823/848
f 2301/1823/848 2304/1827/851 2305/1828/851
f 2304/1827/851 2306/1829/852 2305/1828/851
f 2305/1828/851 2306/1829/852 2307/1830/852
f 2307/1830/852 2306/1829/852 2308/1831/853
f 2306/1829/852 2309/1832/853 2308/1831/853
f 2309/1832/853 2310/1833/36 2308/1831/853
f 2308/1831/853 2310/1833/36 2311/1834/36
f 2311/1834/36 2310/1833/36 2312/1835/36
f 2310/1833/36 2313/1836/36 2312/1835/36
f 2312/1835/36 2313/1836/36 2314/1837/36
f 2313/1836/36 2315/1838/36 2314/1837/36
f 2314/1837/36 2315/1838/36 2316/1839/36
f 2315/1838/36 2317/1840/36 2316/1839/36
f 2316/1839/36 2317/1840/36 2318/1841/36
f 2317/1840/36 2319/1842/36 2318/1841/36
f 2302/1825/849 2320/1843/854 2303/1826/850
f 2303/1826/850 2320/1843/854 2321/1844/855
f 2320/1843/854 2322/1845/855 2321/1844/855
f 2321/1844/855 2322/1845/855 2323/1846/856
f 2322/1845/855 2324/1847/857 2323/1846/856
f 2323/1846/856 2324/1847/857 2325/1848/858
f 2324/1847/857 2326/1849/858 2325/1848/858
f 2325/1848/858 2326/1849/858 2327/1850/859
f 2326/1849/858 2328/1851/859 2327/1850/859
f 2327/1850/859 2328/1851/859 2329/1852/860
f 2328/1851/859 2330/1853/860 2329/1852/860
f 2329/1852/860 2330/1853/860 2331/1854/861
f 2330/1853/860 2332/1855/861 2331/1854/861
f 2331/1854/861 2332/1855/861 2333/1856/823
f 2332/1855/861 2334/1857/823 2333/1856/823
f 2333/1856/823 2334/1857/823 2335/1858/862
f 2334/1857/823 2336/1859/862 2335/1858/862
f 2336/1859/862 2337/1860/67 2335/1858/862
f 2335/1858/862 2337/1860/67 2338/1861/67
f 2338/1861/67 2337/1860/67 2339/1862/67
f 2337/1860/67 2340/1863/67 2339/1862/67
f 2339/1862/67 2340/1863/67 2341/1864/67
f 2340/1863/67 2342/1865/67 2341/1864/67
f 2341/1864/67 2342/1865/67 2343/1866/73
f 2342/1865/67 2344/1867/67 2343/1866/73
f 2343/1866/73 2344/1867/67 2345/1868/67
f 2344/1867/67 2346/1869/67 2345/1868/67
f 2347/1696/67 2348/1695/67 2349/1870/67
f 2348/1695/67 2350/1871/67 2349/1870/67
f 2351/1872/36 2352/1873/36 2353/1697/36
f 2352/1873/36 2354/1694/36 2353/1697/36
f 2355/1874/823 2356/1875/67 2357/1876/67
f 2357/1876/67 2356/1875/67 2358/1877/810
f 2356/1875/67 2359/1878/810 2358/1877/810
f 2358/1877/810 2359/1878/810 2360/1879/602
f 2359/1878/810 2361/1880/809 2360/1879/602
f 2360/1879/602 2361/1880/809 2362/1881/811
f 2361/1880/809 2363/1882/811 2362/1881/811
f 2362/1881/811 2363/1882/811 2364/1883/812
f 2355/1874/823 2357/1876/67 2365/1884/212
f 2357/1876/67 2366/1885/823 2365/1884/212
f 2366/1885/823 2367/1886/212 2365/1884/212
f 2365/1884/212 2367/1886/212 2368/1887/211
f 2367/1886/212 2369/1888/210 2368/1887/211
f 2368/1887/211 2369/1888/210 2370/1889/824
f 2369/1888/210 2371/1890/824 2370/1889/824
f 2363/1882/811 2372/1891/863 2364/1883/812
f 2364/1883/812 2372/1891/863 2373/1892/813
f 2372/1891/863 2374/1893/814 2373/1892/813
f 2373/1892/813 2374/1893/814 2375/1894/815
f 2374/1893/814 2376/1895/815 2375/1894/815
f 2375/1894/815 2376/1895/815 2377/1896/816
f 2376/1895/815 2378/1897/816 2377/1896/816
f 2377/1896/816 2378/1897/816 2379/1898/817
f 2378/1897/816 2380/1899/817 2379/1898/817
f 2379/1898/817 2380/1899/817 2381/1900/818
f 2380/1899/817 2382/1901/864 2381/1900/818
f 2381/1900/818 2382/1901/864 2383/1902/865
f 2382/1901/864 2384/1903/306 2383/1902/865
f 2383/1902/865 2384/1903/306 2385/1904/820
f 2384/1903/306 2386/1905/820 2385/1904/820
f 2385/1904/820 2386/1905/820 2387/1906/821
f 2386/1905/820 2388/1907/866 2387/1906/821
f 2387/1906/821 2388/1907/866 2389/1908/209
f 2388/1907/866 2390/1909/209 2389/1908/209
f 2391/1910/849 2392/1911/848 2393/1912/867
f 2393/1912/867 2392/1911/848 2394/1913/851
f 2392/1911/848 2395/1914/851 2394/1913/851
f 2395/1914/851 2396/1915/868 2394/1913/851
f 2394/1913/851 2396/1915/868 2397/1916/868
f 2397/1916/868 2396/1915/868 2398/1917/853
f 2396/1915/868 2399/1918/853 2398/1917/853
f 2398/1917/853 2399/1918/853 2400/1919/36
f 2399/1918/853 2401/1920/36 2400/1919/36
f 2401/1920/36 2402/1921/36 2400/1919/36
f 2400/1919/36 2402/1921/36 2403/1922/36
f 2402/1921/36 2404/1923/36 2403/1922/36
f 2403/1922/36 2404/1923/36 2405/1924/36
f 2404/1923/36 2406/1925/36 2405/1924/36
f 2405/1924/36 2406/1925/36 2407/1926/36
f 2406/1925/36 2408/1927/36 2407/1926/36
f 2407/1926/36 2408/1927/36 2409/1928/36
f 2392/1911/848 2391/1910/849 2410/1929/849
f 2391/1910/849 2411/1930/850 2410/1929/849
f 2410/1929/849 2411/1930/850 2412/1931/854
f 2411/1930/850 2413/1932/855 2412/1931/854
f 2412/1931/854 2413/1932/855 2414/1933/855
f 2413/1932/855 2415/1934/856 2414/1933/855
f 2414/1933/855 2415/1934/856 2416/1935/857
f 2415/1934/856 2417/1936/869 2416/1935/857
f 2416/1935/857 2417/1936/869 2418/1937/869
f 2417/1936/869 2419/1938/859 2418/1937/869
f 2418/1937/869 2419/1938/859 2420/1939/859
f 2419/1938/859 2421/1940/870 2420/1939/859
f 2420/1939/859 2421/1940/870 2422/1941/871
f 2421/1940/870 2423/1942/861 2422/1941/871
f 2422/1941/871 2423/1942/861 2424/1943/861
f 2423/1942/861 2425/1944/823 2424/1943/861
f 2424/1943/861 2425/1944/823 2426/1945/823
f 2425/1944/823 2427/1946/862 2426/1945/823
f 2426/1945/823 2427/1946/862 2428/1947/862
f 2428/1947/862 2427/1946/862 2429/1948/67
f 2427/1946/862 2430/1949/67 2429/1948/67
f 2430/1949/67 2431/1950/67 2429/1948/67
f 2429/1948/67 2431/1950/67 2432/1951/67
f 2431/1950/67 2433/1952/67 2432/1951/67
f 2432/1951/67 2433/1952/67 2434/1953/67
f 2433/1952/67 2435/1954/67 2434/1953/67
f 2434/1953/67 2435/1954/67 2436/1955/67
f 2435/1954/67 2437/1956/67 2436/1955/67
f 2436/1955/67 2437/1956/67 2438/1957/67
f 2439/1958/872 2441/1959/873 2440/1960/874
f 2440/1960/874 2441/1959/873 2442/1961/12
f 2440/1960/874 2443/1962/872 2439/1958/872
f 2439/1958/872 2443/1962/872 2444/1963/377
f 2443/1962/872 2445/1964/158 2444/1963/377
f 2444/1963/377 2445/1964/158 2446/1965/875
f 2445/1964/158 2447/1966/875 2446/1965/875
f 2446/1965/875 2447/1966/875 2448/1967/876
f 2447/1966/875 2449/1968/877 2448/1967/876
f 2448/1967/876 2449/1968/877 2450/1969/2
f 2449/1968/877 2451/1970/2 2450/1969/2
f 2450/1969/2 2451/1970/2 2452/1971/878
f 2451/1970/2 2453/1972/879 2452/1971/878
f 2452/1971/878 2453/1972/879 2454/1973/880
f 2453/1972/879 2455/1974/880 2454/1973/880
f 2454/1973/880 2455/1974/880 2456/1975/881
f 2455/1974/880 2457/1976/606 2456/1975/881
f 2456/1975/881 2457/1976/606 2458/1977/882
f 2457/1976/606 2459/1978/883 2458/1977/882
f 2458/1977/882 2459/1978/883 2460/1979/884
f 2459/1978/883 2461/1980/885 2460/1979/884
f 2462/1981/886 2463/1982/886 2464/1983/12
f 2463/1982/886 2442/1961/12 2464/1983/12
f 2464/1983/12 2442/1961/12 2441/1959/873
f 2465/1984/204 2467/1985/887 2466/1986/203
f 2466/1986/203 2467/1985/887 2468/1987/204
f 2468/1987/204 2467/1985/887 2469/1988/204
f 2469/1988/204 2467/1985/887 2470/1989/888
f 2470/1989/888 2467/1985/887 2471/1990/204
f 2471/1990/204 2467/1985/887 2472/1991/204
f 2472/1991/204 2467/1985/887 2473/1992/204
f 2473/1992/204 2467/1985/887 2474/1993/204
f 2474/1993/204 2467/1985/887 2475/1994/204
f 2475/1994/204 2467/1985/887 2476/1995/889
f 2476/1995/889 2467/1985/887 2477/1996/204
f 2467/1985/887 2465/1984/204 2477/1996/204
f 2478/1997/118 2479/1998/118 2480/1999/890
f 2479/1998/118 2481/2000/890 2480/1999/890
f 2480/1999/890 2481/2000/890 2482/2001/891
f 2481/2000/890 2483/2002/891 2482/2001/891
f 2482/2001/891 2483/2002/891 2484/2003/36
f 2483/2002/891 2485/2004/36 2484/2003/36
f 2484/2003/36 2485/2004/36 2486/2005/892
f 2485/2004/36 2487/2006/892 2486/2005/892
f 2486/2005/892 2487/2006/892 2488/2007/893
f 2487/2006/892 2489/2008/893 2488/2007/893
f 2488/2007/893 2489/2008/893 2490/2009/242
f 2489/2008/893 2491/2010/242 2490/2009/242
f 2492/2011/2 2493/2012/2 2494/2013/2
f 2493/2012/2 2495/2014/2 2494/2013/2
f 2496/2015/894 2497/2016/894 2498/2017/895
f 2497/2016/894 2499/2018/895 2498/2017/895
f 2498/2017/895 2499/2018/895 2500/2019/896
f 2499/2018/895 2501/2020/896 2500/2019/896
f 2500/2019/896 2501/2020/896 2502/2021/67
f 2501/2020/896 2503/2022/67 2502/2021/67
f 2502/2021/67 2503/2022/67 2504/2023/897
f 2503/2022/67 2505/2024/897 2504/2023/897
f 2504/2023/897 2505/2024/897 2506/2025/898
f 2505/2024/897 2507/2026/898 2506/2025/898
f 2506/2025/898 2507/2026/898 2508/2027/899
f 2507/2026/898 2509/2028/899 2508/2027/899
f 2510/2029/12 2511/2030/12 2512/2031/12
f 2511/2030/12 2513/2032/12 2512/2031/12
f 2514/2033/1 2515/2034/1 2516/2029/1
f 2515/2034/1 2517/2030/1 2516/2029/1
f 2514/2033/1 2518/2035/1 2515/2034/1
f 2518/2035/1 2519/2036/1 2515/2034/1
f 2519/2036/1 2520/2037/1 2515/2034/1
f 2520/2037/1 2521/2038/1 2515/2034/1
f 2521/2038/1 2522/2012/1 2515/2034/1
f 2522/2012/1 2523/2011/1 2515/2034/1
f 2523/2011/1 2524/2039/1 2515/2034/1
f 2524/2039/1 2525/2040/1 2515/2034/1
f 2525/2040/1 2526/2041/1 2515/2034/1
f 2526/2041/1 2527/2042/1 2515/2034/1
f 2527/2042/1 2528/2043/1 2515/2034/1
f 2515/2034/1 2528/2043/1 2517/2030/1
f 2529/2044/900 2531/2045/442 2530/2046/442
f 2530/2046/442 2531/2045/442 2532/2047/901
f 2530/2046/442 2533/2048/902 2529/2044/900
f 2529/2044/900 2533/2048/902 2534/2049/903
f 2533/2048/902 2535/2050/903 2534/2049/903
f 2534/2049/903 2535/2050/903 2536/2051/542
f 2535/2050/903 2537/2052/542 2536/2051/542
f 2536/2051/542 2537/2052/542 2538/2053/904
f 2537/2052/542 2539/2054/904 2538/2053/904
f 2538/2053/904 2539/2054/904 2540/2055/905
f 2539/2054/904 2541/2056/905 2540/2055/905
f 2540/2055/905 2541/2056/905 2542/2057/906
f 2541/2056/905 2543/2058/127 2542/2057/906
f 2542/2057/906 2543/2058/127 2544/2059/907
f 2543/2058/127 2545/2060/907 2544/2059/907
f 2544/2059/907 2545/2060/907 2546/2061/908
f 2545/2060/907 2547/2062/909 2546/2061/908
f 2546/2061/908 2547/2062/909 2548/2063/446
f 2547/2062/909 2549/2064/446 2548/2063/446
f 2548/2063/446 2549/2064/446 2550/2065/910
f 2549/2064/446 2551/2066/911 2550/2065/910
f 2550/2065/910 2551/2066/911 2552/2067/912
f 2551/2066/911 2553/2068/912 2552/2067/912
f 2552/2067/912 2553/2068/912 2554/2069/913
f 2554/2069/913 2553/2068/912 2555/2070/914
f 2553/2068/912 2556/2071/914 2555/2070/914
f 2557/2072/915 2558/2073/916 2559/2074/906
f 2558/2073/916 2560/2075/127 2559/2074/906
f 2559/2074/906 2560/2075/127 2561/2076/917
f 2560/2075/127 2562/2077/918 2561/2076/917
f 2561/2076/917 2563/2078/127 2559/2074/906
f 2564/2079/919 2566/2080/920 2565/2081/921
f 2566/2080/920 2567/2082/922 2565/2081/921
f 2565/2081/921 2567/2082/922 2568/2083/923
f 2567/2082/922 2569/2084/923 2568/2083/923
f 2568/2083/923 2569/2084/923 2570/2085/890
f 2569/2084/923 2571/2086/924 2570/2085/890
f 2570/2085/890 2571/2086/924 2572/2087/925
f 2571/2086/924 2573/2088/891 2572/2087/925
f 2572/2087/925 2573/2088/891 2574/2089/36
f 2573/2088/891 2575/2090/36 2574/2089/36
f 2574/2089/36 2575/2090/36 2576/2091/892
f 2575/2090/36 2577/2092/892 2576/2091/892
f 2576/2091/892 2577/2092/892 2578/2093/893
f 2577/2092/892 2579/2094/893 2578/2093/893
f 2578/2093/893 2579/2094/893 2580/2095/926
f 2579/2094/893 2581/2096/926 2580/2095/926
f 2580/2095/926 2581/2096/926 2582/2097/927
f 2581/2096/926 2583/2098/927 2582/2097/927
f 2582/2097/927 2583/2098/927 2584/2099/928
f 2583/2098/927 2585/2100/928 2584/2099/928
f 2584/2099/928 2585/2100/928 2586/2101/2
f 2585/2100/928 2587/2102/2 2586/2101/2
f 2587/2102/2 2588/2103/2 2586/2101/2
f 2586/2101/2 2588/2103/2 2589/2104/2
f 2588/2103/2 2590/2105/2 2589/2104/2
f 2591/2106/929 2592/2107/930 2593/2108/929
f 2592/2107/930 2594/2109/930 2593/2108/929
f 2593/2108/929 2594/2109/930 2595/2110/931
f 2592/2107/930 2596/2111/932 2594/2109/930
f 2594/2109/930 2596/2111/932 2597/2112/932
f 2597/2112/932 2596/2111/932 2598/2113/438
f 2596/2111/932 2599/2114/438 2598/2113/438
f 2598/2113/438 2599/2114/438 2600/2115/933
f 2599/2114/438 2601/2116/933 2600/2115/933
f 2600/2115/933 2601/2116/933 2602/2117/934
f 2601/2116/933 2603/2118/934 2602/2117/934
f 2602/2117/934 2603/2118/934 2604/2119/935
f 2603/2118/934 2605/2120/2 2604/2119/935
f 2604/2119/935 2605/2120/2 2606/2121/936
f 2605/2120/2 2607/2122/936 2606/2121/936
f 2606/2121/936 2607/2122/936 2608/2123/937
f 2607/2122/936 2609/2124/937 2608/2123/937
f 2608/2123/937 2609/2124/937 2610/2125/434
f 2609/2124/937 2611/2126/434 2610/2125/434
f 2610/2125/434 2611/2126/434 2612/2127/938
f 2611/2126/434 2613/2128/938 2612/2127/938
f 2612/2127/938 2613/2128/938 2614/2129/939
f 2613/2128/938 2615/2130/939 2614/2129/939
f 2614/2129/939 2615/2130/939 2616/2131/433
f 2615/2130/939 2617/2132/433 2616/2131/433
f 2616/2131/433 2617/2132/433 2618/2133/940
f 2617/2132/433 2619/2134/940 2618/2133/940
f 2618/2133/940 2619/2134/940 2620/2135/941
f 2619/2134/940 2621/2136/941 2620/2135/941
f 2620/2135/941 2621/2136/941 2622/2137/67
f 2621/2136/941 2623/2138/67 2622/2137/67
f 2624/2139/67 2625/2140/67 2626/2141/942
f 2625/2140/67 2627/2142/942 2626/2141/942
f 2626/2141/942 2627/2142/942 2628/2143/901
f 2627/2142/942 2532/2047/901 2628/2143/901
f 2628/2143/901 2532/2047/901 2531/2045/442
f 2629/2144/943 2631/2145/944 2630/2146/52
f 2631/2145/944 2632/2147/55 2630/2146/52
f 2632/2147/55 2633/2148/945 2630/2146/52
f 2633/2148/945 2634/2149/1 2630/2146/52
f 2634/2149/1 2635/2150/1 2630/2146/52
f 2630/2146/52 2635/2150/1 2636/2151/1
f 2635/2150/1 2637/2152/1 2636/2151/1
f 2636/2151/1 2637/2152/1 2638/2153/1
f 2637/2152/1 2639/2154/1 2638/2153/1
f 2638/2153/1 2639/2154/1 2640/2155/1
f 2636/2151/1 2629/2144/943 2630/2146/52
f 2639/2154/1 2637/2152/1 2641/2156/1
f 2637/2152/1 2635/2150/1 2641/2156/1
f 2641/2156/1 2642/2157/1 2639/2154/1
f 2642/2157/1 2643/2158/1 2639/2154/1
f 2643/2158/1 2644/2159/1 2639/2154/1
f 2644/2159/1 2645/2160/1 2639/2154/1
f 2645/2160/1 2646/2161/1 2639/2154/1
f 2646/2161/1 2647/2162/1 2639/2154/1
f 2647/2162/1 2648/2163/1 2639/2154/1
f 2648/2163/1 2649/2164/1 2639/2154/1
f 2649/2164/1 2650/2165/1 2639/2154/1
f 2639/2154/1 2650/2165/1 2651/2166/1
f 2650/2165/1 2652/2167/1 2651/2166/1
f 2652/2167/1 2653/2168/1 2651/2166/1
f 2653/2168/1 2654/2169/1 2651/2166/1
f 2654/2169/1 2655/2170/1 2651/2166/1
f 2655/2170/1 2656/2171/1 2651/2166/1
f 2651/2166/1 2656/2171/1 2657/2172/1
f 2657/2172/1 2656/2171/1 2658/2173/1
f 2656/2171/1 2659/2174/1 2658/2173/1
f 2657/2172/1 2660/2175/1 2651/2166/1
f 2651/2166/1 2660/2175/1 2661/2176/1
f 2660/2175/1 2662/2177/1 2661/2176/1
f 2662/2177/1 2663/2178/1 2661/2176/1
f 2663/2178/1 2664/2179/1 2661/2176/1
f 2661/2176/1 2664/2179/1 2665/2180/1
f 2664/2179/1 2666/2181/1 2665/2180/1
f 2666/2181/1 2667/2182/1 2665/2180/1
f 2667/2182/1 2668/2183/1 2665/2180/1
f 2668/2183/1 2669/2184/1 2665/2180/1
f 2665/2180/1 2669/2184/1 2670/2185/1
f 2669/2184/1 2671/2186/1 2670/2185/1
f 2671/2186/1 2672/2187/1 2670/2185/1
f 2672/2187/1 2673/2188/1 2670/2185/1
f 2670/2185/1 2673/2188/1 2634/2149/1
f 2673/2188/1 2674/2189/1 2634/2149/1
f 2674/2189/1 2675/2190/1 2634/2149/1
f 2675/2190/1 2676/2191/1 2634/2149/1
f 2676/2191/1 2677/2192/1 2634/2149/1
f 2677/2192/1 2678/2193/1 2634/2149/1
f 2678/2193/1 2679/2194/1 2634/2149/1
f 2679/2194/1 2680/2195/1 2634/2149/1
f 2680/2195/1 2681/2196/1 2634/2149/1
f 2681/2196/1 2682/2197/1 2634/2149/1
f 2634/2149/1 2682/2197/1 2635/2150/1
f 2682/2197/1 2683/2198/1 2635/2150/1
f 2683/2198/1 2684/2199/1 2635/2150/1
f 2684/2199/1 2685/2200/1 2635/2150/1
f 2685/2200/1 2686/2201/1 2635/2150/1
f 2686/2201/1 2687/2202/1 2635/2150/1
f 2687/2202/1 2688/2203/1 2635/2150/1
f 2688/2203/1 2689/2204/1 2635/2150/1
f 2689/2204/1 2690/2205/1 2635/2150/1
f 2635/2150/1 2690/2205/1 2641/2156/1
f 2631/2145/944 2691/2206/946 2632/2147/55
f 2632/2147/55 2691/2206/946 2692/2207/56
f 2691/2206/946 2693/2208/947 2692/2207/56
f 2692/2207/56 2693/2208/947 2694/2209/775
f 2693/2208/947 2695/2210/948 2694/2209/775
f 2633/2148/945 2696/2211/945 2634/2149/1
f 2696/2211/945 2670/2185/1 2634/2149/1
f 2696/2211/945 2633/2148/945 2697/2212/949
f 2633/2148/945 2632/2147/55 2697/2212/949
f 2632/2147/55 2692/2207/56 2697/2212/949
f 2697/2212/949 2692/2207/56 2698/2213/56
f 2692/2207/56 2694/2209/775 2698/2213/56
f 2698/2213/56 2699/2214/949 2697/2212/949
f 2697/2212/949 2699/2214/949 2696/2211/945
f 2699/2214/949 2700/2215/950 2696/2211/945
f 2700/2215/950 2701/2216/1 2696/2211/945
f 2696/2211/945 2701/2216/1 2670/2185/1
f 2701/2216/1 2702/2217/1 2670/2185/1
f 2670/2185/1 2702/2217/1 2665/2180/1
f 2702/2217/1 2703/2218/1 2665/2180/1
f 2665/2180/1 2703/2218/1 2661/2176/1
f 2703/2218/1 2704/2219/951 2661/2176/1
f 2661/2176/1 2704/2219/951 2705/2220/951
f 2705/2220/951 2704/2219/951 2706/2221/952
f 2704/2219/951 2707/2222/952 2706/2221/952
f 2706/2221/952 2707/2222/952 2708/2223/953
f 2703/2218/1 2709/2224/951 2704/2219/951
f 2704/2219/951 2709/2224/951 2707/2222/952
f 2661/2176/1 2705/2220/951 2651/2166/1
f 2705/2220/951 2710/2225/951 2651/2166/1
f 2651/2166/1 2710/2225/951 2639/2154/1
f 2639/2154/1 2710/2225/951 2640/2155/1
f 2640/2155/1 2710/2225/951 2711/2226/954
f 2710/2225/951 2712/2227/955 2711/2226/954
f 2711/2226/954 2712/2227/955 2713/2228/956
f 2712/2227/955 2714/2229/957 2713/2228/956
f 2713/2228/956 2714/2229/957 2715/2230/958
f 2714/2229/957 2716/2231/427 2715/2230/958
f 2715/2230/958 2716/2231/427 2717/2232/959
f 2716/2231/427 2718/2233/272 2717/2232/959
f 2717/2232/959 2718/2233/272 2719/2234/640
f 2718/2233/272 2720/2235/97 2719/2234/640
f 2719/2234/640 2720/2235/97 2721/2236/960
f 2721/2236/960 2720/2235/97 2722/2237/12
f 2720/2235/97 2723/2238/12 2722/2237/12
f 2722/2237/12 2723/2238/12 2724/2239/12
f 2723/2238/12 2725/2240/12 2724/2239/12
f 2724/2239/12 2725/2240/12 2726/2241/12
f 2726/2241/12 2725/2240/12 2727/2242/12
f 2725/2240/12 2728/2243/12 2727/2242/12
f 2727/2242/12 2728/2243/12 2729/2244/12
f 2725/2240/12 2723/2238/12 2728/2243/12
f 2728/2243/12 2723/2238/12 2730/2245/12
f 2723/2238/12 2720/2235/97 2730/2245/12
f 2730/2245/12 2720/2235/97 2731/2246/961
f 2720/2235/97 2718/2233/272 2731/2246/961
f 2731/2246/961 2718/2233/272 2732/2247/962
f 2718/2233/272 2716/2231/427 2732/2247/962
f 2732/2247/962 2716/2231/427 2733/2248/963
f 2716/2231/427 2714/2229/957 2733/2248/963
f 2733/2248/963 2734/2249/964 2732/2247/962
f 2732/2247/962 2734/2249/964 2731/2246/961
f 2734/2249/964 2735/2250/965 2731/2246/961
f 2735/2250/965 2736/2251/97 2731/2246/961
f 2731/2246/961 2736/2251/97 2730/2245/12
f 2736/2251/97 2737/2252/12 2730/2245/12
f 2730/2245/12 2737/2252/12 2728/2243/12
f 2737/2252/12 2738/2253/12 2728/2243/12
f 2728/2243/12 2738/2253/12 2729/2244/12
f 2729/2244/12 2738/2253/12 2739/2254/12
f 2738/2253/12 2740/2255/12 2739/2254/12
f 2739/2254/12 2740/2255/12 2741/2256/12
f 2740/2255/12 2742/2257/12 2741/2256/12
f 2741/2256/12 2742/2257/12 2743/2258/12
f 2740/2255/12 2738/2253/12 2744/2259/12
f 2738/2253/12 2737/2252/12 2744/2259/12
f 2744/2259/12 2737/2252/12 2745/2260/97
f 2737/2252/12 2736/2251/97 2745/2260/97
f 2745/2260/97 2736/2251/97 2746/2261/272
f 2736/2251/97 2735/2250/965 2746/2261/272
f 2746/2261/272 2735/2250/965 2747/2262/966
f 2747/2262/966 2735/2250/965 2748/2263/967
f 2735/2250/965 2734/2249/964 2748/2263/967
f 2748/2263/967 2734/2249/964 2733/2248/963
f 2745/2260/97 2746/2261/272 2749/2264/96
f 2749/2264/96 2746/2261/272 2750/2265/427
f 2746/2261/272 2747/2262/966 2750/2265/427
f 2749/2264/96 2750/2265/427 2751/2266/94
f 2750/2265/427 2752/2267/968 2751/2266/94
f 2751/2266/94 2752/2267/968 2708/2223/953
f 2708/2223/953 2752/2267/968 2706/2221/952
f 2752/2267/968 2753/2268/952 2706/2221/952
f 2706/2221/952 2753/2268/952 2705/2220/951
f 2705/2220/951 2753/2268/952 2710/2225/951
f 2710/2225/951 2753/2268/952 2712/2227/955
f 2753/2268/952 2754/2269/969 2712/2227/955
f 2712/2227/955 2754/2269/969 2714/2229/957
f 2714/2229/957 2754/2269/969 2733/2248/963
f 2733/2248/963 2754/2269/969 2748/2263/967
f 2754/2269/969 2755/2270/970 2748/2263/967
f 2748/2263/967 2755/2270/970 2747/2262/966
f 2755/2270/970 2756/2271/971 2747/2262/966
f 2747/2262/966 2756/2271/971 2750/2265/427
f 2750/2265/427 2756/2271/971 2752/2267/968
f 2752/2267/968 2756/2271/971 2753/2268/952
f 2753/2268/952 2756/2271/971 2754/2269/969
f 2756/2271/971 2755/2270/970 2754/2269/969
f 2700/2215/950 2699/2214/949 2757/2272/280
f 2699/2214/949 2758/2273/281 2757/2272/280
f 2757/2272/280 2758/2273/281 2759/2274/281
f 2759/2274/281 2758/2273/281 2760/2275/972
f 2760/2275/972 2758/2273/281 2761/2276/972
f 2758/2273/281 2698/2213/56 2761/2276/972
f 2698/2213/56 2694/2209/775 2761/2276/972
f 2761/2276/972 2694/2209/775 2762/2277/221
f 2694/2209/775 2695/2210/948 2762/2277/221
f 2695/2210/948 2763/2278/973 2762/2277/221
f 2762/2277/221 2763/2278/973 2764/2279/60
f 2764/2279/60 2763/2278/973 2765/2280/145
f 2763/2278/973 2766/2281/2 2765/2280/145
f 2766/2281/2 2767/2282/2 2765/2280/145
f 2765/2280/145 2767/2282/2 2768/2283/2
f 2767/2282/2 2769/2284/2 2768/2283/2
f 2769/2284/2 2770/2285/2 2768/2283/2
f 2770/2285/2 2771/2286/2 2768/2283/2
f 2771/2286/2 2772/2287/2 2768/2283/2
f 2768/2283/2 2772/2287/2 2765/2280/145
f 2772/2287/2 2773/2288/2 2765/2280/145
f 2773/2288/2 2774/2289/2 2765/2280/145
f 2774/2289/2 2775/2290/2 2765/2280/145
f 2775/2290/2 2776/2291/2 2765/2280/145
f 2776/2291/2 2777/2292/2 2765/2280/145
f 2765/2280/145 2777/2292/2 2778/2293/145
f 2777/2292/2 2779/2294/2 2778/2293/145
f 2779/2294/2 2780/2295/2 2778/2293/145
f 2780/2295/2 2781/2296/2 2778/2293/145
f 2781/2296/2 2782/2297/2 2778/2293/145
f 2778/2293/145 2782/2297/2 2783/2298/2
f 2782/2297/2 2784/2299/2 2783/2298/2
f 2783/2298/2 2784/2299/2 2785/2300/2
f 2784/2299/2 2786/2301/2 2785/2300/2
f 2786/2301/2 2787/2302/2 2785/2300/2
f 2787/2302/2 2788/2303/2 2785/2300/2
f 2788/2303/2 2789/2304/2 2785/2300/2
f 2785/2300/2 2789/2304/2 2770/2285/2
f 2789/2304/2 2790/2305/2 2770/2285/2
f 2790/2305/2 2791/2306/2 2770/2285/2
f 2791/2306/2 2792/2307/2 2770/2285/2
f 2792/2307/2 2793/2308/2 2770/2285/2
f 2770/2285/2 2793/2308/2 2771/2286/2
f 2698/2213/56 2758/2273/281 2699/2214/949
f 2760/2275/972 2794/2309/972 2759/2274/281
f 2785/2300/2 2795/2310/2 2783/2298/2
f 2783/2298/2 2795/2310/2 2796/2311/2
f 2795/2310/2 2797/2312/2 2796/2311/2
f 2797/2312/2 2798/2313/2 2796/2311/2
f 2796/2311/2 2798/2313/2 2799/2314/2
f 2798/2313/2 2800/2315/2 2799/2314/2
f 2799/2314/2 2800/2315/2 2801/2316/60
f 2800/2315/2 2802/2317/60 2801/2316/60
f 2802/2317/60 2803/2318/974 2801/2316/60
f 2801/2316/60 2803/2318/974 2804/2319/221
f 2803/2318/974 2794/2309/972 2804/2319/221
f 2794/2309/972 2760/2275/972 2804/2319/221
f 2804/2319/221 2760/2275/972 2805/2320/221
f 2760/2275/972 2761/2276/972 2805/2320/221
f 2761/2276/972 2762/2277/221 2805/2320/221
f 2805/2320/221 2762/2277/221 2764/2279/60
f 2783/2298/2 2796/2311/2 2778/2293/145
f 2796/2311/2 2799/2314/2 2778/2293/145
f 2778/2293/145 2799/2314/2 2806/2321/60
f 2799/2314/2 2801/2316/60 2806/2321/60
f 2801/2316/60 2804/2319/221 2806/2321/60
f 2804/2319/221 2805/2320/221 2806/2321/60
f 2805/2320/221 2764/2279/60 2806/2321/60
f 2806/2321/60 2764/2279/60 2778/2293/145
f 2764/2279/60 2765/2280/145 2778/2293/145
f 2807/2322/67 2808/2323/67 2809/2324/975
f 2809/2324/975 2808/2323/67 2810/2325/67
f 2808/2323/67 2811/2326/67 2810/2325/67
f 2810/2325/67 2811/2326/67 2812/2327/67
f 2812/2327/67 2811/2326/67 2813/2328/67
f 2813/2328/67 2811/2326/67 2814/2329/67
f 2811/2326/67 2815/2330/67 2814/2329/67
f 2814/2329/67 2815/2330/67 2816/2331/67
f 2815/2330/67 2817/2332/67 2816/2331/67
f 2817/2332/67 2818/2333/67 2816/2331/67
f 2816/2331/67 2818/2333/67 2819/2334/67
f 2812/2327/67 2820/2335/67 2810/2325/67
f 2810/2325/67 2820/2335/67 2821/2336/67
f 2820/2335/67 2822/2337/67 2821/2336/67
f 2821/2336/67 2823/2338/67 2810/2325/67
f 2823/2338/67 2824/2339/67 2810/2325/67
f 2810/2325/67 2824/2339/67 2809/2324/975
f 2824/2339/67 2825/2340/67 2809/2324/975
f 2825/2340/67 2826/2341/67 2809/2324/975
f 2826/2341/67 2827/2342/67 2809/2324/975
f 2827/2342/67 2828/2343/67 2809/2324/975
f 2828/2343/67 2829/2344/67 2809/2324/975
f 2809/2324/975 2829/2344/67 2830/2345/67
f 2829/2344/67 2831/2346/67 2830/2345/67
f 2807/2322/67 2809/2324/975 2830/2345/67
f 2821/2336/67 2822/2337/67 2832/2347/67
f 2822/2337/67 2833/2348/67 2832/2347/67
f 2833/2348/67 2834/2349/67 2832/2347/67
f 2832/2347/67 2834/2349/67 2835/2350/67
f 2836/2351/976 2838/2352/976 2837/2353/810
f 2838/2352/976 2839/2354/810 2837/2353/810
f 2837/2353/810 2839/2354/810 2840/2355/977
f 2839/2354/810 2841/2356/978 2840/2355/977
f 2840/2355/977 2841/2356/978 2842/2357/811
f 2841/2356/978 2843/2358/811 2842/2357/811
f 2842/2357/811 2843/2358/811 2844/2359/979
f 2836/2351/976 2845/2360/980 2838/2352/976
f 2838/2352/976 2845/2360/980 2846/2361/980
f 2846/2361/980 2845/2360/980 2847/2362/212
f 2845/2360/980 2848/2363/212 2847/2362/212
f 2847/2362/212 2848/2363/212 2849/2364/211
f 2848/2363/212 2850/2365/211 2849/2364/211
f 2849/2364/211 2850/2365/211 2851/2366/208
f 2850/2365/211 2852/2367/981 2851/2366/208
f 2851/2366/208 2852/2367/981 2853/2368/982
f 2852/2367/981 2854/2369/207 2853/2368/982
f 2853/2368/982 2854/2369/207 2855/2370/983
f 2854/2369/207 2856/2371/984 2855/2370/983
f 2855/2370/983 2856/2371/984 2857/2372/985
f 2856/2371/984 2858/2373/985 2857/2372/985
f 2857/2372/985 2858/2373/985 2859/2374/366
f 2858/2373/985 2860/2375/366 2859/2374/366
f 2859/2374/366 2860/2375/366 2861/2376/818
f 2860/2375/366 2862/2377/818 2861/2376/818
f 2861/2376/818 2862/2377/818 2863/2378/986
f 2862/2377/818 2864/2379/986 2863/2378/986
f 2843/2358/811 2865/2380/987 2844/2359/979
f 2844/2359/979 2865/2380/987 2866/2381/988
f 2865/2380/987 2867/2382/989 2866/2381/988
f 2866/2381/988 2867/2382/989 2868/2383/814
f 2867/2382/989 2869/2384/814 2868/2383/814
f 2868/2383/814 2869/2384/814 2870/2385/815
f 2869/2384/814 2871/2386/815 2870/2385/815
f 2870/2385/815 2871/2386/815 2872/2387/816
f 2871/2386/815 2873/2388/816 2872/2387/816
f 2872/2387/816 2873/2388/816 2874/2389/990
f 2873/2388/816 2875/2390/991 2874/2389/990
f 2875/2390/991 2876/2391/992 2874/2389/990
f 2874/2389/990 2876/2391/992 2877/2392/992
f 2878/2106/993 2880/2393/994 2879/2107/995
f 2880/2393/994 2881/2394/996 2879/2107/995
f 2879/2107/995 2881/2394/996 2882/2111/997
f 2881/2394/996 2883/2395/997 2882/2111/997
f 2882/2111/997 2883/2395/997 2884/2114/998
f 2883/2395/997 2885/2396/998 2884/2114/998
f 2884/2114/998 2885/2396/998 2886/2116/999
f 2885/2396/998 2887/2397/1000 2886/2116/999
f 2886/2116/999 2887/2397/1000 2888/2118/1001
f 2887/2397/1000 2889/2398/1002 2888/2118/1001
f 2888/2118/1001 2889/2398/1002 2890/2120/1003
f 2889/2398/1002 2891/2399/1003 2890/2120/1003
f 2890/2120/1003 2891/2399/1003 2892/2122/1004
f 2891/2399/1003 2893/2400/1004 2892/2122/1004
f 2892/2122/1004 2893/2400/1004 2894/2124/1005
f 2893/2400/1004 2895/2401/1006 2894/2124/1005
f 2894/2124/1005 2895/2401/1006 2896/2126/1007
f 2895/2401/1006 2897/2402/1008 2896/2126/1007
f 2896/2126/1007 2897/2402/1008 2898/2128/1009
f 2897/2402/1008 2899/2403/1010 2898/2128/1009
f 2898/2128/1009 2899/2403/1010 2900/2130/1011
f 2899/2403/1010 2901/2404/1011 2900/2130/1011
f 2900/2130/1011 2901/2404/1011 2902/2132/1012
f 2901/2404/1011 2903/2405/1012 2902/2132/1012
f 2902/2132/1012 2903/2405/1012 2904/2134/1013
f 2903/2405/1012 2905/2406/1013 2904/2134/1013
f 2904/2134/1013 2905/2406/1013 2906/2136/1014
f 2905/2406/1013 2907/2407/1015 2906/2136/1014
f 2906/2136/1014 2907/2407/1015 2908/2138/1016
f 2907/2407/1015 2909/2408/1017 2908/2138/1016
f 2910/2409/1018 2911/2100/1019 2912/2410/1020
f 2912/2410/1020 2911/2100/1019 2913/2411/1021
f 2911/2100/1019 2914/2098/1021 2913/2411/1021
f 2913/2411/1021 2914/2098/1021 2915/2412/1022
f 2914/2098/1021 2916/2096/1022 2915/2412/1022
f 2915/2412/1022 2916/2096/1022 2917/2413/1023
f 2916/2096/1022 2918/2094/1023 2917/2413/1023
f 2917/2413/1023 2918/2094/1023 2919/2414/1024
f 2918/2094/1023 2920/2092/1024 2919/2414/1024
f 2919/2414/1024 2920/2092/1024 2921/2415/1025
f 2920/2092/1024 2922/2090/1025 2921/2415/1025
f 2921/2415/1025 2922/2090/1025 2923/2416/1026
f 2922/2090/1025 2924/2088/1026 2923/2416/1026
f 2923/2416/1026 2924/2088/1026 2925/2417/1027
f 2924/2088/1026 2926/2086/1027 2925/2417/1027
f 2925/2417/1027 2926/2086/1027 2927/2418/1028
f 2926/2086/1027 2928/2084/1028 2927/2418/1028
f 2927/2418/1028 2928/2084/1028 2929/2419/1029
f 2928/2084/1028 2930/2082/1029 2929/2419/1029
f 2929/2419/1029 2930/2082/1029 2931/2420/1030
f 2930/2082/1029 2932/2080/1031 2931/2420/1030
f 2911/2100/1019 2910/2409/1018 2933/2102/1018
f 2933/2102/1018 2910/2409/1018 2934/2103/1032
f 2910/2409/1018 2935/2421/1033 2934/2103/1032
f 2934/2103/1032 2935/2421/1033 2936/2105/1034
f 2935/2421/1033 2937/2422/1035 2936/2105/1034
f 2936/2105/1034 2937/2422/1035 2938/2423/1036
f 2939/2424/1037 2941/2072/1038 2940/2425/1039
f 2941/2072/1038 2942/2074/1040 2940/2425/1039
f 2940/2425/1039 2942/2074/1040 2943/2426/1041
f 2942/2074/1040 2944/2078/1042 2943/2426/1041
f 2944/2078/1042 2945/2076/1043 2943/2426/1041
f 2943/2426/1041 2945/2076/1043 2946/2427/1044
f 2945/2076/1043 2947/2428/1045 2946/2427/1044
f 2948/2429/1046 2949/2071/1047 2950/2430/1048
f 2949/2071/1047 2951/2068/1049 2950/2430/1048
f 2950/2430/1048 2951/2068/1049 2952/2431/1050
f 2951/2068/1049 2953/2066/1051 2952/2431/1050
f 2952/2431/1050 2953/2066/1051 2954/2432/1052
f 2953/2066/1051 2955/2064/1052 2954/2432/1052
f 2954/2432/1052 2955/2064/1052 2956/2433/1053
f 2955/2064/1052 2957/2062/1053 2956/2433/1053
f 2956/2433/1053 2957/2062/1053 2958/2434/1054
f 2957/2062/1053 2959/2060/1055 2958/2434/1054
f 2958/2434/1054 2959/2060/1055 2960/2435/1056
f 2959/2060/1055 2961/2058/1056 2960/2435/1056
f 2960/2435/1056 2961/2058/1056 2962/2436/1057
f 2961/2058/1056 2963/2056/1058 2962/2436/1057
f 2962/2436/1057 2963/2056/1058 2964/2437/1059
f 2963/2056/1058 2965/2054/1059 2964/2437/1059
f 2964/2437/1059 2965/2054/1059 2966/2438/1060
f 2965/2054/1059 2967/2052/1060 2966/2438/1060
f 2966/2438/1060 2967/2052/1060 2968/2439/1061
f 2967/2052/1060 2969/2050/1062 2968/2439/1061
f 2968/2439/1061 2969/2050/1062 2970/2440/1063
f 2969/2050/1062 2971/2048/1064 2970/2440/1063
f 2970/2440/1063 2971/2048/1064 2972/2441/1065
f 2971/2048/1064 2973/2046/1066 2972/2441/1065
f 2972/2441/1065 2973/2046/1066 2974/2442/1067
f 2973/2046/1066 2975/2047/1067 2974/2442/1067
f 2974/2442/1067 2975/2047/1067 2976/2443/1068
f 2975/2047/1067 2977/2142/1069 2976/2443/1068
f 2976/2443/1068 2977/2142/1069 2978/2444/1017
f 2977/2142/1069 2979/2140/1017 2978/2444/1017
f 2980/2445/1070 2981/2446/1071 2982/2447/1072
f 2981/2446/1071 2983/2448/1073 2982/2447/1072
f 2982/2447/1072 2983/2448/1073 2984/2449/1074
f 2983/2448/1073 2985/2450/1075 2984/2449/1074
f 2984/2449/1074 2985/2450/1075 2986/2451/1076
f 2985/2450/1075 2987/2452/1077 2986/2451/1076
f 2986/2451/1076 2987/2452/1077 2988/2453/1078
f 2987/2452/1077 2989/2454/1079 2988/2453/1078
f 2988/2453/1078 2989/2454/1079 2990/2455/241
f 2989/2454/1079 2991/2456/1080 2990/2455/241
f 2990/2455/241 2991/2456/1080 2992/2457/1081
f 2991/2456/1080 2993/2458/1082 2992/2457/1081
f 2992/2457/1081 2993/2458/1082 2994/2459/1083
f 2993/2458/1082 2995/2460/1084 2994/2459/1083
f 2994/2459/1083 2995/2460/1084 2996/2461/1085
f 2995/2460/1084 2997/2462/1086 2996/2461/1085
f 2996/2461/1085 2997/2462/1086 2998/2463/1087
f 2997/2462/1086 2999/2464/1088 2998/2463/1087
f 2998/2463/1087 2999/2464/1088 3000/2465/1089
f 3000/2465/1089 2999/2464/1088 3001/2466/1090
f 3001/2466/1090 2999/2464/1088 3002/2467/1091
f 3002/2467/1091 2999/2464/1088 3003/2468/1092
f 2999/2464/1088 2997/2462/1086 3003/2468/1092
f 3003/2468/1092 2997/2462/1086 3004/2469/1093
f 2997/2462/1086 2995/2460/1084 3004/2469/1093
f 3004/2469/1093 2995/2460/1084 3005/2470/1094
f 2995/2460/1084 2993/2458/1082 3005/2470/1094
f 3005/2470/1094 2993/2458/1082 3006/2471/1095
f 2993/2458/1082 2991/2456/1080 3006/2471/1095
f 3006/2471/1095 2991/2456/1080 3007/2472/1096
f 2991/2456/1080 2989/2454/1079 3007/2472/1096
f 3007/2472/1096 2989/2454/1079 3008/2473/1097
f 2989/2454/1079 2987/2452/1077 3008/2473/1097
f 3008/2473/1097 2987/2452/1077 3009/2474/1098
f 2987/2452/1077 2985/2450/1075 3009/2474/1098
f 3009/2474/1098 2985/2450/1075 3010/2475/1099
f 2985/2450/1075 2983/2448/1073 3010/2475/1099
f 3010/2475/1099 2983/2448/1073 3011/2476/1100
f 2983/2448/1073 2981/2446/1071 3011/2476/1100
f 3011/2476/1100 3012/2477/1101 3010/2475/1099
f 3010/2475/1099 3012/2477/1101 3009/2474/1098
f 3009/2474/1098 3012/2477/1101 3008/2473/1097
f 3008/2473/1097 3012/2477/1101 3007/2472/1096
f 3007/2472/1096 3012/2477/1101 3006/2471/1095
f 3006/2471/1095 3012/2477/1101 3005/2470/1094
f 3005/2470/1094 3012/2477/1101 3004/2469/1093
f 3004/2469/1093 3012/2477/1101 3003/2468/1092
f 3012/2477/1101 3013/2478/1102 3003/2468/1092
f 3003/2468/1092 3013/2478/1102 3002/2467/1091
f 3013/2478/1102 3014/2479/1103 3002/2467/1091
f 3002/2467/1091 3014/2479/1103 3015/2480/1104
f 3014/2479/1103 3016/2481/1105 3015/2480/1104
f 3016/2481/1105 3017/2482/1106 3015/2480/1104
f 3015/2480/1104 3017/2482/1106 3018/2483/1107
f 3017/2482/1106 3019/2484/1108 3018/2483/1107
f 3002/2467/1091 3015/2480/1104 3001/2466/1090
f 3015/2480/1104 3018/2483/1107 3001/2466/1090
f 3016/2481/1105 3014/2479/1103 3020/2485/1109
f 3014/2479/1103 3013/2478/1102 3020/2485/1109
f 3013/2478/1102 3012/2477/1101 3020/2485/1109
f 3020/2485/1109 3012/2477/1101 3021/2486/1110
f 3012/2477/1101 3022/2487/1111 3021/2486/1110
f 3021/2486/1110 3022/2487/1111 3023/2488/1112
f 3022/2487/1111 2981/2446/1071 3023/2488/1112
f 2981/2446/1071 2980/2445/1070 3023/2488/1112
f 3023/2488/1112 2980/2445/1070 3024/2489/1113
f 2980/2445/1070 3025/2490/1114 3024/2489/1113
f 3025/2490/1114 3026/2491/1115 3024/2489/1113
f 3024/2489/1113 3026/2491/1115 3027/2492/1116
f 3026/2491/1115 3028/2493/1117 3027/2492/1116
f 3012/2477/1101 3011/2476/1100 3022/2487/1111
f 3011/2476/1100 2981/2446/1071 3022/2487/1111
f 3027/2492/1116 3029/2494/1118 3024/2489/1113
f 3024/2489/1113 3029/2494/1118 3023/2488/1112
f 3023/2488/1112 3029/2494/1118 3021/2486/1110
f 3021/2486/1110 3029/2494/1118 3020/2485/1109
f 3020/2485/1109 3029/2494/1118 3030/2495/1119
f 3029/2494/1118 3027/2492/1116 3030/2495/1119
f 3030/2495/1119 3027/2492/1116 3031/2496/1120
f 3027/2492/1116 3028/2493/1117 3031/2496/1120
f 3028/2493/1117 3032/2497/1121 3031/2496/1120
f 3031/2496/1120 3032/2497/1121 3033/2498/1122
f 3032/2497/1121 3034/2499/1123 3033/2498/1122
f 3033/2498/1122 3034/2499/1123 3035/2500/1124
f 3034/2499/1123 3036/2501/1125 3035/2500/1124
f 3035/2500/1124 3036/2501/1125 3037/2502/1126
f 3036/2501/1125 3038/2503/1127 3037/2502/1126
f 3033/2498/1122 3039/2504/1128 3031/2496/1120
f 3031/2496/1120 3039/2504/1128 3030/2495/1119
f 3030/2495/1119 3039/2504/1128 3020/2485/1109
f 3039/2504/1128 3040/2505/1129 3020/2485/1109
f 3020/2485/1109 3040/2505/1129 3041/2506/1130
f 3040/2505/1129 3035/2500/1124 3041/2506/1130
f 3035/2500/1124 3037/2502/1126 3041/2506/1130
f 3041/2506/1130 3037/2502/1126 3042/2507/1131
f 3042/2507/1131 3037/2502/1126 3043/2508/1132
f 3037/2502/1126 3038/2503/1127 3043/2508/1132
f 3038/2503/1127 3044/2509/1133 3043/2508/1132
f 3043/2508/1132 3044/2509/1133 3045/2510/1134
f 3044/2509/1133 3019/2484/1108 3045/2510/1134
f 3019/2484/1108 3017/2482/1106 3045/2510/1134
f 3045/2510/1134 3017/2482/1106 3046/2511/1135
f 3017/2482/1106 3016/2481/1105 3046/2511/1135
f 3016/2481/1105 3020/2485/1109 3046/2511/1135
f 3046/2511/1135 3020/2485/1109 3047/2512/1136
f 3020/2485/1109 3042/2507/1131 3047/2512/1136
f 3042/2507/1131 3043/2508/1132 3047/2512/1136
f 3043/2508/1132 3045/2510/1134 3047/2512/1136
f 3047/2512/1136 3045/2510/1134 3046/2511/1135
f 3039/2504/1128 3033/2498/1122 3040/2505/1129
f 3040/2505/1129 3033/2498/1122 3035/2500/1124
f 3042/2507/1131 3020/2485/1109 3041/2506/1130
f 3048/2513/1070 3049/2514/1137 3050/2515/1138
f 3049/2514/1137 3051/2516/1073 3050/2515/1138
f 3050/2515/1138 3051/2516/1073 3052/2517/1074
f 3051/2516/1073 3053/2518/1075 3052/2517/1074
f 3052/2517/1074 3053/2518/1075 3054/2519/1076
f 3053/2518/1075 3055/2520/1139 3054/2519/1076
f 3054/2519/1076 3055/2520/1139 3056/2521/1078
f 3055/2520/1139 3057/2522/1140 3056/2521/1078
f 3056/2521/1078 3057/2522/1140 3058/2523/241
f 3057/2522/1140 3059/2524/1141 3058/2523/241
f 3058/2523/241 3059/2524/1141 3060/2525/1142
f 3059/2524/1141 3061/2526/1082 3060/2525/1142
f 3060/2525/1142 3061/2526/1082 3062/2527/1083
f 3061/2526/1082 3063/2528/1143 3062/2527/1083
f 3062/2527/1083 3063/2528/1143 3064/2529/1144
f 3063/2528/1143 3065/2530/1145 3064/2529/1144
f 3064/2529/1144 3065/2530/1145 3066/2531/1146
f 3065/2530/1145 3067/2532/1088 3066/2531/1146
f 3066/2531/1146 3067/2532/1088 3068/2533/1147
f 3068/2533/1147 3067/2532/1088 3069/2534/1090
f 3069/2534/1090 3067/2532/1088 3070/2535/1148
f 3070/2535/1148 3067/2532/1088 3071/2536/1092
f 3067/2532/1088 3065/2530/1145 3071/2536/1092
f 3071/2536/1092 3065/2530/1145 3072/2537/1093
f 3065/2530/1145 3063/2528/1143 3072/2537/1093
f 3072/2537/1093 3063/2528/1143 3073/2538/1094
f 3063/2528/1143 3061/2526/1082 3073/2538/1094
f 3073/2538/1094 3061/2526/1082 3074/2539/1095
f 3061/2526/1082 3059/2524/1141 3074/2539/1095
f 3074/2539/1095 3059/2524/1141 3075/2540/1096
f 3059/2524/1141 3057/2522/1140 3075/2540/1096
f 3075/2540/1096 3057/2522/1140 3076/2541/1149
f 3057/2522/1140 3055/2520/1139 3076/2541/1149
f 3076/2541/1149 3055/2520/1139 3077/2542/1098
f 3055/2520/1139 3053/2518/1075 3077/2542/1098
f 3077/2542/1098 3053/2518/1075 3078/2543/1099
f 3053/2518/1075 3051/2516/1073 3078/2543/1099
f 3078/2543/1099 3051/2516/1073 3079/2544/1100
f 3051/2516/1073 3049/2514/1137 3079/2544/1100
f 3079/2544/1100 3080/2545/1150 3078/2543/1099
f 3078/2543/1099 3080/2545/1150 3077/2542/1098
f 3077/2542/1098 3080/2545/1150 3076/2541/1149
f 3076/2541/1149 3080/2545/1150 3075/2540/1096
f 3075/2540/1096 3080/2545/1150 3074/2539/1095
f 3074/2539/1095 3080/2545/1150 3073/2538/1094
f 3073/2538/1094 3080/2545/1150 3072/2537/1093
f 3072/2537/1093 3080/2545/1150 3071/2536/1092
f 3080/2545/1150 3081/2546/1102 3071/2536/1092
f 3071/2536/1092 3081/2546/1102 3070/2535/1148
f 3081/2546/1102 3082/2547/1103 3070/2535/1148
f 3070/2535/1148 3082/2547/1103 3083/2548/1151
f 3082/2547/1103 3084/2549/1152 3083/2548/1151
f 3084/2549/1152 3085/2550/1153 3083/2548/1151
f 3083/2548/1151 3085/2550/1153 3086/2551/1154
f 3085/2550/1153 3087/2552/1155 3086/2551/1154
f 3070/2535/1148 3083/2548/1151 3069/2534/1090
f 3083/2548/1151 3086/2551/1154 3069/2534/1090
f 3084/2549/1152 3082/2547/1103 3088/2553/1156
f 3082/2547/1103 3081/2546/1102 3088/2553/1156
f 3081/2546/1102 3080/2545/1150 3088/2553/1156
f 3088/2553/1156 3080/2545/1150 3089/2554/1110
f 3080/2545/1150 3090/2555/1111 3089/2554/1110
f 3089/2554/1110 3090/2555/1111 3091/2556/1157
f 3090/2555/1111 3049/2514/1137 3091/2556/1157
f 3049/2514/1137 3048/2513/1070 3091/2556/1157
f 3091/2556/1157 3048/2513/1070 3092/2557/1158
f 3048/2513/1070 3093/2558/1159 3092/2557/1158
f 3093/2558/1159 3094/2559/1160 3092/2557/1158
f 3092/2557/1158 3094/2559/1160 3095/2560/1116
f 3094/2559/1160 3096/2561/1161 3095/2560/1116
f 3080/2545/1150 3079/2544/1100 3090/2555/1111
f 3079/2544/1100 3049/2514/1137 3090/2555/1111
f 3095/2560/1116 3097/2562/1118 3092/2557/1158
f 3092/2557/1158 3097/2562/1118 3091/2556/1157
f 3091/2556/1157 3097/2562/1118 3089/2554/1110
f 3089/2554/1110 3097/2562/1118 3088/2553/1156
f 3088/2553/1156 3097/2562/1118 3098/2563/1119
f 3097/2562/1118 3095/2560/1116 3098/2563/1119
f 3098/2563/1119 3095/2560/1116 3099/2564/1162
f 3095/2560/1116 3096/2561/1161 3099/2564/1162
f 3096/2561/1161 3100/2565/1121 3099/2564/1162
f 3099/2564/1162 3100/2565/1121 3101/2566/1163
f 3100/2565/1121 3102/2567/1164 3101/2566/1163
f 3101/2566/1163 3102/2567/1164 3103/2568/1165
f 3102/2567/1164 3104/2569/1125 3103/2568/1165
f 3103/2568/1165 3104/2569/1125 3105/2570/1126
f 3104/2569/1125 3106/2571/1166 3105/2570/1126
f 3101/2566/1163 3107/2572/1128 3099/2564/1162
f 3099/2564/1162 3107/2572/1128 3098/2563/1119
f 3098/2563/1119 3107/2572/1128 3088/2553/1156
f 3107/2572/1128 3108/2573/1167 3088/2553/1156
f 3088/2553/1156 3108/2573/1167 3109/2574/1168
f 3108/2573/1167 3103/2568/1165 3109/2574/1168
f 3103/2568/1165 3105/2570/1126 3109/2574/1168
f 3109/2574/1168 3105/2570/1126 3110/2575/1131
f 3110/2575/1131 3105/2570/1126 3111/2576/1169
f 3105/2570/1126 3106/2571/1166 3111/2576/1169
f 3106/2571/1166 3112/2577/1133 3111/2576/1169
f 3111/2576/1169 3112/2577/1133 3113/2578/1134
f 3112/2577/1133 3087/2552/1155 3113/2578/1134
f 3087/2552/1155 3085/2550/1153 3113/2578/1134
f 3113/2578/1134 3085/2550/1153 3114/2579/1135
f 3085/2550/1153 3084/2549/1152 3114/2579/1135
f 3084/2549/1152 3088/2553/1156 3114/2579/1135
f 3114/2579/1135 3088/2553/1156 3115/2580/1170
f 3088/2553/1156 3110/2575/1131 3115/2580/1170
f 3110/2575/1131 3111/2576/1169 3115/2580/1170
f 3111/2576/1169 3113/2578/1134 3115/2580/1170
f 3115/2580/1170 3113/2578/1134 3114/2579/1135
f 3107/2572/1128 3101/2566/1163 3108/2573/1167
f 3108/2573/1167 3101/2566/1163 3103/2568/1165
f 3110/2575/1131 3088/2553/1156 3109/2574/1168
f 3116/2581/1171 3117/2582/1172 3118/2583/1173
f 3117/2582/1172 3119/2584/1174 3118/2583/1173
f 3118/2583/1173 3119/2584/1174 3120/2585/1175
f 3120/2585/1175 3119/2584/1174 3121/2586/1176
f 3119/2584/1174 3122/2587/1177 3121/2586/1176
f 3121/2586/1176 3122/2587/1177 3123/2588/1178
f 3122/2587/1177 3124/2589/1179 3123/2588/1178
f 3123/2588/1178 3124/2589/1179 3125/2590/1180
f 3124/2589/1179 3126/2591/1181 3125/2590/1180
f 3125/2590/1180 3126/2591/1181 3127/2592/1182
f 3119/2584/1174 3117/2582/1172 3122/2587/1177
f 3122/2587/1177 3117/2582/1172 3124/2589/1179
f 3117/2582/1172 3128/2593/1183 3124/2589/1179
f 3124/2589/1179 3128/2593/1183 3126/2591/1181
f 3116/2581/1171 3128/2593/1183 3117/2582/1172
f 3125/2590/1180 3129/2594/1184 3123/2588/1178
f 3129/2594/1184 3121/2586/1176 3123/2588/1178
f 3129/2594/1184 3125/2590/1180 3130/2595/1185
f 3125/2590/1180 3127/2592/1182 3130/2595/1185
f 3127/2592/1182 3131/2596/1186 3130/2595/1185
f 3130/2595/1185 3131/2596/1186 3132/2597/1187
f 3131/2596/1186 3133/2598/1188 3132/2597/1187
f 3132/2597/1187 3133/2598/1188 3134/2599/1189
f 3133/2598/1188 3135/2600/1190 3134/2599/1189
f 3134/2599/1189 3135/2600/1190 3136/2601/1191
f 3135/2600/1190 3137/2602/1192 3136/2601/1191
f 3132/2597/1187 3138/2603/1193 3130/2595/1185
f 3130/2595/1185 3138/2603/1193 3129/2594/1184
f 3129/2594/1184 3138/2603/1193 3121/2586/1176
f 3138/2603/1193 3139/2604/1194 3121/2586/1176
f 3121/2586/1176 3139/2604/1194 3140/2605/1195
f 3139/2604/1194 3134/2599/1189 3140/2605/1195
f 3134/2599/1189 3136/2601/1191 3140/2605/1195
f 3140/2605/1195 3136/2601/1191 3141/2606/1196
f 3141/2606/1196 3136/2601/1191 3142/2607/1197
f 3136/2601/1191 3137/2602/1192 3142/2607/1197
f 3137/2602/1192 3143/2608/1198 3142/2607/1197
f 3142/2607/1197 3143/2608/1198 3144/2609/1199
f 3143/2608/1198 3145/2610/1200 3144/2609/1199
f 3138/2603/1193 3132/2597/1187 3139/2604/1194
f 3132/2597/1187 3134/2599/1189 3139/2604/1194
f 3140/2605/1195 3141/2606/1196 3121/2586/1176
f 3141/2606/1196 3146/2611/1201 3121/2586/1176
f 3121/2586/1176 3146/2611/1201 3147/2612/1202
f 3146/2611/1201 3144/2609/1199 3147/2612/1202
f 3147/2612/1202 3144/2609/1199 3148/2613/1203
f 3144/2609/1199 3145/2610/1200 3148/2613/1203
f 3145/2610/1200 3149/2614/1204 3148/2613/1203
f 3149/2614/1204 3150/2615/1205 3148/2613/1203
f 3150/2615/1205 3151/2616/1206 3148/2613/1203
f 3148/2613/1203 3151/2616/1206 3147/2612/1202
f 3151/2616/1206 3152/2617/1207 3147/2612/1202
f 3147/2612/1202 3152/2617/1207 3121/2586/1176
f 3152/2617/1207 3153/2618/1208 3121/2586/1176
f 3121/2586/1176 3153/2618/1208 3120/2585/1175
f 3144/2609/1199 3146/2611/1201 3142/2607/1197
f 3142/2607/1197 3146/2611/1201 3141/2606/1196
f 3153/2618/1208 3152/2617/1207 3154/2619/1209
f 3152/2617/1207 3151/2616/1206 3154/2619/1209
f 3154/2619/1209 3151/2616/1206 3155/2620/1210
f 3151/2616/1206 3150/2615/1205 3155/2620/1210
f 3150/2615/1205 3156/2621/1211 3155/2620/1210
f 3155/2620/1210 3156/2621/1211 3157/2622/1212
f 3156/2621/1211 3158/2623/1213 3157/2622/1212
f 3157/2622/1212 3158/2623/1213 3159/2624/1214
f 3158/2623/1213 3160/2625/1215 3159/2624/1214
f 3159/2624/1214 3160/2625/1215 3161/2626/1216
f 3160/2625/1215 3162/2627/1217 3161/2626/1216
f 3157/2622/1212 3163/2628/1218 3155/2620/1210
f 3155/2620/1210 3163/2628/1218 3154/2619/1209
f 3154/2619/1209 3163/2628/1218 3153/2618/1208
f 3163/2628/1218 3164/2629/1219 3153/2618/1208
f 3153/2618/1208 3164/2629/1219 3165/2630/1220
f 3164/2629/1219 3159/2624/1214 3165/2630/1220
f 3159/2624/1214 3161/2626/1216 3165/2630/1220
f 3165/2630/1220 3161/2626/1216 3166/2631/1221
f 3166/2631/1221 3161/2626/1216 3167/2632/1222
f 3161/2626/1216 3162/2627/1217 3167/2632/1222
f 3162/2627/1217 3168/2633/1223 3167/2632/1222
f 3167/2632/1222 3168/2633/1223 3169/2634/1224
f 3168/2633/1223 3170/2635/1225 3169/2634/1224
f 3163/2628/1218 3157/2622/1212 3164/2629/1219
f 3157/2622/1212 3159/2624/1214 3164/2629/1219
f 3165/2630/1220 3166/2631/1221 3153/2618/1208
f 3166/2631/1221 3171/2636/1226 3153/2618/1208
f 3153/2618/1208 3171/2636/1226 3172/2637/1227
f 3171/2636/1226 3169/2634/1224 3172/2637/1227
f 3172/2637/1227 3169/2634/1224 3173/2638/1228
f 3169/2634/1224 3170/2635/1225 3173/2638/1228
f 3170/2635/1225 3174/2639/1229 3173/2638/1228
f 3173/2638/1228 3174/2639/1229 3175/2640/1230
f 3174/2639/1229 3176/2641/1231 3175/2640/1230
f 3169/2634/1224 3171/2636/1226 3167/2632/1222
f 3171/2636/1226 3166/2631/1221 3167/2632/1222
f 3175/2640/1230 3177/2642/1232 3173/2638/1228
f 3173/2638/1228 3177/2642/1232 3172/2637/1227
f 3172/2637/1227 3177/2642/1232 3153/2618/1208
f 3153/2618/1208 3177/2642/1232 3178/2643/1233
f 3177/2642/1232 3175/2640/1230 3178/2643/1233
f 3178/2643/1233 3175/2640/1230 3179/2644/1234
f 3175/2640/1230 3176/2641/1231 3179/2644/1234
f 3176/2641/1231 3180/2645/1235 3179/2644/1234
f 3179/2644/1234 3180/2645/1235 3181/2646/1236
f 3180/2645/1235 3182/2647/1237 3181/2646/1236
f 3182/2647/1237 3116/2581/1171 3181/2646/1236
f 3116/2581/1171 3118/2583/1173 3181/2646/1236
f 3181/2646/1236 3118/2583/1173 3183/2648/1238
f 3118/2583/1173 3120/2585/1175 3183/2648/1238
f 3120/2585/1175 3153/2618/1208 3183/2648/1238
f 3153/2618/1208 3178/2643/1233 3183/2648/1238
f 3178/2643/1233 3179/2644/1234 3183/2648/1238
f 3183/2648/1238 3179/2644/1234 3181/2646/1236
f 3184/2649/1239 3186/2650/1172 3185/2651/1240
f 3185/2651/1240 3186/2650/1172 3187/2652/1174
f 3186/2650/1172 3188/2653/1241 3187/2652/1174
f 3187/2652/1174 3188/2653/1241 3189/2654/1242
f 3189/2654/1242 3188/2653/1241 3190/2655/1243
f 3190/2655/1243 3188/2653/1241 3191/2656/1179
f 3188/2653/1241 3186/2650/1172 3191/2656/1179
f 3191/2656/1179 3186/2650/1172 3192/2657/1244
f 3186/2650/1172 3184/2649/1239 3192/2657/1244
f 3192/2657/1244 3193/2658/1181 3191/2656/1179
f 3193/2658/1181 3194/2659/1245 3191/2656/1179
f 3191/2656/1179 3194/2659/1245 3190/2655/1243
f 3194/2659/1245 3195/2660/1246 3190/2655/1243
f 3190/2655/1243 3195/2660/1246 3189/2654/1242
f 3193/2658/1181 3196/2661/1182 3194/2659/1245
f 3194/2659/1245 3196/2661/1182 3197/2662/1247
f 3196/2661/1182 3198/2663/1186 3197/2662/1247
f 3197/2662/1247 3198/2663/1186 3199/2664/1187
f 3198/2663/1186 3200/2665/264 3199/2664/1187
f 3194/2659/1245 3197/2662/1247 3195/2660/1246
f 3197/2662/1247 3201/2666/1248 3195/2660/1246
f 3195/2660/1246 3201/2666/1248 3189/2654/1242
f 3189/2654/1242 3201/2666/1248 3202/2667/1194
f 3201/2666/1248 3199/2664/1187 3202/2667/1194
f 3202/2667/1194 3199/2664/1187 3203/2668/1249
f 3199/2664/1187 3200/2665/264 3203/2668/1249
f 3200/2665/264 3204/2669/1190 3203/2668/1249
f 3203/2668/1249 3204/2669/1190 3205/2670/1191
f 3204/2669/1190 3206/2671/1192 3205/2670/1191
f 3197/2662/1247 3199/2664/1187 3201/2666/1248
f 3185/2651/1240 3187/2652/1174 3207/2672/1175
f 3207/2672/1175 3187/2652/1174 3189/2654/1242
f 3205/2670/1191 3208/2673/1195 3203/2668/1249
f 3203/2668/1249 3208/2673/1195 3202/2667/1194
f 3202/2667/1194 3208/2673/1195 3189/2654/1242
f 3189/2654/1242 3208/2673/1195 3209/2674/1196
f 3208/2673/1195 3205/2670/1191 3209/2674/1196
f 3209/2674/1196 3205/2670/1191 3210/2675/1197
f 3205/2670/1191 3206/2671/1192 3210/2675/1197
f 3206/2671/1192 3211/2676/1198 3210/2675/1197
f 3210/2675/1197 3211/2676/1198 3212/2677/1250
f 3211/2676/1198 3213/2678/1200 3212/2677/1250
f 3212/2677/1250 3213/2678/1200 3214/2679/1251
f 3213/2678/1200 3215/2680/1252 3214/2679/1251
f 3215/2680/1252 3216/2681/1205 3214/2679/1251
f 3216/2681/1205 3217/2682/1253 3214/2679/1251
f 3214/2679/1251 3217/2682/1253 3218/2683/1202
f 3217/2682/1253 3219/2684/1207 3218/2683/1202
f 3218/2683/1202 3219/2684/1207 3189/2654/1242
f 3219/2684/1207 3220/2685/1208 3189/2654/1242
f 3189/2654/1242 3220/2685/1208 3207/2672/1175
f 3214/2679/1251 3218/2683/1202 3212/2677/1250
f 3212/2677/1250 3218/2683/1202 3221/2686/1201
f 3218/2683/1202 3189/2654/1242 3221/2686/1201
f 3189/2654/1242 3209/2674/1196 3221/2686/1201
f 3209/2674/1196 3210/2675/1197 3221/2686/1201
f 3221/2686/1201 3210/2675/1197 3212/2677/1250
f 3220/2685/1208 3219/2684/1207 3222/2687/1209
f 3219/2684/1207 3217/2682/1253 3222/2687/1209
f 3222/2687/1209 3217/2682/1253 3223/2688/1210
f 3217/2682/1253 3216/2681/1205 3223/2688/1210
f 3216/2681/1205 3224/2689/1254 3223/2688/1210
f 3223/2688/1210 3224/2689/1254 3225/2690/1255
f 3224/2689/1254 3226/2691/1213 3225/2690/1255
f 3225/2690/1255 3226/2691/1213 3227/2692/1256
f 3226/2691/1213 3228/2693/1257 3227/2692/1256
f 3227/2692/1256 3228/2693/1257 3229/2694/1258
f 3228/2693/1257 3230/2695/1217 3229/2694/1258
f 3225/2690/1255 3231/2696/1259 3223/2688/1210
f 3223/2688/1210 3231/2696/1259 3222/2687/1209
f 3222/2687/1209 3231/2696/1259 3220/2685/1208
f 3231/2696/1259 3232/2697/1219 3220/2685/1208
f 3220/2685/1208 3232/2697/1219 3233/2698/1220
f 3232/2697/1219 3227/2692/1256 3233/2698/1220
f 3227/2692/1256 3229/2694/1258 3233/2698/1220
f 3233/2698/1220 3229/2694/1258 3234/2699/1221
f 3234/2699/1221 3229/2694/1258 3235/2700/1260
f 3229/2694/1258 3230/2695/1217 3235/2700/1260
f 3230/2695/1217 3236/2701/1261 3235/2700/1260
f 3235/2700/1260 3236/2701/1261 3237/2702/1224
f 3236/2701/1261 3238/2703/1225 3237/2702/1224
f 3231/2696/1259 3225/2690/1255 3232/2697/1219
f 3225/2690/1255 3227/2692/1256 3232/2697/1219
f 3233/2698/1220 3234/2699/1221 3220/2685/1208
f 3234/2699/1221 3239/2704/1262 3220/2685/1208
f 3220/2685/1208 3239/2704/1262 3240/2705/1263
f 3239/2704/1262 3237/2702/1224 3240/2705/1263
f 3240/2705/1263 3237/2702/1224 3241/2706/1228
f 3237/2702/1224 3238/2703/1225 3241/2706/1228
f 3238/2703/1225 3242/2707/1229 3241/2706/1228
f 3241/2706/1228 3242/2707/1229 3243/2708/1264
f 3242/2707/1229 3244/2709/1231 3243/2708/1264
f 3237/2702/1224 3239/2704/1262 3235/2700/1260
f 3239/2704/1262 3234/2699/1221 3235/2700/1260
f 3243/2708/1264 3245/2710/1232 3241/2706/1228
f 3241/2706/1228 3245/2710/1232 3240/2705/1263
f 3240/2705/1263 3245/2710/1232 3220/2685/1208
f 3220/2685/1208 3245/2710/1232 3246/2711/1233
f 3245/2710/1232 3243/2708/1264 3246/2711/1233
f 3246/2711/1233 3243/2708/1264 3247/2712/1234
f 3243/2708/1264 3244/2709/1231 3247/2712/1234
f 3244/2709/1231 3248/2713/1265 3247/2712/1234
f 3247/2712/1234 3248/2713/1265 3249/2714/1266
f 3248/2713/1265 3250/2715/1267 3249/2714/1266
f 3250/2715/1267 3184/2649/1239 3249/2714/1266
f 3184/2649/1239 3185/2651/1240 3249/2714/1266
f 3249/2714/1266 3185/2651/1240 3251/2716/1238
f 3185/2651/1240 3207/2672/1175 3251/2716/1238
f 3207/2672/1175 3220/2685/1208 3251/2716/1238
f 3220/2685/1208 3246/2711/1233 3251/2716/1238
f 3246/2711/1233 3247/2712/1234 3251/2716/1238
f 3251/2716/1238 3247/2712/1234 3249/2714/1266
f 3252/2717/67 3254/2718/67 3253/2719/822
f 3254/2718/67 3255/2720/67 3253/2719/822
f 3255/2720/67 3256/2721/67 3253/2719/822
f 3256/2721/67 3257/2722/67 3253/2719/822
f 3257/2722/67 3258/2723/67 3253/2719/822
f 3258/2723/67 3259/2724/67 3253/2719/822
f 3259/2724/67 3260/2725/67 3253/2719/822
f 3260/2725/67 3261/2726/67 3253/2719/822
f 3261/2726/67 3262/2727/67 3253/2719/822
f 3262/2727/67 3263/2728/67 3253/2719/822
f 3263/2728/67 3264/2729/67 3253/2719/822
f 3264/2729/67 3265/2730/67 3253/2719/822
f 3265/2730/67 3266/2731/67 3253/2719/822
f 3266/2731/67 3267/2732/67 3253/2719/822
f 3267/2732/67 3268/2733/67 3253/2719/822
f 3268/2733/67 3269/2734/67 3253/2719/822
f 3269/2734/67 3270/2735/67 3253/2719/822
f 3270/2735/67 3271/2736/67 3253/2719/822
f 3271/2736/67 3272/2737/67 3253/2719/822
f 3272/2737/67 3273/2738/67 3253/2719/822
f 3273/2738/67 3274/2739/67 3253/2719/822
f 3274/2739/67 3275/2740/67 3253/2719/822
f 3275/2740/67 3276/2741/67 3253/2719/822
f 3276/2741/67 3277/2742/67 3253/2719/822
f 3277/2742/67 3278/2743/67 3253/2719/822
f 3278/2743/67 3279/2744/67 3253/2719/822
f 3279/2744/67 3280/2745/67 3253/2719/822
f 3280/2745/67 3281/2746/67 3253/2719/822
f 3281/2746/67 3282/2747/67 3253/2719/822
f 3282/2747/67 3283/2748/67 3253/2719/822
f 3283/2748/67 3284/2749/67 3253/2719/822
f 3284/2749/67 3285/2750/67 3253/2719/822
f 3285/2750/67 3286/2751/67 3253/2719/822
f 3286/2751/67 3287/2752/67 3253/2719/822
f 3287/2752/67 3288/2753/67 3253/2719/822
f 3253/2719/822 3288/2753/67 3252/2717/67
f 3289/2754/1268 3291/2755/1269 3290/2756/1270
f 3290/2756/1270 3291/2755/1269 3292/2757/1271
f 3293/2758/1272 3289/2754/1268 3290/2756/1270
f 3289/2754/1268 3294/2759/1273 3291/2755/1269
f 3291/2755/1269 3294/2759/1273 3295/2760/1274
f 3294/2759/1273 3296/2761/1275 3295/2760/1274
f 3295/2760/1274 3296/2761/1275 3297/2762/1276
f 3296/2761/1275 3298/2763/1277 3297/2762/1276
f 3297/2762/1276 3298/2763/1277 3299/2764/1278
f 3298/2763/1277 3300/2765/1279 3299/2764/1278
f 3299/2764/1278 3300/2765/1279 3301/2766/1280
f 3300/2765/1279 3302/2767/1281 3301/2766/1280
f 3301/2766/1280 3302/2767/1281 3303/2768/1282
f 3302/2767/1281 3304/2769/1283 3303/2768/1282
f 3303/2768/1282 3304/2769/1283 3305/2770/1284
f 3304/2769/1283 3306/2771/1285 3305/2770/1284
f 3305/2770/1284 3306/2771/1285 3307/2772/1286
f 3306/2771/1285 3308/2773/1287 3307/2772/1286
f 3307/2772/1286 3308/2773/1287 3309/2774/1288
f 3308/2773/1287 3310/2775/1289 3309/2774/1288
f 3309/2774/1288 3310/2775/1289 3311/2776/1290
f 3310/2775/1289 3312/2777/1291 3311/2776/1290
f 3311/2776/1290 3312/2777/1291 3313/2778/1292
f 3312/2777/1291 3314/2779/1293 3313/2778/1292
f 3313/2778/1292 3314/2779/1293 3315/2780/1294
f 3314/2779/1293 3316/2781/1295 3315/2780/1294
f 3315/2780/1294 3316/2781/1295 3317/2782/1296
f 3316/2781/1295 3318/2783/1297 3317/2782/1296
f 3317/2782/1296 3318/2783/1297 3319/2784/1298
f 3318/2783/1297 3320/2785/1299 3319/2784/1298
f 3319/2784/1298 3320/2785/1299 3321/2786/1300
f 3320/2785/1299 3322/2787/1301 3321/2786/1300
f 3321/2786/1300 3322/2787/1301 3323/2788/1302
f 3322/2787/1301 3324/2789/1303 3323/2788/1302
f 3323/2788/1302 3324/2789/1303 3325/2790/1304
f 3324/2789/1303 3326/2791/1305 3325/2790/1304
f 3325/2790/1304 3326/2791/1305 3327/2792/1306
f 3326/2791/1305 3328/2793/1307 3327/2792/1306
f 3327/2792/1306 3328/2793/1307 3329/2794/1308
f 3328/2793/1307 3330/2795/1309 3329/2794/1308
f 3329/2794/1308 3330/2795/1309 3331/2796/1310
f 3330/2795/1309 3332/2797/1311 3331/2796/1310
f 3331/2796/1310 3332/2797/1311 3333/2798/1312
f 3332/2797/1311 3334/2799/1313 3333/2798/1312
f 3333/2798/1312 3334/2799/1313 3335/2800/1314
f 3334/2799/1313 3336/2801/1315 3335/2800/1314
f 3335/2800/1314 3336/2801/1315 3337/2802/1316
f 3336/2801/1315 3338/2803/1317 3337/2802/1316
f 3337/2802/1316 3338/2803/1317 3339/2804/1318
f 3338/2803/1317 3340/2805/1319 3339/2804/1318
f 3339/2804/1318 3340/2805/1319 3341/2806/1320
f 3340/2805/1319 3342/2807/1321 3341/2806/1320
f 3341/2806/1320 3342/2807/1321 3343/2808/1322
f 3342/2807/1321 3344/2809/1323 3343/2808/1322
f 3343/2808/1322 3344/2809/1323 3345/2810/1324
f 3344/2809/1323 3346/2811/1325 3345/2810/1324
f 3345/2810/1324 3346/2811/1325 3347/2812/1326
f 3346/2811/1325 3348/2813/1327 3347/2812/1326
f 3347/2812/1326 3348/2813/1327 3349/2814/1328
f 3348/2813/1327 3350/2815/1329 3349/2814/1328
f 3349/2814/1328 3350/2815/1329 3351/2816/1330
f 3350/2815/1329 3352/2817/1331 3351/2816/1330
f 3351/2816/1330 3352/2817/1331 3353/2818/1332
f 3352/2817/1331 3354/2819/1333 3353/2818/1332
f 3353/2818/1332 3354/2819/1333 3355/2820/1334
f 3354/2819/1333 3356/2821/1335 3355/2820/1334
f 3355/2820/1334 3356/2821/1335 3357/2822/1336
f 3356/2821/1335 3358/2823/1337 3357/2822/1336
f 3357/2822/1336 3358/2823/1337 3359/2824/1338
f 3358/2823/1337 3360/2825/1339 3359/2824/1338
f 3359/2824/1338 3360/2825/1339 3361/2826/1340
f 3360/2825/1339 3293/2758/1272 3361/2826/1340
f 3293/2758/1272 3290/2756/1270 3361/2826/1340
f 3361/2826/1340 3290/2756/1270 3362/2827/1341
f 3290/2756/1270 3292/2757/1271 3362/2827/1341
f 3362/2827/1341 3363/2828/1342 3361/2826/1340
f 3361/2826/1340 3363/2828/1342 3359/2824/1338
f 3363/2828/1342 3364/2829/1343 3359/2824/1338
f 3359/2824/1338 3364/2829/1343 3357/2822/1336
f 3364/2829/1343 3365/2830/1344 3357/2822/1336
f 3357/2822/1336 3365/2830/1344 3355/2820/1334
f 3365/2830/1344 3366/2831/1345 3355/2820/1334
f 3355/2820/1334 3366/2831/1345 3353/2818/1332
f 3366/2831/1345 3367/2832/1346 3353/2818/1332
f 3353/2818/1332 3367/2832/1346 3351/2816/1330
f 3367/2832/1346 3368/2833/1347 3351/2816/1330
f 3351/2816/1330 3368/2833/1347 3349/2814/1328
f 3368/2833/1347 3369/2834/1348 3349/2814/1328
f 3349/2814/1328 3369/2834/1348 3347/2812/1326
f 3369/2834/1348 3370/2835/1349 3347/2812/1326
f 3347/2812/1326 3370/2835/1349 3345/2810/1324
f 3370/2835/1349 3371/2836/1350 3345/2810/1324
f 3345/2810/1324 3371/2836/1350 3343/2808/1322
f 3371/2836/1350 3372/2837/1351 3343/2808/1322
f 3343/2808/1322 3372/2837/1351 3341/2806/1320
f 3372/2837/1351 3373/2838/1352 3341/2806/1320
f 3341/2806/1320 3373/2838/1352 3339/2804/1318
f 3373/2838/1352 3374/2839/1353 3339/2804/1318
f 3339/2804/1318 3374/2839/1353 3337/2802/1316
f 3374/2839/1353 3375/2840/1354 3337/2802/1316
f 3337/2802/1316 3375/2840/1354 3335/2800/1314
f 3375/2840/1354 3376/2841/1355 3335/2800/1314
f 3335/2800/1314 3376/2841/1355 3333/2798/1312
f 3376/2841/1355 3377/2842/1356 3333/2798/1312
f 3333/2798/1312 3377/2842/1356 3331/2796/1310
f 3377/2842/1356 3378/2843/1357 3331/2796/1310
f 3331/2796/1310 3378/2843/1357 3329/2794/1308
f 3378/2843/1357 3379/2844/1358 3329/2794/1308
f 3329/2794/1308 3379/2844/1358 3327/2792/1306
f 3379/2844/1358 3380/2845/1359 3327/2792/1306
f 3327/2792/1306 3380/2845/1359 3325/2790/1304
f 3380/2845/1359 3381/2846/1360 3325/2790/1304
f 3325/2790/1304 3381/2846/1360 3323/2788/1302
f 3381/2846/1360 3382/2847/1361 3323/2788/1302
f 3323/2788/1302 3382/2847/1361 3321/2786/1300
f 3382/2847/1361 3383/2848/1362 3321/2786/1300
f 3321/2786/1300 3383/2848/1362 3319/2784/1298
f 3383/2848/1362 3384/2849/1363 3319/2784/1298
f 3319/2784/1298 3384/2849/1363 3317/2782/1296
f 3384/2849/1363 3385/2850/1364 3317/2782/1296
f 3317/2782/1296 3385/2850/1364 3315/2780/1294
f 3385/2850/1364 3386/2851/1365 3315/2780/1294
f 3315/2780/1294 3386/2851/1365 3313/2778/1292
f 3386/2851/1365 3387/2852/1366 3313/2778/1292
f 3313/2778/1292 3387/2852/1366 3311/2776/1290
f 3387/2852/1366 3388/2853/1367 3311/2776/1290
f 3311/2776/1290 3388/2853/1367 3309/2774/1288
f 3388/2853/1367 3389/2854/1368 3309/2774/1288
f 3309/2774/1288 3389/2854/1368 3307/2772/1286
f 3389/2854/1368 3390/2855/1369 3307/2772/1286
f 3307/2772/1286 3390/2855/1369 3305/2770/1284
f 3390/2855/1369 3391/2856/1370 3305/2770/1284
f 3305/2770/1284 3391/2856/1370 3303/2768/1282
f 3391/2856/1370 3392/2857/1371 3303/2768/1282
f 3303/2768/1282 3392/2857/1371 3301/2766/1280
f 3392/2857/1371 3393/2858/1372 3301/2766/1280
f 3301/2766/1280 3393/2858/1372 3299/2764/1278
f 3393/2858/1372 3394/2859/1373 3299/2764/1278
f 3299/2764/1278 3394/2859/1373 3297/2762/1276
f 3394/2859/1373 3395/2860/1374 3297/2762/1276
f 3297/2762/1276 3395/2860/1374 3295/2760/1274
f 3395/2860/1374 3396/2861/1375 3295/2760/1274
f 3295/2760/1274 3396/2861/1375 3291/2755/1269
f 3291/2755/1269 3396/2861/1375 3292/2757/1271
f 3396/2861/1375 3397/2862/1376 3292/2757/1271
f 3292/2757/1271 3397/2862/1376 3398/2863/1377
f 3397/2862/1376 3396/2861/1375 3399/2864/1378
f 3396/2861/1375 3395/2860/1374 3399/2864/1378
f 3399/2864/1378 3395/2860/1374 3400/2865/1379
f 3395/2860/1374 3394/2859/1373 3400/2865/1379
f 3400/2865/1379 3394/2859/1373 3401/2866/1380
f 3394/2859/1373 3393/2858/1372 3401/2866/1380
f 3401/2866/1380 3393/2858/1372 3402/2867/1381
f 3393/2858/1372 3392/2857/1371 3402/2867/1381
f 3402/2867/1381 3392/2857/1371 3403/2868/1382
f 3392/2857/1371 3391/2856/1370 3403/2868/1382
f 3403/2868/1382 3391/2856/1370 3404/2869/1383
f 3391/2856/1370 3390/2855/1369 3404/2869/1383
f 3404/2869/1383 3390/2855/1369 3405/2870/1384
f 3390/2855/1369 3389/2854/1368 3405/2870/1384
f 3405/2870/1384 3389/2854/1368 3406/2871/1385
f 3389/2854/1368 3388/2853/1367 3406/2871/1385
f 3406/2871/1385 3388/2853/1367 3407/2872/1386
f 3388/2853/1367 3387/2852/1366 3407/2872/1386
f 3407/2872/1386 3387/2852/1366 3408/2873/1387
f 3387/2852/1366 3386/2851/1365 3408/2873/1387
f 3408/2873/1387 3386/2851/1365 3409/2874/1388
f 3386/2851/1365 3385/2850/1364 3409/2874/1388
f 3409/2874/1388 3385/2850/1364 3410/2875/1389
f 3385/2850/1364 3384/2849/1363 3410/2875/1389
f 3410/2875/1389 3384/2849/1363 3411/2876/1390
f 3384/2849/1363 3383/2848/1362 3411/2876/1390
f 3411/2876/1390 3383/2848/1362 3412/2877/1391
f 3383/2848/1362 3382/2847/1361 3412/2877/1391
f 3412/2877/1391 3382/2847/1361 3413/2878/1392
f 3382/2847/1361 3381/2846/1360 3413/2878/1392
f 3413/2878/1392 3381/2846/1360 3414/2879/1393
f 3381/2846/1360 3380/2845/1359 3414/2879/1393
f 3414/2879/1393 3380/2845/1359 3415/2880/1394
f 3380/2845/1359 3379/2844/1358 3415/2880/1394
f 3415/2880/1394 3379/2844/1358 3416/2881/1395
f 3379/2844/1358 3378/2843/1357 3416/2881/1395
f 3416/2881/1395 3378/2843/1357 3417/2882/1396
f 3378/2843/1357 3377/2842/1356 3417/2882/1396
f 3417/2882/1396 3377/2842/1356 3418/2883/1397
f 3377/2842/1356 3376/2841/1355 3418/2883/1397
f 3418/2883/1397 3376/2841/1355 3419/2884/1398
f 3376/2841/1355 3375/2840/1354 3419/2884/1398
f 3419/2884/1398 3375/2840/1354 3420/2885/1399
f 3375/2840/1354 3374/2839/1353 3420/2885/1399
f 3420/2885/1399 3374/2839/1353 3421/2886/1400
f 3374/2839/1353 3373/2838/1352 3421/2886/1400
f 3421/2886/1400 3373/2838/1352 3422/2887/1401
f 3373/2838/1352 3372/2837/1351 3422/2887/1401
f 3422/2887/1401 3372/2837/1351 3423/2888/1402
f 3372/2837/1351 3371/2836/1350 3423/2888/1402
f 3423/2888/1402 3371/2836/1350 3424/2889/1403
f 3371/2836/1350 3370/2835/1349 3424/2889/1403
f 3424/2889/1403 3370/2835/1349 3425/2890/1404
f 3370/2835/1349 3369/2834/1348 3425/2890/1404
f 3425/2890/1404 3369/2834/1348 3426/2891/1405
f 3369/2834/1348 3368/2833/1347 3426/2891/1405
f 3426/2891/1405 3368/2833/1347 3427/2892/1406
f 3368/2833/1347 3367/2832/1346 3427/2892/1406
f 3427/2892/1406 3367/2832/1346 3428/2893/1407
f 3367/2832/1346 3366/2831/1345 3428/2893/1407
f 3428/2893/1407 3366/2831/1345 3429/2894/1408
f 3366/2831/1345 3365/2830/1344 3429/2894/1408
f 3429/2894/1408 3365/2830/1344 3430/2895/1409
f 3365/2830/1344 3364/2829/1343 3430/2895/1409
f 3430/2895/1409 3364/2829/1343 3431/2896/1410
f 3364/2829/1343 3363/2828/1342 3431/2896/1410
f 3431/2896/1410 3363/2828/1342 3432/2897/1411
f 3363/2828/1342 3362/2827/1341 3432/2897/1411
f 3432/2897/1411 3362/2827/1341 3398/2863/1377
f 3362/2827/1341 3292/2757/1271 3398/2863/1377
f 3433/2898/1412 3434/2899/1413 3435/2900/1414
f 3434/2899/1413 3436/2901/1415 3435/2900/1414
f 3435/2900/1414 3437/2902/1416 3433/2898/1412
f 3433/2898/1412 3437/2902/1416 3438/2903/1417
f 3437/2902/1416 3439/2904/1418 3438/2903/1417
f 3438/2903/1417 3439/2904/1418 3440/2905/1419
f 3439/2904/1418 3441/2906/1419 3440/2905/1419
f 3440/2905/1419 3441/2906/1419 3442/2907/1420
f 3441/2906/1419 3443/2908/1420 3442/2907/1420
f 3442/2907/1420 3443/2908/1420 3444/2909/1421
f 3443/2908/1420 3445/2910/1422 3444/2909/1421
f 3444/2909/1421 3445/2910/1422 3446/2911/1423
f 3445/2910/1422 3447/2912/1424 3446/2911/1423
f 3446/2911/1423 3447/2912/1424 3448/2913/1425
f 3447/2912/1424 3449/2914/1426 3448/2913/1425
f 3448/2913/1425 3449/2914/1426 3450/2915/1427
f 3449/2914/1426 3451/2916/1428 3450/2915/1427
f 3450/2915/1427 3451/2916/1428 3452/2917/1429
f 3451/2916/1428 3453/2918/1429 3452/2917/1429
f 3452/2917/1429 3453/2918/1429 3454/2919/1430
f 3453/2918/1429 3455/2920/1430 3454/2919/1430
f 3454/2919/1430 3455/2920/1430 3456/2921/1431
f 3455/2920/1430 3457/2922/1432 3456/2921/1431
f 3456/2921/1431 3457/2922/1432 3458/2923/1433
f 3457/2922/1432 3459/2924/1433 3458/2923/1433
f 3458/2923/1433 3459/2924/1433 3460/2925/1434
f 3459/2924/1433 3461/2926/1434 3460/2925/1434
f 3460/2925/1434 3461/2926/1434 3462/2927/1435
f 3461/2926/1434 3463/2928/1436 3462/2927/1435
f 3434/2899/1413 3464/2929/1437 3436/2901/1415
f 3436/2901/1415 3464/2929/1437 3465/2930/1438
f 3464/2929/1437 3466/2931/1439 3465/2930/1438
f 3465/2930/1438 3466/2931/1439 3467/2932/1440
f 3466/2931/1439 3468/2933/1440 3467/2932/1440
f 3467/2932/1440 3468/2933/1440 3469/2934/1441
f 3468/2933/1440 3470/2935/1441 3469/2934/1441
f 3469/2934/1441 3470/2935/1441 3471/2936/1442
f 3470/2935/1441 3472/2937/1442 3471/2936/1442
f 3471/2936/1442 3472/2937/1442 3473/2938/1443
f 3472/2937/1442 3474/2939/1443 3473/2938/1443
f 3473/2938/1443 3474/2939/1443 3475/2940/1444
f 3474/2939/1443 3476/2941/1444 3475/2940/1444
f 3475/2940/1444 3476/2941/1444 3477/2942/1445
f 3476/2941/1444 3478/2943/1445 3477/2942/1445
f 3477/2942/1445 3478/2943/1445 3479/2944/1446
f 3478/2943/1445 3480/2945/1446 3479/2944/1446
f 3479/2944/1446 3480/2945/1446 3481/2946/1447
f 3480/2945/1446 3482/2947/1448 3481/2946/1447
f 3481/2946/1447 3482/2947/1448 3483/2948/1449
f 3482/2947/1448 3484/2949/1450 3483/2948/1449
f 3483/2948/1449 3484/2949/1450 3485/2950/1451
f 3484/2949/1450 3486/2951/1452 3485/2950/1451
f 3485/2950/1451 3486/2951/1452 3487/2952/1453
f 3486/2951/1452 3488/2953/1454 3487/2952/1453
f 3487/2952/1453 3488/2953/1454 3489/2954/1455
f 3488/2953/1454 3490/2955/1456 3489/2954/1455
f 3489/2954/1455 3490/2955/1456 3491/2956/1457
f 3490/2955/1456 3492/2957/1457 3491/2956/1457
f 3491/2956/1457 3492/2957/1457 3493/2958/1458
f 3492/2957/1457 3494/2959/1458 3493/2958/1458
f 3493/2958/1458 3494/2959/1458 3495/2960/1459
f 3494/2959/1458 3496/2961/1460 3495/2960/1459
f 3495/2960/1459 3496/2961/1460 3497/2962/1461
f 3496/2961/1460 3498/2963/1462 3497/2962/1461
f 3497/2962/1461 3498/2963/1462 3499/2964/1463
f 3498/2963/1462 3500/2965/1464 3499/2964/1463
f 3499/2964/1463 3500/2965/1464 3501/2966/1465
f 3500/2965/1464 3502/2967/1465 3501/2966/1465
f 3501/2966/1465 3502/2967/1465 3503/2968/1466
f 3502/2967/1465 3504/2969/1467 3503/2968/1466
f 3503/2968/1466 3504/2969/1467 3505/2970/1468
f 3504/2969/1467 3506/2971/1435 3505/2970/1468
f 3507/2972/9 3508/2973/9 3509/2974/131
f 3508/2973/9 3510/2975/778 3509/2974/131
f 3509/2974/131 3510/2975/778 3511/2976/1469
f 3510/2975/778 3512/2977/7 3511/2976/1469
f 3511/2976/1469 3512/2977/7 3513/2978/777
f 3512/2977/7 3514/2979/777 3513/2978/777
f 3513/2978/777 3514/2979/777 3515/2980/4
f 3514/2979/777 3516/2981/4 3515/2980/4
f 3515/2980/4 3516/2981/4 3517/2982/34
f 3516/2981/4 3518/2983/34 3517/2982/34
f 3517/2982/34 3518/2983/34 3519/2984/776
f 3518/2983/34 3520/2985/33 3519/2984/776
f 3519/2984/776 3520/2985/33 3521/2986/32
f 3520/2985/33 3522/2987/32 3521/2986/32
f 3521/2986/32 3522/2987/32 3523/2988/147
f 3522/2987/32 3524/2989/147 3523/2988/147
f 3523/2988/147 3524/2989/147 3525/2990/2
f 3524/2989/147 3526/2991/2 3525/2990/2
f 3525/2990/2 3526/2991/2 3527/2992/59
f 3526/2991/2 3528/2993/59 3527/2992/59
f 3527/2992/59 3528/2993/59 3529/2994/775
f 3528/2993/59 3530/2995/775 3529/2994/775
f 3529/2994/775 3530/2995/775 3531/2996/1470
f 3530/2995/775 3532/2997/1470 3531/2996/1470
f 3531/2996/1470 3532/2997/1470 3533/2998/55
f 3532/2997/1470 3534/2999/279 3533/2998/55
f 3533/2998/55 3534/2999/279 3535/3000/1
f 3534/2999/279 3536/3001/1 3535/3000/1
f 3535/3000/1 3536/3001/1 3537/3002/91
f 3536/3001/1 3538/3003/90 3537/3002/91
f 3537/3002/91 3538/3003/90 3539/3004/1471
f 3538/3003/90 3540/3005/92 3539/3004/1471
f 3539/3004/1471 3540/3005/92 3541/3006/427
f 3540/3005/92 3542/3007/427 3541/3006/427
f 3541/3006/427 3542/3007/427 3543/3008/1472
f 3542/3007/427 3544/3009/272 3543/3008/1472
f 3543/3008/1472 3544/3009/272 3545/3010/12
f 3544/3009/272 3546/3011/12 3545/3010/12
f 3545/3010/12 3546/3011/12 3547/3012/129
f 3546/3011/12 3548/3013/129 3547/3012/129
f 3549/3014/1473 3550/3015/1473 3551/3016/1474
f 3550/3015/1473 3552/3017/1475 3551/3016/1474
f 3551/3016/1474 3552/3017/1475 3553/3018/1476
f 3552/3017/1475 3554/3019/1476 3553/3018/1476
f 3553/3018/1476 3554/3019/1476 3555/3020/1477
f 3554/3019/1476 3556/3021/1477 3555/3020/1477
f 3555/3020/1477 3556/3021/1477 3557/3022/1478
f 3556/3021/1477 3558/3023/1479 3557/3022/1478
f 3557/3022/1478 3558/3023/1479 3559/3024/1480
f 3558/3023/1479 3560/3025/1480 3559/3024/1480
f 3559/3024/1480 3560/3025/1480 3561/3026/1481
f 3560/3025/1480 3562/3027/1481 3561/3026/1481
f 3561/3026/1481 3562/3027/1481 3563/3028/1482
f 3562/3027/1481 3564/3029/1482 3563/3028/1482
f 3563/3028/1482 3564/3029/1482 3565/3030/1483
f 3564/3029/1482 3566/3031/1483 3565/3030/1483
f 3565/3030/1483 3566/3031/1483 3567/3032/1484
f 3566/3031/1483 3568/3033/1484 3567/3032/1484
f 3569/3034/1485 3570/3035/1485 3571/3036/1486
f 3570/3035/1485 3572/3037/1486 3571/3036/1486
f 3571/3036/1486 3572/3037/1486 3573/3038/1487
f 3572/3037/1486 3574/3039/1487 3573/3038/1487
f 3573/3038/1487 3574/3039/1487 3575/3040/1488
f 3574/3039/1487 3576/3041/1489 3575/3040/1488
f 3575/3040/1488 3576/3041/1489 3577/3042/1490
f 3576/3041/1489 3578/3043/1490 3577/3042/1490
f 3577/3042/1490 3578/3043/1490 3579/3044/1491
f 3578/3043/1490 3580/3045/1491 3579/3044/1491
f 3579/3044/1491 3580/3045/1491 3581/3046/1492
f 3580/3045/1491 3582/3047/1492 3581/3046/1492
f 3581/3046/1492 3582/3047/1492 3583/3048/1493
f 3582/3047/1492 3584/3049/1494 3583/3048/1493
f 3583/3048/1493 3584/3049/1494 3585/3050/1495
f 3584/3049/1494 3586/3051/1496 3585/3050/1495
f 3585/3050/1495 3586/3051/1496 3587/3033/1497
f 3586/3051/1496 3588/3032/1497 3587/3033/1497
f 3589/3052/12 3590/3053/12 3591/3054/128
f 3590/3053/12 3592/3055/12 3591/3054/128
f 3592/3055/12 3593/3056/12 3591/3054/128
f 3593/3056/12 3594/3057/12 3591/3054/128
f 3594/3057/12 3595/3058/12 3591/3054/128
f 3595/3058/12 3596/3059/12 3591/3054/128
f 3596/3059/12 3597/3060/12 3591/3054/128
f 3597/3060/12 3598/3061/12 3591/3054/128
f 3598/3061/12 3599/3062/12 3591/3054/128
f 3599/3062/12 3600/3063/12 3591/3054/128
f 3600/3063/12 3601/3064/12 3591/3054/128
f 3601/3064/12 3602/3065/12 3591/3054/128
f 3602/3065/12 3603/3066/12 3591/3054/128
f 3603/3066/12 3604/3067/12 3591/3054/128
f 3604/3067/12 3605/3068/12 3591/3054/128
f 3605/3068/12 3606/3069/12 3591/3054/128
f 3591/3054/128 3606/3069/12 3607/3070/12
f 3606/3069/12 3608/3071/12 3607/3070/12
f 3607/3070/12 3608/3071/12 3609/3072/12
f 3609/3072/12 3608/3071/12 3610/3073/12
f 3610/3073/12 3608/3071/12 3611/3074/12
f 3611/3074/12 3608/3071/12 3612/3075/12
f 3612/3075/12 3608/3071/12 3613/3076/12
f 3613/3076/12 3608/3071/12 3614/3077/12
f 3614/3077/12 3608/3071/12 3615/3078/12
f 3608/3071/12 3616/3079/12 3615/3078/12
f 3607/3070/12 3617/3080/12 3591/3054/128
f 3617/3080/12 3589/3052/12 3591/3054/128
f 3618/3081/1498 3619/3082/1499 3620/3083/1499
f 3619/3082/1499 3621/3084/1500 3620/3083/1499
f 3620/3083/1499 3621/3084/1500 3622/3085/1501
f 3622/3085/1501 3621/3084/1500 3623/3086/1502
f 3621/3084/1500 3624/3087/1503 3623/3086/1502
f 3623/3086/1502 3624/3087/1503 3625/3088/1504
f 3624/3087/1503 3626/3089/1504 3625/3088/1504
f 3625/3088/1504 3626/3089/1504 3627/3090/1505
f 3626/3089/1504 3628/3091/1505 3627/3090/1505
f 3627/3090/1505 3628/3091/1505 3629/3092/1506
f 3628/3091/1505 3630/3093/1507 3629/3092/1506
f 3629/3092/1506 3630/3093/1507 3631/3094/1508
f 3630/3093/1507 3632/3095/1508 3631/3094/1508
f 3631/3094/1508 3632/3095/1508 3633/3096/1509
f 3632/3095/1508 3634/3097/1509 3633/3096/1509
f 3620/3083/1499 3635/3098/1498 3618/3081/1498
f 3618/3081/1498 3635/3098/1498 3636/3099/1510
f 3635/3098/1498 3637/3100/1510 3636/3099/1510
f 3636/3099/1510 3637/3100/1510 3638/3101/1511
f 3637/3100/1510 3639/3102/1511 3638/3101/1511
f 3638/3101/1511 3639/3102/1511 3640/3103/1512
f 3639/3102/1511 3641/3104/1512 3640/3103/1512
f 3640/3103/1512 3641/3104/1512 3642/3105/1513
f 3641/3104/1512 3643/3106/1513 3642/3105/1513
f 3642/3105/1513 3643/3106/1513 3644/3107/1514
f 3643/3106/1513 3645/3108/1514 3644/3107/1514
f 3645/3108/1514 3646/3109/1515 3644/3107/1514
f 3644/3107/1514 3646/3109/1515 3647/3110/1515
f 3648/3111/361 3650/3112/1516 3649/3113/1516
f 3650/3112/1516 3651/3114/1517 3649/3113/1516
f 3649/3113/1516 3651/3114/1517 3652/3115/1518
f 3652/3115/1518 3651/3114/1517 3653/3116/184
f 3651/3114/1517 3654/3117/184 3653/3116/184
f 3653/3116/184 3654/3117/184 3655/3118/1519
f 3654/3117/184 3656/3119/1520 3655/3118/1519
f 3655/3118/1519 3656/3119/1520 3657/3120/1521
f 3656/3119/1520 3658/3121/1521 3657/3120/1521
f 3657/3120/1521 3658/3121/1521 3659/3122/1505
f 3658/3121/1521 3660/3123/1505 3659/3122/1505
f 3659/3122/1505 3660/3123/1505 3661/3124/1522
f 3660/3123/1505 3662/3125/1522 3661/3124/1522
f 3661/3124/1522 3662/3125/1522 3663/3126/1523
f 3662/3125/1522 3664/3127/1523 3663/3126/1523
f 3663/3126/1523 3664/3127/1523 3665/3128/1524
f 3664/3127/1523 3666/3129/1524 3665/3128/1524
f 3665/3128/1524 3666/3129/1524 3667/3130/1525
f 3666/3129/1524 3668/3131/1525 3667/3130/1525
f 3649/3113/1516 3669/3132/361 3648/3111/361
f 3648/3111/361 3669/3132/361 3670/3133/1526
f 3669/3132/361 3671/3134/1527 3670/3133/1526
f 3670/3133/1526 3671/3134/1527 3672/3135/1528
f 3671/3134/1527 3673/3136/1529 3672/3135/1528
f 3672/3135/1528 3673/3136/1529 3674/3137/1511
f 3673/3136/1529 3675/3138/1511 3674/3137/1511
f 3674/3137/1511 3675/3138/1511 3676/3139/1530
f 3675/3138/1511 3677/3140/1530 3676/3139/1530
f 3676/3139/1530 3677/3140/1530 3678/3141/1016
f 3677/3140/1530 3679/3142/1016 3678/3141/1016
f 3678/3141/1016 3679/3142/1016 3680/3143/174
f 3679/3142/1016 3681/3144/174 3680/3143/174
f 3680/3143/174 3681/3144/174 3682/3145/1531
f 3681/3144/174 3683/3146/1532 3682/3145/1531
f 3683/3146/1532 3684/3147/1533 3682/3145/1531
f 3682/3145/1531 3684/3147/1533 3685/3148/1533
f 3686/3149/361 3688/3150/1534 3687/3151/1516
f 3688/3150/1534 3689/3152/1517 3687/3151/1516
f 3687/3151/1516 3689/3152/1517 3690/3153/1517
f 3690/3153/1517 3689/3152/1517 3691/3154/1535
f 3689/3152/1517 3692/3155/1535 3691/3154/1535
f 3691/3154/1535 3692/3155/1535 3693/3156/1536
f 3692/3155/1535 3694/3157/1536 3693/3156/1536
f 3693/3156/1536 3694/3157/1536 3695/3158/1537
f 3694/3157/1536 3696/3159/1537 3695/3158/1537
f 3695/3158/1537 3696/3159/1537 3697/3160/1538
f 3696/3159/1537 3698/3161/1505 3697/3160/1538
f 3697/3160/1538 3698/3161/1505 3699/3162/1522
f 3698/3161/1505 3700/3163/1522 3699/3162/1522
f 3699/3162/1522 3700/3163/1522 3701/3164/1523
f 3700/3163/1522 3702/3165/1539 3701/3164/1523
f 3701/3164/1523 3702/3165/1539 3703/3166/1540
f 3702/3165/1539 3704/3167/1541 3703/3166/1540
f 3703/3166/1540 3704/3167/1541 3705/3168/1525
f 3704/3167/1541 3706/3169/1525 3705/3168/1525
f 3687/3151/1516 3707/3170/361 3686/3149/361
f 3686/3149/361 3707/3170/361 3708/3171/1526
f 3707/3170/361 3709/3172/1526 3708/3171/1526
f 3708/3171/1526 3709/3172/1526 3710/3173/1529
f 3709/3172/1526 3711/3174/1529 3710/3173/1529
f 3710/3173/1529 3711/3174/1529 3712/3175/1511
f 3711/3174/1529 3713/3176/1542 3712/3175/1511
f 3712/3175/1511 3713/3176/1542 3714/3177/1530
f 3713/3176/1542 3715/3178/1530 3714/3177/1530
f 3714/3177/1530 3715/3178/1530 3716/3179/1017
f 3715/3178/1530 3717/3180/1017 3716/3179/1017
f 3716/3179/1017 3717/3180/1017 3718/3181/1543
f 3717/3180/1017 3719/3182/174 3718/3181/1543
f 3718/3181/1543 3719/3182/174 3720/3183/1532
f 3719/3182/174 3721/3184/1532 3720/3183/1532
f 3721/3184/1532 3722/3185/1533 3720/3183/1532
f 3720/3183/1532 3722/3185/1533 3723/3186/1533
f 3724/3014/1478 3726/3187/1544 3725/3015/1478
f 3725/3015/1478 3726/3187/1544 3727/3188/1544
f 3727/3188/1544 3726/3187/1544 3728/3189/361
f 3726/3187/1544 3729/3190/361 3728/3189/361
f 3728/3189/361 3729/3190/361 3730/3191/1526
f 3729/3190/361 3731/3192/1526 3730/3191/1526
f 3730/3191/1526 3731/3192/1526 3732/3193/1529
f 3731/3192/1526 3733/3194/1529 3732/3193/1529
f 3732/3193/1529 3733/3194/1529 3734/3195/1511
f 3733/3194/1529 3735/3196/1542 3734/3195/1511
f 3734/3195/1511 3735/3196/1542 3736/3197/1530
f 3735/3196/1542 3737/3198/1545 3736/3197/1530
f 3736/3197/1530 3737/3198/1545 3738/3199/1016
f 3737/3198/1545 3739/3200/1016 3738/3199/1016
f 3738/3199/1016 3739/3200/1016 3740/3201/1543
f 3739/3200/1016 3741/3202/1543 3740/3201/1543
f 3742/3203/174 3743/3204/174 3744/3205/1531
f 3743/3204/174 3745/3206/1531 3744/3205/1531
f 3745/3206/1531 3746/3035/1490 3744/3205/1531
f 3744/3205/1531 3746/3035/1490 3747/3034/1490
f 3748/3207/12 3750/3208/12 3749/3209/12
f 3749/3209/12 3750/3208/12 3751/3210/12
f 3751/3210/12 3750/3208/12 3752/3211/12
f 3752/3211/12 3750/3208/12 3753/3212/12
f 3753/3212/12 3750/3208/12 3754/3213/12
f 3754/3213/12 3750/3208/12 3755/3214/12
f 3755/3214/12 3750/3208/12 3756/3215/12
f 3750/3208/12 3757/3216/12 3756/3215/12
f 3756/3215/12 3757/3216/12 3758/3217/12
f 3758/3217/12 3757/3216/12 3759/3218/12
f 3759/3218/12 3757/3216/12 3760/3219/12
f 3760/3219/12 3757/3216/12 3761/3220/12
f 3761/3220/12 3757/3216/12 3762/3221/12
f 3762/3221/12 3757/3216/12 3763/3222/12
f 3763/3222/12 3757/3216/12 3764/3223/12
f 3757/3216/12 3765/3224/12 3764/3223/12
f 3766/3225/12 3767/3226/12 3768/3227/12
f 3767/3226/12 3769/3228/12 3768/3227/12
f 3769/3228/12 3770/3229/12 3768/3227/12
f 3770/3229/12 3771/3230/12 3768/3227/12
f 3771/3230/12 3772/3231/12 3768/3227/12
f 3772/3231/12 3773/3232/12 3768/3227/12
f 3773/3232/12 3774/3233/12 3768/3227/12
f 3774/3233/12 3775/3234/12 3768/3227/12
f 3768/3227/12 3775/3234/12 3776/3235/12
f 3775/3234/12 3777/3236/12 3776/3235/12
f 3777/3236/12 3778/3237/12 3776/3235/12
f 3778/3237/12 3779/3238/12 3776/3235/12
f 3779/3238/12 3780/3239/12 3776/3235/12
f 3780/3239/12 3781/3240/12 3776/3235/12
f 3781/3240/12 3782/3241/12 3776/3235/12
f 3776/3235/12 3782/3241/12 3783/3242/12
f 3784/3243/12 3786/3244/12 3785/3245/12
f 3786/3244/12 3787/3246/12 3785/3245/12
f 3787/3246/12 3788/3247/12 3785/3245/12
f 3788/3247/12 3789/3248/12 3785/3245/12
f 3789/3248/12 3790/3249/12 3785/3245/12
f 3790/3249/12 3791/3250/12 3785/3245/12
f 3785/3245/12 3791/3250/12 3792/3251/12
f 3791/3250/12 3793/3252/12 3792/3251/12
f 3793/3252/12 3794/3253/12 3792/3251/12
f 3794/3253/12 3795/3254/12 3792/3251/12
f 3795/3254/12 3796/3255/12 3792/3251/12
f 3792/3251/12 3796/3255/12 3797/3256/12
f 3798/3257/1546 3800/3258/1547 3799/3259/1548
f 3799/3259/1548 3800/3258/1547 3801/3260/1549
f 3800/3258/1547 3802/3261/1550 3801/3260/1549
f 3802/3261/1550 3803/3262/1551 3801/3260/1549
f 3803/3262/1551 3804/3263/1552 3801/3260/1549
f 3804/3263/1552 3805/3264/1553 3801/3260/1549
f 3805/3264/1553 3806/3265/1554 3801/3260/1549
f 3801/3260/1549 3806/3265/1554 3799/3259/1548
f 3806/3265/1554 3807/3266/1555 3799/3259/1548
f 3807/3266/1555 3808/3267/1556 3799/3259/1548
f 3799/3259/1548 3808/3267/1556 3798/3257/1546
f 3808/3267/1556 3809/3268/67 3798/3257/1546
f 3798/3257/1546 3809/3268/67 3800/3258/1547
f 3809/3268/67 3810/3269/1557 3800/3258/1547
f 3800/3258/1547 3810/3269/1557 3802/3261/1550
f 3805/3264/1553 3811/3270/1558 3806/3265/1554
f 3811/3270/1558 3812/3271/1559 3806/3265/1554
f 3812/3271/1559 3813/3272/1560 3806/3265/1554
f 3806/3265/1554 3813/3272/1560 3814/3273/1561
f 3813/3272/1560 3815/3274/1562 3814/3273/1561
f 3815/3274/1562 3816/3275/1563 3814/3273/1561
f 3816/3275/1563 3807/3266/1555 3814/3273/1561
f 3814/3273/1561 3807/3266/1555 3806/3265/1554
f 3811/3270/1558 3805/3264/1553 3817/3276/1564
f 3817/3276/1564 3805/3264/1553 3804/3263/1552
f 3817/3276/1564 3818/3277/1565 3811/3270/1558
f 3818/3277/1565 3819/3278/1566 3811/3270/1558
f 3811/3270/1558 3819/3278/1566 3812/3271/1559
f 3819/3278/1566 3820/3279/1567 3812/3271/1559
f 3812/3271/1559 3820/3279/1567 3821/3280/1568
f 3821/3280/1568 3820/3279/1567 3822/3281/1523
f 3820/3279/1567 3819/3278/1566 3822/3281/1523
f 3822/3281/1523 3819/3278/1566 3823/3282/1569
f 3819/3278/1566 3818/3277/1565 3823/3282/1569
f 3818/3277/1565 3824/3283/1570 3823/3282/1569
f 3824/3283/1570 3825/3284/1571 3823/3282/1569
f 3825/3284/1571 3826/3285/1572 3823/3282/1569
f 3826/3285/1572 3827/3286/1573 3823/3282/1569
f 3823/3282/1569 3827/3286/1573 3822/3281/1523
f 3827/3286/1573 3828/3287/1574 3822/3281/1523
f 3822/3281/1523 3828/3287/1574 3821/3280/1568
f 3828/3287/1574 3829/3288/1575 3821/3280/1568
f 3821/3280/1568 3829/3288/1575 3813/3272/1560
f 3813/3272/1560 3829/3288/1575 3815/3274/1562
f 3829/3288/1575 3830/3289/1576 3815/3274/1562
f 3815/3274/1562 3830/3289/1576 3816/3275/1563
f 3830/3289/1576 3831/3290/1577 3816/3275/1563
f 3831/3290/1577 3832/3291/1578 3816/3275/1563
f 3816/3275/1563 3832/3291/1578 3807/3266/1555
f 3832/3291/1578 3833/3292/1579 3807/3266/1555
f 3807/3266/1555 3833/3292/1579 3808/3267/1556
f 3833/3292/1579 3834/3293/1580 3808/3267/1556
f 3808/3267/1556 3834/3293/1580 3809/3268/67
f 3821/3280/1568 3813/3272/1560 3812/3271/1559
f 3834/3293/1580 3833/3292/1579 3835/3294/1581
f 3835/3294/1581 3833/3292/1579 3836/3295/1582
f 3833/3292/1579 3832/3291/1578 3836/3295/1582
f 3836/3295/1582 3832/3291/1578 3837/3296/1583
f 3832/3291/1578 3831/3290/1577 3837/3296/1583
f 3837/3296/1583 3831/3290/1577 3838/3297/1584
f 3831/3290/1577 3830/3289/1576 3838/3297/1584
f 3838/3297/1584 3830/3289/1576 3839/3298/1562
f 3830/3289/1576 3840/3299/1585 3839/3298/1562
f 3839/3298/1562 3840/3299/1585 3841/3300/1586
f 3841/3300/1586 3840/3299/1585 3842/3301/1587
f 3842/3301/1587 3840/3299/1585 3843/3302/1588
f 3840/3299/1585 3829/3288/1575 3843/3302/1588
f 3843/3302/1588 3829/3288/1575 3828/3287/1574
f 3829/3288/1575 3840/3299/1585 3830/3289/1576
f 3841/3300/1586 3844/3303/1589 3839/3298/1562
f 3844/3303/1589 3838/3297/1584 3839/3298/1562
f 3844/3303/1589 3841/3300/1586 3845/3304/1590
f 3845/3304/1590 3841/3300/1586 3846/3305/1591
f 3841/3300/1586 3842/3301/1587 3846/3305/1591
f 3846/3305/1591 3842/3301/1587 3847/3306/1592
f 3842/3301/1587 3843/3302/1588 3847/3306/1592
f 3847/3306/1592 3843/3302/1588 3848/3307/1593
f 3843/3302/1588 3828/3287/1574 3848/3307/1593
f 3848/3307/1593 3828/3287/1574 3849/3308/1594
f 3828/3287/1574 3827/3286/1573 3849/3308/1594
f 3849/3308/1594 3850/3309/1595 3848/3307/1593
f 3850/3309/1595 3851/3310/1596 3848/3307/1593
f 3848/3307/1593 3851/3310/1596 3847/3306/1592
f 3849/3308/1594 3852/3311/1597 3850/3309/1595
f 3850/3309/1595 3852/3311/1597 3853/3312/1598
f 3853/3312/1598 3852/3311/1597 3854/3313/1599
f 3852/3311/1597 3855/3314/1600 3854/3313/1599
f 3854/3313/1599 3855/3314/1600 3856/3315/1601
f 3855/3314/1600 3827/3286/1573 3856/3315/1601
f 3827/3286/1573 3826/3285/1572 3856/3315/1601
f 3826/3285/1572 3857/3316/1602 3856/3315/1601
f 3856/3315/1601 3857/3316/1602 3858/3317/1603
f 3858/3317/1603 3857/3316/1602 3859/3318/1604
f 3859/3318/1604 3857/3316/1602 3860/3319/1605
f 3860/3319/1605 3857/3316/1602 3825/3284/1571
f 3857/3316/1602 3826/3285/1572 3825/3284/1571
f 3853/3312/1598 3861/3320/1606 3850/3309/1595
f 3861/3320/1606 3851/3310/1596 3850/3309/1595
f 3849/3308/1594 3827/3286/1573 3852/3311/1597
f 3827/3286/1573 3855/3314/1600 3852/3311/1597
f 3856/3315/1601 3858/3317/1603 3854/3313/1599
f 3859/3318/1604 3860/3319/1605 3862/3321/1607
f 3862/3321/1607 3860/3319/1605 3863/3322/1608
f 3863/3322/1608 3860/3319/1605 3864/3323/1609
f 3860/3319/1605 3825/3284/1571 3864/3323/1609
f 3862/3321/1607 3863/3322/1608 3865/3324/1610
f 3863/3322/1608 3866/3325/1611 3865/3324/1610
f 3865/3324/1610 3866/3325/1611 3867/3326/1612
f 3866/3325/1611 3868/3327/1613 3867/3326/1612
f 3867/3326/1612 3868/3327/1613 3869/3328/1614
f 3868/3327/1613 3870/3329/1615 3869/3328/1614
f 3869/3328/1614 3870/3329/1615 3871/3330/1616
f 3870/3329/1615 3872/3331/1617 3871/3330/1616
f 3871/3330/1616 3872/3331/1617 3873/3332/1618
f 3872/3331/1617 3874/3333/1619 3873/3332/1618
f 3873/3332/1618 3874/3333/1619 3875/3334/1620
f 3874/3333/1619 3876/3335/1621 3875/3334/1620
f 3875/3334/1620 3876/3335/1621 3877/3336/1622
f 3876/3335/1621 3878/3337/1623 3877/3336/1622
f 3877/3336/1622 3878/3337/1623 3879/3338/1624
f 3879/3338/1624 3878/3337/1623 3880/3339/1625
f 3878/3337/1623 3881/3340/1626 3880/3339/1625
f 3880/3339/1625 3881/3340/1626 3882/3341/1627
f 3881/3340/1626 3883/3342/1628 3882/3341/1627
f 3882/3341/1627 3883/3342/1628 3884/3343/1629
f 3883/3342/1628 3885/3344/1630 3884/3343/1629
f 3885/3344/1630 3886/3345/1631 3884/3343/1629
f 3884/3343/1629 3886/3345/1631 3887/3346/1632
f 3886/3345/1631 3888/3347/1633 3887/3346/1632
f 3887/3346/1632 3888/3347/1633 3889/3348/1634
f 3888/3347/1633 3890/3349/1635 3889/3348/1634
f 3889/3348/1634 3890/3349/1635 3891/3350/1636
f 3890/3349/1635 3892/3351/1637 3891/3350/1636
f 3891/3350/1636 3892/3351/1637 3893/3352/1638
f 3892/3351/1637 3894/3353/1639 3893/3352/1638
f 3893/3352/1638 3894/3353/1639 3895/3354/1640
f 3894/3353/1639 3896/3355/1641 3895/3354/1640
f 3895/3354/1640 3896/3355/1641 3897/3356/1642
f 3897/3356/1642 3896/3355/1641 3898/3357/1643
f 3896/3355/1641 3899/3358/1644 3898/3357/1643
f 3898/3357/1643 3899/3358/1644 3900/3359/1645
f 3899/3358/1644 3901/3360/1646 3900/3359/1645
f 3900/3359/1645 3901/3360/1646 3902/3361/1647
f 3901/3360/1646 3903/3362/1648 3902/3361/1647
f 3902/3361/1647 3903/3362/1648 3904/3363/1649
f 3903/3362/1648 3905/3364/1650 3904/3363/1649
f 3904/3363/1649 3905/3364/1650 3906/3365/1651
f 3906/3365/1651 3905/3364/1650 3907/3366/1652
f 3907/3366/1652 3905/3364/1650 3908/3367/1653
f 3905/3364/1650 3903/3362/1648 3908/3367/1653
f 3903/3362/1648 3901/3360/1646 3908/3367/1653
f 3908/3367/1653 3901/3360/1646 3909/3368/1654
f 3909/3368/1654 3901/3360/1646 3910/3369/1655
f 3901/3360/1646 3899/3358/1644 3910/3369/1655
f 3910/3369/1655 3899/3358/1644 3911/3370/1656
f 3899/3358/1644 3896/3355/1641 3911/3370/1656
f 3911/3370/1656 3896/3355/1641 3912/3371/1657
f 3896/3355/1641 3894/3353/1639 3912/3371/1657
f 3894/3353/1639 3892/3351/1637 3912/3371/1657
f 3912/3371/1657 3892/3351/1637 3913/3372/1658
f 3892/3351/1637 3890/3349/1635 3913/3372/1658
f 3913/3372/1658 3890/3349/1635 3914/3373/1659
f 3890/3349/1635 3888/3347/1633 3914/3373/1659
f 3914/3373/1659 3888/3347/1633 3915/3374/1660
f 3915/3374/1660 3888/3347/1633 3916/3375/1661
f 3888/3347/1633 3886/3345/1631 3916/3375/1661
f 3916/3375/1661 3886/3345/1631 3917/3376/1662
f 3886/3345/1631 3885/3344/1630 3917/3376/1662
f 3917/3376/1662 3885/3344/1630 3918/3377/1663
f 3885/3344/1630 3883/3342/1628 3918/3377/1663
f 3918/3377/1663 3883/3342/1628 3919/3378/1664
f 3883/3342/1628 3881/3340/1626 3919/3378/1664
f 3919/3378/1664 3881/3340/1626 3920/3379/1665
f 3881/3340/1626 3878/3337/1623 3920/3379/1665
f 3920/3379/1665 3878/3337/1623 3921/3380/1666
f 3878/3337/1623 3876/3335/1621 3921/3380/1666
f 3921/3380/1666 3876/3335/1621 3922/3381/1667
f 3876/3335/1621 3874/3333/1619 3922/3381/1667
f 3922/3381/1667 3874/3333/1619 3923/3382/1668
f 3874/3333/1619 3872/3331/1617 3923/3382/1668
f 3923/3382/1668 3872/3331/1617 3924/3383/1669
f 3872/3331/1617 3870/3329/1615 3924/3383/1669
f 3924/3383/1669 3870/3329/1615 3925/3384/1670
f 3870/3329/1615 3868/3327/1613 3925/3384/1670
f 3925/3384/1670 3868/3327/1613 3926/3385/1671
f 3868/3327/1613 3866/3325/1611 3926/3385/1671
f 3866/3325/1611 3863/3322/1608 3926/3385/1671
f 3926/3385/1671 3863/3322/1608 3927/3386/1672
f 3863/3322/1608 3864/3323/1609 3927/3386/1672
f 3906/3365/1651 3928/3387/894 3904/3363/1649
f 3927/3386/1672 3929/3388/1673 3926/3385/1671
f 3929/3388/1673 3930/3389/1674 3926/3385/1671
f 3926/3385/1671 3930/3389/1674 3925/3384/1670
f 3930/3389/1674 3931/3390/1675 3925/3384/1670
f 3925/3384/1670 3931/3390/1675 3924/3383/1669
f 3931/3390/1675 3932/3391/1676 3924/3383/1669
f 3924/3383/1669 3932/3391/1676 3923/3382/1668
f 3932/3391/1676 3933/3392/1677 3923/3382/1668
f 3923/3382/1668 3933/3392/1677 3922/3381/1667
f 3922/3381/1667 3933/3392/1677 3921/3380/1666
f 3933/3392/1677 3934/3393/1678 3921/3380/1666
f 3934/3393/1678 3935/3394/1679 3921/3380/1666
f 3921/3380/1666 3935/3394/1679 3920/3379/1665
f 3935/3394/1679 3936/3395/1680 3920/3379/1665
f 3920/3379/1665 3936/3395/1680 3919/3378/1664
f 3936/3395/1680 3937/3396/1681 3919/3378/1664
f 3919/3378/1664 3937/3396/1681 3918/3377/1663
f 3937/3396/1681 3938/3397/1682 3918/3377/1663
f 3918/3377/1663 3938/3397/1682 3917/3376/1662
f 3938/3397/1682 3939/3398/1683 3917/3376/1662
f 3917/3376/1662 3939/3398/1683 3916/3375/1661
f 3939/3398/1683 3940/3399/1684 3916/3375/1661
f 3916/3375/1661 3940/3399/1684 3915/3374/1660
f 3940/3399/1684 3941/3400/1685 3915/3374/1660
f 3915/3374/1660 3941/3400/1685 3914/3373/1659
f 3941/3400/1685 3942/3401/1686 3914/3373/1659
f 3914/3373/1659 3942/3401/1686 3913/3372/1658
f 3942/3401/1686 3943/3402/1687 3913/3372/1658
f 3913/3372/1658 3943/3402/1687 3912/3371/1657
f 3943/3402/1687 3944/3403/1688 3912/3371/1657
f 3912/3371/1657 3944/3403/1688 3911/3370/1656
f 3944/3403/1688 3945/3404/1689 3911/3370/1656
f 3911/3370/1656 3945/3404/1689 3910/3369/1655
f 3945/3404/1689 3946/3405/1690 3910/3369/1655
f 3910/3369/1655 3946/3405/1690 3909/3368/1654
f 3909/3368/1654 3946/3405/1690 3908/3367/1653
f 3946/3405/1690 3947/3406/1691 3908/3367/1653
f 3908/3367/1653 3947/3406/1691 3948/3407/1692
f 3948/3407/1692 3947/3406/1691 3949/3408/1693
f 3947/3406/1691 3946/3405/1690 3949/3408/1693
f 3949/3408/1693 3946/3405/1690 3950/3409/1694
f 3946/3405/1690 3945/3404/1689 3950/3409/1694
f 3950/3409/1694 3945/3404/1689 3951/3410/1695
f 3945/3404/1689 3944/3403/1688 3951/3410/1695
f 3951/3410/1695 3944/3403/1688 3952/3411/1696
f 3944/3403/1688 3943/3402/1687 3952/3411/1696
f 3952/3411/1696 3943/3402/1687 3953/3412/1697
f 3943/3402/1687 3942/3401/1686 3953/3412/1697
f 3953/3412/1697 3942/3401/1686 3954/3413/1698
f 3942/3401/1686 3941/3400/1685 3954/3413/1698
f 3954/3413/1698 3941/3400/1685 3955/3414/1699
f 3941/3400/1685 3940/3399/1684 3955/3414/1699
f 3955/3414/1699 3940/3399/1684 3956/3415/1700
f 3940/3399/1684 3939/3398/1683 3956/3415/1700
f 3956/3415/1700 3939/3398/1683 3957/3416/1701
f 3939/3398/1683 3938/3397/1682 3957/3416/1701
f 3957/3416/1701 3938/3397/1682 3958/3417/1702
f 3958/3417/1702 3938/3397/1682 3959/3418/1703
f 3938/3397/1682 3937/3396/1681 3959/3418/1703
f 3959/3418/1703 3937/3396/1681 3960/3419/1704
f 3937/3396/1681 3936/3395/1680 3960/3419/1704
f 3960/3419/1704 3936/3395/1680 3961/3420/1705
f 3936/3395/1680 3935/3394/1679 3961/3420/1705
f 3961/3420/1705 3935/3394/1679 3962/3421/1706
f 3935/3394/1679 3934/3393/1678 3962/3421/1706
f 3934/3393/1678 3933/3392/1677 3962/3421/1706
f 3962/3421/1706 3933/3392/1677 3963/3422/1707
f 3933/3392/1677 3932/3391/1676 3963/3422/1707
f 3963/3422/1707 3932/3391/1676 3964/3423/1708
f 3932/3391/1676 3931/3390/1675 3964/3423/1708
f 3964/3423/1708 3931/3390/1675 3965/3424/1709
f 3931/3390/1675 3930/3389/1674 3965/3424/1709
f 3965/3424/1709 3930/3389/1674 3966/3425/1710
f 3930/3389/1674 3929/3388/1673 3966/3425/1710
f 3966/3425/1710 3929/3388/1673 3967/3426/1711
f 3967/3426/1711 3929/3388/1673 3968/3427/1712
f 3929/3388/1673 3927/3386/1672 3968/3427/1712
f 3927/3386/1672 3864/3323/1609 3968/3427/1712
f 3968/3427/1712 3864/3323/1609 3969/3428/1713
f 3864/3323/1609 3824/3283/1570 3969/3428/1713
f 3969/3428/1713 3824/3283/1570 3970/3429/1714
f 3824/3283/1570 3818/3277/1565 3970/3429/1714
f 3970/3429/1714 3818/3277/1565 3971/3430/1715
f 3818/3277/1565 3817/3276/1564 3971/3430/1715
f 3817/3276/1564 3804/3263/1552 3971/3430/1715
f 3971/3430/1715 3804/3263/1552 3972/3431/1716
f 3804/3263/1552 3803/3262/1551 3972/3431/1716
f 3972/3431/1716 3803/3262/1551 3973/3432/1717
f 3973/3432/1717 3803/3262/1551 3974/3433/1718
f 3803/3262/1551 3802/3261/1550 3974/3433/1718
f 3974/3433/1718 3802/3261/1550 3975/3434/1719
f 3802/3261/1550 3810/3269/1557 3975/3434/1719
f 3975/3434/1719 3810/3269/1557 3976/3435/1720
f 3810/3269/1557 3809/3268/67 3976/3435/1720
f 3976/3435/1720 3809/3268/67 3977/3436/1721
f 3977/3436/1721 3809/3268/67 3978/3437/1722
f 3809/3268/67 3834/3293/1580 3978/3437/1722
f 3834/3293/1580 3835/3294/1581 3978/3437/1722
f 3978/3437/1722 3835/3294/1581 3979/3438/1723
f 3835/3294/1581 3980/3439/1724 3979/3438/1723
f 3979/3438/1723 3980/3439/1724 3981/3440/1725
f 3981/3440/1725 3980/3439/1724 3982/3441/894
f 3980/3439/1724 3836/3295/1582 3982/3441/894
f 3982/3441/894 3836/3295/1582 3983/3442/1726
f 3836/3295/1582 3837/3296/1583 3983/3442/1726
f 3983/3442/1726 3837/3296/1583 3984/3443/1727
f 3837/3296/1583 3838/3297/1584 3984/3443/1727
f 3984/3443/1727 3838/3297/1584 3985/3444/1728
f 3838/3297/1584 3844/3303/1589 3985/3444/1728
f 3948/3407/1692 3907/3366/1652 3908/3367/1653
f 3864/3323/1609 3825/3284/1571 3824/3283/1570
f 3836/3295/1582 3980/3439/1724 3835/3294/1581
f 3985/3444/1728 3986/3445/1729 3984/3443/1727
f 3986/3445/1729 3987/3446/1730 3984/3443/1727
f 3984/3443/1727 3987/3446/1730 3983/3442/1726
f 3987/3446/1730 3988/3447/1731 3983/3442/1726
f 3983/3442/1726 3988/3447/1731 3982/3441/894
f 3988/3447/1731 3989/3448/1732 3982/3441/894
f 3982/3441/894 3989/3448/1732 3981/3440/1725
f 3989/3448/1732 3990/3449/1733 3981/3440/1725
f 3981/3440/1725 3990/3449/1733 3979/3438/1723
f 3990/3449/1733 3991/3450/1734 3979/3438/1723
f 3979/3438/1723 3991/3450/1734 3978/3437/1722
f 3991/3450/1734 3992/3451/1735 3978/3437/1722
f 3992/3451/1735 3993/3452/1736 3978/3437/1722
f 3978/3437/1722 3993/3452/1736 3977/3436/1721
f 3977/3436/1721 3993/3452/1736 3976/3435/1720
f 3993/3452/1736 3994/3453/1737 3976/3435/1720
f 3994/3453/1737 3995/3454/1738 3976/3435/1720
f 3976/3435/1720 3995/3454/1738 3996/3455/1739
f 3995/3454/1738 3997/3456/1740 3996/3455/1739
f 3996/3455/1739 3997/3456/1740 3998/3457/1741
f 3998/3457/1741 3997/3456/1740 3999/3458/1742
f 3997/3456/1740 4000/3459/1743 3999/3458/1742
f 3999/3458/1742 4000/3459/1743 4001/3460/1744
f 4000/3459/1743 4002/3461/1745 4001/3460/1744
f 4002/3461/1745 4003/3462/1746 4001/3460/1744
f 4001/3460/1744 4003/3462/1746 4004/3463/1747
f 4003/3462/1746 4005/3464/1748 4004/3463/1747
f 4004/3463/1747 4005/3464/1748 4006/3465/1749
f 4005/3464/1748 4007/3466/1750 4006/3465/1749
f 4006/3465/1749 4007/3466/1750 4008/3467/1751
f 4007/3466/1750 4009/3468/1752 4008/3467/1751
f 4008/3467/1751 4009/3468/1752 4010/3469/1753
f 4009/3468/1752 4011/3470/1754 4010/3469/1753
f 4010/3469/1753 4011/3470/1754 4012/3471/1755
f 4011/3470/1754 4013/3472/1756 4012/3471/1755
f 4012/3471/1755 4013/3472/1756 4014/3473/1757
f 4013/3472/1756 4015/3474/1758 4014/3473/1757
f 4014/3473/1757 4015/3474/1758 4016/3475/1759
f 4015/3474/1758 4017/3476/1760 4016/3475/1759
f 4016/3475/1759 4017/3476/1760 4018/3477/1761
f 4017/3476/1760 4019/3478/1762 4018/3477/1761
f 4018/3477/1761 4019/3478/1762 4020/3479/1763
f 4019/3478/1762 4021/3480/1764 4020/3479/1763
f 4020/3479/1763 4021/3480/1764 4022/3481/1765
f 4022/3481/1765 4021/3480/1764 4023/3482/1766
f 4021/3480/1764 4024/3483/1767 4023/3482/1766
f 4023/3482/1766 4024/3483/1767 4025/3484/1768
f 4024/3483/1767 4026/3485/1769 4025/3484/1768
f 4025/3484/1768 4026/3485/1769 4027/3486/1770
f 4026/3485/1769 4028/3487/1771 4027/3486/1770
f 4027/3486/1770 4028/3487/1771 4029/3488/1772
f 4028/3487/1771 4030/3489/1773 4029/3488/1772
f 4029/3488/1772 4030/3489/1773 4031/3490/1774
f 4030/3489/1773 4032/3491/1775 4031/3490/1774
f 4032/3491/1775 4033/3492/1776 4031/3490/1774
f 4031/3490/1774 4033/3492/1776 4034/3493/1777
f 4033/3492/1776 4035/3494/1778 4034/3493/1777
f 4034/3493/1777 4035/3494/1778 4036/3495/1779
f 4035/3494/1778 4037/3496/1780 4036/3495/1779
f 4036/3495/1779 4037/3496/1780 4038/3497/1781
f 4037/3496/1780 4039/3498/1782 4038/3497/1781
f 4038/3497/1781 4039/3498/1782 4040/3499/1783
f 4040/3499/1783 4039/3498/1782 4041/3500/1784
f 4039/3498/1782 4042/3501/1785 4041/3500/1784
f 4041/3500/1784 4042/3501/1785 4043/3502/1786
f 4042/3501/1785 4044/3503/1787 4043/3502/1786
f 4044/3503/1787 4045/3504/1788 4043/3502/1786
f 4045/3504/1788 4046/3505/1789 4043/3502/1786
f 4043/3502/1786 4046/3505/1789 4047/3506/1790
f 4046/3505/1789 4048/3507/1791 4047/3506/1790
f 4047/3506/1790 4048/3507/1791 4049/3508/1792
f 4048/3507/1791 4050/3509/12 4049/3508/1792
f 4049/3508/1792 4050/3509/12 4041/3500/1784
f 4050/3509/12 4051/3510/12 4041/3500/1784
f 4041/3500/1784 4051/3510/12 4040/3499/1783
f 4051/3510/12 4052/3511/1793 4040/3499/1783
f 4040/3499/1783 4052/3511/1793 4038/3497/1781
f 4052/3511/1793 4053/3512/1794 4038/3497/1781
f 4038/3497/1781 4053/3512/1794 4036/3495/1779
f 4053/3512/1794 4054/3513/1795 4036/3495/1779
f 4036/3495/1779 4054/3513/1795 4034/3493/1777
f 4054/3513/1795 4055/3514/1796 4034/3493/1777
f 4034/3493/1777 4055/3514/1796 4031/3490/1774
f 4055/3514/1796 4056/3515/1797 4031/3490/1774
f 4031/3490/1774 4056/3515/1797 4029/3488/1772
f 4056/3515/1797 4057/3516/1798 4029/3488/1772
f 4029/3488/1772 4057/3516/1798 4027/3486/1770
f 4057/3516/1798 4058/3517/1799 4027/3486/1770
f 4027/3486/1770 4058/3517/1799 4025/3484/1768
f 4058/3517/1799 4059/3518/1798 4025/3484/1768
f 4025/3484/1768 4059/3518/1798 4023/3482/1766
f 4059/3518/1798 4060/3519/12 4023/3482/1766
f 4023/3482/1766 4060/3519/12 4022/3481/1765
f 4060/3519/12 4061/3520/1800 4022/3481/1765
f 4022/3481/1765 4061/3520/1800 4020/3479/1763
f 4061/3520/1800 4062/3521/1801 4020/3479/1763
f 4020/3479/1763 4062/3521/1801 4018/3477/1761
f 4062/3521/1801 4063/3522/1802 4018/3477/1761
f 4018/3477/1761 4063/3522/1802 4016/3475/1759
f 4063/3522/1802 4064/3523/1803 4016/3475/1759
f 4016/3475/1759 4064/3523/1803 4014/3473/1757
f 4014/3473/1757 4064/3523/1803 4012/3471/1755
f 4064/3523/1803 4065/3524/1208 4012/3471/1755
f 4012/3471/1755 4065/3524/1208 4010/3469/1753
f 4065/3524/1208 4066/3525/1804 4010/3469/1753
f 4010/3469/1753 4066/3525/1804 4008/3467/1751
f 4066/3525/1804 4067/3526/444 4008/3467/1751
f 4008/3467/1751 4067/3526/444 4006/3465/1749
f 4067/3526/444 4068/3527/1805 4006/3465/1749
f 4006/3465/1749 4068/3527/1805 4004/3463/1747
f 4068/3527/1805 4069/3528/1806 4004/3463/1747
f 4004/3463/1747 4069/3528/1806 4001/3460/1744
f 4069/3528/1806 4070/3529/1807 4001/3460/1744
f 4001/3460/1744 4070/3529/1807 3999/3458/1742
f 4070/3529/1807 4071/3530/899 3999/3458/1742
f 3999/3458/1742 4071/3530/899 3998/3457/1741
f 4071/3530/899 4072/3531/1808 3998/3457/1741
f 3998/3457/1741 4072/3531/1808 3996/3455/1739
f 4072/3531/1808 3975/3434/1719 3996/3455/1739
f 3996/3455/1739 3975/3434/1719 3976/3435/1720
f 3975/3434/1719 4072/3531/1808 3974/3433/1718
f 4072/3531/1808 4071/3530/899 3974/3433/1718
f 3974/3433/1718 4071/3530/899 4073/3532/1809
f 4071/3530/899 4070/3529/1807 4073/3532/1809
f 4073/3532/1809 4070/3529/1807 4074/3533/1810
f 4070/3529/1807 4069/3528/1806 4074/3533/1810
f 4043/3502/1786 4047/3506/1790 4041/3500/1784
f 4047/3506/1790 4049/3508/1792 4041/3500/1784
f 3974/3433/1718 4073/3532/1809 3973/3432/1717
f 4073/3532/1809 4075/3534/1811 3973/3432/1717
f 4075/3534/1811 4076/3535/1812 3973/3432/1717
f 3973/3432/1717 4076/3535/1812 3972/3431/1716
f 3972/3431/1716 4076/3535/1812 3971/3430/1715
f 4076/3535/1812 4077/3536/1564 3971/3430/1715
f 3971/3430/1715 4077/3536/1564 3970/3429/1714
f 4077/3536/1564 4078/3537/1813 3970/3429/1714
f 3970/3429/1714 4078/3537/1813 3969/3428/1713
f 3969/3428/1713 4078/3537/1813 3968/3427/1712
f 3968/3427/1712 4078/3537/1813 3967/3426/1711
f 3967/3426/1711 4078/3537/1813 4079/3538/1814
f 4078/3537/1813 4077/3536/1564 4079/3538/1814
f 4077/3536/1564 4076/3535/1812 4079/3538/1814
f 4079/3538/1814 4076/3535/1812 4080/3539/1815
f 4076/3535/1812 4075/3534/1811 4080/3539/1815
f 4080/3539/1815 4075/3534/1811 4081/3540/1816
f 4075/3534/1811 4074/3533/1810 4081/3540/1816
f 4081/3540/1816 4074/3533/1810 4082/3541/1817
f 4074/3533/1810 4069/3528/1806 4082/3541/1817
f 4069/3528/1806 4068/3527/1805 4082/3541/1817
f 4082/3541/1817 4068/3527/1805 4083/3542/1818
f 4068/3527/1805 4067/3526/444 4083/3542/1818
f 4075/3534/1811 4073/3532/1809 4074/3533/1810
f 4083/3542/1818 4084/3543/1819 4082/3541/1817
f 4082/3541/1817 4084/3543/1819 4081/3540/1816
f 4081/3540/1816 4084/3543/1819 4080/3539/1815
f 4084/3543/1819 4085/3544/1820 4080/3539/1815
f 4080/3539/1815 4085/3544/1820 4079/3538/1814
f 4085/3544/1820 4086/3545/1821 4079/3538/1814
f 4079/3538/1814 4086/3545/1821 3967/3426/1711
f 3967/3426/1711 4086/3545/1821 3966/3425/1710
f 4086/3545/1821 4087/3546/1822 3966/3425/1710
f 3966/3425/1710 4087/3546/1822 3965/3424/1709
f 4087/3546/1822 4086/3545/1821 4088/3547/1823
f 4086/3545/1821 4085/3544/1820 4088/3547/1823
f 4088/3547/1823 4085/3544/1820 4089/3548/1824
f 4085/3544/1820 4084/3543/1819 4089/3548/1824
f 4084/3543/1819 4083/3542/1818 4089/3548/1824
f 4089/3548/1824 4083/3542/1818 4090/3549/1825
f 4083/3542/1818 4067/3526/444 4090/3549/1825
f 4090/3549/1825 4091/3550/1826 4089/3548/1824
f 4089/3548/1824 4091/3550/1826 4088/3547/1823
f 4091/3550/1826 4092/3551/1827 4088/3547/1823
f 4088/3547/1823 4092/3551/1827 4087/3546/1822
f 4092/3551/1827 4093/3552/1828 4087/3546/1822
f 4087/3546/1822 4093/3552/1828 3965/3424/1709
f 3965/3424/1709 4093/3552/1828 3964/3423/1708
f 4093/3552/1828 4094/3553/1829 3964/3423/1708
f 3964/3423/1708 4094/3553/1829 3963/3422/1707
f 4094/3553/1829 4093/3552/1828 4095/3554/1830
f 4093/3552/1828 4092/3551/1827 4095/3554/1830
f 4095/3554/1830 4092/3551/1827 4096/3555/1831
f 4092/3551/1827 4091/3550/1826 4096/3555/1831
f 4096/3555/1831 4091/3550/1826 4097/3556/1832
f 4091/3550/1826 4090/3549/1825 4097/3556/1832
f 4090/3549/1825 4067/3526/444 4097/3556/1832
f 4067/3526/444 4066/3525/1804 4097/3556/1832
f 4066/3525/1804 4065/3524/1208 4097/3556/1832
f 4097/3556/1832 4065/3524/1208 4098/3557/1833
f 4065/3524/1208 4064/3523/1803 4098/3557/1833
f 4098/3557/1833 4099/3558/1834 4097/3556/1832
f 4097/3556/1832 4099/3558/1834 4096/3555/1831
f 4096/3555/1831 4099/3558/1834 4095/3554/1830
f 4099/3558/1834 4100/3559/1835 4095/3554/1830
f 4095/3554/1830 4100/3559/1835 4094/3553/1829
f 4100/3559/1835 4101/3560/1836 4094/3553/1829
f 4094/3553/1829 4101/3560/1836 3963/3422/1707
f 3963/3422/1707 4101/3560/1836 3962/3421/1706
f 4101/3560/1836 4102/3561/1837 3962/3421/1706
f 3962/3421/1706 4102/3561/1837 3961/3420/1705
f 3961/3420/1705 4102/3561/1837 3960/3419/1704
f 4102/3561/1837 4103/3562/1838 3960/3419/1704
f 3960/3419/1704 4103/3562/1838 3959/3418/1703
f 4103/3562/1838 4104/3563/1839 3959/3418/1703
f 3959/3418/1703 4104/3563/1839 3958/3417/1702
f 4104/3563/1839 4105/3564/1840 3958/3417/1702
f 3958/3417/1702 4105/3564/1840 3957/3416/1701
f 4105/3564/1840 4106/3565/1841 3957/3416/1701
f 3957/3416/1701 4106/3565/1841 3956/3415/1700
f 4106/3565/1841 4107/3566/1842 3956/3415/1700
f 3956/3415/1700 4107/3566/1842 3955/3414/1699
f 4107/3566/1842 4108/3567/1843 3955/3414/1699
f 3955/3414/1699 4108/3567/1843 3954/3413/1698
f 4108/3567/1843 4109/3568/1844 3954/3413/1698
f 3954/3413/1698 4109/3568/1844 3953/3412/1697
f 4109/3568/1844 4110/3569/1845 3953/3412/1697
f 3953/3412/1697 4110/3569/1845 3952/3411/1696
f 4110/3569/1845 4111/3570/1846 3952/3411/1696
f 3952/3411/1696 4111/3570/1846 3951/3410/1695
f 4111/3570/1846 4112/3571/1847 3951/3410/1695
f 4112/3571/1847 4113/3572/1848 3951/3410/1695
f 3951/3410/1695 4113/3572/1848 3950/3409/1694
f 4113/3572/1848 4114/3573/1849 3950/3409/1694
f 3950/3409/1694 4114/3573/1849 3949/3408/1693
f 4114/3573/1849 4115/3574/1850 3949/3408/1693
f 3949/3408/1693 4115/3574/1850 3948/3407/1692
f 4115/3574/1850 4116/3575/1851 3948/3407/1692
f 4116/3575/1851 4117/3576/242 3948/3407/1692
f 3948/3407/1692 4117/3576/242 3907/3366/1652
f 4117/3576/242 4118/3577/1852 3907/3366/1652
f 3907/3366/1652 4118/3577/1852 3906/3365/1651
f 4118/3577/1852 4119/3578/1853 3906/3365/1651
f 3906/3365/1651 4119/3578/1853 3928/3387/894
f 4119/3578/1853 4120/3579/1854 3928/3387/894
f 3928/3387/894 4120/3579/1854 4121/3580/1855
f 4121/3580/1855 4120/3579/1854 4122/3581/1856
f 4120/3579/1854 4123/3582/1857 4122/3581/1856
f 4122/3581/1856 4123/3582/1857 4124/3583/1858
f 4123/3582/1857 4125/3584/1859 4124/3583/1858
f 4124/3583/1858 4125/3584/1859 4126/3585/36
f 4126/3585/36 4125/3584/1859 4127/3586/1860
f 4125/3584/1859 4128/3587/1861 4127/3586/1860
f 4127/3586/1860 4128/3587/1861 4045/3504/1788
f 4045/3504/1788 4128/3587/1861 4046/3505/1789
f 4128/3587/1861 4129/3588/1862 4046/3505/1789
f 4129/3588/1862 4130/3589/118 4046/3505/1789
f 4130/3589/118 4131/3590/264 4046/3505/1789
f 4046/3505/1789 4131/3590/264 4048/3507/1791
f 4048/3507/1791 4131/3590/264 4050/3509/12
f 4131/3590/264 4132/3591/1863 4050/3509/12
f 4050/3509/12 4132/3591/1863 4051/3510/12
f 4132/3591/1863 4133/3592/1864 4051/3510/12
f 4051/3510/12 4133/3592/1864 4052/3511/1793
f 4133/3592/1864 4134/3593/1865 4052/3511/1793
f 4052/3511/1793 4134/3593/1865 4053/3512/1794
f 4134/3593/1865 4135/3594/1866 4053/3512/1794
f 4053/3512/1794 4135/3594/1866 4054/3513/1795
f 4135/3594/1866 4136/3595/1867 4054/3513/1795
f 4054/3513/1795 4136/3595/1867 4055/3514/1796
f 4055/3514/1796 4136/3595/1867 4056/3515/1797
f 4136/3595/1867 4137/3596/1868 4056/3515/1797
f 4137/3596/1868 4138/3597/1869 4056/3515/1797
f 4056/3515/1797 4138/3597/1869 4057/3516/1798
f 4138/3597/1869 4139/3598/1870 4057/3516/1798
f 4057/3516/1798 4139/3598/1870 4058/3517/1799
f 4139/3598/1870 4140/3599/1871 4058/3517/1799
f 4058/3517/1799 4140/3599/1871 4059/3518/1798
f 4059/3518/1798 4140/3599/1871 4060/3519/12
f 4140/3599/1871 4141/3600/1872 4060/3519/12
f 4060/3519/12 4141/3600/1872 4061/3520/1800
f 4141/3600/1872 4142/3601/1873 4061/3520/1800
f 4061/3520/1800 4142/3601/1873 4062/3521/1801
f 4142/3601/1873 4143/3602/1874 4062/3521/1801
f 4062/3521/1801 4143/3602/1874 4063/3522/1802
f 4143/3602/1874 4144/3603/1875 4063/3522/1802
f 4063/3522/1802 4144/3603/1875 4064/3523/1803
f 4144/3603/1875 4145/3604/1876 4064/3523/1803
f 4064/3523/1803 4145/3604/1876 4098/3557/1833
f 4098/3557/1833 4145/3604/1876 4099/3558/1834
f 4145/3604/1876 4146/3605/1877 4099/3558/1834
f 4099/3558/1834 4146/3605/1877 4100/3559/1835
f 4146/3605/1877 4147/3606/1878 4100/3559/1835
f 4100/3559/1835 4147/3606/1878 4101/3560/1836
f 4101/3560/1836 4147/3606/1878 4102/3561/1837
f 4147/3606/1878 4148/3607/1879 4102/3561/1837
f 4102/3561/1837 4148/3607/1879 4103/3562/1838
f 4124/3583/1858 4149/3608/2 4122/3581/1856
f 4045/3504/1788 4150/3609/12 4127/3586/1860
f 4129/3588/1862 4128/3587/1861 4125/3584/1859
f 4145/3604/1876 4144/3603/1875 4146/3605/1877
f 4144/3603/1875 4151/3610/1880 4146/3605/1877
f 4146/3605/1877 4151/3610/1880 4147/3606/1878
f 4147/3606/1878 4151/3610/1880 4148/3607/1879
f 4151/3610/1880 4152/3611/1881 4148/3607/1879
f 4152/3611/1881 4153/3612/1882 4148/3607/1879
f 4148/3607/1879 4153/3612/1882 4103/3562/1838
f 4103/3562/1838 4153/3612/1882 4104/3563/1839
f 4153/3612/1882 4154/3613/1883 4104/3563/1839
f 4104/3563/1839 4154/3613/1883 4105/3564/1840
f 4144/3603/1875 4143/3602/1874 4151/3610/1880
f 4151/3610/1880 4143/3602/1874 4152/3611/1881
f 4143/3602/1874 4142/3601/1873 4152/3611/1881
f 4152/3611/1881 4142/3601/1873 4155/3614/1884
f 4142/3601/1873 4141/3600/1872 4155/3614/1884
f 4155/3614/1884 4141/3600/1872 4156/3615/1885
f 4141/3600/1872 4140/3599/1871 4156/3615/1885
f 4152/3611/1881 4155/3614/1884 4153/3612/1882
f 4153/3612/1882 4155/3614/1884 4154/3613/1883
f 4155/3614/1884 4156/3615/1885 4154/3613/1883
f 4156/3615/1885 4157/3616/1886 4154/3613/1883
f 4154/3613/1883 4157/3616/1886 4105/3564/1840
f 4105/3564/1840 4157/3616/1886 4106/3565/1841
f 4157/3616/1886 4158/3617/1887 4106/3565/1841
f 4106/3565/1841 4158/3617/1887 4107/3566/1842
f 4114/3573/1849 4159/3618/1888 4115/3574/1850
f 4115/3574/1850 4159/3618/1888 4116/3575/1851
f 4158/3617/1887 4157/3616/1886 4160/3619/1889
f 4157/3616/1886 4156/3615/1885 4160/3619/1889
f 4156/3615/1885 4140/3599/1871 4160/3619/1889
f 4140/3599/1871 4139/3598/1870 4160/3619/1889
f 4160/3619/1889 4139/3598/1870 4161/3620/1890
f 4139/3598/1870 4138/3597/1869 4161/3620/1890
f 4160/3619/1889 4161/3620/1890 4158/3617/1887
f 4161/3620/1890 4162/3621/1891 4158/3617/1887
f 4158/3617/1887 4162/3621/1891 4107/3566/1842
f 4107/3566/1842 4162/3621/1891 4108/3567/1843
f 4162/3621/1891 4163/3622/1892 4108/3567/1843
f 4108/3567/1843 4163/3622/1892 4109/3568/1844
f 4163/3622/1892 4162/3621/1891 4164/3623/1893
f 4162/3621/1891 4161/3620/1890 4164/3623/1893
f 4161/3620/1890 4138/3597/1869 4164/3623/1893
f 4138/3597/1869 4137/3596/1868 4164/3623/1893
f 4164/3623/1893 4137/3596/1868 4165/3624/1894
f 4137/3596/1868 4136/3595/1867 4165/3624/1894
f 4164/3623/1893 4165/3624/1894 4163/3622/1892
f 4165/3624/1894 4166/3625/1895 4163/3622/1892
f 4163/3622/1892 4166/3625/1895 4109/3568/1844
f 4109/3568/1844 4166/3625/1895 4110/3569/1845
f 4166/3625/1895 4167/3626/1896 4110/3569/1845
f 4110/3569/1845 4167/3626/1896 4111/3570/1846
f 4167/3626/1896 4166/3625/1895 4168/3627/1897
f 4166/3625/1895 4165/3624/1894 4168/3627/1897
f 4165/3624/1894 4136/3595/1867 4168/3627/1897
f 4136/3595/1867 4135/3594/1866 4168/3627/1897
f 4168/3627/1897 4135/3594/1866 4169/3628/1898
f 4135/3594/1866 4134/3593/1865 4169/3628/1898
f 4168/3627/1897 4169/3628/1898 4167/3626/1896
f 4169/3628/1898 4170/3629/1899 4167/3626/1896
f 4167/3626/1896 4170/3629/1899 4111/3570/1846
f 4111/3570/1846 4170/3629/1899 4112/3571/1847
f 4170/3629/1899 4171/3630/1900 4112/3571/1847
f 4112/3571/1847 4171/3630/1900 4113/3572/1848
f 4171/3630/1900 4170/3629/1899 4172/3631/1901
f 4170/3629/1899 4169/3628/1898 4172/3631/1901
f 4169/3628/1898 4134/3593/1865 4172/3631/1901
f 4134/3593/1865 4133/3592/1864 4172/3631/1901
f 4172/3631/1901 4133/3592/1864 4173/3632/1902
f 4133/3592/1864 4132/3591/1863 4173/3632/1902
f 4172/3631/1901 4173/3632/1902 4171/3630/1900
f 4173/3632/1902 4174/3633/1903 4171/3630/1900
f 4171/3630/1900 4174/3633/1903 4113/3572/1848
f 4113/3572/1848 4174/3633/1903 4114/3573/1849
f 4174/3633/1903 4175/3634/1904 4114/3573/1849
f 4114/3573/1849 4175/3634/1904 4159/3618/1888
f 4175/3634/1904 4176/3635/1905 4159/3618/1888
f 4159/3618/1888 4176/3635/1905 4116/3575/1851
f 4176/3635/1905 4177/3636/1906 4116/3575/1851
f 4116/3575/1851 4177/3636/1906 4117/3576/242
f 4177/3636/1906 4178/3637/1907 4117/3576/242
f 4117/3576/242 4178/3637/1907 4118/3577/1852
f 4178/3637/1907 4179/3638/1908 4118/3577/1852
f 4118/3577/1852 4179/3638/1908 4119/3578/1853
f 4179/3638/1908 4178/3637/1907 4119/3578/1853
f 4119/3578/1853 4178/3637/1907 4120/3579/1854
f 4120/3579/1854 4178/3637/1907 4123/3582/1857
f 4178/3637/1907 4177/3636/1906 4123/3582/1857
f 4123/3582/1857 4177/3636/1906 4125/3584/1859
f 4177/3636/1906 4180/3639/1909 4125/3584/1859
f 4125/3584/1859 4180/3639/1909 4129/3588/1862
f 4180/3639/1909 4181/3640/1910 4129/3588/1862
f 4129/3588/1862 4181/3640/1910 4130/3589/118
f 4130/3589/118 4181/3640/1910 4182/3641/1911
f 4181/3640/1910 4175/3634/1904 4182/3641/1911
f 4175/3634/1904 4174/3633/1903 4182/3641/1911
f 4174/3633/1903 4173/3632/1902 4182/3641/1911
f 4173/3632/1902 4132/3591/1863 4182/3641/1911
f 4132/3591/1863 4131/3590/264 4182/3641/1911
f 4182/3641/1911 4131/3590/264 4130/3589/118
f 4177/3636/1906 4176/3635/1905 4180/3639/1909
f 4180/3639/1909 4176/3635/1905 4181/3640/1910
f 4176/3635/1905 4175/3634/1904 4181/3640/1910
f 4183/3642/4 4184/3313/4 4185/3643/4
f 4184/3313/4 4186/3317/4 4185/3643/4
f 4185/3643/4 4186/3317/4 4187/3644/4
f 4183/3642/4 4188/3645/4 4184/3313/4
f 4184/3313/4 4188/3645/4 4189/3312/4
f 4188/3645/4 4190/3646/4 4189/3312/4
f 4189/3312/4 4190/3646/4 4191/3320/4
f 4190/3646/4 4192/3647/4 4191/3320/4
f 4191/3320/4 4192/3647/4 4193/3648/4
f 4192/3647/4 4194/3649/4 4193/3648/4
f 4193/3648/4 4194/3649/4 4195/3650/4
f 4195/3650/4 4194/3649/4 4196/3651/4
f 4194/3649/4 4197/3652/4 4196/3651/4
f 4196/3651/4 4197/3652/4 4198/3653/4
f 4197/3652/4 4199/3654/4 4198/3653/4
f 4198/3653/4 4199/3654/4 4200/3655/4
f 4199/3654/4 4201/3656/4 4200/3655/4
f 4200/3655/4 4201/3656/4 4202/3657/4
f 4201/3656/4 4203/3658/4 4202/3657/4
f 4202/3657/4 4203/3658/4 4204/3659/4
f 4203/3658/4 4205/3660/4 4204/3659/4
f 4204/3659/4 4205/3660/4 4206/3661/4
f 4205/3660/4 4207/3662/4 4206/3661/4
f 4206/3661/4 4207/3662/4 4208/3663/1912
f 4207/3662/4 4209/3664/1912 4208/3663/1912
f 4208/3663/1912 4209/3664/1912 4210/3665/1913
f 4209/3664/1912 4211/3666/1913 4210/3665/1913
f 4210/3665/1913 4211/3666/1913 4212/3667/1914
f 4211/3666/1913 4213/3668/1914 4212/3667/1914
f 4212/3667/1914 4213/3668/1914 4214/3669/1915
f 4213/3668/1914 4215/3670/1915 4214/3669/1915
f 4214/3669/1915 4215/3670/1915 4216/3671/1916
f 4215/3670/1915 4217/3672/1916 4216/3671/1916
f 4216/3671/1916 4217/3672/1916 4218/3673/1917
f 4217/3672/1916 4219/3674/1917 4218/3673/1917
f 4218/3673/1917 4219/3674/1917 4220/3675/1918
f 4219/3674/1917 4221/3676/1919 4220/3675/1918
f 4220/3675/1918 4221/3676/1919 4222/3677/1920
f 4221/3676/1919 4223/3678/1921 4222/3677/1920
f 4222/3677/1920 4223/3678/1921 4224/3679/1922
f 4223/3678/1921 4225/3680/1922 4224/3679/1922
f 4224/3679/1922 4225/3680/1922 4226/3681/1923
f 4225/3680/1922 4227/3682/1924 4226/3681/1923
f 4226/3681/1923 4227/3682/1924 4228/3683/1925
f 4227/3682/1924 4229/3684/1926 4228/3683/1925
f 4228/3683/1925 4229/3684/1926 4230/3685/1927
f 4229/3684/1926 4231/3686/1928 4230/3685/1927
f 4230/3685/1927 4231/3686/1928 4232/3687/1929
f 4231/3686/1928 4233/3688/1930 4232/3687/1929
f 4232/3687/1929 4233/3688/1930 4234/3689/1931
f 4233/3688/1930 4235/3690/1931 4234/3689/1931
f 4234/3689/1931 4235/3690/1931 4236/3691/1932
f 4235/3690/1931 4237/3692/1932 4236/3691/1932
f 4236/3691/1932 4237/3692/1932 4238/3693/1933
f 4237/3692/1932 4239/3694/1933 4238/3693/1933
f 4239/3694/1933 4240/3695/1934 4238/3693/1933
f 4238/3693/1933 4240/3695/1934 4241/3696/1935
f 4241/3696/1935 4240/3695/1934 4242/3697/67
f 4240/3695/1934 4243/3698/67 4242/3697/67
f 4186/3317/4 4244/3318/4 4187/3644/4
f 4187/3644/4 4244/3318/4 4245/3699/4
f 4244/3318/4 4246/3321/4 4245/3699/4
f 4245/3699/4 4246/3321/4 4247/3700/4
f 4246/3321/4 4248/3324/4 4247/3700/4
f 4248/3324/4 4249/3326/4 4247/3700/4
f 4247/3700/4 4249/3326/4 4250/3701/4
f 4249/3326/4 4251/3328/4 4250/3701/4
f 4250/3701/4 4251/3328/4 4252/3702/4
f 4251/3328/4 4253/3330/4 4252/3702/4
f 4252/3702/4 4253/3330/4 4254/3703/4
f 4253/3330/4 4255/3332/4 4254/3703/4
f 4254/3703/4 4255/3332/4 4256/3704/4
f 4255/3332/4 4257/3334/4 4256/3704/4
f 4256/3704/4 4257/3334/4 4258/3705/4
f 4257/3334/4 4259/3336/4 4258/3705/4
f 4258/3705/4 4259/3336/4 4260/3706/4
f 4259/3336/4 4261/3338/1912 4260/3706/4
f 4260/3706/4 4261/3338/1912 4262/3707/1912
f 4261/3338/1912 4263/3339/1936 4262/3707/1912
f 4262/3707/1912 4263/3339/1936 4264/3708/1936
f 4263/3339/1936 4265/3341/1914 4264/3708/1936
f 4264/3708/1936 4265/3341/1914 4266/3709/1914
f 4265/3341/1914 4267/3343/1915 4266/3709/1914
f 4266/3709/1914 4267/3343/1915 4268/3710/1915
f 4267/3343/1915 4269/3346/1916 4268/3710/1915
f 4268/3710/1915 4269/3346/1916 4270/3711/1916
f 4269/3346/1916 4271/3348/1937 4270/3711/1916
f 4270/3711/1916 4271/3348/1937 4272/3712/1917
f 4271/3348/1937 4273/3350/1918 4272/3712/1917
f 4272/3712/1917 4273/3350/1918 4274/3713/1919
f 4273/3350/1918 4275/3352/1920 4274/3713/1919
f 4274/3713/1919 4275/3352/1920 4276/3714/1921
f 4275/3352/1920 4277/3354/1922 4276/3714/1921
f 4276/3714/1921 4277/3354/1922 4278/3715/1922
f 4277/3354/1922 4279/3356/1938 4278/3715/1922
f 4278/3715/1922 4279/3356/1938 4280/3716/1924
f 4279/3356/1938 4281/3357/1925 4280/3716/1924
f 4280/3716/1924 4281/3357/1925 4282/3717/1926
f 4281/3357/1925 4283/3359/1927 4282/3717/1926
f 4282/3717/1926 4283/3359/1927 4284/3718/1939
f 4283/3359/1927 4285/3361/1930 4284/3718/1939
f 4284/3718/1939 4285/3361/1930 4286/3719/1930
f 4285/3361/1930 4287/3363/1931 4286/3719/1930
f 4286/3719/1930 4287/3363/1931 4288/3720/1931
f 4287/3363/1931 4289/3387/1932 4288/3720/1931
f 4288/3720/1931 4289/3387/1932 4290/3721/1932
f 4289/3387/1932 4291/3580/1933 4290/3721/1932
f 4290/3721/1932 4291/3580/1933 4292/3722/1933
f 4292/3722/1933 4291/3580/1933 4293/3723/1935
f 4291/3580/1933 4294/3581/1934 4293/3723/1935
f 4294/3581/1934 4295/3608/67 4293/3723/1935
f 4293/3723/1935 4295/3608/67 4296/3724/67
f 4297/3725/4 4299/3725/4 4298/3725/4
f 4298/3725/4 4299/3725/4 4300/3725/4
f 4299/3725/4 4301/3725/4 4300/3725/4
f 3861/3320/1606 4302/3648/1940 3851/3310/1596
f 4302/3648/1940 4303/3726/1941 3851/3310/1596
f 3851/3310/1596 4303/3726/1941 3847/3306/1592
f 4303/3726/1941 4304/3727/1942 3847/3306/1592
f 3847/3306/1592 4304/3727/1942 3846/3305/1591
f 4304/3727/1942 4305/3728/1943 3846/3305/1591
f 3846/3305/1591 4305/3728/1943 3845/3304/1590
f 4302/3648/1940 4306/3650/1944 4303/3726/1941
f 4303/3726/1941 4306/3650/1944 4307/3729/1945
f 4306/3650/1944 4308/3651/1946 4307/3729/1945
f 4307/3729/1945 4308/3651/1946 4309/3730/1947
f 4308/3651/1946 4310/3653/1948 4309/3730/1947
f 4309/3730/1947 4310/3653/1948 4311/3731/1949
f 4310/3653/1948 4312/3655/1950 4311/3731/1949
f 4311/3731/1949 4312/3655/1950 4313/3732/1951
f 4312/3655/1950 4314/3657/1952 4313/3732/1951
f 4313/3732/1951 4314/3657/1952 4315/3733/1953
f 4314/3657/1952 4316/3659/1954 4315/3733/1953
f 4315/3733/1953 4316/3659/1954 4317/3734/1955
f 4316/3659/1954 4318/3661/1956 4317/3734/1955
f 4317/3734/1955 4318/3661/1956 4319/3735/1957
f 4318/3661/1956 4320/3663/1958 4319/3735/1957
f 4320/3663/1958 4321/3665/1959 4319/3735/1957
f 4319/3735/1957 4321/3665/1959 4322/3736/1960
f 4321/3665/1959 4323/3667/1961 4322/3736/1960
f 4322/3736/1960 4323/3667/1961 4324/3737/1962
f 4323/3667/1961 4325/3669/1762 4324/3737/1962
f 4324/3737/1962 4325/3669/1762 4326/3738/1963
f 4326/3738/1963 4325/3669/1762 4327/3739/1964
f 4325/3669/1762 4328/3671/1965 4327/3739/1964
f 4327/3739/1964 4328/3671/1965 4329/3740/1966
f 4328/3671/1965 4330/3673/1967 4329/3740/1966
f 4329/3740/1966 4330/3673/1967 4331/3741/1968
f 4330/3673/1967 4332/3675/1969 4331/3741/1968
f 4331/3741/1968 4332/3675/1969 4333/3742/1970
f 4332/3675/1969 4334/3677/1971 4333/3742/1970
f 4333/3742/1970 4334/3677/1971 4335/3743/1972
f 4334/3677/1971 4336/3679/1973 4335/3743/1972
f 4335/3743/1972 4336/3679/1973 4337/3744/1974
f 4336/3679/1973 4338/3681/1775 4337/3744/1974
f 4338/3681/1775 4339/3683/1776 4337/3744/1974
f 4337/3744/1974 4339/3683/1776 4340/3745/1975
f 4339/3683/1776 4341/3685/1778 4340/3745/1975
f 4340/3745/1975 4341/3685/1778 4342/3746/1976
f 4341/3685/1778 4343/3687/1780 4342/3746/1976
f 4342/3746/1976 4343/3687/1780 4344/3747/1977
f 4343/3687/1780 4345/3689/1782 4344/3747/1977
f 4344/3747/1977 4345/3689/1782 4346/3748/1978
f 4346/3748/1978 4345/3689/1782 4347/3749/1979
f 4345/3689/1782 4348/3691/899 4347/3749/1979
f 4347/3749/1979 4348/3691/899 4349/3750/1980
f 4349/3750/1980 4348/3691/899 4350/3751/1786
f 4348/3691/899 4351/3693/1787 4350/3751/1786
f 4351/3693/1787 4352/3696/1981 4350/3751/1786
f 4350/3751/1786 4352/3696/1981 4353/3752/1982
f 4352/3696/1981 4354/3753/1860 4353/3752/1982
f 4353/3752/1982 4354/3753/1860 4355/3754/1859
f 4354/3753/1860 4356/3755/36 4355/3754/1859
f 4356/3755/36 4357/3756/1858 4355/3754/1859
f 4355/3754/1859 4357/3756/1858 4358/3757/1983
f 4357/3756/1858 4359/3758/1856 4358/3757/1983
f 4359/3758/1856 4360/3759/1907 4358/3757/1983
f 4360/3759/1907 4361/3760/1906 4358/3757/1983
f 4358/3757/1983 4361/3760/1906 4355/3754/1859
f 4361/3760/1906 4362/3761/1909 4355/3754/1859
f 4362/3761/1909 4363/3762/1984 4355/3754/1859
f 4355/3754/1859 4363/3762/1984 4353/3752/1982
f 4363/3762/1984 4364/3763/1789 4353/3752/1982
f 4353/3752/1982 4364/3763/1789 4350/3751/1786
f 4350/3751/1786 4364/3763/1789 4349/3750/1980
f 4364/3763/1789 4365/3764/1985 4349/3750/1980
f 4349/3750/1980 4365/3764/1985 4366/3765/1986
f 4365/3764/1985 4364/3763/1789 4366/3765/1986
f 4352/3696/1981 4367/3697/12 4354/3753/1860
f 4357/3756/1858 4368/3766/2 4359/3758/1856
f 4366/3765/1986 4347/3749/1979 4349/3750/1980
f 4305/3728/1943 4304/3727/1942 4369/3767/1987
f 4304/3727/1942 4303/3726/1941 4369/3767/1987
f 4303/3726/1941 4307/3729/1945 4369/3767/1987
f 4369/3767/1987 4307/3729/1945 4309/3730/1947
f 4366/3765/1986 4364/3763/1789 4370/3768/118
f 4370/3768/118 4364/3763/1789 4363/3762/1984
f 4370/3768/118 4371/3769/1988 4366/3765/1986
f 4366/3765/1986 4371/3769/1988 4347/3749/1979
f 4347/3749/1979 4371/3769/1988 4346/3748/1978
f 4371/3769/1988 4372/3770/1989 4346/3748/1978
f 4346/3748/1978 4372/3770/1989 4344/3747/1977
f 4344/3747/1977 4372/3770/1989 4342/3746/1976
f 4372/3770/1989 4373/3771/1990 4342/3746/1976
f 4373/3771/1990 4374/3772/1991 4342/3746/1976
f 4342/3746/1976 4374/3772/1991 4340/3745/1975
f 4374/3772/1991 4375/3773/1992 4340/3745/1975
f 4340/3745/1975 4375/3773/1992 4337/3744/1974
f 4375/3773/1992 4376/3774/1993 4337/3744/1974
f 4337/3744/1974 4376/3774/1993 4335/3743/1972
f 4335/3743/1972 4376/3774/1993 4333/3742/1970
f 4376/3774/1993 4377/3775/1994 4333/3742/1970
f 4333/3742/1970 4377/3775/1994 4331/3741/1968
f 4377/3775/1994 4378/3776/1995 4331/3741/1968
f 4331/3741/1968 4378/3776/1995 4329/3740/1966
f 4378/3776/1995 4379/3777/1996 4329/3740/1966
f 4379/3777/1996 4380/3778/1997 4329/3740/1966
f 4329/3740/1966 4380/3778/1997 4327/3739/1964
f 4380/3778/1997 4381/3779/1998 4327/3739/1964
f 4327/3739/1964 4381/3779/1998 4326/3738/1963
f 4381/3779/1998 4382/3780/1999 4326/3738/1963
f 4326/3738/1963 4382/3780/1999 4324/3737/1962
f 4382/3780/1999 4383/3781/2000 4324/3737/1962
f 4324/3737/1962 4383/3781/2000 4322/3736/1960
f 4383/3781/2000 4384/3782/2001 4322/3736/1960
f 4322/3736/1960 4384/3782/2001 4319/3735/1957
f 4384/3782/2001 4385/3783/2002 4319/3735/1957
f 4319/3735/1957 4385/3783/2002 4317/3734/1955
f 4385/3783/2002 4386/3784/2003 4317/3734/1955
f 4317/3734/1955 4386/3784/2003 4315/3733/1953
f 4386/3784/2003 4387/3785/2004 4315/3733/1953
f 4315/3733/1953 4387/3785/2004 4313/3732/1951
f 4387/3785/2004 4388/3786/2005 4313/3732/1951
f 4313/3732/1951 4388/3786/2005 4311/3731/1949
f 4388/3786/2005 4389/3787/2006 4311/3731/1949
f 4311/3731/1949 4389/3787/2006 4309/3730/1947
f 4309/3730/1947 4389/3787/2006 4369/3767/1987
f 4389/3787/2006 4390/3788/2007 4369/3767/1987
f 4369/3767/1987 4390/3788/2007 4305/3728/1943
f 4390/3788/2007 4389/3787/2006 4391/3789/2008
f 4389/3787/2006 4388/3786/2005 4391/3789/2008
f 4391/3789/2008 4388/3786/2005 4392/3790/2009
f 4388/3786/2005 4387/3785/2004 4392/3790/2009
f 4392/3790/2009 4387/3785/2004 4393/3791/2010
f 4387/3785/2004 4386/3784/2003 4393/3791/2010
f 4386/3784/2003 4385/3783/2002 4393/3791/2010
f 4393/3791/2010 4385/3783/2002 4394/3792/2011
f 4394/3792/2011 4385/3783/2002 4395/3793/2012
f 4385/3783/2002 4384/3782/2001 4395/3793/2012
f 4395/3793/2012 4384/3782/2001 4396/3794/1880
f 4384/3782/2001 4383/3781/2000 4396/3794/1880
f 4396/3794/1880 4383/3781/2000 4397/3795/1881
f 4383/3781/2000 4382/3780/1999 4397/3795/1881
f 4397/3795/1881 4382/3780/1999 4398/3796/2013
f 4382/3780/1999 4381/3779/1998 4398/3796/2013
f 4398/3796/2013 4381/3779/1998 4399/3797/2014
f 4381/3779/1998 4380/3778/1997 4399/3797/2014
f 4399/3797/2014 4380/3778/1997 4400/3798/2015
f 4380/3778/1997 4379/3777/1996 4400/3798/2015
f 4400/3798/2015 4379/3777/1996 4401/3799/2016
f 4379/3777/1996 4378/3776/1995 4401/3799/2016
f 4401/3799/2016 4378/3776/1995 4402/3800/2017
f 4378/3776/1995 4377/3775/1994 4402/3800/2017
f 4402/3800/2017 4377/3775/1994 4403/3801/1894
f 4377/3775/1994 4376/3774/1993 4403/3801/1894
f 4403/3801/1894 4376/3774/1993 4404/3802/2018
f 4376/3774/1993 4375/3773/1992 4404/3802/2018
f 4404/3802/2018 4375/3773/1992 4405/3803/2019
f 4375/3773/1992 4374/3772/1991 4405/3803/2019
f 4405/3803/2019 4374/3772/1991 4406/3804/2020
f 4374/3772/1991 4373/3771/1990 4406/3804/2020
f 4373/3771/1990 4372/3770/1989 4406/3804/2020
f 4406/3804/2020 4372/3770/1989 4407/3805/1902
f 4407/3805/1902 4372/3770/1989 4408/3806/1911
f 4372/3770/1989 4371/3769/1988 4408/3806/1911
f 4371/3769/1988 4370/3768/118 4408/3806/1911
f 4408/3806/1911 4370/3768/118 4409/3807/1910
f 4370/3768/118 4363/3762/1984 4409/3807/1910
f 4409/3807/1910 4363/3762/1984 4410/3808/2021
f 4363/3762/1984 4362/3761/1909 4410/3808/2021
f 4410/3808/2021 4362/3761/1909 4411/3809/2022
f 4362/3761/1909 4361/3760/1906 4411/3809/2022
f 4411/3809/2022 4361/3760/1906 4412/3810/242
f 4361/3760/1906 4360/3759/1907 4412/3810/242
f 4360/3759/1907 4413/3811/241 4412/3810/242
f 4413/3811/241 4414/3812/2023 4412/3810/242
f 4412/3810/242 4414/3812/2023 4411/3809/2022
f 4414/3812/2023 4415/3813/2024 4411/3809/2022
f 4411/3809/2022 4415/3813/2024 4410/3808/2021
f 4415/3813/2024 4416/3814/2025 4410/3808/2021
f 4410/3808/2021 4416/3814/2025 4409/3807/1910
f 4416/3814/2025 4417/3815/2026 4409/3807/1910
f 4409/3807/1910 4417/3815/2026 4408/3806/1911
f 4417/3815/2026 4418/3816/2027 4408/3806/1911
f 4408/3806/1911 4418/3816/2027 4407/3805/1902
f 4407/3805/1902 4418/3816/2027 4406/3804/2020
f 4418/3816/2027 4419/3817/2028 4406/3804/2020
f 4406/3804/2020 4419/3817/2028 4405/3803/2019
f 4419/3817/2028 4420/3818/2029 4405/3803/2019
f 4405/3803/2019 4420/3818/2029 4404/3802/2018
f 4420/3818/2029 4421/3819/1896 4404/3802/2018
f 4404/3802/2018 4421/3819/1896 4403/3801/1894
f 4421/3819/1896 4422/3820/2030 4403/3801/1894
f 4403/3801/1894 4422/3820/2030 4402/3800/2017
f 4422/3820/2030 4423/3821/2031 4402/3800/2017
f 4402/3800/2017 4423/3821/2031 4401/3799/2016
f 4423/3821/2031 4424/3822/1891 4401/3799/2016
f 4401/3799/2016 4424/3822/1891 4400/3798/2015
f 4424/3822/1891 4425/3823/1887 4400/3798/2015
f 4400/3798/2015 4425/3823/1887 4399/3797/2014
f 4425/3823/1887 4426/3824/1886 4399/3797/2014
f 4399/3797/2014 4426/3824/1886 4398/3796/2013
f 4426/3824/1886 4427/3825/2032 4398/3796/2013
f 4427/3825/2032 4428/3826/2033 4398/3796/2013
f 4398/3796/2013 4428/3826/2033 4397/3795/1881
f 4428/3826/2033 4429/3827/2034 4397/3795/1881
f 4397/3795/1881 4429/3827/2034 4396/3794/1880
f 4429/3827/2034 4430/3828/2035 4396/3794/1880
f 4396/3794/1880 4430/3828/2035 4395/3793/2012
f 4430/3828/2035 4431/3829/2036 4395/3793/2012
f 4395/3793/2012 4431/3829/2036 4394/3792/2011
f 4394/3792/2011 4431/3829/2036 4393/3791/2010
f 4431/3829/2036 4432/3830/2037 4393/3791/2010
f 4393/3791/2010 4432/3830/2037 4392/3790/2009
f 4432/3830/2037 4433/3831/2038 4392/3790/2009
f 4392/3790/2009 4433/3831/2038 4391/3789/2008
f 4433/3831/2038 4434/3832/2039 4391/3789/2008
f 4391/3789/2008 4434/3832/2039 4390/3788/2007
f 4434/3832/2039 4435/3833/2040 4390/3788/2007
f 4390/3788/2007 4435/3833/2040 4305/3728/1943
f 4305/3728/1943 4435/3833/2040 3845/3304/1590
f 4435/3833/2040 4436/3834/2041 3845/3304/1590
f 3845/3304/1590 4436/3834/2041 3844/3303/1589
f 4436/3834/2041 4435/3833/2040 4437/3835/2042
f 4435/3833/2040 4434/3832/2039 4437/3835/2042
f 4437/3835/2042 4434/3832/2039 4438/3836/2043
f 4434/3832/2039 4433/3831/2038 4438/3836/2043
f 4438/3836/2043 4433/3831/2038 4439/3837/2044
f 4433/3831/2038 4432/3830/2037 4439/3837/2044
f 4439/3837/2044 4432/3830/2037 4440/3838/2045
f 4432/3830/2037 4431/3829/2036 4440/3838/2045
f 4440/3838/2045 4431/3829/2036 4441/3839/2046
f 4431/3829/2036 4430/3828/2035 4441/3839/2046
f 4430/3828/2035 4429/3827/2034 4441/3839/2046
f 4441/3839/2046 4429/3827/2034 4442/3840/2047
f 4429/3827/2034 4428/3826/2033 4442/3840/2047
f 4442/3840/2047 4428/3826/2033 4443/3841/2048
f 4428/3826/2033 4427/3825/2032 4443/3841/2048
f 4443/3841/2048 4427/3825/2032 4444/3842/1840
f 4427/3825/2032 4426/3824/1886 4444/3842/1840
f 4444/3842/1840 4426/3824/1886 4445/3843/1841
f 4426/3824/1886 4425/3823/1887 4445/3843/1841
f 4445/3843/1841 4425/3823/1887 4446/3844/1842
f 4425/3823/1887 4424/3822/1891 4446/3844/1842
f 4446/3844/1842 4424/3822/1891 4447/3845/2049
f 4424/3822/1891 4423/3821/2031 4447/3845/2049
f 4447/3845/2049 4423/3821/2031 4448/3846/2050
f 4423/3821/2031 4422/3820/2030 4448/3846/2050
f 4448/3846/2050 4422/3820/2030 4449/3847/1845
f 4422/3820/2030 4421/3819/1896 4449/3847/1845
f 4449/3847/1845 4421/3819/1896 4450/3848/2051
f 4421/3819/1896 4420/3818/2029 4450/3848/2051
f 4450/3848/2051 4420/3818/2029 4451/3849/1847
f 4451/3849/1847 4420/3818/2029 4452/3850/2052
f 4420/3818/2029 4419/3817/2028 4452/3850/2052
f 4452/3850/2052 4419/3817/2028 4453/3851/1849
f 4419/3817/2028 4418/3816/2027 4453/3851/1849
f 4418/3816/2027 4417/3815/2026 4453/3851/1849
f 4417/3815/2026 4416/3814/2025 4453/3851/1849
f 4416/3814/2025 4415/3813/2024 4453/3851/1849
f 4453/3851/1849 4415/3813/2024 4454/3852/2053
f 4415/3813/2024 4414/3812/2023 4454/3852/2053
f 4453/3851/1849 4454/3852/2053 4452/3850/2052
f 4454/3852/2053 4455/3853/2054 4452/3850/2052
f 4452/3850/2052 4455/3853/2054 4451/3849/1847
f 4455/3853/2054 4456/3854/2055 4451/3849/1847
f 4451/3849/1847 4456/3854/2055 4450/3848/2051
f 4456/3854/2055 4457/3855/1696 4450/3848/2051
f 4450/3848/2051 4457/3855/1696 4449/3847/1845
f 4457/3855/1696 4458/3856/1697 4449/3847/1845
f 4449/3847/1845 4458/3856/1697 4448/3846/2050
f 4458/3856/1697 4459/3857/2056 4448/3846/2050
f 4448/3846/2050 4459/3857/2056 4447/3845/2049
f 4459/3857/2056 4460/3858/2057 4447/3845/2049
f 4447/3845/2049 4460/3858/2057 4446/3844/1842
f 4460/3858/2057 4461/3859/2058 4446/3844/1842
f 4446/3844/1842 4461/3859/2058 4445/3843/1841
f 4461/3859/2058 4462/3860/2059 4445/3843/1841
f 4445/3843/1841 4462/3860/2059 4444/3842/1840
f 4462/3860/2059 4463/3861/1702 4444/3842/1840
f 4444/3842/1840 4463/3861/1702 4443/3841/2048
f 4463/3861/1702 4464/3862/2060 4443/3841/2048
f 4443/3841/2048 4464/3862/2060 4442/3840/2047
f 4464/3862/2060 4465/3863/1704 4442/3840/2047
f 4442/3840/2047 4465/3863/1704 4441/3839/2046
f 4465/3863/1704 4466/3864/1705 4441/3839/2046
f 4441/3839/2046 4466/3864/1705 4440/3838/2045
f 4466/3864/1705 4467/3865/2061 4440/3838/2045
f 4440/3838/2045 4467/3865/2061 4439/3837/2044
f 4467/3865/2061 4468/3866/2062 4439/3837/2044
f 4439/3837/2044 4468/3866/2062 4438/3836/2043
f 4468/3866/2062 4469/3867/2063 4438/3836/2043
f 4438/3836/2043 4469/3867/2063 4437/3835/2042
f 4469/3867/2063 4470/3868/2064 4437/3835/2042
f 4437/3835/2042 4470/3868/2064 4436/3834/2041
f 4470/3868/2064 4471/3869/2065 4436/3834/2041
f 4436/3834/2041 4471/3869/2065 3844/3303/1589
f 3844/3303/1589 4471/3869/2065 3985/3444/1728
f 4471/3869/2065 4472/3870/2066 3985/3444/1728
f 3985/3444/1728 4472/3870/2066 3986/3445/1729
f 4472/3870/2066 4471/3869/2065 4473/3871/2067
f 4471/3869/2065 4470/3868/2064 4473/3871/2067
f 4473/3871/2067 4470/3868/2064 4474/3872/2068
f 4470/3868/2064 4469/3867/2063 4474/3872/2068
f 4474/3872/2068 4469/3867/2063 4475/3873/2069
f 4469/3867/2063 4468/3866/2062 4475/3873/2069
f 4475/3873/2069 4468/3866/2062 4476/3874/2070
f 4468/3866/2062 4467/3865/2061 4476/3874/2070
f 4476/3874/2070 4467/3865/2061 4477/3875/2071
f 4467/3865/2061 4466/3864/1705 4477/3875/2071
f 4477/3875/2071 4466/3864/1705 4478/3876/2072
f 4466/3864/1705 4465/3863/1704 4478/3876/2072
f 4478/3876/2072 4465/3863/1704 4479/3877/2073
f 4465/3863/1704 4464/3862/2060 4479/3877/2073
f 4479/3877/2073 4464/3862/2060 4480/3878/2074
f 4464/3862/2060 4463/3861/1702 4480/3878/2074
f 4480/3878/2074 4463/3861/1702 4481/3879/2075
f 4463/3861/1702 4462/3860/2059 4481/3879/2075
f 4481/3879/2075 4462/3860/2059 4482/3880/2076
f 4462/3860/2059 4461/3859/2058 4482/3880/2076
f 4482/3880/2076 4461/3859/2058 4483/3881/1685
f 4461/3859/2058 4460/3858/2057 4483/3881/1685
f 4483/3881/1685 4460/3858/2057 4484/3882/2077
f 4460/3858/2057 4459/3857/2056 4484/3882/2077
f 4484/3882/2077 4459/3857/2056 4485/3883/1687
f 4459/3857/2056 4458/3856/1697 4485/3883/1687
f 4485/3883/1687 4458/3856/1697 4486/3884/2078
f 4458/3856/1697 4457/3855/1696 4486/3884/2078
f 4486/3884/2078 4457/3855/1696 4487/3885/2079
f 4457/3855/1696 4456/3854/2055 4487/3885/2079
f 4487/3885/2079 4456/3854/2055 4488/3886/2080
f 4456/3854/2055 4455/3853/2054 4488/3886/2080
f 4488/3886/2080 4455/3853/2054 4489/3887/1691
f 4455/3853/2054 4454/3852/2053 4489/3887/1691
f 4454/3852/2053 4414/3812/2023 4489/3887/1691
f 4489/3887/1691 4414/3812/2023 4490/3888/2081
f 4414/3812/2023 4413/3811/241 4490/3888/2081
f 4490/3888/2081 4491/3889/2082 4489/3887/1691
f 4489/3887/1691 4491/3889/2082 4488/3886/2080
f 4491/3889/2082 4492/3890/2083 4488/3886/2080
f 4488/3886/2080 4492/3890/2083 4487/3885/2079
f 4492/3890/2083 4493/3891/2084 4487/3885/2079
f 4487/3885/2079 4493/3891/2084 4486/3884/2078
f 4493/3891/2084 4494/3892/2085 4486/3884/2078
f 4486/3884/2078 4494/3892/2085 4485/3883/1687
f 4494/3892/2085 4495/3893/2086 4485/3883/1687
f 4485/3883/1687 4495/3893/2086 4484/3882/2077
f 4495/3893/2086 4496/3894/2087 4484/3882/2077
f 4484/3882/2077 4496/3894/2087 4483/3881/1685
f 4496/3894/2087 4497/3895/2088 4483/3881/1685
f 4483/3881/1685 4497/3895/2088 4482/3880/2076
f 4497/3895/2088 4498/3896/2089 4482/3880/2076
f 4482/3880/2076 4498/3896/2089 4481/3879/2075
f 4498/3896/2089 4499/3897/2090 4481/3879/2075
f 4481/3879/2075 4499/3897/2090 4480/3878/2074
f 4499/3897/2090 4500/3898/2091 4480/3878/2074
f 4480/3878/2074 4500/3898/2091 4479/3877/2073
f 4500/3898/2091 4501/3899/2092 4479/3877/2073
f 4479/3877/2073 4501/3899/2092 4478/3876/2072
f 4501/3899/2092 4502/3900/2093 4478/3876/2072
f 4478/3876/2072 4502/3900/2093 4477/3875/2071
f 4502/3900/2093 4503/3901/2094 4477/3875/2071
f 4477/3875/2071 4503/3901/2094 4476/3874/2070
f 4476/3874/2070 4503/3901/2094 4504/3902/2094
f 4504/3902/2094 4503/3901/2094 4505/3903/2095
f 4503/3901/2094 4502/3900/2093 4505/3903/2095
f 4505/3903/2095 4502/3900/2093 4506/3904/2096
f 4502/3900/2093 4501/3899/2092 4506/3904/2096
f 4506/3904/2096 4501/3899/2092 4507/3905/2097
f 4501/3899/2092 4500/3898/2091 4507/3905/2097
f 4507/3905/2097 4500/3898/2091 4508/3906/283
f 4500/3898/2091 4499/3897/2090 4508/3906/283
f 4508/3906/283 4499/3897/2090 4509/3907/2
f 4499/3897/2090 4498/3896/2089 4509/3907/2
f 4509/3907/2 4510/3908/2098 4508/3906/283
f 4510/3908/2098 4511/3909/2099 4508/3906/283
f 4508/3906/283 4511/3909/2099 4507/3905/2097
f 4511/3909/2099 4512/3910/2100 4507/3905/2097
f 4507/3905/2097 4512/3910/2100 4506/3904/2096
f 4512/3910/2100 4513/3911/2101 4506/3904/2096
f 4506/3904/2096 4513/3911/2101 4505/3903/2095
f 4505/3903/2095 4513/3911/2101 4514/3912/2102
f 4514/3912/2102 4513/3911/2101 4515/3913/1625
f 4515/3913/1625 4513/3911/2101 4516/3914/1627
f 4513/3911/2101 4512/3910/2100 4516/3914/1627
f 4516/3914/1627 4512/3910/2100 4517/3915/1629
f 4512/3910/2100 4511/3909/2099 4517/3915/1629
f 4517/3915/1629 4511/3909/2099 4518/3916/1632
f 4511/3909/2099 4510/3908/2098 4518/3916/1632
f 4518/3916/1632 4510/3908/2098 4519/3917/2103
f 4510/3908/2098 4509/3907/2 4519/3917/2103
f 4509/3907/2 4520/3918/2104 4519/3917/2103
f 4519/3917/2103 4520/3918/2104 4521/3919/2105
f 4520/3918/2104 4522/3920/2106 4521/3919/2105
f 4522/3920/2106 4523/3921/2107 4521/3919/2105
f 4521/3919/2105 4523/3921/2107 4524/3922/1636
f 4523/3921/2107 4525/3923/2108 4524/3922/1636
f 4518/3916/1632 4519/3917/2103 4526/3924/1634
f 4519/3917/2103 4521/3919/2105 4526/3924/1634
f 4526/3924/1634 4521/3919/2105 4524/3922/1636
f 4509/3907/2 4498/3896/2089 4520/3918/2104
f 4520/3918/2104 4498/3896/2089 4522/3920/2106
f 4498/3896/2089 4497/3895/2088 4522/3920/2106
f 4522/3920/2106 4497/3895/2088 4527/3925/2109
f 4497/3895/2088 4496/3894/2087 4527/3925/2109
f 4522/3920/2106 4527/3925/2109 4523/3921/2107
f 4527/3925/2109 4528/3926/2110 4523/3921/2107
f 4523/3921/2107 4528/3926/2110 4525/3923/2108
f 4525/3923/2108 4528/3926/2110 4529/3927/2111
f 4528/3926/2110 4530/3928/2112 4529/3927/2111
f 4529/3927/2111 4530/3928/2112 4531/3929/1642
f 4531/3929/1642 4530/3928/2112 4532/3930/2113
f 4530/3928/2112 4533/3931/2114 4532/3930/2113
f 4532/3930/2113 4533/3931/2114 4534/3932/1645
f 4533/3931/2114 4535/3933/2115 4534/3932/1645
f 4534/3932/1645 4535/3933/2115 4536/3934/1647
f 4535/3933/2115 4537/3935/2116 4536/3934/1647
f 4536/3934/1647 4537/3935/2116 4538/3936/1649
f 4537/3935/2116 4539/3937/2117 4538/3936/1649
f 4539/3937/2117 4540/3938/2118 4538/3936/1649
f 4538/3936/1649 4540/3938/2118 4541/3939/2119
f 4540/3938/2118 4542/3940/1854 4541/3939/2119
f 4541/3939/2119 4542/3940/1854 4543/3941/1855
f 4543/3941/1855 4542/3940/1854 4359/3758/1856
f 4359/3758/1856 4542/3940/1854 4360/3759/1907
f 4542/3940/1854 4544/3942/2120 4360/3759/1907
f 4360/3759/1907 4544/3942/2120 4545/3943/2121
f 4544/3942/2120 4546/3944/2122 4545/3943/2121
f 4545/3943/2121 4546/3944/2122 4547/3945/2
f 4546/3944/2122 4540/3938/2118 4547/3945/2
f 4547/3945/2 4540/3938/2118 4548/3946/2
f 4540/3938/2118 4539/3937/2117 4548/3946/2
f 4548/3946/2 4539/3937/2117 4549/3947/2123
f 4539/3937/2117 4537/3935/2116 4549/3947/2123
f 4549/3947/2123 4537/3935/2116 4550/3948/2124
f 4537/3935/2116 4535/3933/2115 4550/3948/2124
f 4550/3948/2124 4535/3933/2115 4551/3949/2125
f 4535/3933/2115 4533/3931/2114 4551/3949/2125
f 4551/3949/2125 4533/3931/2114 4552/3950/2126
f 4533/3931/2114 4530/3928/2112 4552/3950/2126
f 4552/3950/2126 4530/3928/2112 4553/3951/2127
f 4530/3928/2112 4528/3926/2110 4553/3951/2127
f 4528/3926/2110 4527/3925/2109 4553/3951/2127
f 4527/3925/2109 4496/3894/2087 4553/3951/2127
f 4496/3894/2087 4495/3893/2086 4553/3951/2127
f 4495/3893/2086 4494/3892/2085 4553/3951/2127
f 4553/3951/2127 4494/3892/2085 4552/3950/2126
f 4552/3950/2126 4494/3892/2085 4551/3949/2125
f 4494/3892/2085 4493/3891/2084 4551/3949/2125
f 4551/3949/2125 4493/3891/2084 4550/3948/2124
f 4493/3891/2084 4492/3890/2083 4550/3948/2124
f 4550/3948/2124 4492/3890/2083 4549/3947/2123
f 4492/3890/2083 4491/3889/2082 4549/3947/2123
f 4549/3947/2123 4491/3889/2082 4548/3946/2
f 4491/3889/2082 4490/3888/2081 4548/3946/2
f 4548/3946/2 4490/3888/2081 4547/3945/2
f 4490/3888/2081 4413/3811/241 4547/3945/2
f 4547/3945/2 4413/3811/241 4545/3943/2121
f 4413/3811/241 4360/3759/1907 4545/3943/2121
f 4542/3940/1854 4540/3938/2118 4544/3942/2120
f 4540/3938/2118 4546/3944/2122 4544/3942/2120
f 3990/3449/1733 3989/3448/1732 4554/3952/2128
f 3989/3448/1732 4555/3953/2129 4554/3952/2128
f 4554/3952/2128 4555/3953/2129 4556/3954/2130
f 4556/3954/2130 4555/3953/2129 4557/3955/2131
f 4555/3953/2129 4558/3956/2132 4557/3955/2131
f 4557/3955/2131 4558/3956/2132 4559/3957/2133
f 4558/3956/2132 4560/3958/2134 4559/3957/2133
f 4559/3957/2133 4560/3958/2134 4561/3959/2135
f 4560/3958/2134 4562/3960/2136 4561/3959/2135
f 4561/3959/2135 4562/3960/2136 4563/3961/2137
f 4562/3960/2136 4564/3962/2138 4563/3961/2137
f 4563/3961/2137 4564/3962/2138 4565/3963/2139
f 4564/3962/2138 4566/3964/2140 4565/3963/2139
f 4565/3963/2139 4566/3964/2140 4567/3965/2141
f 4566/3964/2140 4514/3912/2102 4567/3965/2141
f 4567/3965/2141 4514/3912/2102 4515/3913/1625
f 3988/3447/1731 4555/3953/2129 3989/3448/1732
f 4514/3912/2102 4566/3964/2140 4505/3903/2095
f 4566/3964/2140 4568/3966/2142 4505/3903/2095
f 4505/3903/2095 4568/3966/2142 4504/3902/2094
f 4566/3964/2140 4564/3962/2138 4568/3966/2142
f 4568/3966/2142 4564/3962/2138 4569/3967/2143
f 4564/3962/2138 4562/3960/2136 4569/3967/2143
f 4569/3967/2143 4562/3960/2136 4570/3968/435
f 4562/3960/2136 4560/3958/2134 4570/3968/435
f 4570/3968/435 4560/3958/2134 4571/3969/2144
f 4560/3958/2134 4558/3956/2132 4571/3969/2144
f 4571/3969/2144 4558/3956/2132 4572/3970/2145
f 4558/3956/2132 4555/3953/2129 4572/3970/2145
f 4555/3953/2129 3988/3447/1731 4572/3970/2145
f 3988/3447/1731 3987/3446/1730 4572/3970/2145
f 4572/3970/2145 3987/3446/1730 4573/3971/2146
f 3987/3446/1730 3986/3445/1729 4573/3971/2146
f 3986/3445/1729 4472/3870/2066 4573/3971/2146
f 4573/3971/2146 4472/3870/2066 4574/3972/2147
f 4472/3870/2066 4473/3871/2067 4574/3972/2147
f 4574/3972/2147 4473/3871/2067 4575/3973/1107
f 4473/3871/2067 4474/3872/2068 4575/3973/1107
f 4575/3973/1107 4474/3872/2068 4576/3974/2148
f 4474/3872/2068 4475/3873/2069 4576/3974/2148
f 4572/3970/2145 4573/3971/2146 4571/3969/2144
f 4573/3971/2146 4574/3972/2147 4571/3969/2144
f 4571/3969/2144 4574/3972/2147 4570/3968/435
f 4574/3972/2147 4575/3973/1107 4570/3968/435
f 4575/3973/1107 4576/3974/2148 4570/3968/435
f 4570/3968/435 4576/3974/2148 4569/3967/2143
f 4569/3967/2143 4576/3974/2148 4568/3966/2142
f 4568/3966/2142 4576/3974/2148 4504/3902/2094
f 4504/3902/2094 4576/3974/2148 4476/3874/2070
f 4576/3974/2148 4475/3873/2069 4476/3874/2070
f 4577/3725/4 4578/3725/4 4579/3725/4
f 4579/3725/4 4578/3725/4 4580/3725/4
f 4578/3725/4 4581/3725/4 4580/3725/4
f 4582/3975/2149 4583/3976/4 4584/3977/4
f 4584/3977/4 4583/3976/4 4585/3978/2150
f 4583/3976/4 4586/3979/2150 4585/3978/2150
f 4585/3978/2150 4586/3979/2150 4587/3980/2151
f 4586/3979/2150 4588/3981/2152 4587/3980/2151
f 4587/3980/2151 4588/3981/2152 4589/3982/2153
f 4588/3981/2152 4590/3983/2154 4589/3982/2153
f 4589/3982/2153 4590/3983/2154 4591/3984/2155
f 4590/3983/2154 4592/3985/2156 4591/3984/2155
f 4591/3984/2155 4592/3985/2156 4593/3986/2157
f 4592/3985/2156 4594/3987/2157 4593/3986/2157
f 4593/3986/2157 4594/3987/2157 4595/3988/2158
f 4594/3987/2157 4596/3989/2159 4595/3988/2158
f 4595/3988/2158 4596/3989/2159 4597/3990/2160
f 4596/3989/2159 4598/3991/2161 4597/3990/2160
f 4597/3990/2160 4598/3991/2161 4599/3992/2162
f 4598/3991/2161 4600/3993/2162 4599/3992/2162
f 4599/3992/2162 4600/3993/2162 4601/3994/12
f 4600/3993/2162 4602/3995/12 4601/3994/12
f 4601/3994/12 4602/3995/12 4603/3996/2163
f 4602/3995/12 4604/3997/2163 4603/3996/2163
f 4603/3996/2163 4604/3997/2163 4605/3998/2164
f 4604/3997/2163 4606/3999/2165 4605/3998/2164
f 4605/3998/2164 4606/3999/2165 4607/4000/2166
f 4606/3999/2165 4608/4001/2166 4607/4000/2166
f 4607/4000/2166 4608/4001/2166 4609/4002/2167
f 4608/4001/2166 4610/4003/2167 4609/4002/2167
f 4609/4002/2167 4610/4003/2167 4611/4004/2168
f 4610/4003/2167 4612/4005/2168 4611/4004/2168
f 4611/4004/2168 4612/4005/2168 4613/4006/2169
f 4612/4005/2168 4614/4007/2169 4613/4006/2169
f 4613/4006/2169 4614/4007/2169 4615/4008/2170
f 4614/4007/2169 4616/4009/2170 4615/4008/2170
f 4615/4008/2170 4616/4009/2170 4617/4010/2171
f 4616/4009/2170 4618/4011/2171 4617/4010/2171
f 4617/4010/2171 4618/4011/2171 4619/4012/1
f 4618/4011/2171 4620/4013/1 4619/4012/1
f 4620/4013/1 4621/4014/2172 4619/4012/1
f 4619/4012/1 4621/4014/2172 4622/4015/2172
f 4621/4014/2172 4623/4016/2173 4622/4015/2172
f 4622/4015/2172 4623/4016/2173 4624/4017/2173
f 4623/4016/2173 4625/4018/2174 4624/4017/2173
f 4624/4017/2173 4625/4018/2174 4626/4019/2174
f 4625/4018/2174 4627/4020/2175 4626/4019/2174
f 4626/4019/2174 4627/4020/2175 4628/4021/2175
f 4627/4020/2175 4629/4022/2176 4628/4021/2175
f 4628/4021/2175 4629/4022/2176 4630/4023/947
f 4629/4022/2176 4631/4024/2177 4630/4023/947
f 4630/4023/947 4631/4024/2177 4632/4025/2177
f 4583/3976/4 4582/3975/2149 4633/4026/2149
f 4582/3975/2149 4634/4027/2178 4633/4026/2149
f 4633/4026/2149 4634/4027/2178 4635/4028/2178
f 4634/4027/2178 4636/4029/2179 4635/4028/2178
f 4635/4028/2178 4636/4029/2179 4637/4030/2179
f 4636/4029/2179 4638/4031/2180 4637/4030/2179
f 4637/4030/2179 4638/4031/2180 4639/4032/2180
f 4638/4031/2180 4640/4033/2181 4639/4032/2180
f 4639/4032/2180 4640/4033/2181 4641/4034/2182
f 4640/4033/2181 4642/4035/2183 4641/4034/2182
f 4641/4034/2182 4642/4035/2183 4643/4036/2183
f 4642/4035/2183 4644/4037/2184 4643/4036/2183
f 4643/4036/2183 4644/4037/2184 4645/4038/2185
f 4644/4037/2184 4646/4039/2186 4645/4038/2185
f 4645/4038/2185 4646/4039/2186 4647/4040/2186
f 4646/4039/2186 4648/4041/283 4647/4040/2186
f 4647/4040/2186 4648/4041/283 4649/4042/283
f 4648/4041/283 4650/4043/2187 4649/4042/283
f 4649/4042/283 4650/4043/2187 4651/4044/2187
f 4650/4043/2187 4652/4045/2188 4651/4044/2187
f 4651/4044/2187 4652/4045/2188 4653/4046/2188
f 4652/4045/2188 4654/4047/2177 4653/4046/2188
f 4653/4046/2188 4654/4047/2177 4655/4048/2177
f 4656/4049/12 4658/4050/12 4657/4051/12
f 4658/4050/12 4659/4052/12 4657/4051/12
f 4659/4052/12 4660/4053/12 4657/4051/12
f 4660/4053/12 4661/4054/12 4657/4051/12
f 4661/4054/12 4662/4055/12 4657/4051/12
f 4662/4055/12 4663/4056/12 4657/4051/12
f 4663/4056/12 4664/4057/12 4657/4051/12
f 4664/4057/12 4665/4058/12 4657/4051/12
f 4657/4051/12 4665/4058/12 4666/4059/12
f 4665/4058/12 4667/4060/2189 4666/4059/12
f 4666/4059/12 4667/4060/2189 4668/4061/2190
f 4668/4061/2190 4667/4060/2189 4669/4062/1223
f 4667/4060/2189 4670/4063/1979 4669/4062/1223
f 4669/4062/1223 4670/4063/1979 4671/4064/899
f 4670/4063/1979 4672/4065/899 4671/4064/899
f 4671/4064/899 4672/4065/899 4673/4066/2191
f 4672/4065/899 4674/4067/2191 4673/4066/2191
f 4673/4066/2191 4674/4067/2191 4675/4068/2192
f 4674/4067/2191 4676/4069/2192 4675/4068/2192
f 4665/4058/12 4677/4070/12 4667/4060/2189
f 4677/4070/12 4678/4071/12 4667/4060/2189
f 4679/4072/2 4680/4073/2 4681/4074/2
f 4680/4073/2 4682/4075/2 4681/4074/2
f 4682/4075/2 4683/4076/2 4681/4074/2
f 4683/4076/2 4684/4077/2 4681/4074/2
f 4684/4077/2 4685/4078/2 4681/4074/2
f 4685/4078/2 4686/4079/2 4681/4074/2
f 4686/4079/2 4687/4080/2 4681/4074/2
f 4687/4080/2 4688/4081/2 4681/4074/2
f 4681/4074/2 4688/4081/2 4689/4082/2
f 4688/4081/2 4690/4083/2193 4689/4082/2
f 4689/4082/2 4690/4083/2193 4691/4084/2
f 4691/4084/2 4690/4083/2193 4692/4085/2
f 4692/4085/2 4690/4083/2193 4693/4086/2193
f 4693/4086/2193 4690/4083/2193 4694/4087/241
f 4690/4083/2193 4695/4088/241 4694/4087/241
f 4694/4087/241 4695/4088/241 4696/4089/242
f 4695/4088/241 4697/4090/242 4696/4089/242
f 4696/4089/242 4697/4090/242 4698/4091/382
f 4697/4090/242 4699/4092/382 4698/4091/382
f 4698/4091/382 4699/4092/382 4700/4093/2194
f 4699/4092/382 4701/4094/2194 4700/4093/2194
f 4701/4094/2194 4702/4095/36 4700/4093/2194
f 4702/4095/36 4703/4096/36 4700/4093/2194
f 4703/4096/36 4704/4097/36 4700/4093/2194
f 4704/4097/36 4705/4098/36 4700/4093/2194
f 4705/4098/36 4706/4099/36 4700/4093/2194
f 4706/4099/36 4707/4100/36 4700/4093/2194
f 4700/4093/2194 4707/4100/36 4708/4101/36
f 4707/4100/36 4709/4102/36 4708/4101/36
f 4709/4102/36 4710/4103/36 4708/4101/36
f 4710/4103/36 4711/4104/36 4708/4101/36
f 4711/4104/36 4712/4105/36 4708/4101/36
f 4712/4105/36 4713/4106/36 4708/4101/36
f 4713/4106/36 4714/4107/36 4708/4101/36
f 4708/4101/36 4714/4107/36 4715/4108/2195
f 4714/4107/36 4716/4109/36 4715/4108/2195
f 4716/4109/36 4717/4110/36 4715/4108/2195
f 4717/4110/36 4718/4111/36 4715/4108/2195
f 4718/4111/36 4719/4112/36 4715/4108/2195
f 4719/4112/36 4720/4113/36 4715/4108/2195
f 4720/4113/36 4721/4114/36 4715/4108/2195
f 4721/4114/36 4722/4115/36 4715/4108/2195
f 4722/4115/36 4723/4116/36 4715/4108/2195
f 4715/4108/2195 4723/4116/36 4724/4117/2195
f 4723/4116/36 4725/4118/36 4724/4117/2195
f 4725/4118/36 4726/4119/36 4724/4117/2195
f 4726/4119/36 4727/4120/36 4724/4117/2195
f 4727/4120/36 4728/4121/36 4724/4117/2195
f 4724/4117/2195 4728/4121/36 4729/4122/36
f 4728/4121/36 4730/4123/36 4729/4122/36
f 4730/4123/36 4731/4124/36 4729/4122/36
f 4731/4124/36 4732/4125/36 4729/4122/36
f 4732/4125/36 4733/4126/36 4729/4122/36
f 4733/4126/36 4734/4127/36 4729/4122/36
f 4734/4127/36 4735/4128/36 4729/4122/36
f 4729/4122/36 4735/4128/36 4701/4094/2194
f 4735/4128/36 4736/4129/36 4701/4094/2194
f 4736/4129/36 4737/4130/36 4701/4094/2194
f 4737/4130/36 4738/4131/36 4701/4094/2194
f 4738/4131/36 4739/4132/36 4701/4094/2194
f 4739/4132/36 4740/4133/36 4701/4094/2194
f 4740/4133/36 4741/4134/36 4701/4094/2194
f 4701/4094/2194 4741/4134/36 4702/4095/36
f 4724/4117/2195 4742/4135/104 4715/4108/2195
f 4715/4108/2195 4742/4135/104 4743/4136/104
f 4742/4135/104 4744/4137/118 4743/4136/104
f 4743/4136/104 4744/4137/118 4745/4138/118
f 4744/4137/118 4746/4139/264 4745/4138/118
f 4745/4138/118 4746/4139/264 4747/4140/264
f 4746/4139/264 4748/4141/2196 4747/4140/264
f 4747/4140/264 4748/4141/2196 4749/4142/2196
f 4749/4142/2196 4748/4141/2196 4750/4143/12
f 4750/4143/12 4748/4141/2196 4751/4144/12
f 4751/4144/12 4748/4141/2196 4752/4145/12
f 4748/4141/2196 4753/4146/12 4752/4145/12
f 4752/4145/12 4753/4146/12 4754/4147/12
f 4753/4146/12 4755/4148/12 4754/4147/12
f 4755/4148/12 4756/4149/12 4754/4147/12
f 4756/4149/12 4757/4150/12 4754/4147/12
f 4757/4150/12 4758/4151/12 4754/4147/12
f 4758/4151/12 4759/4152/12 4754/4147/12
f 4759/4152/12 4760/4153/12 4754/4147/12
f 4760/4153/12 4761/4154/12 4754/4147/12
f 4754/4147/12 4761/4154/12 4762/4155/12
f 4763/4156/227 4765/4157/180 4764/4158/2197
f 4765/4157/180 4766/4159/2197 4764/4158/2197
f 4764/4158/2197 4766/4159/2197 4767/4160/2198
f 4763/4156/227 4768/4161/2199 4765/4157/180
f 4765/4157/180 4768/4161/2199 4769/4162/2199
f 4769/4162/2199 4768/4161/2199 4770/4163/2200
f 4768/4161/2199 4771/4164/2201 4770/4163/2200
f 4771/4164/2201 4772/4165/1 4770/4163/2200
f 4770/4163/2200 4772/4165/1 4773/4166/1
f 4773/4166/1 4772/4165/1 4774/4167/1
f 4772/4165/1 4775/4168/1 4774/4167/1
f 4774/4167/1 4775/4168/1 4776/4169/1
f 4775/4168/1 4777/4170/1 4776/4169/1
f 4776/4169/1 4777/4170/1 4778/4171/1
f 4777/4170/1 4779/4172/1 4778/4171/1
f 4778/4171/1 4779/4172/1 4780/4173/1
f 4779/4172/1 4781/4174/1 4780/4173/1
f 4781/4174/1 4782/4175/1 4780/4173/1
f 4780/4173/1 4782/4175/1 4783/4176/1
f 4766/4159/2197 4784/4177/2198 4767/4160/2198
f 4767/4160/2198 4784/4177/2198 4785/4178/2202
f 4784/4177/2198 4786/4179/2202 4785/4178/2202
f 4785/4178/2202 4786/4179/2202 4787/4180/2203
f 4786/4179/2202 4788/4181/2203 4787/4180/2203
f 4787/4180/2203 4788/4181/2203 4789/4182/2204
f 4788/4181/2203 4790/4183/2204 4789/4182/2204
f 4789/4182/2204 4790/4183/2204 4791/4184/629
f 4790/4183/2204 4792/4185/629 4791/4184/629
f 4791/4184/629 4792/4185/629 4793/4186/2205
f 4792/4185/629 4794/4187/2205 4793/4186/2205
f 4793/4186/2205 4794/4187/2205 4795/4188/2206
f 4794/4187/2205 4796/4189/2207 4795/4188/2206
f 4795/4188/2206 4796/4189/2207 4797/4190/2208
f 4796/4189/2207 4798/4191/625 4797/4190/2208
f 4797/4190/2208 4798/4191/625 4799/4192/2209
f 4798/4191/625 4800/4193/2209 4799/4192/2209
f 4800/4193/2209 4801/4194/4 4799/4192/2209
f 4799/4192/2209 4801/4194/4 4802/4195/4
f 4802/4195/4 4801/4194/4 4803/4196/4
f 4801/4194/4 4804/4197/4 4803/4196/4
f 4803/4196/4 4804/4197/4 4805/4198/4
f 4804/4197/4 4806/4199/4 4805/4198/4
f 4805/4198/4 4806/4199/4 4807/4200/4
f 4806/4199/4 4808/4201/4 4807/4200/4
f 4807/4200/4 4808/4201/4 4809/4202/4
f 4808/4201/4 4810/4203/4 4809/4202/4
f 4810/4203/4 4811/4204/4 4809/4202/4
f 4809/4202/4 4811/4204/4 4812/4205/4
f 4812/4205/4 4811/4204/4 4813/4206/4
f 4811/4204/4 4814/4207/4 4813/4206/4
f 4814/4207/4 4815/4208/4 4813/4206/4
f 4813/4206/4 4815/4208/4 4816/4209/4
f 4815/4208/4 4817/4210/4 4816/4209/4
f 4816/4209/4 4817/4210/4 4818/4211/4
f 4817/4210/4 4819/4212/4 4818/4211/4
f 4818/4211/4 4819/4212/4 4820/4213/4
f 4819/4212/4 4821/4214/4 4820/4213/4
f 4820/4213/4 4821/4214/4 4822/4215/4
f 4822/4215/4 4821/4214/4 4823/4216/2209
f 4821/4214/4 4824/4217/2209 4823/4216/2209
f 4824/4217/2209 4825/4218/625 4823/4216/2209
f 4823/4216/2209 4825/4218/625 4826/4219/2208
f 4825/4218/625 4827/4220/2210 4826/4219/2208
f 4826/4219/2208 4827/4220/2210 4828/4221/2207
f 4827/4220/2210 4829/4222/2205 4828/4221/2207
f 4828/4221/2207 4829/4222/2205 4830/4223/2205
f 4829/4222/2205 4831/4224/629 4830/4223/2205
f 4830/4223/2205 4831/4224/629 4832/4225/629
f 4831/4224/629 4833/4226/2204 4832/4225/629
f 4832/4225/629 4833/4226/2204 4834/4227/2204
f 4833/4226/2204 4835/4228/2211 4834/4227/2204
f 4834/4227/2204 4835/4228/2211 4836/4229/2203
f 4835/4228/2211 4837/4230/2202 4836/4229/2203
f 4836/4229/2203 4837/4230/2202 4838/4231/2202
f 4837/4230/2202 4839/4232/2198 4838/4231/2202
f 4838/4231/2202 4839/4232/2198 4840/4233/2198
f 4839/4232/2198 4841/4234/2197 4840/4233/2198
f 4840/4233/2198 4841/4234/2197 4842/4235/2197
f 4841/4234/2197 4843/4236/227 4842/4235/2197
f 4842/4235/2197 4843/4236/227 4844/4237/227
f 4843/4236/227 4845/4238/2199 4844/4237/227
f 4844/4237/227 4845/4238/2199 4846/4239/2199
f 4846/4239/2199 4845/4238/2199 4847/4240/2200
f 4845/4238/2199 4848/4241/2201 4847/4240/2200
f 4847/4240/2200 4848/4241/2201 4849/4242/1
f 4848/4241/2201 4850/4243/1 4849/4242/1
f 4850/4243/1 4851/4244/1 4849/4242/1
f 4849/4242/1 4851/4244/1 4852/4245/1
f 4851/4244/1 4853/4246/1 4852/4245/1
f 4852/4245/1 4853/4246/1 4854/4247/1
f 4853/4246/1 4855/4248/1 4854/4247/1
f 4854/4247/1 4855/4248/1 4856/4249/1
f 4855/4248/1 4857/4250/1 4856/4249/1
f 4856/4249/1 4857/4250/1 4858/4251/1
f 4858/4251/1 4857/4250/1 4859/4252/1
f 4857/4250/1 4860/4253/1 4859/4252/1
f 4861/4254/67 4862/4255/67 4863/4256/67
f 4863/4256/67 4862/4255/67 4864/4257/67
f 4864/4257/67 4862/4255/67 4865/4258/67
f 4865/4258/67 4862/4255/67 4866/4259/67
f 4866/4259/67 4862/4255/67 4867/4260/67
f 4862/4255/67 4868/4261/2192 4867/4260/67
f 4867/4260/67 4868/4261/2192 4869/4262/67
f 4869/4262/67 4868/4261/2192 4870/4263/67
f 4870/4263/67 4868/4261/2192 4871/4264/67
f 4871/4264/67 4868/4261/2192 4872/4265/67
f 4868/4261/2192 4873/4266/2192 4872/4265/67
f 4872/4265/67 4873/4266/2192 4874/4267/67
f 4874/4267/67 4873/4266/2192 4875/4268/67
f 4875/4268/67 4873/4266/2192 4876/4269/67
f 4876/4269/67 4873/4266/2192 4877/4270/67
f 4877/4270/67 4873/4266/2192 4878/4271/67
f 4878/4271/67 4873/4266/2192 4879/4272/67
f 4879/4272/67 4873/4266/2192 4880/4273/67
f 4880/4273/67 4873/4266/2192 4881/4274/67
f 4873/4266/2192 4882/4275/67 4881/4274/67
f 4881/4274/67 4882/4275/67 4883/4276/67
f 4883/4276/67 4882/4275/67 4884/4277/67
f 4884/4277/67 4882/4275/67 4885/4278/67
f 4885/4278/67 4882/4275/67 4886/4279/67
f 4886/4279/67 4882/4275/67 4887/4280/67
f 4887/4280/67 4882/4275/67 4888/4281/67
f 4882/4275/67 4889/4282/2212 4888/4281/67
f 4888/4281/67 4889/4282/2212 4890/4283/67
f 4890/4283/67 4889/4282/2212 4891/4284/67
f 4891/4284/67 4889/4282/2212 4892/4285/67
f 4892/4285/67 4889/4282/2212 4893/4286/67
f 4893/4286/67 4889/4282/2212 4894/4287/67
f 4889/4282/2212 4895/4288/2212 4894/4287/67
f 4894/4287/67 4895/4288/2212 4896/4289/67
f 4896/4289/67 4895/4288/2212 4897/4290/67
f 4897/4290/67 4895/4288/2212 4898/4291/67
f 4898/4291/67 4895/4288/2212 4899/4292/67
f 4899/4292/67 4895/4288/2212 4900/4293/67
f 4900/4293/67 4895/4288/2212 4901/4294/67
f 4901/4294/67 4895/4288/2212 4902/4295/67
f 4895/4288/2212 4862/4255/67 4902/4295/67
f 4902/4295/67 4862/4255/67 4861/4254/67
f 4903/4049/2 4905/4051/2 4904/4296/2
f 4904/4296/2 4905/4051/2 4906/4052/2
f 4906/4052/2 4905/4051/2 4907/4053/2
f 4907/4053/2 4905/4051/2 4908/4054/2
f 4908/4054/2 4905/4051/2 4909/4055/2
f 4909/4055/2 4905/4051/2 4910/4056/2
f 4910/4056/2 4905/4051/2 4911/4057/2
f 4911/4057/2 4905/4051/2 4912/4058/2
f 4905/4051/2 4913/4059/2 4912/4058/2
f 4912/4058/2 4913/4059/2 4914/4060/2213
f 4913/4059/2 4915/4061/2214 4914/4060/2213
f 4915/4061/2214 4916/4062/1125 4914/4060/2213
f 4914/4060/2213 4916/4062/1125 4917/4063/1125
f 4916/4062/1125 4918/4297/894 4917/4063/1125
f 4917/4063/1125 4918/4297/894 4919/4298/894
f 4918/4297/894 4920/4066/2215 4919/4298/894
f 4919/4298/894 4920/4066/2215 4921/4067/2215
f 4920/4066/2215 4922/4068/2212 4921/4067/2215
f 4921/4067/2215 4922/4068/2212 4923/4069/2212
f 4912/4058/2 4914/4060/2213 4924/4070/2
f 4924/4070/2 4914/4060/2213 4925/4071/2
f 4926/4299/1535 4928/4300/1535 4927/4301/183
f 4928/4300/1535 4929/4302/183 4927/4301/183
f 4927/4301/183 4929/4302/183 4930/4303/182
f 4929/4302/183 4931/4304/182 4930/4303/182
f 4930/4303/182 4931/4304/182 4932/4305/2216
f 4931/4304/182 4933/4306/181 4932/4305/2216
f 4932/4305/2216 4933/4306/181 4934/4307/36
f 4933/4306/181 4935/4308/36 4934/4307/36
f 4934/4307/36 4935/4308/36 4936/4309/227
f 4935/4308/36 4937/4310/227 4936/4309/227
f 4936/4309/227 4937/4310/227 4938/4311/179
f 4937/4310/227 4939/4312/179 4938/4311/179
f 4938/4311/179 4939/4312/179 4940/4313/178
f 4939/4312/179 4941/4314/178 4940/4313/178
f 4940/4313/178 4941/4314/178 4942/4315/176
f 4941/4314/178 4943/4316/177 4942/4315/176
f 4942/4315/176 4943/4316/177 4944/4317/1
f 4943/4316/177 4945/4318/821 4944/4317/1
f 4944/4317/1 4945/4318/821 4946/4319/174
f 4945/4318/821 4947/4320/174 4946/4319/174
f 4946/4319/174 4947/4320/174 4948/4321/173
f 4947/4320/174 4949/4322/173 4948/4321/173
f 4948/4321/173 4949/4322/173 4950/4323/191
f 4949/4322/173 4951/4324/191 4950/4323/191
f 4950/4323/191 4951/4324/191 4952/4325/225
f 4951/4324/191 4953/4326/225 4952/4325/225
f 4952/4325/225 4953/4326/225 4954/4327/67
f 4953/4326/225 4955/4328/67 4954/4327/67
f 4954/4327/67 4955/4328/67 4956/4329/2217
f 4955/4328/67 4957/4330/431 4956/4329/2217
f 4956/4329/2217 4957/4330/431 4958/4331/2218
f 4957/4330/431 4959/4332/188 4958/4331/2218
f 4958/4331/2218 4959/4332/188 4960/4333/187
f 4959/4332/188 4961/4334/187 4960/4333/187
f 4960/4333/187 4961/4334/187 4962/4335/186
f 4961/4334/187 4963/4336/186 4962/4335/186
f 4962/4335/186 4963/4336/186 4964/4337/812
f 4963/4336/186 4965/4338/812 4964/4337/812
f 4964/4337/812 4965/4338/812 4966/4339/184
f 4965/4338/812 4967/4340/184 4966/4339/184
f 4968/4341/2 4969/4342/2 4970/4343/145
f 4969/4342/2 4971/4344/2 4970/4343/145
f 4971/4344/2 4972/4345/2 4970/4343/145
f 4972/4345/2 4973/4346/2 4970/4343/145
f 4973/4346/2 4974/4347/2 4970/4343/145
f 4974/4347/2 4975/4348/2 4970/4343/145
f 4975/4348/2 4976/4349/2 4970/4343/145
f 4976/4349/2 4977/4350/2 4970/4343/145
f 4977/4350/2 4978/4351/2 4970/4343/145
f 4978/4351/2 4979/4352/2 4970/4343/145
f 4979/4352/2 4980/4353/2 4970/4343/145
f 4980/4353/2 4981/4354/2 4970/4343/145
f 4981/4354/2 4982/4355/2 4970/4343/145
f 4982/4355/2 4983/4356/2 4970/4343/145
f 4983/4356/2 4984/4357/2 4970/4343/145
f 4984/4357/2 4985/4358/2 4970/4343/145
f 4985/4358/2 4986/4359/2 4970/4343/145
f 4986/4359/2 4987/4360/2 4970/4343/145
f 4987/4360/2 4988/4361/2 4970/4343/145
f 4970/4343/145 4988/4361/2 4968/4341/2
f 4989/4362/12 4991/4363/128 4990/4364/12
f 4990/4364/12 4991/4363/128 4992/4365/12
f 4992/4365/12 4991/4363/128 4993/4366/12
f 4993/4366/12 4991/4363/128 4994/4367/12
f 4994/4367/12 4991/4363/128 4995/4368/12
f 4995/4368/12 4991/4363/128 4996/4369/12
f 4996/4369/12 4991/4363/128 4997/4370/12
f 4997/4370/12 4991/4363/128 4998/4371/12
f 4998/4371/12 4991/4363/128 4999/4372/12
f 4999/4372/12 4991/4363/128 5000/4373/12
f 5000/4373/12 4991/4363/128 5001/4374/12
f 5001/4374/12 4991/4363/128 5002/4375/12
f 5002/4375/12 4991/4363/128 5003/4376/12
f 5003/4376/12 4991/4363/128 5004/4377/12
f 5004/4377/12 4991/4363/128 5005/4378/12
f 5005/4378/12 4991/4363/128 5006/4379/12
f 5006/4379/12 4991/4363/128 5007/4380/12
f 5007/4380/12 4991/4363/128 5008/4381/12
f 5008/4381/12 4991/4363/128 5009/4382/12
f 4991/4363/128 4989/4362/12 5009/4382/12
f 5010/4383/67 5011/4384/67 5012/4385/67
f 5011/4384/67 5013/4386/67 5012/4385/67
f 5013/4386/67 5014/4387/67 5012/4385/67
f 5012/4385/67 5014/4387/67 5015/4388/67
f 5016/4389/1 5018/4390/1 5017/4391/1
f 5017/4391/1 5018/4390/1 5019/4392/1
f 5020/4393/4 5022/4394/4 5021/4395/4
f 5021/4395/4 5022/4394/4 5023/4396/4
f 5024/4397/2 5026/4387/2 5025/4398/2
f 5025/4398/2 5026/4387/2 5027/4386/2
f 5028/4396/12 5030/4394/12 5029/4399/12
f 5029/4399/12 5030/4394/12 5031/4400/12
f 5032/4386/2219 5034/4389/2219 5033/4398/2219
f 5033/4398/2219 5034/4389/2219 5035/4391/2219
f 5036/4395/141 5038/4387/141 5037/4393/141
f 5037/4393/141 5038/4387/141 5039/4397/141
f 5040/4388/67 5042/4387/67 5041/4385/67
f 5042/4387/67 5043/4386/67 5041/4385/67
f 5043/4386/67 5044/4384/67 5041/4385/67
f 5041/4385/67 5044/4384/67 5045/4383/67
f 5046/4392/1 5048/4390/1 5047/4391/1
f 5047/4391/1 5048/4390/1 5049/4389/1
f 5050/4401/36 5052/4398/36 5051/4402/36
f 5052/4398/36 5053/4397/36 5051/4402/36
f 5053/4397/36 5054/4403/36 5051/4402/36
f 5051/4402/36 5054/4403/36 5055/4404/36
f 5056/4396/4 5058/4394/4 5057/4395/4
f 5057/4395/4 5058/4394/4 5059/4393/4
f 5060/4386/12 5062/4387/12 5061/4398/12
f 5061/4398/12 5062/4387/12 5063/4397/12
f 5064/4400/2 5066/4394/2 5065/4399/2
f 5065/4399/2 5066/4394/2 5067/4396/2
f 5068/4391/2220 5070/4389/2220 5069/4398/2221
f 5069/4398/2221 5070/4389/2220 5071/4386/2221
f 5072/4397/2222 5074/4387/218 5073/4393/218
f 5073/4393/218 5074/4387/218 5075/4395/218
f 5076/4405/2223 5078/4406/2223 5077/4407/2223
f 5077/4407/2223 5078/4406/2223 5079/4408/2223
f 5080/4409/1 5082/4405/1 5081/4410/1
f 5081/4410/1 5082/4405/1 5083/4407/1
f 5084/4411/2224 5086/4412/2224 5085/4413/592
f 5086/4412/2224 5087/4414/592 5085/4413/592
f 5085/4413/592 5087/4414/592 5088/4415/593
f 5087/4414/592 5089/4416/593 5088/4415/593
f 5088/4415/593 5089/4416/593 5090/4417/4
f 5084/4411/2224 5091/4418/2225 5086/4412/2224
f 5086/4412/2224 5091/4418/2225 5092/4419/2225
f 5091/4418/2225 5093/4420/614 5092/4419/2225
f 5092/4419/2225 5093/4420/614 5094/4421/614
f 5093/4420/614 5095/4422/2226 5094/4421/614
f 5094/4421/614 5095/4422/2226 5096/4423/2227
f 5096/4423/2227 5095/4422/2226 5097/4424/589
f 5095/4422/2226 5098/4425/2228 5097/4424/589
f 5097/4424/589 5098/4425/2228 5099/4426/152
f 5098/4425/2228 5100/4427/2229 5099/4426/152
f 5099/4426/152 5100/4427/2229 5101/4428/1
f 5100/4427/2229 5102/4429/1 5101/4428/1
f 5101/4428/1 5102/4429/1 5103/4430/2230
f 5102/4429/1 5104/4431/2230 5103/4430/2230
f 5105/4432/2231 5106/4433/2231 5107/4434/604
f 5106/4433/2231 5108/4435/2232 5107/4434/604
f 5107/4434/604 5108/4435/2232 5109/4436/2233
f 5108/4435/2232 5110/4437/2233 5109/4436/2233
f 5110/4437/2233 5111/4438/2234 5109/4436/2233
f 5109/4436/2233 5111/4438/2234 5112/4439/2234
f 5111/4438/2234 5113/4440/2235 5112/4439/2234
f 5112/4439/2234 5113/4440/2235 5114/4441/325
f 5114/4441/325 5113/4440/2235 5115/4442/2236
f 5113/4440/2235 5116/4443/2237 5115/4442/2236
f 5115/4442/2236 5116/4443/2237 5117/4444/584
f 5116/4443/2237 5118/4445/584 5117/4444/584
f 5117/4444/584 5118/4445/584 5119/4446/2238
f 5118/4445/584 5120/4447/2239 5119/4446/2238
f 5121/4448/2240 5122/4449/2241 5123/4450/4
f 5122/4449/2241 5090/4417/4 5123/4450/4
f 5123/4450/4 5090/4417/4 5089/4416/593
f 5124/4451/2242 5126/4452/2243 5125/4453/2244
f 5126/4452/2243 5127/4454/2245 5125/4453/2244
f 5127/4454/2245 5128/4455/2246 5125/4453/2244
f 5128/4455/2246 5129/4456/2247 5125/4453/2244
f 5129/4456/2247 5130/4457/2248 5125/4453/2244
f 5130/4457/2248 5131/4458/2249 5125/4453/2244
f 5131/4458/2249 5132/4459/2250 5125/4453/2244
f 5125/4453/2244 5132/4459/2250 5133/4460/2251
f 5134/4461/2252 5136/4462/2253 5135/4463/2254
f 5135/4463/2254 5136/4462/2253 5137/4464/2255
f 5137/4464/2255 5136/4462/2253 5138/4465/2256
f 5138/4465/2256 5136/4462/2253 5139/4466/2257
f 5139/4466/2257 5136/4462/2253 5140/4467/2258
f 5140/4467/2258 5136/4462/2253 5141/4468/2259
f 5141/4468/2259 5136/4462/2253 5142/4469/2260
f 5136/4462/2253 5143/4470/2261 5142/4469/2260
f 5144/4422/2262 5145/4471/2263 5146/4472/2264
f 5145/4471/2263 5147/4473/2264 5146/4472/2264
f 5146/4472/2264 5147/4473/2264 5148/4474/2265
f 5144/4422/2262 5149/4420/2266 5145/4471/2263
f 5145/4471/2263 5149/4420/2266 5150/4475/283
f 5149/4420/2266 5151/4418/2 5150/4475/283
f 5150/4475/283 5151/4418/2 5152/4451/2
f 5151/4418/2 5153/4411/2 5152/4451/2
f 5152/4451/2 5153/4411/2 5154/4452/2
f 5154/4452/2 5153/4411/2 5155/4454/2
f 5153/4411/2 5156/4476/2 5155/4454/2
f 5155/4454/2 5156/4476/2 5157/4455/2
f 5156/4476/2 5158/4477/2 5157/4455/2
f 5157/4455/2 5158/4477/2 5159/4456/2
f 5158/4477/2 5160/4478/2 5159/4456/2
f 5159/4456/2 5160/4478/2 5161/4457/2
f 5160/4478/2 5162/4479/2 5161/4457/2
f 5161/4457/2 5162/4479/2 5163/4458/2
f 5162/4479/2 5164/4480/2 5163/4458/2
f 5163/4458/2 5164/4480/2 5165/4459/2
f 5164/4480/2 5166/4481/2 5165/4459/2
f 5166/4481/2 5167/4482/2 5165/4459/2
f 5165/4459/2 5167/4482/2 5168/4460/2
f 5167/4482/2 5169/4483/2 5168/4460/2
f 5168/4460/2 5169/4483/2 5170/4484/283
f 5169/4483/2 5171/4485/2267 5170/4484/283
f 5170/4484/283 5171/4485/2267 5172/4486/2268
f 5172/4486/2268 5171/4485/2267 5173/4487/2269
f 5171/4485/2267 5174/4488/2270 5173/4487/2269
f 5173/4487/2269 5174/4488/2270 5175/4489/2271
f 5174/4488/2270 5176/4490/2272 5175/4489/2271
f 5175/4489/2271 5176/4490/2272 5177/4491/2273
f 5176/4490/2272 5178/4492/2273 5177/4491/2273
f 5177/4491/2273 5178/4492/2273 5179/4493/2274
f 5178/4492/2273 5148/4474/2265 5179/4493/2274
f 5179/4493/2274 5148/4474/2265 5147/4473/2264
f 5180/4494/2275 5182/4495/2276 5181/4496/2277
f 5182/4495/2276 5183/4497/127 5181/4496/2277
f 5181/4496/2277 5183/4497/127 5184/4421/12
f 5183/4497/127 5185/4461/12 5184/4421/12
f 5184/4421/12 5185/4461/12 5186/4419/12
f 5186/4419/12 5185/4461/12 5187/4498/12
f 5185/4461/12 5188/4463/12 5187/4498/12
f 5187/4498/12 5188/4463/12 5189/4499/12
f 5188/4463/12 5190/4464/12 5189/4499/12
f 5189/4499/12 5190/4464/12 5191/4500/12
f 5190/4464/12 5192/4465/12 5191/4500/12
f 5191/4500/12 5192/4465/12 5193/4501/12
f 5192/4465/12 5194/4466/127 5193/4501/12
f 5193/4501/12 5194/4466/127 5195/4502/127
f 5194/4466/127 5196/4467/127 5195/4502/127
f 5195/4502/127 5196/4467/127 5197/4503/12
f 5196/4467/127 5198/4468/12 5197/4503/12
f 5197/4503/12 5198/4468/12 5199/4504/12
f 5198/4468/12 5200/4469/12 5199/4504/12
f 5200/4469/12 5201/4470/12 5199/4504/12
f 5199/4504/12 5201/4470/12 5202/4505/12
f 5201/4470/12 5203/4506/127 5202/4505/12
f 5202/4505/12 5203/4506/127 5204/4507/12
f 5204/4507/12 5203/4506/127 5205/4508/2278
f 5203/4506/127 5206/4509/2279 5205/4508/2278
f 5205/4508/2278 5206/4509/2279 5207/4510/2280
f 5206/4509/2279 5208/4511/2281 5207/4510/2280
f 5207/4510/2280 5208/4511/2281 5209/4512/2282
f 5208/4511/2281 5210/4513/2283 5209/4512/2282
f 5209/4512/2282 5210/4513/2283 5211/4514/2284
f 5210/4513/2283 5212/4515/2285 5211/4514/2284
f 5211/4514/2284 5212/4515/2285 5213/4516/2286
f 5212/4515/2285 5214/4517/2287 5213/4516/2286
f 5213/4516/2286 5214/4517/2287 5215/4518/2288
f 5214/4517/2287 5180/4494/2275 5215/4518/2288
f 5215/4518/2288 5180/4494/2275 5181/4496/2277
f 5216/4506/2289 5218/4519/2290 5217/4509/2291
f 5217/4509/2291 5218/4519/2290 5219/4511/2292
f 5219/4511/2292 5218/4519/2290 5220/4513/2293
f 5220/4513/2293 5218/4519/2290 5221/4515/2294
f 5221/4515/2294 5218/4519/2290 5222/4517/2295
f 5222/4517/2295 5218/4519/2290 5223/4494/2296
f 5223/4494/2296 5218/4519/2290 5224/4495/2297
f 5218/4519/2290 5225/4497/2298 5224/4495/2297
f 5226/4484/2299 5227/4486/2300 5228/4520/2301
f 5227/4486/2300 5229/4487/2302 5228/4520/2301
f 5229/4487/2302 5230/4489/2303 5228/4520/2301
f 5230/4489/2303 5231/4491/2304 5228/4520/2301
f 5231/4491/2304 5232/4493/2305 5228/4520/2301
f 5232/4493/2305 5233/4473/2306 5228/4520/2301
f 5233/4473/2306 5234/4471/2307 5228/4520/2301
f 5228/4520/2301 5234/4471/2307 5235/4475/2308
f 5236/4521/67 5238/4522/67 5237/4523/975
f 5238/4522/67 5239/4524/67 5237/4523/975
f 5239/4524/67 5240/4525/67 5237/4523/975
f 5240/4525/67 5241/4526/67 5237/4523/975
f 5241/4526/67 5242/4527/67 5237/4523/975
f 5242/4527/67 5243/4528/67 5237/4523/975
f 5243/4528/67 5244/4529/67 5237/4523/975
f 5244/4529/67 5245/4530/67 5237/4523/975
f 5245/4530/67 5246/4531/67 5237/4523/975
f 5237/4523/975 5246/4531/67 5247/4532/67
f 5248/4533/2309 5250/4534/2310 5249/4535/2311
f 5249/4535/2311 5250/4534/2310 5251/4536/2312
f 5250/4534/2310 5252/4537/2313 5251/4536/2312
f 5251/4536/2312 5252/4537/2313 5253/4538/2314
f 5252/4537/2313 5254/4539/2315 5253/4538/2314
f 5248/4533/2309 5249/4535/2311 5255/4540/2316
f 5249/4535/2311 5256/4541/1470 5255/4540/2316
f 5255/4540/2316 5256/4541/1470 5257/4542/58
f 5256/4541/1470 5258/4543/1470 5257/4542/58
f 5257/4542/58 5258/4543/1470 5259/4544/58
f 5258/4543/1470 5256/4541/1470 5260/4545/279
f 5260/4545/279 5256/4541/1470 5261/4546/55
f 5256/4541/1470 5249/4535/2311 5261/4546/55
f 5249/4535/2311 5251/4536/2312 5261/4546/55
f 5261/4546/55 5251/4536/2312 5262/4547/2317
f 5251/4536/2312 5253/4538/2314 5262/4547/2317
f 5253/4538/2314 5263/4548/2318 5262/4547/2317
f 5262/4547/2317 5263/4548/2318 5264/4549/90
f 5264/4549/90 5263/4548/2318 5265/4550/92
f 5263/4548/2318 5266/4551/2319 5265/4550/92
f 5265/4550/92 5266/4551/2319 5267/4552/95
f 5266/4551/2319 5268/4553/95 5267/4552/95
f 5267/4552/95 5268/4553/95 5269/4554/272
f 5268/4553/95 5270/4555/2320 5269/4554/272
f 5269/4554/272 5270/4555/2320 5271/4556/2321
f 5271/4556/2321 5270/4555/2320 5272/4557/2322
f 5270/4555/2320 5273/4558/2323 5272/4557/2322
f 5272/4557/2322 5273/4558/2323 5274/4559/2324
f 5273/4558/2323 5275/4560/2325 5274/4559/2324
f 5274/4559/2324 5275/4560/2325 5276/4561/2326
f 5260/4545/279 5261/4546/55 5277/4562/1
f 5261/4546/55 5262/4547/2317 5277/4562/1
f 5277/4562/1 5262/4547/2317 5264/4549/90
f 5275/4560/2325 5273/4558/2323 5278/4563/2327
f 5278/4563/2327 5273/4558/2323 5279/4564/2328
f 5273/4558/2323 5270/4555/2320 5279/4564/2328
f 5270/4555/2320 5268/4553/95 5279/4564/2328
f 5279/4564/2328 5268/4553/95 5280/4565/2329
f 5268/4553/95 5266/4551/2319 5280/4565/2329
f 5280/4565/2329 5266/4551/2319 5281/4566/2330
f 5266/4551/2319 5263/4548/2318 5281/4566/2330
f 5263/4548/2318 5253/4538/2314 5281/4566/2330
f 5253/4538/2314 5254/4539/2315 5281/4566/2330
f 5254/4539/2315 5282/4567/2331 5281/4566/2330
f 5281/4566/2330 5282/4567/2331 5280/4565/2329
f 5282/4567/2331 5283/4568/2332 5280/4565/2329
f 5280/4565/2329 5283/4568/2332 5279/4564/2328
f 5283/4568/2332 5284/4569/2327 5279/4564/2328
f 5285/4570/2333 5286/4571/2334 5287/4572/2335
f 5287/4572/2335 5286/4571/2334 5288/4573/2336
f 5286/4571/2334 5289/4574/58 5288/4573/2336
f 5288/4573/2336 5289/4574/58 5290/4575/2337
f 5289/4574/58 5291/4576/58 5290/4575/2337
f 5290/4575/2337 5291/4576/58 5292/4577/2338
f 5293/4578/2339 5295/4579/2340 5294/4580/2341
f 5294/4580/2341 5295/4579/2340 5296/4581/2342
f 5296/4581/2342 5295/4579/2340 5297/4582/2343
f 5297/4582/2343 5295/4579/2340 5298/4583/2344
f 5298/4583/2344 5295/4579/2340 5299/4584/2345
f 5299/4584/2345 5295/4579/2340 5300/4585/2346
f 5300/4585/2346 5295/4579/2340 5301/4586/2347
f 5295/4579/2340 5302/4587/2348 5301/4586/2347
f 5303/4588/2321 5304/4589/1472 5305/4590/2349
f 5304/4589/1472 5306/4591/2350 5305/4590/2349
f 5305/4590/2349 5306/4591/2350 5307/4592/2351
f 5307/4592/2351 5306/4591/2350 5308/4593/2352
f 5306/4591/2350 5309/4594/2353 5308/4593/2352
f 5309/4594/2353 5310/4595/92 5308/4593/2352
f 5308/4593/2352 5310/4595/92 5311/4596/2354
f 5310/4595/92 5312/4597/91 5311/4596/2354
f 5311/4596/2354 5312/4597/91 5313/4598/2355
f 5312/4597/91 5314/4599/2356 5313/4598/2355
f 5313/4598/2355 5314/4599/2356 5315/4600/2357
f 5314/4599/2356 5316/4601/55 5315/4600/2357
f 5316/4601/55 5317/4602/2358 5315/4600/2357
f 5317/4602/2358 5318/4603/2351 5315/4600/2357
f 5315/4600/2357 5318/4603/2351 5313/4598/2355
f 5313/4598/2355 5318/4603/2351 5311/4596/2354
f 5318/4603/2351 5308/4593/2352 5311/4596/2354
f 5303/4588/2321 5305/4590/2349 5319/4604/2359
f 5305/4590/2349 5307/4592/2351 5319/4604/2359
f 5304/4589/1472 5309/4594/2353 5306/4591/2350
f 5316/4601/55 5320/4605/56 5317/4602/2358
f 5317/4602/2358 5320/4605/56 5321/4606/2360
f 5320/4605/56 5322/4607/3 5321/4606/2360
f 5317/4602/2358 5321/4606/2360 5318/4603/2351
f 5323/4608/36 5325/4609/36 5324/4610/36
f 5324/4610/36 5325/4609/36 5326/4611/36
f 5326/4611/36 5325/4609/36 5327/4612/36
f 5327/4612/36 5325/4609/36 5328/4613/36
f 5328/4613/36 5325/4609/36 5329/4614/36
f 5329/4614/36 5325/4609/36 5330/4615/36
f 5330/4615/36 5325/4609/36 5331/4616/36
f 5325/4609/36 5332/4617/36 5331/4616/36
f 5333/4524/2361 5334/4523/2362 5335/4522/2361
f 5335/4522/2361 5334/4523/2362 5336/4521/2361
f 5336/4521/2361 5334/4523/2362 5337/4618/2361
f 5337/4618/2361 5334/4523/2362 5338/4619/2361
f 5338/4619/2361 5334/4523/2362 5339/4620/2361
f 5339/4620/2361 5334/4523/2362 5340/4621/2361
f 5340/4621/2361 5334/4523/2362 5341/4622/2361
f 5341/4622/2361 5334/4523/2362 5342/4623/2361
f 5342/4623/2361 5334/4523/2362 5343/4624/2361
f 5343/4624/2361 5334/4523/2362 5344/4625/2361
f 5344/4625/2361 5334/4523/2362 5345/4626/2361
f 5345/4626/2361 5334/4523/2362 5346/4532/2363
f 5346/4532/2363 5334/4523/2362 5347/4531/2363
f 5347/4531/2363 5334/4523/2362 5348/4530/2361
f 5348/4530/2361 5334/4523/2362 5349/4529/2363
f 5349/4529/2363 5334/4523/2362 5350/4528/2361
f 5350/4528/2361 5334/4523/2362 5351/4527/2361
f 5351/4527/2361 5334/4523/2362 5352/4526/2361
f 5352/4526/2361 5334/4523/2362 5353/4525/2361
f 5334/4523/2362 5333/4524/2361 5353/4525/2361
f 5354/4533/2364 5355/4534/2365 5356/4535/2366
f 5356/4535/2366 5355/4534/2365 5357/4536/2367
f 5355/4534/2365 5358/4537/2368 5357/4536/2367
f 5357/4536/2367 5358/4537/2368 5359/4538/2369
f 5358/4537/2368 5360/4539/2370 5359/4538/2369
f 5354/4533/2364 5356/4535/2366 5361/4540/2371
f 5356/4535/2366 5362/4541/2372 5361/4540/2371
f 5361/4540/2371 5362/4541/2372 5363/4542/2373
f 5362/4541/2372 5364/4543/2372 5363/4542/2373
f 5363/4542/2373 5364/4543/2372 5365/4544/2373
f 5364/4543/2372 5362/4541/2372 5366/4545/2374
f 5366/4545/2374 5362/4541/2372 5367/4546/2374
f 5362/4541/2372 5356/4535/2366 5367/4546/2374
f 5356/4535/2366 5357/4536/2367 5367/4546/2374
f 5367/4546/2374 5357/4536/2367 5368/4547/338
f 5357/4536/2367 5359/4538/2369 5368/4547/338
f 5359/4538/2369 5369/4548/2375 5368/4547/338
f 5368/4547/338 5369/4548/2375 5370/4549/2376
f 5370/4549/2376 5369/4548/2375 5371/4550/2377
f 5369/4548/2375 5372/4551/2377 5371/4550/2377
f 5371/4550/2377 5372/4551/2377 5373/4552/2378
f 5372/4551/2377 5374/4553/2378 5373/4552/2378
f 5373/4552/2378 5374/4553/2378 5375/4554/2379
f 5374/4553/2378 5376/4555/2380 5375/4554/2379
f 5375/4554/2379 5376/4555/2380 5377/4556/127
f 5376/4555/2380 5378/4557/127 5377/4556/127
f 5377/4556/127 5378/4557/127 5379/4627/2381
f 5378/4557/127 5380/4628/2381 5379/4627/2381
f 5379/4627/2381 5380/4628/2381 5381/4629/2382
f 5380/4628/2381 5382/4630/2382 5381/4629/2382
f 5381/4629/2382 5382/4630/2382 5383/4631/2383
f 5382/4630/2382 5384/4632/2383 5383/4631/2383
f 5383/4631/2383 5384/4632/2383 5385/4633/2384
f 5384/4632/2383 5386/4634/2385 5385/4633/2384
f 5385/4633/2384 5386/4634/2385 5387/4635/2386
f 5386/4634/2385 5388/4636/2387 5387/4635/2386
f 5387/4635/2386 5388/4636/2387 5389/4637/2388
f 5388/4636/2387 5390/4638/2389 5389/4637/2388
f 5389/4637/2388 5390/4638/2389 5391/4639/2390
f 5390/4638/2389 5392/4640/2390 5391/4639/2390
f 5391/4639/2390 5392/4640/2390 5393/4641/2391
f 5392/4640/2390 5394/4642/2392 5393/4641/2391
f 5393/4641/2391 5394/4642/2392 5395/4643/2393
f 5394/4642/2392 5396/4644/2393 5395/4643/2393
f 5395/4643/2393 5396/4644/2393 5397/4645/283
f 5396/4644/2393 5398/4646/283 5397/4645/283
f 5397/4645/283 5398/4646/283 5399/4577/2394
f 5398/4646/283 5400/4575/2395 5399/4577/2394
f 5399/4577/2394 5400/4575/2395 5401/4576/2373
f 5401/4576/2373 5400/4575/2395 5402/4574/2373
f 5400/4575/2395 5403/4573/2396 5402/4574/2373
f 5402/4574/2373 5403/4573/2396 5404/4571/2397
f 5403/4573/2396 5405/4572/2398 5404/4571/2397
f 5404/4571/2397 5405/4572/2398 5406/4570/2364
f 5366/4545/2374 5367/4546/2374 5407/4562/338
f 5367/4546/2374 5368/4547/338 5407/4562/338
f 5407/4562/338 5368/4547/338 5370/4549/2376
f 5405/4572/2398 5403/4573/2396 5408/4647/2399
f 5408/4647/2399 5403/4573/2396 5409/4648/2400
f 5403/4573/2396 5400/4575/2395 5409/4648/2400
f 5400/4575/2395 5398/4646/283 5409/4648/2400
f 5409/4648/2400 5398/4646/283 5410/4649/2401
f 5398/4646/283 5396/4644/2393 5410/4649/2401
f 5410/4649/2401 5396/4644/2393 5411/4650/2402
f 5396/4644/2393 5394/4642/2392 5411/4650/2402
f 5411/4650/2402 5394/4642/2392 5412/4651/2403
f 5394/4642/2392 5392/4640/2390 5412/4651/2403
f 5412/4651/2403 5392/4640/2390 5413/4652/2404
f 5392/4640/2390 5390/4638/2389 5413/4652/2404
f 5413/4652/2404 5390/4638/2389 5414/4653/2405
f 5390/4638/2389 5388/4636/2387 5414/4653/2405
f 5414/4653/2405 5388/4636/2387 5415/4654/2406
f 5388/4636/2387 5386/4634/2385 5415/4654/2406
f 5415/4654/2406 5386/4634/2385 5416/4655/2407
f 5386/4634/2385 5384/4632/2383 5416/4655/2407
f 5416/4655/2407 5384/4632/2383 5417/4656/2408
f 5384/4632/2383 5382/4630/2382 5417/4656/2408
f 5417/4656/2408 5382/4630/2382 5418/4657/2409
f 5382/4630/2382 5380/4628/2381 5418/4657/2409
f 5418/4657/2409 5380/4628/2381 5419/4559/2410
f 5380/4628/2381 5378/4557/127 5419/4559/2410
f 5419/4559/2410 5378/4557/127 5420/4558/2411
f 5378/4557/127 5376/4555/2380 5420/4558/2411
f 5420/4558/2411 5376/4555/2380 5421/4564/2412
f 5376/4555/2380 5374/4553/2378 5421/4564/2412
f 5421/4564/2412 5374/4553/2378 5422/4565/2413
f 5374/4553/2378 5372/4551/2377 5422/4565/2413
f 5422/4565/2413 5372/4551/2377 5423/4566/2414
f 5372/4551/2377 5369/4548/2375 5423/4566/2414
f 5369/4548/2375 5359/4538/2369 5423/4566/2414
f 5359/4538/2369 5360/4539/2370 5423/4566/2414
f 5360/4539/2370 5424/4567/2415 5423/4566/2414
f 5423/4566/2414 5424/4567/2415 5422/4565/2413
f 5424/4567/2415 5425/4568/2416 5422/4565/2413
f 5422/4565/2413 5425/4568/2416 5421/4564/2412
f 5425/4568/2416 5426/4569/2417 5421/4564/2412
f 5421/4564/2412 5427/4563/2418 5420/4558/2411
f 5427/4563/2418 5428/4560/2419 5420/4558/2411
f 5420/4558/2411 5428/4560/2419 5419/4559/2410
f 5428/4560/2419 5429/4561/2420 5419/4559/2410
f 5419/4559/2410 5429/4561/2420 5418/4657/2409
f 5429/4561/2420 5430/4658/2421 5418/4657/2409
f 5418/4657/2409 5430/4658/2421 5417/4656/2408
f 5430/4658/2421 5431/4659/2422 5417/4656/2408
f 5417/4656/2408 5431/4659/2422 5416/4655/2407
f 5431/4659/2422 5432/4660/2423 5416/4655/2407
f 5416/4655/2407 5433/4661/2424 5415/4654/2406
f 5433/4661/2424 5434/4662/2425 5415/4654/2406
f 5415/4654/2406 5434/4662/2425 5414/4653/2405
f 5434/4662/2425 5435/4663/808 5414/4653/2405
f 5414/4653/2405 5435/4663/808 5413/4652/2404
f 5435/4663/808 5436/4664/2426 5413/4652/2404
f 5413/4652/2404 5436/4664/2426 5412/4651/2403
f 5436/4664/2426 5437/4665/2427 5412/4651/2403
f 5412/4651/2403 5437/4665/2427 5411/4650/2402
f 5437/4665/2427 5438/4666/2428 5411/4650/2402
f 5411/4650/2402 5439/4667/2429 5410/4649/2401
f 5439/4667/2429 5440/4668/2430 5410/4649/2401
f 5410/4649/2401 5440/4668/2430 5409/4648/2400
f 5440/4668/2430 5408/4647/2399 5409/4648/2400
f 5441/4581/2431 5442/4580/2432 5443/4579/2433
f 5442/4580/2432 5444/4578/2434 5443/4579/2433
f 5444/4578/2434 5445/4669/2435 5443/4579/2433
f 5445/4669/2435 5446/4670/2436 5443/4579/2433
f 5446/4670/2436 5447/4671/2437 5443/4579/2433
f 5447/4671/2437 5448/4672/2438 5443/4579/2433
f 5448/4672/2438 5449/4673/2439 5443/4579/2433
f 5449/4673/2439 5450/4674/2440 5443/4579/2433
f 5450/4674/2440 5451/4675/2441 5443/4579/2433
f 5451/4675/2441 5452/4676/2442 5443/4579/2433
f 5452/4676/2442 5453/4677/2443 5443/4579/2433
f 5453/4677/2443 5454/4678/2444 5443/4579/2433
f 5454/4678/2444 5455/4679/2445 5443/4579/2433
f 5455/4679/2445 5456/4587/2446 5443/4579/2433
f 5456/4587/2446 5457/4586/2447 5443/4579/2433
f 5457/4586/2447 5458/4585/2448 5443/4579/2433
f 5458/4585/2448 5459/4584/2449 5443/4579/2433
f 5459/4584/2449 5460/4583/2450 5443/4579/2433
f 5460/4583/2450 5461/4582/2451 5443/4579/2433
f 5443/4579/2433 5461/4582/2451 5441/4581/2431
f 5462/4591/2452 5464/4590/2453 5463/4589/2379
f 5463/4589/2379 5464/4590/2453 5465/4588/12
f 5463/4589/2379 5466/4594/2378 5462/4591/2452
f 5462/4591/2452 5466/4594/2378 5467/4593/2454
f 5466/4594/2378 5468/4595/2455 5467/4593/2454
f 5467/4593/2454 5468/4595/2455 5469/4596/2456
f 5468/4595/2455 5470/4597/2376 5469/4596/2456
f 5469/4596/2456 5470/4597/2376 5471/4598/2457
f 5470/4597/2376 5472/4599/338 5471/4598/2457
f 5471/4598/2457 5472/4599/338 5473/4600/2458
f 5472/4599/338 5474/4601/2374 5473/4600/2458
f 5473/4600/2458 5474/4601/2374 5475/4602/2459
f 5474/4601/2374 5476/4605/2460 5475/4602/2459
f 5475/4602/2459 5476/4605/2460 5477/4606/2461
f 5476/4605/2460 5478/4607/2462 5477/4606/2461
f 5477/4606/2461 5479/4603/2361 5475/4602/2459
f 5475/4602/2459 5479/4603/2361 5473/4600/2458
f 5473/4600/2458 5479/4603/2361 5471/4598/2457
f 5471/4598/2457 5479/4603/2361 5469/4596/2456
f 5479/4603/2361 5467/4593/2454 5469/4596/2456
f 5467/4593/2454 5480/4592/2361 5462/4591/2452
f 5462/4591/2452 5480/4592/2361 5464/4590/2453
f 5480/4592/2361 5481/4604/2463 5464/4590/2453
f 5464/4590/2453 5481/4604/2463 5465/4588/12
f 5465/4588/12 5481/4604/2463 5482/4680/2464
f 5481/4604/2463 5483/4681/2465 5482/4680/2464
f 5482/4680/2464 5483/4681/2465 5484/4682/2382
f 5483/4681/2465 5485/4683/2466 5484/4682/2382
f 5484/4682/2382 5485/4683/2466 5486/4684/2383
f 5485/4683/2466 5487/4685/2467 5486/4684/2383
f 5486/4684/2383 5487/4685/2467 5488/4686/2384
f 5487/4685/2467 5489/4687/2468 5488/4686/2384
f 5488/4686/2384 5489/4687/2468 5490/4688/2469
f 5489/4687/2468 5491/4689/2470 5490/4688/2469
f 5490/4688/2469 5491/4689/2470 5492/4690/2388
f 5492/4690/2388 5491/4689/2470 5493/4691/2471
f 5491/4689/2470 5494/4692/2362 5493/4691/2471
f 5494/4692/2362 5495/4693/2472 5493/4691/2471
f 5493/4691/2471 5495/4693/2472 5496/4694/2390
f 5496/4694/2390 5495/4693/2472 5497/4695/2392
f 5497/4695/2392 5495/4693/2472 5498/4696/2473
f 5495/4693/2472 5499/4697/2474 5498/4696/2473
f 5481/4604/2463 5480/4592/2361 5483/4681/2465
f 5483/4681/2465 5480/4592/2361 5485/4683/2466
f 5480/4592/2361 5487/4685/2467 5485/4683/2466
f 5487/4685/2467 5494/4692/2362 5489/4687/2468
f 5494/4692/2362 5491/4689/2470 5489/4687/2468
f 5496/4694/2390 5492/4690/2388 5493/4691/2471
f 5497/4695/2392 5498/4696/2473 5500/4698/2475
f 5500/4698/2475 5498/4696/2473 5501/4699/2476
f 5498/4696/2473 5499/4697/2474 5501/4699/2476
f 5501/4699/2476 5499/4697/2474 5502/4700/2477
f 5499/4697/2474 5503/4701/2478 5502/4700/2477
f 5502/4700/2477 5503/4701/2478 5504/4702/2394
f 5504/4702/2394 5503/4701/2478 5505/4703/2373
f 5505/4703/2373 5503/4701/2478 5506/4704/2479
f 5503/4701/2478 5499/4697/2474 5506/4704/2479
f 5500/4698/2475 5501/4699/2476 5507/4705/2
f 5501/4699/2476 5502/4700/2477 5507/4705/2
f 5507/4705/2 5502/4700/2477 5504/4702/2394
f 5508/4611/2433 5510/4610/2480 5509/4609/2481
f 5510/4610/2480 5511/4608/2433 5509/4609/2481
f 5511/4608/2433 5512/4706/2433 5509/4609/2481
f 5512/4706/2433 5513/4707/2433 5509/4609/2481
f 5513/4707/2433 5514/4708/2482 5509/4609/2481
f 5514/4708/2482 5515/4709/2482 5509/4609/2481
f 5515/4709/2482 5516/4710/2482 5509/4609/2481
f 5516/4710/2482 5517/4711/2433 5509/4609/2481
f 5517/4711/2433 5518/4712/2483 5509/4609/2481
f 5518/4712/2483 5519/4713/2433 5509/4609/2481
f 5519/4713/2433 5520/4714/2482 5509/4609/2481
f 5520/4714/2482 5521/4715/2433 5509/4609/2481
f 5521/4715/2433 5522/4716/2482 5509/4609/2481
f 5522/4716/2482 5523/4617/2433 5509/4609/2481
f 5523/4617/2433 5524/4616/2433 5509/4609/2481
f 5524/4616/2433 5525/4615/2433 5509/4609/2481
f 5525/4615/2433 5526/4614/2433 5509/4609/2481
f 5526/4614/2433 5527/4613/2482 5509/4609/2481
f 5527/4613/2482 5528/4612/2433 5509/4609/2481
f 5509/4609/2481 5528/4612/2433 5508/4611/2433
f 5529/4524/2484 5531/4523/2485 5530/4522/2484
f 5530/4522/2484 5531/4523/2485 5532/4521/2485
f 5532/4521/2485 5531/4523/2485 5533/4618/2485
f 5533/4618/2485 5531/4523/2485 5534/4619/2486
f 5534/4619/2486 5531/4523/2485 5535/4620/2484
f 5535/4620/2484 5531/4523/2485 5536/4621/2484
f 5536/4621/2484 5531/4523/2485 5537/4622/2486
f 5537/4622/2486 5531/4523/2485 5538/4623/2484
f 5538/4623/2484 5531/4523/2485 5539/4624/2484
f 5539/4624/2484 5531/4523/2485 5540/4625/2486
f 5540/4625/2486 5531/4523/2485 5541/4626/2485
f 5541/4626/2485 5531/4523/2485 5542/4532/2485
f 5542/4532/2485 5531/4523/2485 5543/4531/2484
f 5543/4531/2484 5531/4523/2485 5544/4530/2485
f 5544/4530/2485 5531/4523/2485 5545/4529/2484
f 5545/4529/2484 5531/4523/2485 5546/4528/2484
f 5546/4528/2484 5531/4523/2485 5547/4527/2485
f 5547/4527/2485 5531/4523/2485 5548/4526/2484
f 5548/4526/2484 5531/4523/2485 5549/4525/2484
f 5531/4523/2485 5529/4524/2484 5549/4525/2484
f 5550/4533/2487 5551/4534/2488 5552/4535/2489
f 5552/4535/2489 5551/4534/2488 5553/4536/2490
f 5551/4534/2488 5554/4537/2491 5553/4536/2490
f 5553/4536/2490 5554/4537/2491 5555/4538/2492
f 5554/4537/2491 5556/4539/2493 5555/4538/2492
f 5550/4533/2487 5552/4535/2489 5557/4540/2494
f 5552/4535/2489 5558/4541/2495 5557/4540/2494
f 5557/4540/2494 5558/4541/2495 5559/4542/2496
f 5558/4541/2495 5560/4543/2497 5559/4542/2496
f 5559/4542/2496 5560/4543/2497 5561/4544/2498
f 5560/4543/2497 5558/4541/2495 5562/4545/2499
f 5562/4545/2499 5558/4541/2495 5563/4546/2499
f 5558/4541/2495 5552/4535/2489 5563/4546/2499
f 5552/4535/2489 5553/4536/2490 5563/4546/2499
f 5563/4546/2499 5553/4536/2490 5564/4547/2500
f 5553/4536/2490 5555/4538/2492 5564/4547/2500
f 5555/4538/2492 5565/4548/2501 5564/4547/2500
f 5564/4547/2500 5565/4548/2501 5566/4549/2502
f 5566/4549/2502 5565/4548/2501 5567/4550/2503
f 5565/4548/2501 5568/4551/2504 5567/4550/2503
f 5567/4550/2503 5568/4551/2504 5569/4552/2505
f 5568/4551/2504 5570/4553/2505 5569/4552/2505
f 5569/4552/2505 5570/4553/2505 5571/4554/2506
f 5571/4554/2506 5570/4553/2505 5572/4555/2506
f 5570/4553/2505 5573/4564/2507 5572/4555/2506
f 5572/4555/2506 5573/4564/2507 5574/4558/2508
f 5573/4564/2507 5575/4563/2509 5574/4558/2508
f 5574/4558/2508 5575/4563/2509 5576/4560/2510
f 5562/4545/2499 5563/4546/2499 5577/4562/2511
f 5563/4546/2499 5564/4547/2500 5577/4562/2511
f 5577/4562/2511 5564/4547/2500 5566/4549/2502
f 5578/4569/2512 5573/4564/2507 5579/4568/2513
f 5579/4568/2513 5573/4564/2507 5580/4565/2514
f 5573/4564/2507 5570/4553/2505 5580/4565/2514
f 5570/4553/2505 5568/4551/2504 5580/4565/2514
f 5580/4565/2514 5568/4551/2504 5581/4566/2515
f 5568/4551/2504 5565/4548/2501 5581/4566/2515
f 5565/4548/2501 5555/4538/2492 5581/4566/2515
f 5555/4538/2492 5556/4539/2493 5581/4566/2515
f 5556/4539/2493 5582/4567/2516 5581/4566/2515
f 5581/4566/2515 5582/4567/2516 5580/4565/2514
f 5582/4567/2516 5579/4568/2513 5580/4565/2514
f 5583/4570/2487 5584/4571/2494 5585/4572/2517
f 5584/4571/2494 5586/4573/2518 5585/4572/2517
f 5585/4572/2517 5586/4573/2518 5587/4647/2519
f 5587/4647/2519 5586/4573/2518 5588/4648/2520
f 5586/4573/2518 5589/4575/2521 5588/4648/2520
f 5588/4648/2520 5589/4575/2521 5590/4646/2522
f 5589/4575/2521 5591/4577/2523 5590/4646/2522
f 5590/4646/2522 5591/4577/2523 5592/4645/2524
f 5584/4571/2494 5593/4574/2498 5586/4573/2518
f 5586/4573/2518 5593/4574/2498 5589/4575/2521
f 5593/4574/2498 5594/4576/2498 5589/4575/2521
f 5589/4575/2521 5594/4576/2498 5591/4577/2523
f 5595/4578/2525 5597/4579/2526 5596/4580/2527
f 5596/4580/2527 5597/4579/2526 5598/4581/2528
f 5598/4581/2528 5597/4579/2526 5599/4582/2529
f 5599/4582/2529 5597/4579/2526 5600/4583/2530
f 5600/4583/2530 5597/4579/2526 5601/4584/2531
f 5601/4584/2531 5597/4579/2526 5602/4585/2532
f 5602/4585/2532 5597/4579/2526 5603/4586/2533
f 5603/4586/2533 5597/4579/2526 5604/4587/2534
f 5604/4587/2534 5597/4579/2526 5605/4679/2535
f 5597/4579/2526 5606/4678/2536 5605/4679/2535
f 5607/4589/2537 5608/4591/2538 5609/4590/2539
f 5609/4590/2539 5608/4591/2538 5610/4592/2540
f 5610/4592/2540 5608/4591/2538 5611/4593/2541
f 5608/4591/2538 5612/4594/2505 5611/4593/2541
f 5612/4594/2505 5613/4595/2503 5611/4593/2541
f 5611/4593/2541 5613/4595/2503 5614/4596/2542
f 5613/4595/2503 5615/4597/2501 5614/4596/2542
f 5614/4596/2542 5615/4597/2501 5616/4598/2543
f 5615/4597/2501 5617/4599/2544 5616/4598/2543
f 5616/4598/2543 5617/4599/2544 5618/4600/2545
f 5617/4599/2544 5619/4601/2499 5618/4600/2545
f 5618/4600/2545 5619/4601/2499 5620/4602/2546
f 5619/4601/2499 5621/4605/2497 5620/4602/2546
f 5620/4602/2546 5621/4605/2497 5622/4606/2547
f 5621/4605/2497 5623/4607/2548 5622/4606/2547
f 5607/4589/2537 5612/4594/2505 5608/4591/2538
f 5611/4593/2541 5614/4596/2542 5624/4603/2549
f 5614/4596/2542 5616/4598/2543 5624/4603/2549
f 5616/4598/2543 5618/4600/2545 5624/4603/2549
f 5618/4600/2545 5620/4602/2546 5624/4603/2549
f 5624/4603/2549 5620/4602/2546 5622/4606/2547
f 5625/4705/2522 5627/4700/2550 5626/4702/2551
f 5626/4702/2551 5627/4700/2550 5628/4701/2552
f 5627/4700/2550 5629/4697/2553 5628/4701/2552
f 5629/4697/2553 5630/4704/2554 5628/4701/2552
f 5630/4704/2554 5631/4703/2548 5628/4701/2552
f 5628/4701/2552 5631/4703/2548 5626/4702/2551
f 5632/4608/2555 5634/4609/2555 5633/4610/2556
f 5633/4610/2556 5634/4609/2555 5635/4611/2557
f 5635/4611/2557 5634/4609/2555 5636/4612/2556
f 5636/4612/2556 5634/4609/2555 5637/4613/2557
f 5637/4613/2557 5634/4609/2555 5638/4614/2556
f 5638/4614/2556 5634/4609/2555 5639/4615/2556
f 5639/4615/2556 5634/4609/2555 5640/4616/2555
f 5640/4616/2555 5634/4609/2555 5641/4617/2557
f 5641/4617/2557 5634/4609/2555 5642/4716/2556
f 5634/4609/2555 5643/4715/2556 5642/4716/2556
f 5644/4717/2558 5645/4718/2559 5646/4719/2560
f 5645/4718/2559 5647/4720/2561 5646/4719/2560
f 5646/4719/2560 5647/4720/2561 5648/4721/2562
f 5647/4720/2561 5649/4722/2563 5648/4721/2562
f 5648/4721/2562 5649/4722/2563 5650/4723/2564
f 5645/4718/2559 5651/4724/2565 5647/4720/2561
f 5647/4720/2561 5651/4724/2565 5652/4725/2566
f 5652/4725/2566 5651/4724/2565 5653/4726/2567
f 5651/4724/2565 5654/4727/2568 5653/4726/2567
f 5654/4727/2568 5655/4728/2569 5653/4726/2567
f 5653/4726/2567 5655/4728/2569 5656/4729/2570
f 5655/4728/2569 5657/4730/2571 5656/4729/2570
f 5657/4730/2571 5658/4731/2572 5656/4729/2570
f 5656/4729/2570 5658/4731/2572 5659/4732/2573
f 5658/4731/2572 5660/4733/2574 5659/4732/2573
f 5659/4732/2573 5660/4733/2574 5661/4734/2575
f 5660/4733/2574 5662/4735/2576 5661/4734/2575
f 5661/4734/2575 5662/4735/2576 5663/4736/2577
f 5662/4735/2576 5650/4723/2564 5663/4736/2577
f 5650/4723/2564 5649/4722/2563 5663/4736/2577
f 5663/4736/2577 5649/4722/2563 5664/4737/2578
f 5649/4722/2563 5652/4725/2566 5664/4737/2578
f 5652/4725/2566 5653/4726/2567 5664/4737/2578
f 5664/4737/2578 5653/4726/2567 5665/4738/2579
f 5653/4726/2567 5666/4739/2580 5665/4738/2579
f 5665/4738/2579 5666/4739/2580 5661/4734/2575
f 5661/4734/2575 5666/4739/2580 5659/4732/2573
f 5666/4739/2580 5667/4740/2581 5659/4732/2573
f 5659/4732/2573 5667/4740/2581 5656/4729/2570
f 5656/4729/2570 5667/4740/2581 5653/4726/2567
f 5667/4740/2581 5666/4739/2580 5653/4726/2567
f 5649/4722/2563 5647/4720/2561 5652/4725/2566
f 5664/4737/2578 5665/4738/2579 5663/4736/2577
f 5663/4736/2577 5665/4738/2579 5661/4734/2575
f 5668/4741/1 5670/4742/1 5669/4743/1
f 5670/4742/1 5671/4744/1 5669/4743/1
f 5671/4744/1 5672/4727/1 5669/4743/1
f 5669/4743/1 5672/4727/1 5673/4724/1
f 5674/4745/2582 5676/4746/2559 5675/4747/2583
f 5675/4747/2583 5676/4746/2559 5677/4748/2561
f 5676/4746/2559 5678/4749/2565 5677/4748/2561
f 5677/4748/2561 5678/4749/2565 5679/4750/2566
f 5679/4750/2566 5678/4749/2565 5680/4751/2584
f 5678/4749/2565 5681/4752/2585 5680/4751/2584
f 5681/4752/2585 5682/4753/2569 5680/4751/2584
f 5680/4751/2584 5682/4753/2569 5683/4754/2570
f 5682/4753/2569 5684/4755/2571 5683/4754/2570
f 5684/4755/2571 5685/4756/2586 5683/4754/2570
f 5683/4754/2570 5685/4756/2586 5686/4757/2573
f 5685/4756/2586 5687/4758/2587 5686/4757/2573
f 5686/4757/2573 5687/4758/2587 5688/4759/2575
f 5687/4758/2587 5689/4760/2576 5688/4759/2575
f 5688/4759/2575 5689/4760/2576 5690/4761/2588
f 5689/4760/2576 5691/4762/2564 5690/4761/2588
f 5690/4761/2588 5691/4762/2564 5692/4763/2563
f 5691/4762/2564 5693/4764/2562 5692/4763/2563
f 5692/4763/2563 5693/4764/2562 5677/4748/2561
f 5693/4764/2562 5675/4747/2583 5677/4748/2561
f 5677/4748/2561 5679/4750/2566 5692/4763/2563
f 5679/4750/2566 5694/4765/2578 5692/4763/2563
f 5692/4763/2563 5694/4765/2578 5690/4761/2588
f 5694/4765/2578 5695/4766/2589 5690/4761/2588
f 5690/4761/2588 5695/4766/2589 5688/4759/2575
f 5695/4766/2589 5696/4767/2590 5688/4759/2575
f 5688/4759/2575 5696/4767/2590 5686/4757/2573
f 5696/4767/2590 5697/4768/2581 5686/4757/2573
f 5686/4757/2573 5697/4768/2581 5683/4754/2570
f 5683/4754/2570 5697/4768/2581 5680/4751/2584
f 5697/4768/2581 5696/4767/2590 5680/4751/2584
f 5696/4767/2590 5695/4766/2589 5680/4751/2584
f 5695/4766/2589 5694/4765/2578 5680/4751/2584
f 5680/4751/2584 5694/4765/2578 5679/4750/2566
f 5698/4769/1 5700/4770/1 5699/4771/1
f 5700/4770/1 5701/4772/1 5699/4771/1
f 5701/4772/1 5702/4752/1 5699/4771/1
f 5699/4771/1 5702/4752/1 5703/4749/1
f 5704/4773/67 5706/4774/67 5705/4775/67
f 5705/4775/67 5706/4774/67 5707/4776/67
f 5708/4777/1 5710/4773/1 5709/4778/1
f 5709/4778/1 5710/4773/1 5711/4779/1
f 5712/4780/36 5714/4777/36 5713/4781/36
f 5713/4781/36 5714/4777/36 5715/4782/36
f 5716/4774/4 5718/4780/4 5717/4783/4
f 5718/4780/4 5719/4784/4 5717/4783/4
f 5719/4784/4 5720/4785/4 5717/4783/4
f 5717/4783/4 5720/4785/4 5721/4786/4
f 5721/4786/4 5720/4785/4 5722/4787/4
f 5720/4785/4 5723/4788/4 5722/4787/4
f 5722/4787/4 5723/4788/4 5724/4789/4
f 5724/4789/4 5723/4788/4 5725/4790/4
f 5723/4788/4 5726/4791/4 5725/4790/4
f 5726/4791/4 5727/4792/4 5725/4790/4
f 5725/4790/4 5727/4792/4 5728/4793/4
f 5721/4786/4 5729/4794/4 5717/4783/4
f 5723/4788/4 5720/4785/4 5730/4795/4
f 5720/4785/4 5719/4784/4 5730/4795/4
f 5719/4784/4 5731/4796/4 5730/4795/4
f 5731/4796/4 5732/4797/4 5730/4795/4
f 5732/4797/4 5733/4798/4 5730/4795/4
f 5730/4795/4 5733/4798/4 5734/4799/4
f 5733/4798/4 5726/4791/4 5734/4799/4
f 5726/4791/4 5723/4788/4 5734/4799/4
f 5734/4799/4 5723/4788/4 5730/4795/4
f 5733/4798/4 5735/4800/4 5726/4791/4
f 5736/4801/12 5737/4793/12 5738/4802/12
f 5737/4793/12 5739/4792/12 5738/4802/12
f 5740/4777/2 5741/4780/2 5742/4773/2
f 5741/4780/2 5743/4774/2 5742/4773/2
f 5744/4792/36 5745/4803/36 5746/4802/36
f 5745/4803/36 5747/4804/36 5746/4802/36
f 5748/4801/67 5749/4805/67 5750/4793/67
f 5749/4805/67 5751/4806/67 5750/4793/67
f 5752/4802/1 5753/4807/1 5754/4801/1
f 5753/4807/1 5755/4808/1 5754/4801/1
f 5756/4809/2591 5757/4810/2592 5758/4811/2591
f 5758/4811/2591 5757/4810/2592 5759/4787/2592
f 5759/4787/2592 5757/4810/2592 5760/4786/2593
f 5757/4810/2592 5761/4812/2593 5760/4786/2593
f 5761/4812/2593 5762/4813/2594 5760/4786/2593
f 5760/4786/2593 5762/4813/2594 5763/4814/2594
f 5764/4815/2595 5766/4816/2595 5765/4817/2596
f 5766/4816/2595 5767/4798/2596 5765/4817/2596
f 5765/4817/2596 5767/4798/2596 5768/4818/2597
f 5767/4798/2596 5769/4797/2597 5768/4818/2597
f 5769/4797/2597 5770/4819/2598 5768/4818/2597
f 5768/4818/2597 5770/4819/2598 5771/4820/2598
f 5772/4789/12 5774/4790/12 5773/4821/12
f 5773/4821/12 5774/4790/12 5775/4822/12
f 5776/4823/1 5778/4824/1 5777/4810/1
f 5778/4824/1 5779/4825/1 5777/4810/1
f 5779/4825/1 5780/4826/1 5777/4810/1
f 5777/4810/1 5780/4826/1 5781/4812/1
f 5781/4812/1 5780/4826/1 5782/4827/1
f 5780/4826/1 5783/4828/1 5782/4827/1
f 5784/4829/2 5785/4830/2 5786/4794/2
f 5785/4830/2 5787/4783/2 5786/4794/2
f 5788/4831/1 5789/4832/1 5790/4833/1
f 5789/4832/1 5791/4817/1 5790/4833/1
f 5790/4833/1 5791/4817/1 5792/4834/1
f 5791/4817/1 5793/4818/1 5792/4834/1
f 5792/4834/1 5793/4818/1 5794/4835/1
f 5793/4818/1 5795/4836/1 5794/4835/1
f 5796/4837/12 5797/4838/12 5798/4800/12
f 5797/4838/12 5799/4791/12 5798/4800/12
f 5800/4796/2 5801/4784/2 5802/4839/2
f 5801/4784/2 5803/4840/2 5802/4839/2
f 5804/4745/2599 5805/4746/2600 5806/4747/2601
f 5805/4746/2600 5807/4748/2602 5806/4747/2601
f 5806/4747/2601 5807/4748/2602 5808/4764/2603
f 5807/4748/2602 5809/4763/2604 5808/4764/2603
f 5808/4764/2603 5809/4763/2604 5810/4762/2605
f 5805/4746/2600 5811/4749/2606 5807/4748/2602
f 5807/4748/2602 5811/4749/2606 5812/4750/2607
f 5812/4750/2607 5811/4749/2606 5813/4751/2608
f 5811/4749/2606 5814/4752/2609 5813/4751/2608
f 5814/4752/2609 5815/4753/2610 5813/4751/2608
f 5813/4751/2608 5815/4753/2610 5816/4754/2611
f 5815/4753/2610 5817/4755/2612 5816/4754/2611
f 5817/4755/2612 5818/4756/2613 5816/4754/2611
f 5816/4754/2611 5818/4756/2613 5819/4757/2614
f 5818/4756/2613 5820/4758/2615 5819/4757/2614
f 5819/4757/2614 5820/4758/2615 5821/4759/2616
f 5820/4758/2615 5822/4760/2617 5821/4759/2616
f 5821/4759/2616 5822/4760/2617 5823/4761/2618
f 5822/4760/2617 5810/4762/2605 5823/4761/2618
f 5810/4762/2605 5809/4763/2604 5823/4761/2618
f 5823/4761/2618 5809/4763/2604 5824/4765/2619
f 5809/4763/2604 5812/4750/2607 5824/4765/2619
f 5812/4750/2607 5813/4751/2608 5824/4765/2619
f 5824/4765/2619 5813/4751/2608 5825/4766/2620
f 5813/4751/2608 5826/4767/2621 5825/4766/2620
f 5825/4766/2620 5826/4767/2621 5821/4759/2616
f 5821/4759/2616 5826/4767/2621 5819/4757/2614
f 5826/4767/2621 5827/4768/2622 5819/4757/2614
f 5819/4757/2614 5827/4768/2622 5816/4754/2611
f 5816/4754/2611 5827/4768/2622 5813/4751/2608
f 5827/4768/2622 5826/4767/2621 5813/4751/2608
f 5809/4763/2604 5807/4748/2602 5812/4750/2607
f 5824/4765/2619 5825/4766/2620 5823/4761/2618
f 5823/4761/2618 5825/4766/2620 5821/4759/2616
f 5828/4769/1 5830/4770/1 5829/4771/1
f 5830/4770/1 5831/4772/1 5829/4771/1
f 5831/4772/1 5832/4752/1 5829/4771/1
f 5829/4771/1 5832/4752/1 5833/4749/1
f 5834/4717/2623 5836/4718/2624 5835/4719/2625
f 5835/4719/2625 5836/4718/2624 5837/4720/2602
f 5836/4718/2624 5838/4724/2626 5837/4720/2602
f 5837/4720/2602 5838/4724/2626 5839/4725/2607
f 5839/4725/2607 5838/4724/2626 5840/4726/2608
f 5838/4724/2626 5841/4727/2627 5840/4726/2608
f 5841/4727/2627 5842/4728/2628 5840/4726/2608
f 5840/4726/2608 5842/4728/2628 5843/4729/2629
f 5842/4728/2628 5844/4730/2612 5843/4729/2629
f 5844/4730/2612 5845/4731/2630 5843/4729/2629
f 5843/4729/2629 5845/4731/2630 5846/4732/2631
f 5845/4731/2630 5847/4733/2615 5846/4732/2631
f 5846/4732/2631 5847/4733/2615 5848/4734/2632
f 5847/4733/2615 5849/4735/2617 5848/4734/2632
f 5848/4734/2632 5849/4735/2617 5850/4736/2633
f 5849/4735/2617 5851/4723/2634 5850/4736/2633
f 5850/4736/2633 5851/4723/2634 5852/4722/2635
f 5851/4723/2634 5853/4721/2636 5852/4722/2635
f 5852/4722/2635 5853/4721/2636 5837/4720/2602
f 5853/4721/2636 5835/4719/2625 5837/4720/2602
f 5837/4720/2602 5839/4725/2607 5852/4722/2635
f 5839/4725/2607 5854/4737/2619 5852/4722/2635
f 5852/4722/2635 5854/4737/2619 5850/4736/2633
f 5854/4737/2619 5855/4738/2620 5850/4736/2633
f 5850/4736/2633 5855/4738/2620 5848/4734/2632
f 5855/4738/2620 5856/4739/2621 5848/4734/2632
f 5848/4734/2632 5856/4739/2621 5846/4732/2631
f 5856/4739/2621 5857/4740/2637 5846/4732/2631
f 5846/4732/2631 5857/4740/2637 5843/4729/2629
f 5843/4729/2629 5857/4740/2637 5840/4726/2608
f 5857/4740/2637 5856/4739/2621 5840/4726/2608
f 5856/4739/2621 5855/4738/2620 5840/4726/2608
f 5855/4738/2620 5854/4737/2619 5840/4726/2608
f 5840/4726/2608 5854/4737/2619 5839/4725/2607
f 5858/4741/1 5860/4742/1 5859/4743/1
f 5860/4742/1 5861/4744/1 5859/4743/1
f 5861/4744/1 5862/4727/1 5859/4743/1
f 5859/4743/1 5862/4727/1 5863/4724/1
f 5864/4841/141 5866/4842/2638 5865/4843/2638
f 5866/4842/2638 5867/4844/2639 5865/4843/2638
f 5865/4843/2638 5867/4844/2639 5868/4845/2639
f 5867/4844/2639 5869/4846/2640 5868/4845/2639
f 5868/4845/2639 5869/4846/2640 5870/4847/2640
f 5869/4846/2640 5871/4848/2641 5870/4847/2640
f 5870/4847/2640 5871/4848/2641 5872/4849/2641
f 5871/4848/2641 5873/4850/2642 5872/4849/2641
f 5872/4849/2641 5873/4850/2642 5874/4851/2642
f 5873/4850/2642 5875/4852/2643 5874/4851/2642
f 5874/4851/2642 5875/4852/2643 5876/4853/2643
f 5875/4852/2643 5877/4854/2644 5876/4853/2643
f 5876/4853/2643 5877/4854/2644 5878/4855/2645
f 5877/4854/2644 5879/4856/2646 5878/4855/2645
f 5878/4855/2645 5879/4856/2646 5880/4857/2647
f 5879/4856/2646 5881/4858/2648 5880/4857/2647
f 5880/4857/2647 5881/4858/2648 5882/4859/2649
f 5881/4858/2648 5883/4860/2650 5882/4859/2649
f 5882/4859/2649 5883/4860/2650 5884/4861/2650
f 5883/4860/2650 5885/4862/3 5884/4861/2650
f 5884/4861/2650 5885/4862/3 5886/4863/3
f 5864/4841/141 5887/4864/141 5866/4842/2638
f 5888/4864/2 5889/4862/2 5890/4842/145
f 5889/4862/2 5891/4860/2 5890/4842/145
f 5891/4860/2 5892/4858/2 5890/4842/145
f 5892/4858/2 5893/4856/2 5890/4842/145
f 5893/4856/2 5894/4854/2 5890/4842/145
f 5894/4854/2 5895/4852/2 5890/4842/145
f 5895/4852/2 5896/4850/2 5890/4842/145
f 5896/4850/2 5897/4848/2 5890/4842/145
f 5897/4848/2 5898/4846/2 5890/4842/145
f 5890/4842/145 5898/4846/2 5899/4844/283
f 5900/4865/4 5902/4843/988 5901/4866/989
f 5902/4843/988 5903/4845/813 5901/4866/989
f 5901/4866/989 5903/4845/813 5904/4867/813
f 5903/4845/813 5905/4847/815 5904/4867/813
f 5904/4867/813 5905/4847/815 5906/4868/815
f 5905/4847/815 5907/4849/816 5906/4868/815
f 5906/4868/815 5907/4849/816 5908/4869/816
f 5907/4849/816 5909/4851/2651 5908/4869/816
f 5908/4869/816 5909/4851/2651 5910/4870/2651
f 5909/4851/2651 5911/4853/2652 5910/4870/2651
f 5910/4870/2651 5911/4853/2652 5912/4871/986
f 5911/4853/2652 5913/4855/818 5912/4871/986
f 5912/4871/986 5913/4855/818 5914/4872/818
f 5913/4855/818 5915/4857/154 5914/4872/818
f 5914/4872/818 5915/4857/154 5916/4873/154
f 5915/4857/154 5917/4859/2653 5916/4873/154
f 5916/4873/154 5917/4859/2653 5918/4874/2653
f 5917/4859/2653 5919/4861/2654 5918/4874/2653
f 5918/4874/2653 5919/4861/2654 5920/4875/983
f 5919/4861/2654 5921/4863/1 5920/4875/983
f 5920/4875/983 5921/4863/1 5922/4876/1
f 5900/4865/4 5923/4841/4 5902/4843/988
f 5924/4877/67 5925/4862/67 5926/4878/67
f 5925/4862/67 5927/4864/67 5926/4878/67
f 5927/4864/67 5928/4879/67 5926/4878/67
f 5926/4878/67 5928/4879/67 5929/4880/67
f 5930/4881/382 5932/4882/382 5931/4883/382
f 5931/4883/382 5932/4882/382 5933/4884/382
f 5932/4882/382 5934/4885/2655 5933/4884/382
f 5935/4886/2656 5936/4887/2657 5937/4888/2658
f 5936/4887/2657 5938/4889/2659 5937/4888/2658
f 5938/4889/2659 5939/4890/2660 5937/4888/2658
f 5937/4888/2658 5939/4890/2660 5940/4891/429
f 5939/4890/2660 5941/4892/2661 5940/4891/429
f 5940/4891/429 5941/4892/2661 5942/4893/2662
f 5941/4892/2661 5943/4894/2663 5942/4893/2662
f 5942/4893/2662 5943/4894/2663 5944/4895/2664
f 5944/4895/2664 5943/4894/2663 5945/4896/2665
f 5943/4894/2663 5946/4897/2666 5945/4896/2665
f 5937/4888/2658 5947/4898/2667 5935/4886/2656
f 5947/4898/2667 5948/4899/1 5935/4886/2656
f 5935/4886/2656 5948/4899/1 5949/4900/1
f 5948/4899/1 5950/4901/2668 5949/4900/1
f 5949/4900/1 5950/4901/2668 5951/4902/2669
f 5950/4901/2668 5952/4903/2670 5951/4902/2669
f 5951/4902/2669 5952/4903/2670 5953/4904/1706
f 5953/4904/1706 5952/4903/2670 5954/4905/2671
f 5954/4905/2671 5952/4903/2670 5955/4906/2672
f 5952/4903/2670 5956/4907/3 5955/4906/2672
f 5955/4906/2672 5956/4907/3 5957/4908/2673
f 5956/4907/3 5958/4909/2674 5957/4908/2673
f 5958/4909/2674 5959/4910/2675 5957/4908/2673
f 5957/4908/2673 5959/4910/2675 5960/4911/2676
f 5960/4911/2676 5959/4910/2675 5961/4912/2677
f 5959/4910/2675 5962/4913/2677 5961/4912/2677
f 5963/4914/2678 5964/4915/2679 5965/4916/521
f 5964/4915/2679 5966/4917/2680 5965/4916/521
f 5966/4917/2680 5967/4918/432 5965/4916/521
f 5965/4916/521 5967/4918/432 5968/4919/67
f 5967/4918/432 5969/4920/67 5968/4919/67
f 5968/4919/67 5969/4920/67 5970/4921/539
f 5969/4920/67 5971/4922/441 5970/4921/539
f 5971/4922/441 5972/4923/2681 5970/4921/539
f 5970/4921/539 5972/4923/2681 5973/4924/2682
f 5972/4923/2681 5974/4925/2683 5973/4924/2682
f 5974/4925/2683 5975/4926/2684 5973/4924/2682
f 5975/4926/2684 5976/4927/2685 5973/4924/2682
f 5973/4924/2682 5976/4927/2685 5977/4928/899
f 5976/4927/2685 5978/4929/899 5977/4928/899
f 5977/4928/899 5978/4929/899 5979/4930/443
f 5978/4929/899 5980/4931/443 5979/4930/443
f 5979/4930/443 5980/4931/443 5981/4932/2686
f 5980/4931/443 5982/4933/2686 5981/4932/2686
f 5981/4932/2686 5982/4933/2686 5983/4934/12
f 5982/4933/2686 5984/4935/12 5983/4934/12
f 5983/4934/12 5984/4935/12 5985/4936/2687
f 5984/4935/12 5986/4937/2687 5985/4936/2687
f 5978/4929/899 5976/4927/2685 5987/4938/2685
f 5976/4927/2685 5988/4939/2688 5987/4938/2685
f 5965/4916/521 5989/4940/2689 5963/4914/2678
f 5963/4914/2678 5989/4940/2689 5990/4941/2690
f 5989/4940/2689 5991/4942/894 5990/4941/2690
f 5990/4941/2690 5991/4942/894 5992/4943/894
f 5992/4943/894 5991/4942/894 5993/4944/434
f 5991/4942/894 5994/4945/434 5993/4944/434
f 5993/4944/434 5994/4945/434 5995/4946/2691
f 5994/4945/434 5996/4947/2691 5995/4946/2691
f 5995/4946/2691 5996/4947/2691 5997/4948/2
f 5996/4947/2691 5998/4949/2 5997/4948/2
f 5997/4948/2 5998/4949/2 5999/4950/2692
f 5998/4949/2 6000/4951/2692 5999/4950/2692
f 5999/4950/2692 6000/4951/2692 6001/4952/438
f 6000/4951/2692 6002/4953/438 6001/4952/438
f 6001/4952/438 6002/4953/438 6003/4954/242
f 6002/4953/438 6004/4955/242 6003/4954/242
f 6004/4955/242 6005/4956/2693 6003/4954/242
f 6003/4954/242 6005/4956/2693 6006/4957/2694
f 6006/4957/2694 6005/4956/2693 6007/4958/2695
f 6007/4958/2695 6005/4956/2693 6008/4959/382
f 6008/4959/382 6005/4956/2693 6009/4960/382
f 6009/4960/382 6005/4956/2693 6010/4961/2696
f 6005/4956/2693 6011/4962/440 6010/4961/2696
f 6010/4961/2696 6011/4962/440 6012/4963/796
f 6012/4963/796 6011/4962/440 6013/4964/817
f 6011/4962/440 6014/4965/36 6013/4964/817
f 6013/4964/817 6014/4965/36 6015/4966/2697
f 6014/4965/36 6016/4967/448 6015/4966/2697
f 6015/4966/2697 6016/4967/448 6017/4968/2698
f 6017/4968/2698 6016/4967/448 6018/4969/104
f 6018/4969/104 6016/4967/448 6019/4970/104
f 6019/4970/104 6016/4967/448 6020/4971/2699
f 6016/4967/448 6021/4972/2700 6020/4971/2699
f 6020/4971/2699 6021/4972/2700 6022/4973/2701
f 6022/4973/2701 6021/4972/2700 6023/4974/2702
f 6023/4974/2702 6021/4972/2700 6024/4975/2703
f 6021/4972/2700 6025/4976/118 6024/4975/2703
f 6024/4975/2703 6025/4976/118 6026/4977/118
f 6026/4977/118 6025/4976/118 6027/4978/446
f 6025/4976/118 6028/4979/446 6027/4978/446
f 6027/4978/446 6028/4979/446 6029/4980/2704
f 6028/4979/446 6030/4981/2704 6029/4980/2704
f 5992/4943/894 6031/4982/2705 5990/4941/2690
f 6031/4982/2705 6032/4983/2706 5990/4941/2690
f 6006/4957/2694 6033/4984/2707 6003/4954/242
f 6033/4984/2707 6034/4985/2708 6003/4954/242
f 6035/4986/2709 6036/4987/104 6037/4988/104
f 6037/4988/104 6036/4987/104 6038/4989/104
f 6036/4987/104 6039/4990/104 6038/4989/104
f 6040/4991/2215 6041/4992/2215 6042/4993/2215
f 6042/4993/2215 6041/4992/2215 6043/4994/2710
f 6043/4994/2710 6041/4992/2215 6044/4995/2711
f 6041/4992/2215 6045/4996/2215 6044/4995/2711
f 6046/4997/2712 6047/4998/2713 6048/4999/2191
f 6048/4999/2191 6047/4998/2713 6049/5000/2191
f 6047/4998/2713 6050/5001/2191 6049/5000/2191
f 6049/5000/2191 6050/5001/2191 6051/5002/2191
f 6052/5003/2714 6054/4912/2715 6053/5004/2714
f 6053/5004/2714 6054/4912/2715 6055/5005/2716
f 6054/4912/2715 6056/4913/1 6055/5005/2716
f 6056/4913/1 6057/5006/1 6055/5005/2716
f 6057/5006/1 6058/5007/1 6055/5005/2716
f 6055/5005/2716 6058/5007/1 6059/5008/2717
f 6058/5007/1 6060/5009/2718 6059/5008/2717
f 6060/5009/2718 6061/5010/2719 6059/5008/2717
f 6059/5008/2717 6061/5010/2719 6062/5011/2719
f 6059/5008/2717 6063/5012/2720 6055/5005/2716
f 6055/5005/2716 6063/5012/2720 6064/5013/2721
f 6058/5007/1 6065/5014/1 6060/5009/2718
f 6060/5009/2718 6065/5014/1 6066/5015/2722
f 6065/5014/1 6067/5016/1 6066/5015/2722
f 6066/5015/2722 6067/5016/1 6068/5017/2723
f 6067/5016/1 6069/5018/1 6068/5017/2723
f 6068/5017/2723 6069/5018/1 6070/5019/2724
f 6069/5018/1 6071/5020/1 6070/5019/2724
f 6071/5020/1 6072/5021/2725 6070/5019/2724
f 6072/5021/2725 6073/5022/2726 6070/5019/2724
f 6070/5019/2724 6073/5022/2726 6074/5023/2727
f 6075/5024/2728 6060/5009/2718 6076/5025/2729
f 6076/5025/2729 6060/5009/2718 6066/5015/2722
f 6077/5026/2730 6066/5015/2722 6078/5027/2730
f 6078/5027/2730 6066/5015/2722 6068/5017/2723
f 6070/5019/2724 6079/5028/2731 6068/5017/2723
f 6068/5017/2723 6079/5028/2731 6080/5029/2731
f 6071/5020/1 6081/5030/1 6072/5021/2725
f 6072/5021/2725 6081/5030/1 6082/5031/2732
f 6081/5030/1 6083/5032/1 6082/5031/2732
f 6083/5032/1 6084/5033/1 6082/5031/2732
f 6082/5031/2732 6084/5033/1 6085/5034/2733
f 6084/5033/1 6086/5035/1 6085/5034/2733
f 6087/5036/2734 6072/5021/2725 6088/5037/2734
f 6072/5021/2725 6082/5031/2732 6088/5037/2734
f 6085/5034/2733 6089/5038/2735 6082/5031/2732
f 6089/5038/2735 6090/5039/2735 6082/5031/2732
f 6091/5040/2736 6092/5040/2736 6093/4897/2737
f 6092/5040/2736 6094/5041/2738 6093/4897/2737
f 6093/4897/2737 6094/5041/2738 6095/4896/1
f 6095/4896/1 6094/5041/2738 6096/5042/1
f 6094/5041/2738 6097/5043/2739 6096/5042/1
f 6096/5042/1 6097/5043/2739 6098/5044/1
f 6098/5044/1 6097/5043/2739 6099/5045/1
f 6097/5043/2739 6100/5046/2740 6099/5045/1
f 6099/5045/1 6100/5046/2740 6101/5047/1
f 6100/5046/2740 6102/5048/2741 6101/5047/1
f 6101/5047/1 6102/5048/2741 6103/5049/1
f 6103/5049/1 6102/5048/2741 6104/5050/2742
f 6102/5048/2741 6105/5051/2743 6104/5050/2742
f 6104/5050/2742 6105/5051/2743 6106/5052/2744
f 6094/5041/2738 6107/5053/2745 6097/5043/2739
f 6097/5043/2739 6107/5053/2745 6108/5054/2745
f 6097/5043/2739 6109/5055/2746 6100/5046/2740
f 6100/5046/2740 6109/5055/2746 6110/5056/2747
f 6100/5046/2740 6111/5057/2748 6102/5048/2741
f 6102/5048/2741 6111/5057/2748 6112/5058/2748
f 6103/5049/1 6104/5050/2742 6113/5059/1
f 6113/5059/1 6104/5050/2742 6114/5060/2749
f 6104/5050/2742 6115/5061/2750 6114/5060/2749
f 6114/5060/2749 6115/5061/2750 6116/5062/2751
f 6113/5059/1 6114/5060/2749 6117/5063/1
f 6117/5063/1 6114/5060/2749 6118/5064/2752
f 6114/5060/2749 6119/5065/2753 6118/5064/2752
f 6118/5064/2752 6119/5065/2753 6120/5066/2753
f 6117/5063/1 6118/5064/2752 6121/5067/1
f 6121/5067/1 6118/5064/2752 6122/5068/2754
f 6118/5064/2752 6123/5069/2755 6122/5068/2754
f 6122/5068/2754 6123/5069/2755 6124/5070/2755
f 6125/5071/1 6121/5067/1 6126/5072/1
f 6121/5067/1 6122/5068/2754 6126/5072/1
f 6126/5072/1 6122/5068/2754 6127/5073/2756
f 6122/5068/2754 6128/5074/2757 6127/5073/2756
f 6127/5073/2756 6128/5074/2757 6129/5075/2757
f 6130/5071/2665 6132/5072/2666 6131/5076/2664
f 6131/5076/2664 6132/5072/2666 6133/5077/2758
f 6132/5072/2666 6134/5078/2665 6133/5077/2758
f 6133/5077/2758 6135/5079/2759 6131/5076/2664
f 6135/5079/2759 6136/5080/2760 6131/5076/2664
f 6131/5076/2664 6136/5080/2760 6137/5081/2761
f 6136/5080/2760 6138/5082/2762 6137/5081/2761
f 6137/5081/2761 6138/5082/2762 6139/5083/2763
f 6139/5083/2763 6138/5082/2762 6140/5084/2764
f 6138/5082/2762 6141/5085/2765 6140/5084/2764
f 6141/5085/2765 6142/5086/2766 6140/5084/2764
f 6140/5084/2764 6142/5086/2766 6143/5087/2767
f 6143/5087/2767 6142/5086/2766 6144/5088/2768
f 6142/5086/2766 6145/5089/2769 6144/5088/2768
f 6144/5088/2768 6145/5089/2769 6146/5090/2770
f 6145/5089/2769 6147/5091/2771 6146/5090/2770
f 6147/5091/2771 6148/5092/2772 6146/5090/2770
f 6146/5090/2770 6148/5092/2772 6149/5093/821
f 6148/5092/2772 6150/5094/2773 6149/5093/821
f 6150/5094/2773 6151/5095/2774 6149/5093/821
f 6149/5093/821 6151/5095/2774 6152/5096/2775
f 6152/5096/2775 6151/5095/2774 6153/5097/2776
f 6151/5095/2774 6154/5098/2777 6153/5097/2776
f 6153/5097/2776 6154/5098/2777 6155/5099/2778
f 6154/5098/2777 6156/5100/2779 6155/5099/2778
f 6156/5100/2779 6157/5101/2780 6155/5099/2778
f 6155/5099/2778 6157/5101/2780 6158/5102/2781
f 6158/5102/2781 6157/5101/2780 6159/5103/2782
f 6159/5103/2782 6157/5101/2780 6160/5104/2783
f 6157/5101/2780 6161/5105/2784 6160/5104/2783
f 6161/5105/2784 6162/5106/2785 6160/5104/2783
f 6160/5104/2783 6162/5106/2785 6163/5107/2675
f 6162/5106/2785 6164/5035/2786 6163/5107/2675
f 6163/5107/2675 6164/5035/2786 6165/5033/2677
f 6142/5086/2766 6166/5108/636 6145/5089/2769
f 6151/5095/2774 6167/5109/706 6154/5098/2777
f 6162/5106/2785 6168/5110/2677 6164/5035/2786
f 6164/5035/2786 6168/5110/2677 6169/5111/2677
f 6170/4883/2787 6172/5112/436 6171/4881/2787
f 6171/4881/2787 6172/5112/436 6173/5113/436
f 6174/5114/2701 6176/5115/2703 6175/5116/2788
f 6176/5115/2703 6177/4884/2701 6175/5116/2788
f 6175/5116/2788 6177/4884/2701 6178/4885/2703
f 6179/5117/2789 6181/5118/2790 6180/5119/2708
f 6180/5119/2708 6181/5118/2790 6182/4988/2789
f 6181/5118/2790 6183/4986/2708 6182/4988/2789
f 6184/5120/2 6185/5121/2 6186/5122/2
f 6186/5122/2 6185/5121/2 6187/5123/2
f 6187/5123/2 6185/5121/2 6188/5124/2
f 6188/5124/2 6185/5121/2 6189/5125/2
f 6189/5125/2 6185/5121/2 6190/5126/2
f 6190/5126/2 6185/5121/2 6191/5127/2
f 6185/5121/2 6192/5128/2 6191/5127/2
f 6191/5127/2 6192/5128/2 6193/5129/2
f 6192/5128/2 6194/5130/2 6193/5129/2
f 6193/5129/2 6194/5130/2 6195/5131/2
f 6195/5131/2 6194/5130/2 6196/5132/2
f 6194/5130/2 6197/5133/2 6196/5132/2
f 6197/5133/2 6198/5134/2 6196/5132/2
f 6196/5132/2 6198/5134/2 6199/5135/2
f 6199/5135/2 6198/5134/2 6200/5136/2
f 6200/5136/2 6198/5134/2 6201/5137/2
f 6198/5134/2 6202/5138/2 6201/5137/2
f 6203/5138/2791 6204/5134/2791 6205/5139/2792
f 6204/5134/2791 6206/5140/2793 6205/5139/2792
f 6205/5139/2792 6206/5140/2793 6207/5141/1
f 6207/5141/1 6206/5140/2793 6208/5142/1
f 6206/5140/2793 6209/5143/1 6208/5142/1
f 6207/5141/1 6210/5144/1 6205/5139/2792
f 6211/5145/445 6213/5146/445 6212/5147/445
f 6212/5147/445 6213/5146/445 6214/5148/445
f 6215/5149/2794 6217/5150/264 6216/5151/2794
f 6216/5151/2794 6217/5150/264 6218/5152/264
f 6219/5153/2795 6221/5154/2796 6220/5155/2796
f 6220/5155/2796 6221/5154/2796 6222/5156/2796
f 6223/5157/2703 6225/5158/2788 6224/5159/2701
f 6224/5159/2701 6225/5158/2788 6226/5160/2703
f 6227/5161/2697 6229/5162/2697 6228/5163/2697
f 6228/5163/2697 6229/5162/2697 6230/5164/2697
f 6231/5165/796 6233/5166/796 6232/5167/796
f 6232/5167/796 6233/5166/796 6234/5168/796
f 6235/5169/2708 6237/5170/2708 6236/5171/2708
f 6236/5171/2708 6237/5170/2708 6238/5172/2708
f 6239/5173/2797 6241/5174/2797 6240/5175/2797
f 6240/5175/2797 6241/5174/2797 6242/5176/2797
f 6243/5177/241 6245/5178/241 6244/5179/241
f 6244/5179/241 6245/5178/241 6246/5180/241
f 6247/5181/436 6249/5182/436 6248/5183/436
f 6248/5183/436 6249/5182/436 6250/5184/436
f 6251/5185/435 6253/5186/435 6252/5187/435
f 6252/5187/435 6253/5186/435 6254/5188/435
f 6255/5189/1125 6257/5190/1125 6256/5191/1125
f 6256/5191/1125 6257/5190/1125 6258/5192/1125
f 6259/5193/2798 6261/5194/2798 6260/5195/2798
f 6260/5195/2798 6261/5194/2798 6262/5196/2799
f 6263/5197/2800 6265/5198/2690 6264/5199/2800
f 6264/5199/2800 6265/5198/2690 6266/5200/2690
f 6267/5201/432 6269/5201/432 6268/5202/2801
f 6268/5202/2801 6269/5201/432 6270/5203/2801
f 6269/5201/432 6271/5204/432 6270/5203/2801
f 6272/5205/441 6273/5206/441 6274/5207/2802
f 6274/5207/2802 6273/5206/441 6275/5208/2802
f 6273/5206/441 6276/5206/441 6275/5208/2802
f 6277/5209/2803 6278/5210/2804 6279/5211/2803
f 6278/5210/2804 6280/5212/2804 6279/5211/2803
f 6281/5213/2805 6282/5214/2805 6283/5215/2805
f 6282/5214/2805 6284/5216/2806 6283/5215/2805
f 6285/5217/1979 6286/5218/1261 6287/5219/1979
f 6286/5218/1261 6288/5220/1261 6287/5219/1979
f 6289/5221/444 6290/5222/444 6291/5223/444
f 6290/5222/444 6292/5224/444 6291/5223/444
f 6293/5225/4 6294/5226/2807 6295/5227/4
f 6294/5226/2807 6296/5228/2808 6295/5227/4
f 6295/5227/4 6296/5228/2808 6297/5229/4
f 6296/5228/2808 6298/5230/2809 6297/5229/4
f 6297/5229/4 6298/5230/2809 6299/5231/4
f 6298/5230/2809 6300/5232/2810 6299/5231/4
f 6299/5231/4 6300/5232/2810 6301/5233/4
f 6300/5232/2810 6302/5234/2811 6301/5233/4
f 6301/5233/4 6302/5234/2811 6303/5235/4
f 6302/5234/2811 6304/5236/2812 6303/5235/4
f 6303/5235/4 6304/5236/2812 6305/5237/4
f 6304/5236/2812 6306/5238/2813 6305/5237/4
f 6305/5237/4 6306/5238/2813 6307/5239/4
f 6306/5238/2813 6308/5240/2814 6307/5239/4
f 6307/5239/4 6308/5240/2814 6309/5241/4
f 6308/5240/2814 6310/5242/2815 6309/5241/4
f 6309/5241/4 6310/5242/2815 6311/5243/4
f 6310/5242/2815 6312/5244/2816 6311/5243/4
f 6311/5243/4 6312/5244/2816 6313/5245/4
f 6312/5244/2816 6314/5246/2817 6313/5245/4
f 6313/5245/4 6314/5246/2817 6315/5247/4
f 6314/5246/2817 6316/5248/2818 6315/5247/4
f 6315/5247/4 6316/5248/2818 6317/5249/4
f 6316/5248/2818 6318/5250/2819 6317/5249/4
f 6317/5249/4 6318/5250/2819 6319/5251/4
f 6318/5250/2819 6320/5252/2820 6319/5251/4
f 6319/5251/4 6320/5252/2820 6321/5253/4
f 6320/5252/2820 6322/5254/2821 6321/5253/4
f 6321/5253/4 6322/5254/2821 6323/5255/4
f 6322/5254/2821 6324/5256/2822 6323/5255/4
f 6323/5255/4 6324/5256/2822 6325/5257/4
f 6324/5256/2822 6326/5258/2823 6325/5257/4
f 6325/5257/4 6326/5258/2823 6327/5259/4
f 6326/5258/2823 6328/5260/2824 6327/5259/4
f 6327/5259/4 6328/5260/2824 6329/5261/4
f 6328/5260/2824 6330/5262/2825 6329/5261/4
f 6329/5261/4 6330/5262/2825 6331/5263/4
f 6330/5262/2825 6332/5264/2826 6331/5263/4
f 6331/5263/4 6332/5264/2826 6333/5265/4
f 6332/5264/2826 6334/5266/2827 6333/5265/4
f 6333/5265/4 6334/5266/2827 6335/5267/4
f 6334/5266/2827 6336/5268/2828 6335/5267/4
f 6335/5267/4 6336/5268/2828 6337/5269/4
f 6336/5268/2828 6338/5270/2829 6337/5269/4
f 6337/5269/4 6338/5270/2829 6339/5271/4
f 6338/5270/2829 6340/5272/2830 6339/5271/4
f 6339/5271/4 6340/5272/2830 6293/5225/4
f 6293/5225/4 6340/5272/2830 6294/5226/2807
f 6340/5272/2830 6341/5273/2831 6294/5226/2807
f 6294/5226/2807 6341/5273/2831 6342/5274/2831
f 6294/5226/2807 6343/5275/2832 6296/5228/2808
f 6296/5228/2808 6343/5275/2832 6344/5276/2832
f 6296/5228/2808 6345/5277/2833 6298/5230/2809
f 6298/5230/2809 6345/5277/2833 6346/5278/2834
f 6298/5230/2809 6347/5279/2835 6300/5232/2810
f 6300/5232/2810 6347/5279/2835 6348/5280/2836
f 6300/5232/2810 6349/5281/2837 6302/5234/2811
f 6302/5234/2811 6349/5281/2837 6350/5282/2838
f 6302/5234/2811 6351/5283/2839 6304/5236/2812
f 6304/5236/2812 6351/5283/2839 6352/5284/2840
f 6304/5236/2812 6353/5285/2841 6306/5238/2813
f 6306/5238/2813 6353/5285/2841 6354/5286/2841
f 6306/5238/2813 6355/5287/2842 6308/5240/2814
f 6308/5240/2814 6355/5287/2842 6356/5288/2842
f 6308/5240/2814 6357/5289/2843 6310/5242/2815
f 6310/5242/2815 6357/5289/2843 6358/5290/2843
f 6310/5242/2815 6359/5291/2844 6312/5244/2816
f 6312/5244/2816 6359/5291/2844 6360/5292/2845
f 6312/5244/2816 6361/5293/2846 6314/5246/2817
f 6314/5246/2817 6361/5293/2846 6362/5294/2846
f 6314/5246/2817 6363/5295/2847 6316/5248/2818
f 6316/5248/2818 6363/5295/2847 6364/5296/2847
f 6316/5248/2818 6365/5297/2848 6318/5250/2819
f 6318/5250/2819 6365/5297/2848 6366/5298/2848
f 6318/5250/2819 6367/5299/2849 6320/5252/2820
f 6320/5252/2820 6367/5299/2849 6368/5300/2849
f 6320/5252/2820 6369/5301/2850 6322/5254/2821
f 6322/5254/2821 6369/5301/2850 6370/5302/2850
f 6322/5254/2821 6371/5303/2851 6324/5256/2822
f 6324/5256/2822 6371/5303/2851 6372/5304/2851
f 6324/5256/2822 6373/5305/2852 6326/5258/2823
f 6326/5258/2823 6373/5305/2852 6374/5306/2853
f 6326/5258/2823 6375/5307/2854 6328/5260/2824
f 6328/5260/2824 6375/5307/2854 6376/5308/2854
f 6328/5260/2824 6377/5309/2855 6330/5262/2825
f 6330/5262/2825 6377/5309/2855 6378/5310/2856
f 6330/5262/2825 6379/5311/2857 6332/5264/2826
f 6332/5264/2826 6379/5311/2857 6380/5312/2857
f 6332/5264/2826 6381/5313/2858 6334/5266/2827
f 6334/5266/2827 6381/5313/2858 6382/5314/2859
f 6334/5266/2827 6383/5315/2860 6336/5268/2828
f 6336/5268/2828 6383/5315/2860 6384/5316/2861
f 6336/5268/2828 6385/5317/2862 6338/5270/2829
f 6338/5270/2829 6385/5317/2862 6386/5318/2863
f 6338/5270/2829 6387/5319/2864 6340/5272/2830
f 6340/5272/2830 6387/5319/2864 6388/5320/2865
f 6389/5148/2866 6391/5321/2866 6390/5147/2866
f 6390/5147/2866 6391/5321/2866 6392/5322/2867
f 6393/5145/104 6395/5323/104 6394/5146/104
f 6394/5146/104 6395/5323/104 6396/5324/104
f 6397/5152/2868 6399/5324/2805 6398/5151/2805
f 6398/5151/2805 6399/5324/2805 6400/5323/2805
f 6401/5149/2697 6403/5325/2697 6402/5150/2697
f 6402/5150/2697 6403/5325/2697 6404/5326/2697
f 6405/5156/1979 6407/5326/1979 6406/5155/1223
f 6406/5155/1223 6407/5326/1979 6408/5325/1979
f 6409/5153/2869 6411/5327/2869 6410/5154/2869
f 6410/5154/2869 6411/5327/2869 6412/5328/2869
f 6413/5160/2870 6415/5328/2870 6414/5159/2870
f 6414/5159/2870 6415/5328/2870 6416/5327/2870
f 6417/5157/382 6419/5329/382 6418/5158/382
f 6418/5158/382 6419/5329/382 6420/5330/382
f 6421/4990/445 6423/5330/445 6422/4989/445
f 6422/4989/445 6423/5330/445 6424/5329/445
f 6425/5162/264 6427/5117/264 6426/5164/264
f 6426/5164/264 6427/5117/264 6428/5119/264
f 6429/5331/1858 6431/5332/2871 6430/5163/1858
f 6430/5163/1858 6431/5332/2871 6432/5161/1858
f 6433/5168/1860 6435/5166/1860 6434/5331/1860
f 6434/5331/1860 6435/5166/1860 6436/5332/1860
f 6437/5114/241 6439/5165/241 6438/5115/2872
f 6438/5115/2872 6439/5165/241 6440/5167/2872
f 6441/5172/104 6443/5113/104 6442/5171/104
f 6442/5171/104 6443/5113/104 6444/5112/104
f 6445/5169/2873 6447/5333/2873 6446/5170/2873
f 6446/5170/2873 6447/5333/2873 6448/5334/2873
f 6449/5176/2874 6451/5334/2874 6450/5175/2874
f 6450/5175/2874 6451/5334/2874 6452/5333/2874
f 6453/5173/1125 6455/5335/1125 6454/5174/1125
f 6454/5174/1125 6455/5335/1125 6456/5336/1125
f 6457/5180/796 6459/5336/796 6458/5179/796
f 6458/5179/796 6459/5336/796 6460/5335/796
f 6461/5177/2798 6463/5337/2798 6462/5178/2798
f 6462/5178/2798 6463/5337/2798 6464/5338/2798
f 6465/5184/382 6467/5338/382 6466/5183/382
f 6466/5183/382 6467/5338/382 6468/5337/382
f 6469/5181/2875 6471/5339/2875 6470/5182/2876
f 6470/5182/2876 6471/5339/2875 6472/5340/2876
f 6473/5188/2877 6475/5340/2877 6474/5187/2878
f 6474/5187/2878 6475/5340/2877 6476/5339/2878
f 6477/5185/2215 6479/5341/2215 6478/5186/2215
f 6478/5186/2215 6479/5341/2215 6480/5342/2215
f 6481/5192/2797 6483/5342/2797 6482/5191/2879
f 6482/5191/2879 6483/5342/2797 6484/5341/2797
f 6485/5189/432 6487/5343/432 6486/5190/432
f 6486/5190/432 6487/5343/432 6488/5344/432
f 6489/5196/2880 6491/5344/241 6490/5195/241
f 6490/5195/241 6491/5344/241 6492/5343/241
f 6493/5193/2881 6495/5345/2881 6494/5194/2881
f 6494/5194/2881 6495/5345/2881 6496/5346/2881
f 6497/5200/2882 6499/5346/2882 6498/5199/2882
f 6498/5199/2882 6499/5346/2882 6500/5345/2882
f 6501/5197/2191 6503/5347/2191 6502/5198/2191
f 6502/5198/2191 6503/5347/2191 6504/5348/2191
f 6505/5349/2883 6507/5349/2884 6506/5073/2883
f 6506/5073/2883 6507/5349/2884 6508/5078/2883
f 6509/4991/435 6511/5348/435 6510/4992/435
f 6510/4992/435 6511/5348/435 6512/5347/435
f 6513/5350/2803 6515/5351/2688 6514/5352/2688
f 6514/5352/2688 6515/5351/2688 6516/4996/2803
f 6515/5351/2688 6517/4995/2885 6516/4996/2803
f 6518/5204/1125 6519/5353/1125 6520/5203/1125
f 6520/5203/1125 6519/5353/1125 6521/5352/1125
f 6519/5353/1125 6522/5350/1125 6521/5352/1125
f 6523/5354/2886 6524/5355/2886 6525/5202/2886
f 6524/5355/2886 6526/5201/2886 6525/5202/2886
f 6527/5208/2887 6528/5206/2887 6529/5356/2887
f 6528/5206/2887 6530/5357/2887 6529/5356/2887
f 6531/5358/1979 6532/5359/1979 6533/5360/1979
f 6533/5360/1979 6532/5359/1979 6534/5207/1979
f 6532/5359/1979 6535/5205/1979 6534/5207/1979
f 6536/5034/2888 6537/5111/2888 6538/5361/2888
f 6537/5111/2888 6539/5362/2888 6538/5361/2888
f 6540/4997/2889 6541/5363/2890 6542/4998/2891
f 6542/4998/2891 6541/5363/2890 6543/5360/2891
f 6541/5363/2890 6544/5358/2690 6543/5360/2891
f 6545/5001/444 6546/5364/444 6547/5002/444
f 6546/5364/444 6548/5365/444 6547/5002/444
f 6549/5212/2215 6550/5365/2215 6551/5211/2215
f 6550/5365/2215 6552/5364/2215 6551/5211/2215
f 6553/5209/2892 6554/5366/2892 6555/5210/2892
f 6554/5366/2892 6556/5367/2892 6555/5210/2892
f 6557/5216/2893 6558/5367/2893 6559/5215/2893
f 6558/5367/2893 6560/5366/2893 6559/5215/2893
f 6561/5213/264 6562/5368/264 6563/5214/264
f 6562/5368/264 6564/5369/264 6563/5214/264
f 6565/5220/441 6566/5369/441 6567/5219/441
f 6566/5369/441 6568/5368/441 6567/5219/441
f 6569/5217/2796 6570/5370/2795 6571/5218/2795
f 6570/5370/2795 6572/5371/2796 6571/5218/2795
f 6573/5224/2191 6574/5371/2191 6575/5223/2191
f 6574/5371/2191 6576/5370/2191 6575/5223/2191
f 6577/5221/2894 6578/5322/2894 6579/5222/2894
f 6578/5322/2894 6580/5321/2894 6579/5222/2894
f 6581/5372/1 6582/5373/1 6583/5374/1
f 6583/5374/1 6582/5373/1 6584/5375/1
f 6584/5375/1 6582/5373/1 6585/5376/1
f 6585/5376/1 6582/5373/1 6586/5377/1
f 6586/5377/1 6582/5373/1 6587/5378/1
f 6587/5378/1 6582/5373/1 6588/5379/1
f 6588/5379/1 6582/5373/1 6589/5380/1
f 6589/5380/1 6582/5373/1 6590/5381/1
f 6590/5381/1 6582/5373/1 6591/5382/1
f 6582/5373/1 6581/5372/1 6591/5382/1
f 6592/5383/12 6593/5384/12 6594/5385/12
f 6593/5384/12 6595/5386/12 6594/5385/12
f 6596/5387/2895 6597/5388/2895 6598/5389/897
f 6597/5388/2895 6599/5390/897 6598/5389/897
f 6598/5389/897 6599/5390/897 6600/5391/67
f 6599/5390/897 6601/5392/67 6600/5391/67
f 6600/5391/67 6601/5392/67 6602/5393/896
f 6601/5392/67 6603/5394/896 6602/5393/896
f 6602/5393/896 6603/5394/896 6604/5395/2896
f 6603/5394/896 6605/5396/2896 6604/5395/2896
f 6606/5396/2 6607/5397/2 6608/5395/2
f 6607/5397/2 6609/5398/2 6608/5395/2
f 6610/5399/2897 6611/5400/2897 6612/5401/892
f 6611/5400/2897 6613/5402/892 6612/5401/892
f 6612/5401/892 6613/5402/892 6614/5403/36
f 6613/5402/892 6615/5404/36 6614/5403/36
f 6614/5403/36 6615/5404/36 6616/5405/891
f 6615/5404/36 6617/5406/891 6616/5405/891
f 6616/5405/891 6617/5406/891 6618/5385/2898
f 6617/5406/891 6619/5383/2898 6618/5385/2898
f 6620/5407/2 6621/5408/2 6622/5409/2
f 6621/5408/2 6623/5410/2 6622/5409/2
f 6624/5411/67 6625/5412/67 6626/5413/2899
f 6625/5412/67 6627/5414/2900 6626/5413/2899
f 6626/5413/2899 6627/5414/2900 6628/5415/2901
f 6627/5414/2900 6629/5416/2901 6628/5415/2901
f 6628/5415/2901 6629/5416/2901 6630/5410/2902
f 6629/5416/2901 6631/5417/2902 6630/5410/2902
f 6632/5418/4 6633/5409/4 6634/5417/4
f 6633/5409/4 6635/5410/4 6634/5417/4
f 6636/5419/2903 6637/5420/2904 6638/5421/2905
f 6637/5420/2904 6639/5422/2906 6638/5421/2905
f 6638/5421/2905 6639/5422/2906 6640/5423/2907
f 6639/5422/2906 6641/5424/139 6640/5423/2907
f 6640/5423/2907 6641/5424/139 6642/5425/2908
f 6641/5424/139 6643/5426/2909 6642/5425/2908
f 6642/5425/2908 6643/5426/2909 6644/5427/2910
f 6643/5426/2909 6645/5428/2911 6644/5427/2910
f 6646/5429/36 6647/5430/36 6648/5431/36
f 6647/5430/36 6649/5432/36 6648/5431/36
f 6648/5431/36 6649/5432/36 6650/5433/36
f 6649/5432/36 6651/5434/36 6650/5433/36
f 6650/5433/36 6651/5434/36 6652/5435/36
f 6651/5434/36 6653/5436/36 6652/5435/36
f 6652/5435/36 6653/5436/36 6654/5437/36
f 6653/5436/36 6655/5438/36 6654/5437/36
f 6656/5439/2394 6657/5440/2394 6658/5441/2394
f 6657/5440/2394 6659/5442/2394 6658/5441/2394
f 6660/5440/2912 6661/5439/2913 6662/5443/2914
f 6661/5439/2913 6663/5444/2915 6662/5443/2914
f 6662/5443/2914 6663/5444/2915 6664/5445/2916
f 6663/5444/2915 6665/5446/2917 6664/5445/2916
f 6664/5445/2916 6665/5446/2917 6666/5447/2918
f 6665/5446/2917 6667/5448/2919 6666/5447/2918
f 6666/5447/2918 6667/5448/2919 6668/5449/2920
f 6667/5448/2919 6669/5450/2921 6668/5449/2920
f 6670/5451/2922 6666/5447/2918 6668/5449/2920
f 6671/5452/2923 6673/5453/2924 6672/5454/2925
f 6673/5453/2924 6674/5455/2926 6672/5454/2925
f 6672/5454/2925 6674/5455/2926 6675/5456/2927
f 6674/5455/2926 6676/5457/2928 6675/5456/2927
f 6675/5456/2927 6676/5457/2928 6677/5458/2929
f 6676/5457/2928 6678/5459/2930 6677/5458/2929
f 6677/5458/2929 6678/5459/2930 6679/5460/2931
f 6678/5459/2930 6680/5461/2932 6679/5460/2931
f 6681/5462/2933 6682/5463/2934 6683/5464/2935
f 6683/5464/2935 6682/5463/2934 6684/5465/2936
f 6682/5463/2934 6685/5466/2937 6684/5465/2936
f 6684/5465/2936 6685/5466/2937 6686/5467/130
f 6685/5466/2937 6687/5468/2938 6686/5467/130
f 6686/5467/130 6687/5468/2938 6688/5469/2939
f 6687/5468/2938 6689/5470/2940 6688/5469/2939
f 6688/5469/2939 6689/5470/2940 6690/5471/2941
f 6691/5472/36 6693/5473/36 6692/5474/36
f 6692/5474/36 6693/5473/36 6694/5475/36
f 6693/5473/36 6695/5476/36 6694/5475/36
f 6694/5475/36 6695/5476/36 6696/5477/36
f 6695/5476/36 6697/5478/36 6696/5477/36
f 6696/5477/36 6697/5478/36 6698/5479/36
f 6697/5478/36 6699/5480/36 6698/5479/36
f 6698/5479/36 6699/5480/36 6700/5481/36
f 6701/5442/2942 6703/5440/2943 6702/5441/2380
f 6702/5441/2380 6703/5440/2943 6704/5439/2942
f 6705/5440/2944 6707/5443/2945 6706/5439/2946
f 6706/5439/2946 6707/5443/2945 6708/5444/2947
f 6707/5443/2945 6709/5445/2948 6708/5444/2947
f 6708/5444/2947 6709/5445/2948 6710/5446/2949
f 6709/5445/2948 6711/5447/2950 6710/5446/2949
f 6710/5446/2949 6711/5447/2950 6712/5448/2951
f 6711/5447/2950 6713/5449/2952 6712/5448/2951
f 6712/5448/2951 6713/5449/2952 6714/5450/2953
f 6715/5451/2954 6713/5449/2952 6711/5447/2950
f 6716/5482/436 6717/5483/435 6713/5449/2955
f 6717/5483/435 6718/5450/2953 6713/5449/2955
f 6719/5484/2956 6720/5485/2957 6721/5486/2958
f 6721/5486/2958 6720/5485/2957 6722/5487/2959
f 6720/5485/2957 6723/5488/2960 6722/5487/2959
f 6722/5487/2959 6723/5488/2960 6724/5489/2961
f 6723/5488/2960 6725/5490/2962 6724/5489/2961
f 6724/5489/2961 6725/5490/2962 6726/5491/2963
f 6725/5490/2962 6727/5492/2964 6726/5491/2963
f 6726/5491/2963 6727/5492/2964 6728/5493/2932
f 6729/5494/512 6731/5495/434 6730/5496/434
f 6730/5496/434 6731/5495/434 6732/5497/433
f 6731/5495/434 6733/5498/433 6732/5497/433
f 6732/5497/433 6733/5498/433 6734/5499/2965
f 6733/5498/433 6735/5500/2966 6734/5499/2965
f 6734/5499/2965 6735/5500/2966 6736/5501/2967
f 6735/5500/2966 6737/5502/2967 6736/5501/2967
f 6736/5501/2967 6737/5502/2967 6738/5503/2682
f 6737/5502/2967 6739/5504/2682 6738/5503/2682
f 6738/5503/2682 6739/5504/2682 6740/5451/542
f 6739/5504/2682 6741/5505/542 6740/5451/542
f 6740/5451/542 6741/5505/542 6742/5449/2921
f 6741/5505/542 6743/5482/2968 6742/5449/2921
f 6743/5482/2968 6744/5506/2969 6742/5449/2921
f 6742/5449/2921 6744/5506/2969 6745/5450/2970
f 6745/5450/2970 6744/5506/2969 6746/5507/2922
f 6744/5506/2969 6747/5508/2971 6746/5507/2922
f 6746/5507/2922 6747/5508/2971 6748/5509/2972
f 6747/5508/2971 6749/5510/2972 6748/5509/2972
f 6748/5509/2972 6749/5510/2972 6750/5511/2973
f 6749/5510/2972 6751/5512/2974 6750/5511/2973
f 6750/5511/2973 6751/5512/2974 6752/5513/796
f 6751/5512/2974 6753/5514/797 6752/5513/796
f 6752/5513/796 6753/5514/797 6754/5515/439
f 6753/5514/797 6755/5516/439 6754/5515/439
f 6754/5515/439 6755/5516/439 6756/5517/2954
f 6755/5516/439 6757/5518/438 6756/5517/2954
f 6756/5517/2954 6757/5518/438 6758/5519/2952
f 6757/5518/438 6759/5520/437 6758/5519/2952
f 6730/5496/434 6760/5521/2975 6729/5494/512
f 6761/5522/2976 6763/5523/2977 6762/5524/1
f 6763/5523/2977 6764/5525/1 6762/5524/1
f 6762/5524/1 6764/5525/1 6765/5526/1
f 6764/5525/1 6766/5527/1 6765/5526/1
f 6765/5526/1 6766/5527/1 6767/5528/1
f 6766/5527/1 6768/5529/2977 6767/5528/1
f 6767/5528/1 6768/5529/2977 6769/5530/1
f 6769/5530/1 6768/5529/2977 6770/5531/1
f 6768/5529/2977 6771/5532/2978 6770/5531/1
f 6762/5524/1 6765/5526/1 6772/5533/1
f 6773/5534/4 6775/5506/4 6774/5535/4
f 6774/5535/4 6775/5506/4 6776/5536/4
f 6776/5536/4 6775/5506/4 6777/5537/4
f 6775/5506/4 6778/5482/4 6777/5537/4
f 6777/5537/4 6778/5482/4 6779/5538/4
f 6779/5538/4 6778/5482/4 6780/5539/4
f 6778/5482/4 6781/5540/4 6780/5539/4
f 6779/5538/4 6782/5541/4 6777/5537/4
f 6782/5541/4 6783/5542/4 6777/5537/4
f 6783/5542/4 6784/5543/4 6777/5537/4
f 6777/5537/4 6784/5543/4 6785/5544/4
f 6784/5543/4 6786/5545/4 6785/5544/4
f 6782/5541/4 6787/5546/4 6783/5542/4
f 6787/5546/4 6788/5547/4 6783/5542/4
f 6789/5548/1 6790/5549/1 6791/5550/1
f 6790/5549/1 6792/5551/1 6791/5550/1
f 6793/5552/1 6794/5553/1 6795/5554/1
f 6795/5554/1 6794/5553/1 6796/5555/1
f 6796/5555/1 6794/5553/1 6797/5556/1
f 6797/5556/1 6794/5553/1 6798/5557/1
f 6794/5553/1 6799/5558/1 6798/5557/1
f 6798/5557/1 6799/5558/1 6800/5559/1
f 6799/5558/1 6801/5560/1 6800/5559/1
f 6800/5559/1 6802/5561/1 6798/5557/1
f 6803/5562/2911 6805/5549/2979 6804/5548/2980
f 6805/5549/2979 6806/5548/928 6804/5548/2980
f 6804/5548/2980 6806/5548/928 6807/5563/2981
f 6808/5564/2982 6810/5551/2983 6809/5565/2984
f 6810/5551/2983 6811/5549/2985 6809/5565/2984
f 6809/5565/2984 6811/5549/2985 6812/5566/2986
f 6811/5549/2985 6813/5562/2987 6812/5566/2986
f 6814/5567/2988 6815/5550/2989 6816/5550/2940
f 6816/5550/2940 6815/5550/2989 6817/5564/2941
f 6815/5550/2989 6818/5551/2990 6817/5564/2941
f 6819/5563/2991 6820/5548/2991 6821/5567/2991
f 6820/5548/2991 6822/5550/2991 6821/5567/2991
f 6823/5568/67 6824/5569/67 6825/5570/67
f 6824/5569/67 6826/5571/67 6825/5570/67
f 6825/5570/67 6826/5571/67 6827/5572/67
f 6828/5573/67 6829/5574/67 6824/5569/67
f 6824/5569/67 6829/5574/67 6830/5575/67
f 6829/5574/67 6831/5576/67 6830/5575/67
f 6824/5569/67 6830/5575/67 6826/5571/67
f 6830/5575/67 6832/5577/67 6826/5571/67
f 6826/5571/67 6832/5577/67 6833/5578/67
f 6832/5577/67 6834/5579/67 6833/5578/67
f 6833/5578/67 6834/5579/67 6835/5580/67
f 6836/5581/67 6837/5582/67 6830/5575/67
f 6830/5575/67 6837/5582/67 6832/5577/67
f 6837/5582/67 6838/5583/67 6832/5577/67
f 6832/5577/67 6839/5584/67 6834/5579/67
f 6840/5585/67 6841/5586/67 6833/5578/67
f 6833/5578/67 6841/5586/67 6826/5571/67
f 6841/5586/67 6842/5587/67 6826/5571/67
f 6843/5588/12 6844/5589/128 6845/3725/127
f 6845/3725/127 6844/5589/128 6846/5590/127
f 6846/5590/127 6844/5589/128 6847/5591/127
f 6847/5591/127 6844/5589/128 6848/5592/12
f 6848/5592/12 6844/5589/128 6849/5593/12
f 6849/5593/12 6844/5589/128 6850/5594/12
f 6850/5594/12 6844/5589/128 6851/5595/12
f 6851/5595/12 6844/5589/128 6852/5596/127
f 6852/5596/127 6844/5589/128 6853/5597/12
f 6853/5597/12 6844/5589/128 6854/5598/12
f 6854/5598/12 6844/5589/128 6855/5599/12
f 6855/5599/12 6844/5589/128 6856/5600/12
f 6856/5600/12 6844/5589/128 6857/5601/12
f 6857/5601/12 6844/5589/128 6858/5602/12
f 6858/5602/12 6844/5589/128 6859/5603/12
f 6859/5603/12 6844/5589/128 6860/5604/12
f 6860/5604/12 6844/5589/128 6861/5605/12
f 6861/5605/12 6844/5589/128 6862/5606/12
f 6862/5606/12 6844/5589/128 6863/5607/12
f 6844/5589/128 6843/5588/12 6863/5607/12
f 6864/5608/2992 6865/5590/218 6866/5609/218
f 6865/5590/218 6867/5591/2993 6866/5609/218
f 6865/5590/218 6864/5608/2992 6868/3725/2994
f 6864/5608/2992 6869/5610/2995 6868/3725/2994
f 6868/3725/2994 6869/5610/2995 6870/5588/2996
f 6869/5610/2995 6871/5611/2997 6870/5588/2996
f 6870/5588/2996 6871/5611/2997 6872/5607/2997
f 6871/5611/2997 6873/5612/2998 6872/5607/2997
f 6872/5607/2997 6873/5612/2998 6874/5606/2998
f 6873/5612/2998 6875/5613/118 6874/5606/2998
f 6874/5606/2998 6875/5613/118 6876/5605/118
f 6875/5613/118 6877/5614/2999 6876/5605/118
f 6876/5605/118 6877/5614/2999 6878/5604/2999
f 6877/5614/2999 6879/5615/3000 6878/5604/2999
f 6878/5604/2999 6879/5615/3000 6880/5603/3000
f 6879/5615/3000 6881/5616/3001 6880/5603/3000
f 6880/5603/3000 6881/5616/3001 6882/5602/3001
f 6881/5616/3001 6883/5617/3002 6882/5602/3001
f 6882/5602/3001 6883/5617/3002 6884/5601/3002
f 6883/5617/3002 6885/5618/429 6884/5601/3002
f 6884/5601/3002 6885/5618/429 6886/5600/429
f 6885/5618/429 6887/5619/3003 6886/5600/429
f 6886/5600/429 6887/5619/3003 6888/5599/3003
f 6887/5619/3003 6889/5620/3004 6888/5599/3003
f 6888/5599/3003 6889/5620/3004 6890/5598/3005
f 6889/5620/3004 6891/5621/3006 6890/5598/3005
f 6890/5598/3005 6891/5621/3006 6892/5597/3006
f 6891/5621/3006 6893/5622/3007 6892/5597/3006
f 6892/5597/3006 6893/5622/3007 6894/5596/3008
f 6893/5622/3007 6895/5623/3009 6894/5596/3008
f 6894/5596/3008 6895/5623/3009 6896/5595/3009
f 6895/5623/3009 6897/5624/3010 6896/5595/3009
f 6896/5595/3009 6897/5624/3010 6898/5594/3010
f 6897/5624/3010 6899/5625/3011 6898/5594/3010
f 6898/5594/3010 6899/5625/3011 6900/5593/3012
f 6899/5625/3011 6901/5626/3013 6900/5593/3012
f 6900/5593/3012 6901/5626/3013 6902/5592/3014
f 6901/5626/3013 6903/5627/3015 6902/5592/3014
f 6902/5592/3014 6903/5627/3015 6867/5591/2993
f 6903/5627/3015 6866/5609/218 6867/5591/2993
f 6904/5628/12 6905/5629/12 6906/5630/128
f 6905/5629/12 6907/5631/12 6906/5630/128
f 6907/5631/12 6908/5632/12 6906/5630/128
f 6908/5632/12 6909/5633/12 6906/5630/128
f 6909/5633/12 6910/5634/12 6906/5630/128
f 6910/5634/12 6911/5635/12 6906/5630/128
f 6911/5635/12 6912/5636/12 6906/5630/128
f 6912/5636/12 6913/5637/12 6906/5630/128
f 6913/5637/12 6914/5638/12 6906/5630/128
f 6914/5638/12 6915/5639/12 6906/5630/128
f 6915/5639/12 6916/5640/12 6906/5630/128
f 6916/5640/12 6917/5641/12 6906/5630/128
f 6917/5641/12 6918/5642/12 6906/5630/128
f 6918/5642/12 6919/5643/12 6906/5630/128
f 6919/5643/12 6920/5644/12 6906/5630/128
f 6920/5644/12 6921/5645/12 6906/5630/128
f 6921/5645/12 6922/5646/12 6906/5630/128
f 6922/5646/12 6923/5647/12 6906/5630/128
f 6923/5647/12 6924/5648/12 6906/5630/128
f 6906/5630/128 6924/5648/12 6904/5628/12
f 6925/5649/3002 6927/5628/3016 6926/5650/3017
f 6926/5650/3017 6927/5628/3016 6928/5648/3018
f 6927/5628/3016 6925/5649/3002 6929/5629/3002
f 6925/5649/3002 6930/5651/740 6929/5629/3002
f 6929/5629/3002 6930/5651/740 6931/5631/429
f 6930/5651/740 6932/5652/3003 6931/5631/429
f 6931/5631/429 6932/5652/3003 6933/5632/3003
f 6932/5652/3003 6934/5653/3019 6933/5632/3003
f 6933/5632/3003 6934/5653/3019 6935/5633/3020
f 6934/5653/3019 6936/5654/3021 6935/5633/3020
f 6935/5633/3020 6936/5654/3021 6937/5634/3022
f 6936/5654/3021 6938/5655/3023 6937/5634/3022
f 6937/5634/3022 6938/5655/3023 6939/5635/3024
f 6938/5655/3023 6940/5656/899 6939/5635/3024
f 6939/5635/3024 6940/5656/899 6941/5636/899
f 6940/5656/899 6942/5657/3025 6941/5636/899
f 6941/5636/899 6942/5657/3025 6943/5637/3010
f 6942/5657/3025 6944/5658/3012 6943/5637/3010
f 6943/5637/3010 6944/5658/3012 6945/5638/3012
f 6944/5658/3012 6946/5659/3014 6945/5638/3012
f 6945/5638/3012 6946/5659/3014 6947/5639/3013
f 6946/5659/3014 6948/5660/2993 6947/5639/3013
f 6947/5639/3013 6948/5660/2993 6949/5640/2993
f 6948/5660/2993 6950/5661/218 6949/5640/2993
f 6949/5640/2993 6950/5661/218 6951/5641/218
f 6950/5661/218 6952/5662/2992 6951/5641/218
f 6951/5641/218 6952/5662/2992 6953/5642/2992
f 6952/5662/2992 6954/5663/2996 6953/5642/2992
f 6953/5642/2992 6954/5663/2996 6955/5643/3026
f 6954/5663/2996 6956/5664/2997 6955/5643/3026
f 6955/5643/3026 6956/5664/2997 6957/5644/2997
f 6956/5664/2997 6958/5665/2998 6957/5644/2997
f 6957/5644/2997 6958/5665/2998 6959/5645/2998
f 6958/5665/2998 6960/5666/118 6959/5645/2998
f 6959/5645/2998 6960/5666/118 6961/5646/118
f 6960/5666/118 6962/5667/2999 6961/5646/118
f 6961/5646/118 6962/5667/2999 6963/5647/2999
f 6962/5667/2999 6964/5668/3000 6963/5647/2999
f 6963/5647/2999 6964/5668/3000 6928/5648/3018
f 6964/5668/3000 6926/5650/3017 6928/5648/3018
f 6965/5588/2 6966/3725/2 6967/5589/145
f 6966/3725/2 6968/5590/2 6967/5589/145
f 6968/5590/2 6969/5591/2 6967/5589/145
f 6969/5591/2 6970/5592/2 6967/5589/145
f 6970/5592/2 6971/5593/2 6967/5589/145
f 6971/5593/2 6972/5594/2 6967/5589/145
f 6972/5594/2 6973/5595/2 6967/5589/145
f 6973/5595/2 6974/5596/2 6967/5589/145
f 6974/5596/2 6975/5597/2 6967/5589/145
f 6975/5597/2 6976/5598/2 6967/5589/145
f 6976/5598/2 6977/5599/2 6967/5589/145
f 6977/5599/2 6978/5600/2 6967/5589/145
f 6978/5600/2 6979/5601/2 6967/5589/145
f 6979/5601/2 6980/5602/2 6967/5589/145
f 6980/5602/2 6981/5603/2 6967/5589/145
f 6981/5603/2 6982/5604/2 6967/5589/145
f 6982/5604/2 6983/5605/2 6967/5589/145
f 6983/5605/2 6984/5606/2 6967/5589/145
f 6984/5606/2 6985/5607/2 6967/5589/145
f 6967/5589/145 6985/5607/2 6965/5588/2
f 6986/5590/141 6988/3725/3027 6987/5608/3027
f 6987/5608/3027 6988/3725/3027 6989/5610/3028
f 6987/5608/3027 6990/5609/141 6986/5590/141
f 6986/5590/141 6990/5609/141 6991/5591/3029
f 6990/5609/141 6992/5627/3029 6991/5591/3029
f 6991/5591/3029 6992/5627/3029 6993/5592/3030
f 6992/5627/3029 6994/5626/3031 6993/5592/3030
f 6993/5592/3030 6994/5626/3031 6995/5593/3032
f 6994/5626/3031 6996/5625/3032 6995/5593/3032
f 6995/5593/3032 6996/5625/3032 6997/5594/3033
f 6996/5625/3032 6998/5624/3034 6997/5594/3033
f 6997/5594/3033 6998/5624/3034 6999/5595/894
f 6998/5624/3034 7000/5623/3035 6999/5595/894
f 6999/5595/894 7000/5623/3035 7001/5596/3036
f 7000/5623/3035 7002/5622/3037 7001/5596/3036
f 7001/5596/3036 7002/5622/3037 7003/5597/3038
f 7002/5622/3037 7004/5621/3039 7003/5597/3038
f 7003/5597/3038 7004/5621/3039 7005/5598/3040
f 7004/5621/3039 7006/5620/3041 7005/5598/3040
f 7005/5598/3040 7006/5620/3041 7007/5599/3042
f 7006/5620/3041 7008/5619/3042 7007/5599/3042
f 7007/5599/3042 7008/5619/3042 7009/5600/3
f 7008/5619/3042 7010/5618/3043 7009/5600/3
f 7009/5600/3 7010/5618/3043 7011/5601/3044
f 7010/5618/3043 7012/5617/3044 7011/5601/3044
f 7011/5601/3044 7012/5617/3044 7013/5602/3045
f 7012/5617/3044 7014/5616/3045 7013/5602/3045
f 7013/5602/3045 7014/5616/3045 7015/5603/3046
f 7014/5616/3045 7016/5615/3046 7015/5603/3046
f 7015/5603/3046 7016/5615/3046 7017/5604/3047
f 7016/5615/3046 7018/5614/3047 7017/5604/3047
f 7017/5604/3047 7018/5614/3047 7019/5605/242
f 7018/5614/3047 7020/5613/242 7019/5605/242
f 7019/5605/242 7020/5613/242 7021/5606/3048
f 7020/5613/242 7022/5612/3048 7021/5606/3048
f 7021/5606/3048 7022/5612/3048 7023/5607/3049
f 7022/5612/3048 7024/5611/3049 7023/5607/3049
f 7023/5607/3049 7024/5611/3049 7025/5588/3028
f 7024/5611/3049 6989/5610/3028 7025/5588/3028
f 7025/5588/3028 6989/5610/3028 6988/3725/3027
f 7026/5629/2 7028/5628/2 7027/5630/145
f 7028/5628/2 7029/5648/2 7027/5630/145
f 7029/5648/2 7030/5647/2 7027/5630/145
f 7030/5647/2 7031/5646/2 7027/5630/145
f 7031/5646/2 7032/5645/2 7027/5630/145
f 7032/5645/2 7033/5644/2 7027/5630/145
f 7033/5644/2 7034/5643/2 7027/5630/145
f 7034/5643/2 7035/5642/2 7027/5630/145
f 7035/5642/2 7036/5641/2 7027/5630/145
f 7036/5641/2 7037/5640/2 7027/5630/145
f 7037/5640/2 7038/5639/2 7027/5630/145
f 7038/5639/2 7039/5638/2 7027/5630/145
f 7039/5638/2 7040/5637/2 7027/5630/145
f 7040/5637/2 7041/5636/2 7027/5630/145
f 7041/5636/2 7042/5635/2 7027/5630/145
f 7042/5635/2 7043/5634/2 7027/5630/145
f 7043/5634/2 7044/5633/2 7027/5630/145
f 7044/5633/2 7045/5632/2 7027/5630/145
f 7045/5632/2 7046/5631/2 7027/5630/145
f 7027/5630/145 7046/5631/2 7026/5629/2
f 7047/5628/3045 7049/5629/3050 7048/5649/3044
f 7048/5649/3044 7049/5629/3050 7050/5651/3043
f 7048/5649/3044 7051/5650/3045 7047/5628/3045
f 7047/5628/3045 7051/5650/3045 7052/5648/3051
f 7051/5650/3045 7053/5668/3051 7052/5648/3051
f 7052/5648/3051 7053/5668/3051 7054/5647/3047
f 7053/5668/3051 7055/5667/3047 7054/5647/3047
f 7054/5647/3047 7055/5667/3047 7056/5646/242
f 7055/5667/3047 7057/5666/242 7056/5646/242
f 7056/5646/242 7057/5666/242 7058/5645/3048
f 7057/5666/242 7059/5665/3048 7058/5645/3048
f 7058/5645/3048 7059/5665/3048 7060/5644/3049
f 7059/5665/3048 7061/5664/3049 7060/5644/3049
f 7060/5644/3049 7061/5664/3049 7062/5643/3052
f 7061/5664/3049 7063/5663/3028 7062/5643/3052
f 7062/5643/3052 7063/5663/3028 7064/5642/3027
f 7063/5663/3028 7065/5662/3027 7064/5642/3027
f 7064/5642/3027 7065/5662/3027 7066/5641/141
f 7065/5662/3027 7067/5661/3053 7066/5641/141
f 7066/5641/141 7067/5661/3053 7068/5640/3029
f 7067/5661/3053 7069/5660/3029 7068/5640/3029
f 7068/5640/3029 7069/5660/3029 7070/5639/3031
f 7069/5660/3029 7071/5659/3054 7070/5639/3031
f 7070/5639/3031 7071/5659/3054 7072/5638/3032
f 7071/5659/3054 7073/5658/3032 7072/5638/3032
f 7072/5638/3032 7073/5658/3032 7074/5637/3033
f 7073/5658/3032 7075/5657/3033 7074/5637/3033
f 7074/5637/3033 7075/5657/3033 7076/5636/894
f 7075/5657/3033 7077/5656/894 7076/5636/894
f 7076/5636/894 7077/5656/894 7078/5635/3055
f 7077/5656/894 7079/5655/3037 7078/5635/3055
f 7078/5635/3055 7079/5655/3037 7080/5634/3039
f 7079/5655/3037 7081/5654/3039 7080/5634/3039
f 7080/5634/3039 7081/5654/3039 7082/5633/3040
f 7081/5654/3039 7083/5653/3041 7082/5633/3040
f 7082/5633/3040 7083/5653/3041 7084/5632/3042
f 7083/5653/3041 7085/5652/3056 7084/5632/3042
f 7084/5632/3042 7085/5652/3056 7086/5631/3043
f 7085/5652/3056 7050/5651/3043 7086/5631/3043
f 7086/5631/3043 7050/5651/3043 7049/5629/3050
f 7087/5669/3057 7089/5670/3058 7088/5671/3059
f 7088/5671/3059 7089/5670/3058 7090/5672/3060
f 7088/5671/3059 7091/5673/3057 7087/5669/3057
f 7087/5669/3057 7091/5673/3057 7092/5674/3061
f 7091/5673/3057 7093/5675/3061 7092/5674/3061
f 7092/5674/3061 7093/5675/3061 7094/5676/3062
f 7093/5675/3061 7095/5677/3063 7094/5676/3062
f 7094/5676/3062 7095/5677/3063 7096/5678/3064
f 7095/5677/3063 7097/5679/3064 7096/5678/3064
f 7096/5678/3064 7097/5679/3064 7098/5680/3065
f 7097/5679/3064 7099/5681/3066 7098/5680/3065
f 7098/5680/3065 7099/5681/3066 7100/5682/3067
f 7099/5681/3066 7101/5683/3067 7100/5682/3067
f 7100/5682/3067 7101/5683/3067 7102/5684/3068
f 7101/5683/3067 7103/5685/3068 7102/5684/3068
f 7102/5684/3068 7103/5685/3068 7104/5686/3069
f 7103/5685/3068 7105/5687/3070 7104/5686/3069
f 7104/5686/3069 7105/5687/3070 7106/5688/3071
f 7105/5687/3070 7107/5689/3071 7106/5688/3071
f 7106/5688/3071 7107/5689/3071 7108/5690/3072
f 7107/5689/3071 7109/5691/3073 7108/5690/3072
f 7108/5690/3072 7109/5691/3073 7110/5692/3074
f 7109/5691/3073 7111/5693/3075 7110/5692/3074
f 7110/5692/3074 7111/5693/3075 7112/5694/3076
f 7111/5693/3075 7113/5695/3076 7112/5694/3076
f 7112/5694/3076 7113/5695/3076 7114/5696/3077
f 7113/5695/3076 7115/5697/3077 7114/5696/3077
f 7114/5696/3077 7115/5697/3077 7116/5698/3078
f 7115/5697/3077 7117/5699/3078 7116/5698/3078
f 7116/5698/3078 7117/5699/3078 7118/5700/3079
f 7117/5699/3078 7119/5701/3079 7118/5700/3079
f 7089/5670/3058 7120/5702/3060 7090/5672/3060
f 7090/5672/3060 7120/5702/3060 7121/5703/3080
f 7120/5702/3060 7122/5704/3080 7121/5703/3080
f 7121/5703/3080 7122/5704/3080 7123/5705/3081
f 7122/5704/3080 7124/5706/3082 7123/5705/3081
f 7123/5705/3081 7124/5706/3082 7125/5707/3083
f 7124/5706/3082 7126/5708/3083 7125/5707/3083
f 7125/5707/3083 7126/5708/3083 7127/5709/3084
f 7126/5708/3083 7128/5710/3085 7127/5709/3084
f 7127/5709/3084 7128/5710/3085 7129/5711/3086
f 7128/5710/3085 7130/5712/3087 7129/5711/3086
f 7129/5711/3086 7130/5712/3087 7131/5713/3088
f 7130/5712/3087 7132/5714/3089 7131/5713/3088
f 7131/5713/3088 7132/5714/3089 7133/5715/3090
f 7132/5714/3089 7134/5716/3090 7133/5715/3090
f 7133/5715/3090 7134/5716/3090 7135/5717/3091
f 7134/5716/3090 7136/5718/3091 7135/5717/3091
f 7135/5717/3091 7136/5718/3091 7137/5719/3092
f 7136/5718/3091 7138/5720/3092 7137/5719/3092
f 7137/5719/3092 7138/5720/3092 7139/5721/3093
f 7138/5720/3092 7140/5722/3094 7139/5721/3093
f 7139/5721/3093 7140/5722/3094 7141/5723/3095
f 7140/5722/3094 7142/5724/3095 7141/5723/3095
f 7141/5723/3095 7142/5724/3095 7143/5725/3096
f 7142/5724/3095 7144/5726/3097 7143/5725/3096
f 7143/5725/3096 7144/5726/3097 7145/5727/3098
f 7144/5726/3097 7146/5728/3098 7145/5727/3098
f 7145/5727/3098 7146/5728/3098 7147/5729/3099
f 7146/5728/3098 7148/5730/3099 7147/5729/3099
f 7147/5729/3099 7148/5730/3099 7149/5731/3100
f 7148/5730/3099 7150/5732/3101 7149/5731/3100
f 7149/5731/3100 7150/5732/3101 7151/5733/3102
f 7150/5732/3101 7152/5734/3103 7151/5733/3102
f 7151/5733/3102 7152/5734/3103 7153/5735/3104
f 7152/5734/3103 7154/5736/3105 7153/5735/3104
f 7153/5735/3104 7154/5736/3105 7155/5737/3106
f 7154/5736/3105 7156/5738/3107 7155/5737/3106
f 7155/5737/3106 7156/5738/3107 7157/5739/3108
f 7156/5738/3107 7158/5740/3108 7157/5739/3108
f 7157/5739/3108 7158/5740/3108 7159/5741/3079
f 7158/5740/3108 7160/5742/3079 7159/5741/3079
f 7161/5743/3109 7162/5744/3110 7163/5745/3110
f 7162/5744/3110 7164/5746/2170 7163/5745/3110
f 7163/5745/3110 7165/5747/2168 7161/5743/3109
f 7161/5743/3109 7165/5747/2168 7166/5748/2167
f 7165/5747/2168 7167/5749/3111 7166/5748/2167
f 7166/5748/2167 7167/5749/3111 7168/5750/3112
f 7167/5749/3111 7169/5751/2166 7168/5750/3112
f 7168/5750/3112 7169/5751/2166 7170/5752/2165
f 7169/5751/2166 7171/5753/2165 7170/5752/2165
f 7170/5752/2165 7171/5753/2165 7172/5754/3113
f 7171/5753/2165 7173/5755/3113 7172/5754/3113
f 7172/5754/3113 7173/5755/3113 7174/5756/12
f 7173/5755/3113 7175/5757/12 7174/5756/12
f 7174/5756/12 7175/5757/12 7176/5758/2162
f 7175/5757/12 7177/5759/2162 7176/5758/2162
f 7176/5758/2162 7177/5759/2162 7178/5760/2160
f 7177/5759/2162 7179/5761/3114 7178/5760/2160
f 7178/5760/2160 7179/5761/3114 7180/5762/2159
f 7179/5761/3114 7181/5763/2158 7180/5762/2159
f 7180/5762/2159 7181/5763/2158 7182/5764/3115
f 7181/5763/2158 7183/5765/3115 7182/5764/3115
f 7182/5764/3115 7183/5765/3115 7184/5766/3116
f 7183/5765/3115 7185/5767/3117 7184/5766/3116
f 7184/5766/3116 7185/5767/3117 7186/5768/3118
f 7185/5767/3117 7187/5769/3119 7186/5768/3118
f 7186/5768/3118 7187/5769/3119 7188/5770/3120
f 7187/5769/3119 7189/5771/2152 7188/5770/3120
f 7188/5770/3120 7189/5771/2152 7190/5772/3121
f 7189/5771/2152 7191/5773/3122 7190/5772/3121
f 7190/5772/3121 7191/5773/3122 7192/5774/4
f 7191/5773/3122 7193/5775/4 7192/5774/4
f 7194/5747/3123 7195/5745/3058 7196/5776/3059
f 7195/5745/3058 7197/5777/3124 7196/5776/3059
f 7196/5776/3059 7198/5778/3057 7194/5747/3123
f 7194/5747/3123 7198/5778/3057 7199/5749/3061
f 7198/5778/3057 7200/5779/3061 7199/5749/3061
f 7199/5749/3061 7200/5779/3061 7201/5751/3062
f 7200/5779/3061 7202/5780/3062 7201/5751/3062
f 7201/5751/3062 7202/5780/3062 7203/5753/3064
f 7202/5780/3062 7204/5781/3064 7203/5753/3064
f 7203/5753/3064 7204/5781/3064 7205/5755/3125
f 7204/5781/3064 7206/5782/3066 7205/5755/3125
f 7205/5755/3125 7206/5782/3066 7207/5757/3067
f 7206/5782/3066 7208/5783/3126 7207/5757/3067
f 7207/5757/3067 7208/5783/3126 7209/5759/3068
f 7208/5783/3126 7210/5784/3068 7209/5759/3068
f 7209/5759/3068 7210/5784/3068 7211/5761/3069
f 7210/5784/3068 7212/5785/3069 7211/5761/3069
f 7211/5761/3069 7212/5785/3069 7213/5763/3127
f 7212/5785/3069 7214/5786/3127 7213/5763/3127
f 7213/5763/3127 7214/5786/3127 7215/5765/3072
f 7214/5786/3127 7216/5787/3128 7215/5765/3072
f 7215/5765/3072 7216/5787/3128 7217/5767/3075
f 7216/5787/3128 7218/5788/3075 7217/5767/3075
f 7217/5767/3075 7218/5788/3075 7219/5769/3076
f 7218/5788/3075 7220/5789/3076 7219/5769/3076
f 7219/5769/3076 7220/5789/3076 7221/5771/3129
f 7220/5789/3076 7222/5790/3129 7221/5771/3129
f 7221/5771/3129 7222/5790/3129 7223/5773/3078
f 7222/5790/3129 7224/5791/3078 7223/5773/3078
f 7223/5773/3078 7224/5791/3078 7225/5775/3079
f 7224/5791/3078 7226/5792/3079 7225/5775/3079
f 7227/5778/3130 7228/5776/3131 7229/5793/3131
f 7228/5776/3131 7230/5794/3132 7229/5793/3131
f 7229/5793/3131 7231/5795/3133 7227/5778/3130
f 7227/5778/3130 7231/5795/3133 7232/5779/3134
f 7231/5795/3133 7233/5796/3134 7232/5779/3134
f 7232/5779/3134 7233/5796/3134 7234/5780/3135
f 7233/5796/3134 7235/5797/3135 7234/5780/3135
f 7234/5780/3135 7235/5797/3135 7236/5781/3136
f 7235/5797/3135 7237/5798/3136 7236/5781/3136
f 7236/5781/3136 7237/5798/3136 7238/5782/3137
f 7237/5798/3136 7239/5799/3138 7238/5782/3137
f 7238/5782/3137 7239/5799/3138 7240/5783/3139
f 7239/5799/3138 7241/5800/3139 7240/5783/3139
f 7240/5783/3139 7241/5800/3139 7242/5784/3140
f 7241/5800/3139 7243/5801/3140 7242/5784/3140
f 7242/5784/3140 7243/5801/3140 7244/5785/3141
f 7243/5801/3140 7245/5802/3142 7244/5785/3141
f 7244/5785/3141 7245/5802/3142 7246/5786/3143
f 7245/5802/3142 7247/5803/3143 7246/5786/3143
f 7246/5786/3143 7247/5803/3143 7248/5787/3144
f 7247/5803/3143 7249/5804/3145 7248/5787/3144
f 7248/5787/3144 7249/5804/3145 7250/5788/3146
f 7249/5804/3145 7251/5805/3147 7250/5788/3146
f 7250/5788/3146 7251/5805/3147 7252/5789/3148
f 7251/5805/3147 7253/5806/3148 7252/5789/3148
f 7252/5789/3148 7253/5806/3148 7254/5790/3149
f 7253/5806/3148 7255/5807/3150 7254/5790/3149
f 7254/5790/3149 7255/5807/3150 7256/5791/3151
f 7255/5807/3150 7257/5808/3152 7256/5791/3151
f 7256/5791/3151 7257/5808/3152 7258/5792/3153
f 7257/5808/3152 7259/5809/3153 7258/5792/3153
f 7260/5795/3057 7261/5793/3058 7262/5810/3059
f 7261/5793/3058 7263/5811/3124 7262/5810/3059
f 7262/5810/3059 7264/5812/3057 7260/5795/3057
f 7260/5795/3057 7264/5812/3057 7265/5796/3154
f 7264/5812/3057 7266/5813/3061 7265/5796/3154
f 7265/5796/3154 7266/5813/3061 7267/5797/3062
f 7266/5813/3061 7268/5814/3062 7267/5797/3062
f 7267/5797/3062 7268/5814/3062 7269/5798/3064
f 7268/5814/3062 7270/5815/3064 7269/5798/3064
f 7269/5798/3064 7270/5815/3064 7271/5799/3125
f 7270/5815/3064 7272/5816/3125 7271/5799/3125
f 7271/5799/3125 7272/5816/3125 7273/5800/3067
f 7272/5816/3125 7274/5817/3126 7273/5800/3067
f 7273/5800/3067 7274/5817/3126 7275/5801/3068
f 7274/5817/3126 7276/5818/3068 7275/5801/3068
f 7275/5801/3068 7276/5818/3068 7277/5802/3069
f 7276/5818/3068 7278/5819/3070 7277/5802/3069
f 7277/5802/3069 7278/5819/3070 7279/5803/3071
f 7278/5819/3070 7280/5820/3127 7279/5803/3071
f 7279/5803/3071 7280/5820/3127 7281/5804/3072
f 7280/5820/3127 7282/5821/3155 7281/5804/3072
f 7281/5804/3072 7282/5821/3155 7283/5805/3156
f 7282/5821/3155 7284/5822/3157 7283/5805/3156
f 7283/5805/3156 7284/5822/3157 7285/5806/3076
f 7284/5822/3157 7286/5823/3076 7285/5806/3076
f 7285/5806/3076 7286/5823/3076 7287/5807/3129
f 7286/5823/3076 7288/5824/3129 7287/5807/3129
f 7287/5807/3129 7288/5824/3129 7289/5808/3078
f 7288/5824/3129 7290/5825/3078 7289/5808/3078
f 7289/5808/3078 7290/5825/3078 7291/5809/3079
f 7290/5825/3078 7292/5826/3079 7291/5809/3079
f 7293/5812/3133 7294/5810/3158 7295/5670/3131
f 7294/5810/3158 7296/5702/3132 7295/5670/3131
f 7295/5670/3131 7297/5669/3130 7293/5812/3133
f 7293/5812/3133 7297/5669/3130 7298/5813/3134
f 7297/5669/3130 7299/5674/3134 7298/5813/3134
f 7298/5813/3134 7299/5674/3134 7300/5814/3135
f 7299/5674/3134 7301/5676/3135 7300/5814/3135
f 7300/5814/3135 7301/5676/3135 7302/5815/3136
f 7301/5676/3135 7303/5678/3159 7302/5815/3136
f 7302/5815/3136 7303/5678/3159 7304/5816/3137
f 7303/5678/3159 7305/5680/3137 7304/5816/3137
f 7304/5816/3137 7305/5680/3137 7306/5817/3139
f 7305/5680/3137 7307/5682/3139 7306/5817/3139
f 7306/5817/3139 7307/5682/3139 7308/5818/3140
f 7307/5682/3139 7309/5684/3160 7308/5818/3140
f 7308/5818/3140 7309/5684/3160 7310/5819/3142
f 7309/5684/3160 7311/5686/3142 7310/5819/3142
f 7310/5819/3142 7311/5686/3142 7312/5820/3143
f 7311/5686/3142 7313/5688/3143 7312/5820/3143
f 7312/5820/3143 7313/5688/3143 7314/5821/3145
f 7313/5688/3143 7315/5690/3145 7314/5821/3145
f 7314/5821/3145 7315/5690/3145 7316/5822/3161
f 7315/5690/3145 7317/5692/3146 7316/5822/3161
f 7316/5822/3161 7317/5692/3146 7318/5823/3148
f 7317/5692/3146 7319/5694/3148 7318/5823/3148
f 7318/5823/3148 7319/5694/3148 7320/5824/3149
f 7319/5694/3148 7321/5696/3162 7320/5824/3149
f 7320/5824/3149 7321/5696/3162 7322/5825/3151
f 7321/5696/3162 7323/5698/3151 7322/5825/3151
f 7322/5825/3151 7323/5698/3151 7324/5826/3153
f 7323/5698/3151 7325/5700/3153 7324/5826/3153
f 7326/5827/3163 7327/5828/3164 7328/5829/2168
f 7327/5828/3164 7329/5830/3111 7328/5829/2168
f 7328/5829/2168 7330/5831/3110 7326/5827/3163
f 7326/5827/3163 7330/5831/3110 7331/5832/3165
f 7330/5831/3110 7332/5833/3166 7331/5832/3165
f 7331/5832/3165 7332/5833/3166 7333/5834/3167
f 7332/5833/3166 7334/5835/3168 7333/5834/3167
f 7333/5834/3167 7334/5835/3168 7335/5836/3169
f 7334/5835/3168 7336/5837/1 7335/5836/3169
f 7335/5836/3169 7336/5837/1 7337/5838/3170
f 7336/5837/1 7338/5839/3171 7337/5838/3170
f 7337/5838/3170 7338/5839/3171 7339/5840/3172
f 7338/5839/3171 7340/5841/3173 7339/5840/3172
f 7339/5840/3172 7340/5841/3173 7341/5842/3174
f 7340/5841/3173 7342/5843/3175 7341/5842/3174
f 7341/5842/3174 7342/5843/3175 7343/5844/3176
f 7342/5843/3175 7344/5845/3177 7343/5844/3176
f 7343/5844/3176 7344/5845/3177 7345/5846/3178
f 7344/5845/3177 7346/5847/947 7345/5846/3178
f 7345/5846/3178 7346/5847/947 7347/5848/3179
f 7346/5847/947 7348/5849/3180 7347/5848/3179
f 7347/5848/3179 7348/5849/3180 7349/5850/3181
f 7348/5849/3180 7350/5851/2188 7349/5850/3181
f 7349/5850/3181 7350/5851/2188 7351/5852/3182
f 7350/5851/2188 7352/5853/2187 7351/5852/3182
f 7351/5852/3182 7352/5853/2187 7353/5854/3183
f 7352/5853/2187 7354/5855/2 7353/5854/3183
f 7353/5854/3183 7354/5855/2 7355/5856/3184
f 7354/5855/2 7356/5857/2186 7355/5856/3184
f 7355/5856/3184 7356/5857/2186 7357/5858/3185
f 7356/5857/2186 7358/5859/3186 7357/5858/3185
f 7357/5858/3185 7358/5859/3186 7359/5860/3187
f 7358/5859/3186 7360/5861/2183 7359/5860/3187
f 7359/5860/3187 7360/5861/2183 7361/5862/1305
f 7360/5861/2183 7362/5863/2181 7361/5862/1305
f 7361/5862/1305 7362/5863/2181 7363/5864/3188
f 7362/5863/2181 7364/5865/2180 7363/5864/3188
f 7363/5864/3188 7364/5865/2180 7365/5866/3189
f 7364/5865/2180 7366/5867/3190 7365/5866/3189
f 7365/5866/3189 7366/5867/3190 7367/5868/3191
f 7366/5867/3190 7368/5869/3192 7367/5868/3191
f 7367/5868/3191 7368/5869/3192 7369/5870/3193
f 7368/5869/3192 7370/5871/3194 7369/5870/3193
f 7369/5870/3193 7370/5871/3194 7371/5872/3195
f 7370/5871/3194 7372/5873/4 7371/5872/3195
f 7373/5831/3131 7374/5829/3133 7375/5874/3130
f 7374/5829/3133 7376/5875/3134 7375/5874/3130
f 7375/5874/3130 7377/5876/3131 7373/5831/3131
f 7373/5831/3131 7377/5876/3131 7378/5833/3132
f 7377/5876/3131 7379/5877/3132 7378/5833/3132
f 7378/5833/3132 7379/5877/3132 7380/5835/3196
f 7379/5877/3132 7381/5878/3196 7380/5835/3196
f 7380/5835/3196 7381/5878/3196 7382/5837/3197
f 7381/5878/3196 7383/5879/3198 7382/5837/3197
f 7382/5837/3197 7383/5879/3198 7384/5839/3199
f 7383/5879/3198 7385/5880/3200 7384/5839/3199
f 7384/5839/3199 7385/5880/3200 7386/5841/3201
f 7385/5880/3200 7387/5881/3201 7386/5841/3201
f 7386/5841/3201 7387/5881/3201 7388/5843/3202
f 7387/5881/3201 7389/5882/3202 7388/5843/3202
f 7388/5843/3202 7389/5882/3202 7390/5845/3203
f 7389/5882/3202 7391/5883/3204 7390/5845/3203
f 7390/5845/3203 7391/5883/3204 7392/5847/3205
f 7391/5883/3204 7393/5884/3206 7392/5847/3205
f 7392/5847/3205 7393/5884/3206 7394/5849/3207
f 7393/5884/3206 7395/5885/3207 7394/5849/3207
f 7394/5849/3207 7395/5885/3207 7396/5851/3208
f 7395/5885/3207 7397/5886/3209 7396/5851/3208
f 7396/5851/3208 7397/5886/3209 7398/5853/3210
f 7397/5886/3209 7399/5887/3210 7398/5853/3210
f 7398/5853/3210 7399/5887/3210 7400/5855/3211
f 7399/5887/3210 7401/5888/3212 7400/5855/3211
f 7400/5855/3211 7401/5888/3212 7402/5857/3213
f 7401/5888/3212 7403/5889/3213 7402/5857/3213
f 7402/5857/3213 7403/5889/3213 7404/5859/3214
f 7403/5889/3213 7405/5890/3215 7404/5859/3214
f 7404/5859/3214 7405/5890/3215 7406/5861/3216
f 7405/5890/3215 7407/5891/3217 7406/5861/3216
f 7406/5861/3216 7407/5891/3217 7408/5863/3218
f 7407/5891/3217 7409/5892/3218 7408/5863/3218
f 7408/5863/3218 7409/5892/3218 7410/5865/3219
f 7409/5892/3218 7411/5893/3219 7410/5865/3219
f 7410/5865/3219 7411/5893/3219 7412/5867/3220
f 7411/5893/3219 7413/5894/3220 7412/5867/3220
f 7412/5867/3220 7413/5894/3220 7414/5869/3221
f 7413/5894/3220 7415/5895/3221 7414/5869/3221
f 7414/5869/3221 7415/5895/3221 7416/5871/3222
f 7415/5895/3221 7417/5896/3222 7416/5871/3222
f 7416/5871/3222 7417/5896/3222 7418/5873/3153
f 7417/5896/3222 7419/5897/3153 7418/5873/3153
f 7420/5876/3058 7421/5874/3057 7422/5898/3057
f 7421/5874/3057 7423/5899/3154 7422/5898/3057
f 7422/5898/3057 7424/5900/3058 7420/5876/3058
f 7420/5876/3058 7424/5900/3058 7425/5877/3060
f 7424/5900/3058 7426/5901/3223 7425/5877/3060
f 7425/5877/3060 7426/5901/3223 7427/5878/3224
f 7426/5901/3223 7428/5902/3080 7427/5878/3224
f 7427/5878/3224 7428/5902/3080 7429/5879/3082
f 7428/5902/3080 7430/5903/3082 7429/5879/3082
f 7429/5879/3082 7430/5903/3082 7431/5880/3225
f 7430/5903/3082 7432/5904/3083 7431/5880/3225
f 7431/5880/3225 7432/5904/3083 7433/5881/3085
f 7432/5904/3083 7434/5905/3084 7433/5881/3085
f 7433/5881/3085 7434/5905/3084 7435/5882/3086
f 7434/5905/3084 7436/5906/3226 7435/5882/3086
f 7435/5882/3086 7436/5906/3226 7437/5883/3089
f 7436/5906/3226 7438/5907/3089 7437/5883/3089
f 7437/5883/3089 7438/5907/3089 7439/5884/3090
f 7438/5907/3089 7440/5908/3090 7439/5884/3090
f 7439/5884/3090 7440/5908/3090 7441/5885/3091
f 7440/5908/3090 7442/5909/3091 7441/5885/3091
f 7441/5885/3091 7442/5909/3091 7443/5886/3092
f 7442/5909/3091 7444/5910/3092 7443/5886/3092
f 7443/5886/3092 7444/5910/3092 7445/5887/3227
f 7444/5910/3092 7446/5911/3093 7445/5887/3227
f 7445/5887/3227 7446/5911/3093 7447/5888/3095
f 7446/5911/3093 7448/5912/3095 7447/5888/3095
f 7447/5888/3095 7448/5912/3095 7449/5889/3228
f 7448/5912/3095 7450/5913/3229 7449/5889/3228
f 7449/5889/3228 7450/5913/3229 7451/5890/3098
f 7450/5913/3229 7452/5914/3098 7451/5890/3098
f 7451/5890/3098 7452/5914/3098 7453/5891/3230
f 7452/5914/3098 7454/5915/3231 7453/5891/3230
f 7453/5891/3230 7454/5915/3231 7455/5892/3100
f 7454/5915/3231 7456/5916/3232 7455/5892/3100
f 7455/5892/3100 7456/5916/3232 7457/5893/3233
f 7456/5916/3232 7458/5917/3233 7457/5893/3233
f 7457/5893/3233 7458/5917/3233 7459/5894/3105
f 7458/5917/3233 7460/5918/3105 7459/5894/3105
f 7459/5894/3105 7460/5918/3105 7461/5895/3107
f 7460/5918/3105 7462/5919/3107 7461/5895/3107
f 7461/5895/3107 7462/5919/3107 7463/5896/3108
f 7462/5919/3107 7464/5920/3108 7463/5896/3108
f 7463/5896/3108 7464/5920/3108 7465/5897/3079
f 7464/5920/3108 7466/5921/3079 7465/5897/3079
f 7467/5900/3234 7468/5898/3130 7469/5673/3130
f 7468/5898/3130 7470/5675/3235 7469/5673/3130
f 7469/5673/3130 7471/5671/3236 7467/5900/3234
f 7467/5900/3234 7471/5671/3236 7472/5901/3132
f 7471/5671/3236 7473/5672/3132 7472/5901/3132
f 7472/5901/3132 7473/5672/3132 7474/5902/3196
f 7473/5672/3132 7475/5703/3237 7474/5902/3196
f 7474/5902/3196 7475/5703/3237 7476/5903/3238
f 7475/5703/3237 7477/5705/3238 7476/5903/3238
f 7476/5903/3238 7477/5705/3238 7478/5904/3200
f 7477/5705/3238 7479/5707/3200 7478/5904/3200
f 7478/5904/3200 7479/5707/3200 7480/5905/3201
f 7479/5707/3200 7481/5709/3201 7480/5905/3201
f 7480/5905/3201 7481/5709/3201 7482/5906/3239
f 7481/5709/3201 7483/5711/3240 7482/5906/3239
f 7482/5906/3239 7483/5711/3240 7484/5907/3204
f 7483/5711/3240 7485/5713/3204 7484/5907/3204
f 7484/5907/3204 7485/5713/3204 7486/5908/3205
f 7485/5713/3204 7487/5715/3205 7486/5908/3205
f 7486/5908/3205 7487/5715/3205 7488/5909/3207
f 7487/5715/3205 7489/5717/3241 7488/5909/3207
f 7488/5909/3207 7489/5717/3241 7490/5910/3209
f 7489/5717/3241 7491/5719/3209 7490/5910/3209
f 7490/5910/3209 7491/5719/3209 7492/5911/3242
f 7491/5719/3209 7493/5721/3243 7492/5911/3242
f 7492/5911/3242 7493/5721/3243 7494/5912/3244
f 7493/5721/3243 7495/5723/3244 7494/5912/3244
f 7494/5912/3244 7495/5723/3244 7496/5913/3213
f 7495/5723/3244 7497/5725/3245 7496/5913/3213
f 7496/5913/3213 7497/5725/3245 7498/5914/3246
f 7497/5725/3245 7499/5727/3247 7498/5914/3246
f 7498/5914/3246 7499/5727/3247 7500/5915/3216
f 7499/5727/3247 7501/5729/3248 7500/5915/3216
f 7500/5915/3216 7501/5729/3248 7502/5916/3249
f 7501/5729/3248 7503/5731/3250 7502/5916/3249
f 7502/5916/3249 7503/5731/3250 7504/5917/3219
f 7503/5731/3250 7505/5733/3219 7504/5917/3219
f 7504/5917/3219 7505/5733/3219 7506/5918/3251
f 7505/5733/3219 7507/5735/3251 7506/5918/3251
f 7506/5918/3251 7507/5735/3251 7508/5919/3221
f 7507/5735/3251 7509/5737/3221 7508/5919/3221
f 7508/5919/3221 7509/5737/3221 7510/5920/3252
f 7509/5737/3221 7511/5739/3222 7510/5920/3252
f 7510/5920/3252 7511/5739/3222 7512/5921/3153
f 7511/5739/3222 7513/5741/3153 7512/5921/3153
f 7162/5744/3110 7514/5922/3253 7164/5746/2170
f 7164/5746/2170 7514/5922/3253 7515/5923/3254
f 7514/5922/3253 7516/5924/3168 7515/5923/3254
f 7515/5923/3254 7516/5924/3168 7517/5925/1
f 7516/5924/3168 7518/5926/1 7517/5925/1
f 7517/5925/1 7518/5926/1 7519/5927/3255
f 7518/5926/1 7520/5928/3171 7519/5927/3255
f 7519/5927/3255 7520/5928/3171 7521/5929/2173
f 7520/5928/3171 7522/5930/3256 7521/5929/2173
f 7521/5929/2173 7522/5930/3256 7523/5931/3175
f 7522/5930/3256 7524/5932/3175 7523/5931/3175
f 7523/5931/3175 7524/5932/3175 7525/5933/2175
f 7524/5932/3175 7526/5934/3257 7525/5933/2175
f 7525/5933/2175 7526/5934/3257 7527/5935/2176
f 7526/5934/3257 7528/5936/2176 7527/5935/2176
f 7527/5935/2176 7528/5936/2176 7529/5937/3180
f 7528/5936/2176 7530/5938/3180 7529/5937/3180
f 7529/5937/3180 7530/5938/3180 7531/5939/3258
f 7530/5938/3180 7532/5940/2188 7531/5939/3258
f 7531/5939/3258 7532/5940/2188 7533/5941/3259
f 7532/5940/2188 7534/5942/2187 7533/5941/3259
f 7533/5941/3259 7534/5942/2187 7535/5943/2
f 7534/5942/2187 7536/5944/2 7535/5943/2
f 7535/5943/2 7536/5944/2 7537/5945/2186
f 7536/5944/2 7538/5946/2186 7537/5945/2186
f 7537/5945/2186 7538/5946/2186 7539/5947/3186
f 7538/5946/2186 7540/5948/3260 7539/5947/3186
f 7539/5947/3186 7540/5948/3260 7541/5949/2183
f 7540/5948/3260 7542/5950/2183 7541/5949/2183
f 7541/5949/2183 7542/5950/2183 7543/5951/2181
f 7542/5950/2183 7544/5952/2181 7543/5951/2181
f 7543/5951/2181 7544/5952/2181 7545/5953/2180
f 7544/5952/2181 7546/5954/2180 7545/5953/2180
f 7545/5953/2180 7546/5954/2180 7547/5955/3190
f 7546/5954/2180 7548/5956/3190 7547/5955/3190
f 7547/5955/3190 7548/5956/3190 7549/5957/3192
f 7548/5956/3190 7550/5958/3192 7549/5957/3192
f 7549/5957/3192 7550/5958/3192 7551/5959/3261
f 7550/5958/3192 7552/5960/3262 7551/5959/3261
f 7551/5959/3261 7552/5960/3262 7553/5961/4
f 7552/5960/3262 7554/5962/4 7553/5961/4
f 7195/5745/3058 7555/5746/3223 7197/5777/3124
f 7197/5777/3124 7555/5746/3223 7556/5963/3263
f 7555/5746/3223 7557/5923/3080 7556/5963/3263
f 7556/5963/3263 7557/5923/3080 7558/5964/3082
f 7557/5923/3080 7559/5925/3082 7558/5964/3082
f 7558/5964/3082 7559/5925/3082 7560/5965/3225
f 7559/5925/3082 7561/5927/3083 7560/5965/3225
f 7560/5965/3225 7561/5927/3083 7562/5966/3085
f 7561/5927/3083 7563/5929/3085 7562/5966/3085
f 7562/5966/3085 7563/5929/3085 7564/5967/3226
f 7563/5929/3085 7565/5931/3226 7564/5967/3226
f 7564/5967/3226 7565/5931/3226 7566/5968/3264
f 7565/5931/3226 7567/5933/3089 7566/5968/3264
f 7566/5968/3264 7567/5933/3089 7568/5969/3265
f 7567/5933/3089 7569/5935/3090 7568/5969/3265
f 7568/5969/3265 7569/5935/3090 7570/5970/3091
f 7569/5935/3090 7571/5937/3091 7570/5970/3091
f 7570/5970/3091 7571/5937/3091 7572/5971/3092
f 7571/5937/3091 7573/5939/3266 7572/5971/3092
f 7572/5971/3092 7573/5939/3266 7574/5972/3227
f 7573/5939/3266 7575/5941/3227 7574/5972/3227
f 7574/5972/3227 7575/5941/3227 7576/5973/3095
f 7575/5941/3227 7577/5943/3267 7576/5973/3095
f 7576/5973/3095 7577/5943/3267 7578/5974/3228
f 7577/5943/3267 7579/5945/3097 7578/5974/3228
f 7578/5974/3228 7579/5945/3097 7580/5975/3098
f 7579/5945/3097 7581/5947/3268 7580/5975/3098
f 7580/5975/3098 7581/5947/3268 7582/5976/3269
f 7581/5947/3268 7583/5949/3269 7582/5976/3269
f 7582/5976/3269 7583/5949/3269 7584/5977/3101
f 7583/5949/3269 7585/5951/3101 7584/5977/3101
f 7584/5977/3101 7585/5951/3101 7586/5978/3270
f 7585/5951/3101 7587/5953/3233 7586/5978/3270
f 7586/5978/3270 7587/5953/3233 7588/5979/3104
f 7587/5953/3233 7589/5955/3105 7588/5979/3104
f 7588/5979/3104 7589/5955/3105 7590/5980/3106
f 7589/5955/3105 7591/5957/3106 7590/5980/3106
f 7590/5980/3106 7591/5957/3106 7592/5981/3108
f 7591/5957/3106 7593/5959/3271 7592/5981/3108
f 7592/5981/3108 7593/5959/3271 7594/5982/3079
f 7593/5959/3271 7595/5961/3079 7594/5982/3079
f 7228/5776/3131 7596/5777/3132 7230/5794/3132
f 7230/5794/3132 7596/5777/3132 7597/5983/3196
f 7596/5777/3132 7598/5963/3196 7597/5983/3196
f 7597/5983/3196 7598/5963/3196 7599/5984/3197
f 7598/5963/3196 7600/5964/3197 7599/5984/3197
f 7599/5984/3197 7600/5964/3197 7601/5985/3199
f 7600/5964/3197 7602/5965/3272 7601/5985/3199
f 7601/5985/3199 7602/5965/3272 7603/5986/3201
f 7602/5965/3272 7604/5966/3273 7603/5986/3201
f 7603/5986/3201 7604/5966/3273 7605/5987/3202
f 7604/5966/3273 7606/5967/3202 7605/5987/3202
f 7605/5987/3202 7606/5967/3202 7607/5988/3203
f 7606/5967/3202 7608/5968/3204 7607/5988/3203
f 7607/5988/3203 7608/5968/3204 7609/5989/3205
f 7608/5968/3204 7610/5969/3205 7609/5989/3205
f 7609/5989/3205 7610/5969/3205 7611/5990/3274
f 7610/5969/3205 7612/5970/3207 7611/5990/3274
f 7611/5990/3274 7612/5970/3207 7613/5991/3209
f 7612/5970/3207 7614/5971/3209 7613/5991/3209
f 7613/5991/3209 7614/5971/3209 7615/5992/3210
f 7614/5971/3209 7616/5972/3210 7615/5992/3210
f 7615/5992/3210 7616/5972/3210 7617/5993/3211
f 7616/5972/3210 7618/5973/3212 7617/5993/3211
f 7617/5993/3211 7618/5973/3212 7619/5994/3245
f 7618/5973/3212 7620/5974/3213 7619/5994/3245
f 7619/5994/3245 7620/5974/3213 7621/5995/3215
f 7620/5974/3213 7622/5975/3215 7621/5995/3215
f 7621/5995/3215 7622/5975/3215 7623/5996/3216
f 7622/5975/3215 7624/5976/3216 7623/5996/3216
f 7623/5996/3216 7624/5976/3216 7625/5997/3218
f 7624/5976/3216 7626/5977/3250 7625/5997/3218
f 7625/5997/3218 7626/5977/3250 7627/5998/3219
f 7626/5977/3250 7628/5978/3219 7627/5998/3219
f 7627/5998/3219 7628/5978/3219 7629/5999/3275
f 7628/5978/3219 7630/5979/3220 7629/5999/3275
f 7629/5999/3275 7630/5979/3220 7631/6000/3276
f 7630/5979/3220 7632/5980/3221 7631/6000/3276
f 7631/6000/3276 7632/5980/3221 7633/6001/3222
f 7632/5980/3221 7634/5981/3222 7633/6001/3222
f 7633/6001/3222 7634/5981/3222 7635/6002/3153
f 7634/5981/3222 7636/5982/3153 7635/6002/3153
f 7261/5793/3058 7637/5794/3060 7263/5811/3124
f 7263/5811/3124 7637/5794/3060 7638/6003/3080
f 7637/5794/3060 7639/5983/3080 7638/6003/3080
f 7638/6003/3080 7639/5983/3080 7640/6004/3081
f 7639/5983/3080 7641/5984/3082 7640/6004/3081
f 7640/6004/3081 7641/5984/3082 7642/6005/3277
f 7641/5984/3082 7643/5985/3083 7642/6005/3277
f 7642/6005/3277 7643/5985/3083 7644/6006/3084
f 7643/5985/3083 7645/5986/3278 7644/6006/3084
f 7644/6006/3084 7645/5986/3278 7646/6007/3226
f 7645/5986/3278 7647/5987/3226 7646/6007/3226
f 7646/6007/3226 7647/5987/3226 7648/6008/3089
f 7647/5987/3226 7649/5988/3089 7648/6008/3089
f 7648/6008/3089 7649/5988/3089 7650/6009/3090
f 7649/5988/3089 7651/5989/3279 7650/6009/3090
f 7650/6009/3090 7651/5989/3279 7652/6010/3091
f 7651/5989/3279 7653/5990/3091 7652/6010/3091
f 7652/6010/3091 7653/5990/3091 7654/6011/3092
f 7653/5990/3091 7655/5991/3092 7654/6011/3092
f 7654/6011/3092 7655/5991/3092 7656/6012/3227
f 7655/5991/3092 7657/5992/3227 7656/6012/3227
f 7656/6012/3227 7657/5992/3227 7658/6013/3095
f 7657/5992/3227 7659/5993/3280 7658/6013/3095
f 7658/6013/3095 7659/5993/3280 7660/6014/3229
f 7659/5993/3280 7661/5994/3229 7660/6014/3229
f 7660/6014/3229 7661/5994/3229 7662/6015/3098
f 7661/5994/3229 7663/5995/3268 7662/6015/3098
f 7662/6015/3098 7663/5995/3268 7664/6016/3269
f 7663/5995/3268 7665/5996/3099 7664/6016/3269
f 7664/6016/3269 7665/5996/3099 7666/6017/3100
f 7665/5996/3099 7667/5997/3101 7666/6017/3100
f 7666/6017/3100 7667/5997/3101 7668/6018/3102
f 7667/5997/3101 7669/5998/3102 7668/6018/3102
f 7668/6018/3102 7669/5998/3102 7670/6019/3105
f 7669/5998/3102 7671/5999/3105 7670/6019/3105
f 7670/6019/3105 7671/5999/3105 7672/6020/3106
f 7671/5999/3105 7673/6000/3107 7672/6020/3106
f 7672/6020/3106 7673/6000/3107 7674/6021/3108
f 7673/6000/3107 7675/6001/3108 7674/6021/3108
f 7674/6021/3108 7675/6001/3108 7676/6022/3079
f 7675/6001/3108 7677/6002/3079 7676/6022/3079
f 7294/5810/3158 7678/5811/3132 7296/5702/3132
f 7296/5702/3132 7678/5811/3132 7679/5704/3196
f 7678/5811/3132 7680/6003/3196 7679/5704/3196
f 7679/5704/3196 7680/6003/3196 7681/5706/3198
f 7680/6003/3196 7682/6004/3198 7681/5706/3198
f 7681/5706/3198 7682/6004/3198 7683/5708/3199
f 7682/6004/3198 7684/6005/3272 7683/5708/3199
f 7683/5708/3199 7684/6005/3272 7685/5710/3201
f 7684/6005/3272 7686/6006/3201 7685/5710/3201
f 7685/5710/3201 7686/6006/3201 7687/5712/3202
f 7686/6006/3201 7688/6007/3202 7687/5712/3202
f 7687/5712/3202 7688/6007/3202 7689/5714/3203
f 7688/6007/3202 7690/6008/3281 7689/5714/3203
f 7689/5714/3203 7690/6008/3281 7691/5716/3205
f 7690/6008/3281 7692/6009/3205 7691/5716/3205
f 7691/5716/3205 7692/6009/3205 7693/5718/3274
f 7692/6009/3205 7694/6010/3207 7693/5718/3274
f 7693/5718/3274 7694/6010/3207 7695/5720/3209
f 7694/6010/3207 7696/6011/3209 7695/5720/3209
f 7695/5720/3209 7696/6011/3209 7697/5722/3210
f 7696/6011/3209 7698/6012/3210 7697/5722/3210
f 7697/5722/3210 7698/6012/3210 7699/5724/3212
f 7698/6012/3210 7700/6013/3212 7699/5724/3212
f 7699/5724/3212 7700/6013/3212 7701/5726/3213
f 7700/6013/3212 7702/6014/3213 7701/5726/3213
f 7701/5726/3213 7702/6014/3213 7703/5728/3247
f 7702/6014/3213 7704/6015/3247 7703/5728/3247
f 7703/5728/3247 7704/6015/3247 7705/5730/3216
f 7704/6015/3247 7706/6016/3216 7705/5730/3216
f 7705/5730/3216 7706/6016/3216 7707/5732/3282
f 7706/6016/3216 7708/6017/3218 7707/5732/3282
f 7707/5732/3282 7708/6017/3218 7709/5734/3219
f 7708/6017/3218 7710/6018/3219 7709/5734/3219
f 7709/5734/3219 7710/6018/3219 7711/5736/3220
f 7710/6018/3219 7712/6019/3220 7711/5736/3220
f 7711/5736/3220 7712/6019/3220 7713/5738/3221
f 7712/6019/3220 7714/6020/3276 7713/5738/3221
f 7713/5738/3221 7714/6020/3276 7715/5740/3222
f 7714/6020/3276 7716/6021/3222 7715/5740/3222
f 7715/5740/3222 7716/6021/3222 7717/5742/3153
f 7716/6021/3222 7718/6022/3153 7717/5742/3153
f 7719/6023/3195 7720/6024/4 7721/6025/3283
f 7720/6024/4 7722/6026/3121 7721/6025/3283
f 7721/6025/3283 7722/6026/3121 7723/6027/3284
f 7722/6026/3121 7724/6028/3285 7723/6027/3284
f 7723/6027/3284 7724/6028/3285 7725/6029/3286
f 7724/6028/3285 7726/6030/3118 7725/6029/3286
f 7725/6029/3286 7726/6030/3118 7727/6031/3287
f 7726/6030/3118 7728/6032/3117 7727/6031/3287
f 7727/6031/3287 7728/6032/3117 7729/6033/3288
f 7728/6032/3117 7730/6034/2157 7729/6033/3288
f 7729/6033/3288 7730/6034/2157 7731/6035/3289
f 7730/6034/2157 7732/6036/2158 7731/6035/3289
f 7731/6035/3289 7732/6036/2158 7733/6037/3290
f 7732/6036/2158 7734/6038/2160 7733/6037/3290
f 7733/6037/3290 7734/6038/2160 7735/6039/3291
f 7734/6038/2160 7736/6040/2162 7735/6039/3291
f 7735/6039/3291 7736/6040/2162 7737/6041/3292
f 7736/6040/2162 7738/6042/12 7737/6041/3292
f 7737/6041/3292 7738/6042/12 7739/6043/3293
f 7738/6042/12 7740/6044/2163 7739/6043/3293
f 7739/6043/3293 7740/6044/2163 7741/6045/3294
f 7740/6044/2163 7742/6046/2164 7741/6045/3294
f 7741/6045/3294 7742/6046/2164 7743/6047/3295
f 7742/6046/2164 7744/6048/2166 7743/6047/3295
f 7743/6047/3295 7744/6048/2166 7745/6049/3296
f 7744/6048/2166 7329/5830/3111 7745/6049/3296
f 7745/6049/3296 7329/5830/3111 7327/5828/3164
f 7746/6024/3153 7748/6050/3153 7747/6026/3152
f 7748/6050/3153 7749/6051/3151 7747/6026/3152
f 7747/6026/3152 7749/6051/3151 7750/6028/3149
f 7749/6051/3151 7751/6052/3149 7750/6028/3149
f 7750/6028/3149 7751/6052/3149 7752/6030/3148
f 7751/6052/3149 7753/6053/3148 7752/6030/3148
f 7752/6030/3148 7753/6053/3148 7754/6032/3161
f 7753/6053/3148 7755/6054/3146 7754/6032/3161
f 7754/6032/3161 7755/6054/3146 7756/6034/3144
f 7755/6054/3146 7757/6055/3144 7756/6034/3144
f 7756/6034/3144 7757/6055/3144 7758/6036/3143
f 7757/6055/3144 7759/6056/3143 7758/6036/3143
f 7758/6036/3143 7759/6056/3143 7760/6038/3141
f 7759/6056/3143 7761/6057/3141 7760/6038/3141
f 7760/6038/3141 7761/6057/3141 7762/6040/3297
f 7761/6057/3141 7763/6058/3297 7762/6040/3297
f 7762/6040/3297 7763/6058/3297 7764/6042/3298
f 7763/6058/3297 7765/6059/3139 7764/6042/3298
f 7764/6042/3298 7765/6059/3139 7766/6044/3137
f 7765/6059/3139 7767/6060/3137 7766/6044/3137
f 7766/6044/3137 7767/6060/3137 7768/6046/3159
f 7767/6060/3137 7769/6061/3136 7768/6046/3159
f 7768/6046/3159 7769/6061/3136 7770/6048/3135
f 7769/6061/3136 7771/6062/3135 7770/6048/3135
f 7770/6048/3135 7771/6062/3135 7772/5830/3235
f 7771/6062/3135 7376/5875/3134 7772/5830/3235
f 7772/5830/3235 7376/5875/3134 7374/5829/3133
f 7773/6050/3079 7775/6063/3079 7774/6051/3078
f 7775/6063/3079 7776/6064/3078 7774/6051/3078
f 7774/6051/3078 7776/6064/3078 7777/6052/3299
f 7776/6064/3078 7778/6065/3077 7777/6052/3299
f 7777/6052/3299 7778/6065/3077 7779/6053/3076
f 7778/6065/3077 7780/6066/3076 7779/6053/3076
f 7779/6053/3076 7780/6066/3076 7781/6054/3075
f 7780/6066/3076 7782/6067/3156 7781/6054/3075
f 7781/6054/3075 7782/6067/3156 7783/6055/3155
f 7782/6067/3156 7784/6068/3072 7783/6055/3155
f 7783/6055/3155 7784/6068/3072 7785/6056/3071
f 7784/6068/3072 7786/6069/3071 7785/6056/3071
f 7785/6056/3071 7786/6069/3071 7787/6057/3069
f 7786/6069/3071 7788/6070/3300 7787/6057/3069
f 7787/6057/3069 7788/6070/3300 7789/6058/3068
f 7788/6070/3300 7790/6071/3068 7789/6058/3068
f 7789/6058/3068 7790/6071/3068 7791/6059/3126
f 7790/6071/3068 7792/6072/3067 7791/6059/3126
f 7791/6059/3126 7792/6072/3067 7793/6060/3125
f 7792/6072/3067 7794/6073/3066 7793/6060/3125
f 7793/6060/3125 7794/6073/3066 7795/6061/3064
f 7794/6073/3066 7796/6074/3301 7795/6061/3064
f 7795/6061/3064 7796/6074/3301 7797/6062/3062
f 7796/6074/3301 7798/6075/3062 7797/6062/3062
f 7797/6062/3062 7798/6075/3062 7799/5875/3061
f 7798/6075/3062 7423/5899/3154 7799/5875/3061
f 7799/5875/3061 7423/5899/3154 7421/5874/3057
f 7800/6063/3302 7802/5701/3153 7801/6064/3151
f 7802/5701/3153 7803/5699/3151 7801/6064/3151
f 7801/6064/3151 7803/5699/3151 7804/6065/3149
f 7803/5699/3151 7805/5697/3303 7804/6065/3149
f 7804/6065/3149 7805/5697/3303 7806/6066/3148
f 7805/5697/3303 7807/5695/3148 7806/6066/3148
f 7806/6066/3148 7807/5695/3148 7808/6067/3146
f 7807/5695/3148 7809/5693/3146 7808/6067/3146
f 7808/6067/3146 7809/5693/3146 7810/6068/3304
f 7809/5693/3146 7811/5691/3305 7810/6068/3304
f 7810/6068/3304 7811/5691/3305 7812/6069/3143
f 7811/5691/3305 7813/5689/3143 7812/6069/3143
f 7812/6069/3143 7813/5689/3143 7814/6070/3142
f 7813/5689/3143 7815/5687/3142 7814/6070/3142
f 7814/6070/3142 7815/5687/3142 7816/6071/3140
f 7815/5687/3142 7817/5685/3140 7816/6071/3140
f 7816/6071/3140 7817/5685/3140 7818/6072/3306
f 7817/5685/3140 7819/5683/3298 7818/6072/3306
f 7818/6072/3306 7819/5683/3298 7820/6073/3307
f 7819/5683/3298 7821/5681/3137 7820/6073/3307
f 7820/6073/3307 7821/5681/3137 7822/6074/3136
f 7821/5681/3137 7823/5679/3308 7822/6074/3136
f 7822/6074/3136 7823/5679/3308 7824/6075/3135
f 7823/5679/3308 7825/5677/3135 7824/6075/3135
f 7824/6075/3135 7825/5677/3135 7826/5899/3235
f 7825/5677/3135 7470/5675/3235 7826/5899/3235
f 7826/5899/3235 7470/5675/3235 7468/5898/3130
f 7827/3020/3309 7829/3019/1476 7828/3018/1476
f 7828/3018/1476 7829/3019/1476 7830/3017/1474
f 7829/3019/1476 7827/3020/3309 7831/3021/1477
f 7827/3020/3309 7832/3022/1478 7831/3021/1477
f 7831/3021/1477 7832/3022/1478 7833/3023/1478
f 7832/3022/1478 7834/3024/1480 7833/3023/1478
f 7833/3023/1478 7834/3024/1480 7835/3025/1480
f 7834/3024/1480 7836/3026/1481 7835/3025/1480
f 7835/3025/1480 7836/3026/1481 7837/3027/1481
f 7836/3026/1481 7838/3028/1482 7837/3027/1481
f 7837/3027/1481 7838/3028/1482 7839/3029/1482
f 7838/3028/1482 7840/3030/1483 7839/3029/1482
f 7839/3029/1482 7840/3030/1483 7841/3031/1483
f 7840/3030/1483 7842/3032/3310 7841/3031/1483
f 7841/3031/1483 7842/3032/3310 7843/3033/1484
f 7828/3018/1476 7830/3017/1474 7844/3016/1475
f 7830/3017/1474 7845/3015/1473 7844/3016/1475
f 7844/3016/1475 7845/3015/1473 7846/3014/1473
f 7847/3034/1485 7849/3036/1486 7848/3035/1485
f 7848/3035/1485 7849/3036/1486 7850/3037/1486
f 7849/3036/1486 7851/3038/1487 7850/3037/1486
f 7850/3037/1486 7851/3038/1487 7852/3039/1487
f 7851/3038/1487 7853/3040/1489 7852/3039/1487
f 7852/3039/1487 7853/3040/1489 7854/3041/1489
f 7853/3040/1489 7855/3042/1490 7854/3041/1489
f 7854/3041/1489 7855/3042/1490 7856/3043/1490
f 7855/3042/1490 7857/3044/1491 7856/3043/1490
f 7856/3043/1490 7857/3044/1491 7858/3045/1491
f 7857/3044/1491 7859/3046/1492 7858/3045/1491
f 7858/3045/1491 7859/3046/1492 7860/3047/1492
f 7859/3046/1492 7861/3048/1493 7860/3047/1492
f 7860/3047/1492 7861/3048/1493 7862/3049/1493
f 7861/3048/1493 7863/3050/3311 7862/3049/1493
f 7862/3049/1493 7863/3050/3311 7864/3051/3312
f 7863/3050/3311 7865/3033/1497 7864/3051/3312
f 7864/3051/3312 7865/3033/1497 7866/3032/1497
f 7867/3053/2 7869/3052/2 7868/3054/145
f 7868/3054/145 7869/3052/2 7870/3080/2
f 7867/3053/2 7868/3054/145 7871/3055/2
f 7871/3055/2 7868/3054/145 7872/3056/2
f 7872/3056/2 7868/3054/145 7873/3057/2
f 7873/3057/2 7868/3054/145 7874/3058/2
f 7874/3058/2 7868/3054/145 7875/3059/2
f 7875/3059/2 7868/3054/145 7876/3060/2
f 7876/3060/2 7868/3054/145 7877/3061/2
f 7877/3061/2 7868/3054/145 7878/3062/2
f 7878/3062/2 7868/3054/145 7879/3063/2
f 7879/3063/2 7868/3054/145 7880/3064/2
f 7880/3064/2 7868/3054/145 7881/3065/2
f 7881/3065/2 7868/3054/145 7882/3066/2
f 7882/3066/2 7868/3054/145 7883/3067/2
f 7883/3067/2 7868/3054/145 7884/3068/2
f 7884/3068/2 7868/3054/145 7885/3069/2
f 7868/3054/145 7886/3070/2 7885/3069/2
f 7885/3069/2 7886/3070/2 7887/3071/2
f 7886/3070/2 7888/3072/2 7887/3071/2
f 7888/3072/2 7889/3073/2 7887/3071/2
f 7889/3073/2 7890/3074/2 7887/3071/2
f 7890/3074/2 7891/3075/2 7887/3071/2
f 7891/3075/2 7892/3076/2 7887/3071/2
f 7892/3076/2 7893/3077/2 7887/3071/2
f 7893/3077/2 7894/3078/2 7887/3071/2
f 7887/3071/2 7894/3078/2 7895/3079/2
f 7886/3070/2 7868/3054/145 7870/3080/2
f 7896/3082/1499 7897/3081/1498 7898/3083/1499
f 7898/3083/1499 7897/3081/1498 7899/3098/1498
f 7897/3081/1498 7900/3099/1510 7899/3098/1498
f 7896/3082/1499 7898/3083/1499 7901/3084/1501
f 7898/3083/1499 7902/3085/1501 7901/3084/1501
f 7902/3085/1501 7903/3086/1502 7901/3084/1501
f 7901/3084/1501 7903/3086/1502 7904/3087/1503
f 7903/3086/1502 7905/3088/1504 7904/3087/1503
f 7904/3087/1503 7905/3088/1504 7906/3089/1504
f 7905/3088/1504 7907/3090/1505 7906/3089/1504
f 7906/3089/1504 7907/3090/1505 7908/3091/1505
f 7907/3090/1505 7909/3092/1507 7908/3091/1505
f 7908/3091/1505 7909/3092/1507 7910/3093/1507
f 7909/3092/1507 7911/3094/3313 7910/3093/1507
f 7910/3093/1507 7911/3094/3313 7912/3095/1508
f 7911/3094/3313 7913/3096/1509 7912/3095/1508
f 7912/3095/1508 7913/3096/1509 7914/3097/1509
f 7899/3098/1498 7900/3099/1510 7915/3100/1510
f 7900/3099/1510 7916/3101/1511 7915/3100/1510
f 7915/3100/1510 7916/3101/1511 7917/3102/1511
f 7916/3101/1511 7918/3103/1512 7917/3102/1511
f 7917/3102/1511 7918/3103/1512 7919/3104/1512
f 7918/3103/1512 7920/3105/1513 7919/3104/1512
f 7919/3104/1512 7920/3105/1513 7921/3106/1513
f 7920/3105/1513 7922/3107/1514 7921/3106/1513
f 7921/3106/1513 7922/3107/1514 7923/3108/1514
f 7923/3108/1514 7922/3107/1514 7924/3109/1515
f 7922/3107/1514 7925/3110/1515 7924/3109/1515
f 7926/3112/1516 7927/3111/361 7928/3113/1516
f 7928/3113/1516 7927/3111/361 7929/3132/361
f 7927/3111/361 7930/3133/3314 7929/3132/361
f 7926/3112/1516 7928/3113/1516 7931/3114/1517
f 7928/3113/1516 7932/3115/1517 7931/3114/1517
f 7932/3115/1517 7933/3116/184 7931/3114/1517
f 7931/3114/1517 7933/3116/184 7934/3117/184
f 7933/3116/184 7935/3118/1520 7934/3117/184
f 7934/3117/184 7935/3118/1520 7936/3119/1520
f 7935/3118/1520 7937/3120/1521 7936/3119/1520
f 7936/3119/1520 7937/3120/1521 7938/3121/1521
f 7937/3120/1521 7939/3122/1505 7938/3121/1521
f 7938/3121/1521 7939/3122/1505 7940/3123/1505
f 7939/3122/1505 7941/3124/1522 7940/3123/1505
f 7940/3123/1505 7941/3124/1522 7942/3125/1522
f 7941/3124/1522 7943/3126/1523 7942/3125/1522
f 7942/3125/1522 7943/3126/1523 7944/3127/1539
f 7943/3126/1523 7945/3128/1524 7944/3127/1539
f 7944/3127/1539 7945/3128/1524 7946/3129/1524
f 7945/3128/1524 7947/3130/1525 7946/3129/1524
f 7946/3129/1524 7947/3130/1525 7948/3131/1525
f 7929/3132/361 7930/3133/3314 7949/3134/1527
f 7930/3133/3314 7950/3135/1528 7949/3134/1527
f 7949/3134/1527 7950/3135/1528 7951/3136/1529
f 7950/3135/1528 7952/3137/1511 7951/3136/1529
f 7951/3136/1529 7952/3137/1511 7953/3138/1511
f 7952/3137/1511 7954/3139/1530 7953/3138/1511
f 7953/3138/1511 7954/3139/1530 7955/3140/1530
f 7954/3139/1530 7956/3141/1016 7955/3140/1530
f 7955/3140/1530 7956/3141/1016 7957/3142/1016
f 7956/3141/1016 7958/3143/174 7957/3142/1016
f 7957/3142/1016 7958/3143/174 7959/3144/174
f 7958/3143/174 7960/3145/3315 7959/3144/174
f 7959/3144/174 7960/3145/3315 7961/3146/1532
f 7961/3146/1532 7960/3145/3315 7962/3147/1533
f 7960/3145/3315 7963/3148/1533 7962/3147/1533
f 7964/3150/1516 7965/3149/361 7966/3151/1534
f 7966/3151/1534 7965/3149/361 7967/3170/361
f 7965/3149/361 7968/3171/3314 7967/3170/361
f 7964/3150/1516 7966/3151/1534 7969/3152/1517
f 7966/3151/1534 7970/3153/1517 7969/3152/1517
f 7970/3153/1517 7971/3154/184 7969/3152/1517
f 7969/3152/1517 7971/3154/184 7972/3155/184
f 7971/3154/184 7973/3156/1536 7972/3155/184
f 7972/3155/184 7973/3156/1536 7974/3157/3316
f 7973/3156/1536 7975/3158/1521 7974/3157/3316
f 7974/3157/3316 7975/3158/1521 7976/3159/1521
f 7975/3158/1521 7977/3160/1538 7976/3159/1521
f 7976/3159/1521 7977/3160/1538 7978/3161/1505
f 7977/3160/1538 7979/3162/3317 7978/3161/1505
f 7978/3161/1505 7979/3162/3317 7980/3163/3317
f 7979/3162/3317 7981/3164/1523 7980/3163/3317
f 7980/3163/3317 7981/3164/1523 7982/3165/1523
f 7981/3164/1523 7983/3166/3318 7982/3165/1523
f 7982/3165/1523 7983/3166/3318 7984/3167/1540
f 7983/3166/3318 7985/3168/1525 7984/3167/1540
f 7984/3167/1540 7985/3168/1525 7986/3169/1525
f 7967/3170/361 7968/3171/3314 7987/3172/1526
f 7968/3171/3314 7988/3173/1529 7987/3172/1526
f 7987/3172/1526 7988/3173/1529 7989/3174/1529
f 7988/3173/1529 7990/3175/1511 7989/3174/1529
f 7989/3174/1529 7990/3175/1511 7991/3176/1511
f 7990/3175/1511 7992/3177/1530 7991/3176/1511
f 7991/3176/1511 7992/3177/1530 7993/3178/1530
f 7992/3177/1530 7994/3179/1016 7993/3178/1530
f 7993/3178/1530 7994/3179/1016 7995/3180/1017
f 7994/3179/1016 7996/3181/174 7995/3180/1017
f 7995/3180/1017 7996/3181/174 7997/3182/3319
f 7996/3181/174 7998/3183/1532 7997/3182/3319
f 7997/3182/3319 7998/3183/1532 7999/3184/1532
f 7999/3184/1532 7998/3183/1532 8000/3185/1533
f 7998/3183/1532 8001/3186/1533 8000/3185/1533
f 8002/3014/3320 8003/3015/1478 8004/3187/1544
f 8003/3015/1478 8005/3188/3321 8004/3187/1544
f 8005/3188/3321 8006/3189/3322 8004/3187/1544
f 8004/3187/1544 8006/3189/3322 8007/3190/3323
f 8006/3189/3322 8008/3191/1526 8007/3190/3323
f 8007/3190/3323 8008/3191/1526 8009/3192/1526
f 8008/3191/1526 8010/3193/1529 8009/3192/1526
f 8009/3192/1526 8010/3193/1529 8011/3194/1529
f 8010/3193/1529 8012/3195/1511 8011/3194/1529
f 8011/3194/1529 8012/3195/1511 8013/3196/1542
f 8012/3195/1511 8014/3197/1530 8013/3196/1542
f 8013/3196/1542 8014/3197/1530 8015/3198/1545
f 8014/3197/1530 8016/3199/1016 8015/3198/1545
f 8015/3198/1545 8016/3199/1016 8017/3200/1017
f 8016/3199/1016 8018/3201/1543 8017/3200/1017
f 8017/3200/1017 8018/3201/1543 8019/3202/1543
f 8020/3203/174 8022/3205/1531 8021/3204/174
f 8021/3204/174 8022/3205/1531 8023/3206/1531
f 8023/3206/1531 8022/3205/1531 8024/3035/1490
f 8022/3205/1531 8025/3034/1490 8024/3035/1490
f 8026/3224/2 8027/3216/2 8028/3223/2
f 8028/3223/2 8027/3216/2 8029/3222/2
f 8029/3222/2 8027/3216/2 8030/3221/2
f 8030/3221/2 8027/3216/2 8031/3220/2
f 8031/3220/2 8027/3216/2 8032/3219/2
f 8032/3219/2 8027/3216/2 8033/3218/2
f 8033/3218/2 8027/3216/2 8034/3217/2
f 8034/3217/2 8027/3216/2 8035/3215/2
f 8027/3216/2 8036/3208/2 8035/3215/2
f 8035/3215/2 8036/3208/2 8037/3214/2
f 8037/3214/2 8036/3208/2 8038/3213/2
f 8038/3213/2 8036/3208/2 8039/3212/2
f 8039/3212/2 8036/3208/2 8040/3211/2
f 8040/3211/2 8036/3208/2 8041/3210/2
f 8041/3210/2 8036/3208/2 8042/3209/2
f 8036/3208/2 8043/3207/2 8042/3209/2
f 8044/3225/2 8045/3227/2 8046/3226/2
f 8046/3226/2 8045/3227/2 8047/3228/2
f 8047/3228/2 8045/3227/2 8048/3229/2
f 8048/3229/2 8045/3227/2 8049/3230/2
f 8049/3230/2 8045/3227/2 8050/3231/2
f 8050/3231/2 8045/3227/2 8051/3232/2
f 8051/3232/2 8045/3227/2 8052/3233/2
f 8052/3233/2 8045/3227/2 8053/3234/2
f 8045/3227/2 8054/3235/2 8053/3234/2
f 8053/3234/2 8054/3235/2 8055/3236/2
f 8055/3236/2 8054/3235/2 8056/3237/2
f 8056/3237/2 8054/3235/2 8057/3238/2
f 8057/3238/2 8054/3235/2 8058/3239/2
f 8058/3239/2 8054/3235/2 8059/3240/2
f 8059/3240/2 8054/3235/2 8060/3241/2
f 8054/3235/2 8061/3242/2 8060/3241/2
f 8062/3243/2 8063/3245/2 8064/3244/2
f 8064/3244/2 8063/3245/2 8065/3246/2
f 8065/3246/2 8063/3245/2 8066/3247/2
f 8066/3247/2 8063/3245/2 8067/3248/2
f 8067/3248/2 8063/3245/2 8068/3249/2
f 8068/3249/2 8063/3245/2 8069/3250/2
f 8063/3245/2 8070/3251/2 8069/3250/2
f 8069/3250/2 8070/3251/2 8071/3252/2
f 8071/3252/2 8070/3251/2 8072/3253/2
f 8072/3253/2 8070/3251/2 8073/3254/2
f 8073/3254/2 8070/3251/2 8074/3255/2
f 8070/3251/2 8075/3256/2 8074/3255/2
