# Blender 5.0.1
# www.blender.org
mtllib vandal.mtl.mtl
o vandal
v -0.007644 0.121652 0.279380
v -0.007644 0.091846 0.279380
v -0.005852 0.121652 0.279380
v -0.005852 0.091846 0.279380
v 0.004994 0.120896 0.231146
v 0.004994 0.122809 0.230343
v 0.004994 0.120896 0.221896
v 0.004994 0.122809 0.222701
v -0.002601 0.052079 0.082498
v -0.002601 0.048380 0.082498
v 0.004510 0.052079 0.082498
v 0.004510 0.048380 0.082498
v -0.002601 0.044489 0.077345
v 0.004510 0.044489 0.077345
v 0.004510 0.040244 0.075259
v -0.002601 0.040244 0.075259
v 0.004510 0.034768 0.075963
v -0.002601 0.034768 0.075963
v -0.002601 0.029888 0.078979
v 0.004510 0.029888 0.078979
v -0.002601 0.025860 0.083303
v 0.004510 0.025860 0.083303
v -0.009993 0.089997 0.202543
v -0.016508 0.089997 0.203422
v -0.009993 0.099894 0.202543
v -0.016508 0.099894 0.203422
v -0.021569 0.099894 0.202417
v -0.021569 0.089997 0.202417
v -0.026992 0.099894 0.200055
v -0.026992 0.089997 0.200055
v -0.031749 0.099894 0.201035
v -0.031749 0.089997 0.201035
v -0.035565 0.089997 0.204604
v -0.035565 0.099894 0.204604
v -0.037067 0.099894 0.209681
v -0.002601 0.025860 0.083303
v -0.002601 0.029888 0.078979
v -0.002601 0.022523 0.081216
v -0.002601 0.026439 0.073525
v -0.002601 0.032573 0.069126
v -0.002601 0.034768 0.075963
v -0.002601 0.040244 0.075259
v -0.002601 0.040485 0.065883
v -0.002601 0.044489 0.077345
v -0.002601 0.044207 0.061159
v -0.002601 0.048380 0.058243
v -0.002601 0.048380 0.082498
v -0.002601 0.052079 0.082498
v -0.002601 0.052079 0.058243
v 0.008221 0.047078 0.049646
v 0.008221 0.047078 0.095241
v -0.006313 0.047078 0.049646
v -0.006313 0.047078 0.095241
v -0.006313 0.051572 0.129023
v -0.006313 0.047078 0.129023
v 0.008221 0.051572 0.129023
v 0.008221 0.047078 0.129023
v 0.008221 0.043202 0.126283
v -0.006313 0.043202 0.126283
v -0.006313 0.026101 0.126283
v 0.008222 0.026101 0.126283
v -0.006313 0.023367 0.123971
v 0.008222 0.023367 0.123971
v 0.008222 0.015415 0.110398
v -0.006313 0.015415 0.110398
v -0.006313 0.014740 0.107809
v 0.008222 0.014740 0.107809
v -0.006313 0.014740 0.097277
v 0.008222 0.014740 0.097277
v 0.008221 0.014740 0.064326
v -0.007644 0.125928 0.264049
v -0.007644 0.125631 0.262515
v -0.007644 0.125631 0.265556
v -0.007644 0.124586 0.260680
v -0.007644 0.124586 0.267391
v -0.007644 0.123115 0.259700
v -0.007644 0.123115 0.268397
v -0.007644 0.091846 0.279380
v -0.007644 0.121652 0.279380
v -0.007644 0.116104 0.248038
v -0.007644 0.116104 0.230845
v -0.007644 0.114415 0.228558
v -0.007644 0.091846 0.216166
v -0.007644 0.113763 0.226270
v -0.007644 0.114415 0.223983
v -0.007644 0.116104 0.221696
v -0.007644 0.116104 0.216166
v -0.006313 0.047078 0.049646
v -0.006313 0.047078 0.095241
v -0.006313 0.051572 0.049646
v -0.006313 0.051572 0.129023
v -0.006313 0.047078 0.129023
v -0.006313 0.043202 0.126283
v -0.006313 0.043202 0.103787
v -0.006313 0.039384 0.106980
v -0.006313 0.026101 0.126283
v -0.006313 0.032702 0.108036
v -0.006313 0.023367 0.123971
v -0.006313 0.015415 0.110398
v -0.006313 0.026816 0.106200
v -0.006313 0.014740 0.107809
v -0.006313 0.022700 0.101123
v -0.006313 0.020223 0.096121
v -0.006313 0.014740 0.097277
v -0.006313 0.014740 0.064326
v 0.000954 0.073305 0.584997
v 0.000954 0.072967 0.589697
v 0.003056 0.073989 0.584997
v 0.003255 0.073715 0.589697
v 0.004677 0.075677 0.589697
v 0.004356 0.075782 0.584997
v 0.004356 0.077993 0.584997
v 0.004677 0.078097 0.589697
v 0.003056 0.079778 0.584997
v 0.003255 0.080051 0.589697
v 0.000954 0.080461 0.584997
v 0.015344 0.119545 0.278250
v -0.011741 0.119545 0.278250
v 0.015344 0.116272 0.276892
v -0.011741 0.116272 0.276892
v -0.011741 0.114922 0.273625
v 0.000954 0.068875 0.589697
v 0.000954 0.068875 0.585827
v 0.005665 0.070403 0.589697
v 0.005665 0.070403 0.585827
v 0.008574 0.074407 0.585827
v 0.004953 0.071384 0.584369
v 0.007426 0.074784 0.584369
v 0.007426 0.074784 0.582384
v 0.007426 0.078989 0.584369
v 0.007426 0.078989 0.582384
v 0.004953 0.082391 0.582384
v 0.009306 0.079601 0.581177
v 0.006117 0.083991 0.581177
v 0.006117 0.083991 0.392941
v 0.000954 0.085671 0.581177
v 0.000954 0.085671 0.392941
v 0.000954 0.070081 0.584369
v 0.000954 0.070081 0.582384
v 0.004953 0.071384 0.582384
v 0.006117 0.069776 0.581177
v 0.009306 0.074173 0.581177
v 0.009306 0.079601 0.392941
v 0.009306 0.074173 0.392941
v 0.006117 0.069776 0.392941
v 0.000954 0.068103 0.581177
v 0.000954 0.068103 0.392941
v 0.008574 0.074407 0.589697
v 0.008574 0.079360 0.585827
v 0.008574 0.079360 0.589697
v 0.005665 0.083372 0.589697
v 0.004953 0.082391 0.584369
v 0.000954 0.083693 0.582384
v 0.000954 0.083693 0.584369
v 0.000954 0.084899 0.585827
v 0.005665 0.083372 0.585827
v 0.000954 0.084899 0.589697
v -0.016325 0.079311 0.036978
v -0.016325 0.073586 0.036978
v -0.016325 0.083074 0.040171
v -0.016325 0.068199 0.040171
v -0.016325 0.084995 0.044242
v -0.016325 0.065377 0.044242
v -0.016325 0.085430 0.050099
v -0.016325 0.082689 0.061460
v -0.016325 0.065377 0.126912
v -0.016325 0.089965 0.075360
v -0.016325 0.067187 0.129576
v -0.016325 0.074640 0.136689
v -0.013823 0.073586 0.036978
v -0.016325 0.073586 0.036978
v -0.013823 0.079311 0.036978
v -0.016325 0.079311 0.036978
v -0.016325 0.083074 0.040171
v -0.013823 0.083074 0.040171
v -0.016325 0.084995 0.044242
v -0.013823 0.084995 0.044242
v -0.013823 0.085430 0.050099
v -0.016325 0.085430 0.050099
v -0.013823 0.082689 0.061460
v 0.000954 0.080461 0.584997
v 0.000954 0.080799 0.589697
v -0.001148 0.079778 0.584997
v -0.001349 0.080051 0.589697
v -0.002771 0.078097 0.589697
v -0.002447 0.077993 0.584997
v -0.002447 0.075782 0.584997
v -0.002771 0.075677 0.589697
v -0.001148 0.073989 0.584997
v -0.001349 0.073715 0.589697
v 0.000954 0.073305 0.584997
v 0.000954 0.085671 0.392941
v -0.004209 0.083991 0.392941
v 0.000954 0.085671 0.581177
v -0.004209 0.083991 0.581177
v -0.003047 0.082391 0.582384
v -0.007400 0.079601 0.581177
v -0.005517 0.078989 0.582384
v -0.005517 0.074784 0.582384
v -0.005517 0.074784 0.584369
v -0.003047 0.071384 0.582384
v -0.003047 0.071384 0.584369
v 0.000954 0.070081 0.584369
v -0.003757 0.070403 0.585827
v 0.000954 0.068875 0.585827
v -0.003757 0.070403 0.589697
v 0.000954 0.068875 0.589697
v -0.004209 0.069776 0.581177
v -0.007400 0.074173 0.581177
v -0.007400 0.074173 0.392941
v -0.007400 0.079601 0.392941
v 0.000954 0.070081 0.582384
v 0.000954 0.068103 0.581177
v -0.004209 0.069776 0.392941
v 0.000954 0.068103 0.392941
v 0.000143 0.128919 0.567453
v 0.000143 0.128919 0.565844
v 0.000143 0.125574 0.567453
v 0.000143 0.125574 0.565844
v -0.000280 0.124867 0.567880
v -0.000280 0.124867 0.565417
v -0.000542 0.120389 0.568157
v -0.000542 0.120389 0.565166
v -0.001412 0.088019 0.574893
v -0.001412 0.085285 0.574893
v -0.001412 0.088019 0.579241
v -0.001412 0.085285 0.579241
v 0.000954 0.083918 0.579241
v 0.000954 0.083918 0.574893
v 0.003319 0.085285 0.574893
v 0.003319 0.085285 0.579241
v 0.003319 0.088019 0.579241
v 0.003319 0.088019 0.574893
v 0.000954 0.089386 0.574893
v 0.000954 0.089386 0.579241
v -0.001412 0.088019 0.579241
v 0.000954 0.083693 0.582384
v 0.000954 0.083693 0.584369
v -0.003047 0.082391 0.584369
v -0.005517 0.078989 0.584369
v -0.006668 0.079360 0.585827
v -0.006668 0.074407 0.585827
v -0.006668 0.074407 0.589697
v -0.006668 0.079360 0.589697
v -0.003757 0.083372 0.589697
v -0.003757 0.083372 0.585827
v 0.000954 0.084899 0.585827
v 0.000954 0.084899 0.589697
v -0.007891 0.049924 0.130179
v 0.013267 0.049924 0.130179
v -0.007071 0.051050 0.130732
v 0.012941 0.051050 0.130732
v 0.015344 0.119545 0.278250
v 0.015344 0.122809 0.276892
v -0.011741 0.119545 0.278250
v -0.011741 0.122809 0.276892
v 0.015344 0.124168 0.273625
v -0.011741 0.124168 0.273625
v 0.005136 0.070556 0.574792
v -0.003227 0.070556 0.574792
v 0.005136 0.059999 0.574792
v -0.003227 0.059999 0.574792
v 0.005136 0.059999 0.562276
v -0.003227 0.059999 0.562276
v 0.005136 0.070556 0.552624
v -0.003227 0.070556 0.552624
v -0.003227 0.059999 0.574792
v -0.003227 0.059999 0.562276
v 0.005136 0.059999 0.574792
v 0.005136 0.059999 0.562276
v -0.003227 0.059999 0.562276
v -0.003227 0.059999 0.574792
v -0.003227 0.070556 0.552624
v -0.003227 0.070556 0.574792
v 0.005136 0.059999 0.574792
v 0.005136 0.059999 0.562276
v 0.005136 0.070556 0.574792
v 0.005136 0.070556 0.552624
v -0.003786 0.084039 0.398646
v 0.005692 0.084039 0.398646
v -0.003786 0.094057 0.398646
v 0.005692 0.094057 0.398646
v -0.003786 0.084039 0.390578
v -0.003786 0.084039 0.398646
v -0.003786 0.094057 0.390578
v -0.003786 0.094057 0.398646
v 0.005692 0.084039 0.398646
v 0.005692 0.084039 0.390578
v 0.005692 0.094057 0.398646
v 0.005692 0.094057 0.390578
v 0.000954 0.091991 0.453114
v -0.002086 0.092770 0.451807
v 0.000954 0.091991 0.393092
v -0.006526 0.095086 0.393092
v -0.006526 0.095086 0.477168
v -0.009625 0.102572 0.471287
v -0.009625 0.102572 0.393092
v -0.006526 0.110049 0.467517
v -0.006526 0.110049 0.393092
v 0.000954 0.113144 0.393092
v -0.002086 0.092770 0.479506
v -0.002086 0.089168 0.486619
v -0.002086 0.089225 0.457689
v -0.002086 0.084521 0.458995
v -0.002086 0.084521 0.498156
v -0.001412 0.088019 0.579241
v -0.001412 0.085285 0.579241
v 0.000954 0.089386 0.579241
v 0.000954 0.083918 0.579241
v 0.003319 0.085285 0.579241
v 0.003994 0.084521 0.498156
v 0.003994 0.084521 0.458995
v 0.003994 0.089168 0.486619
v 0.003994 0.089225 0.457689
v 0.003994 0.092770 0.479506
v 0.003994 0.092770 0.451807
v 0.008434 0.095086 0.477168
v 0.008434 0.095086 0.393092
v 0.011533 0.102572 0.393092
v 0.011533 0.102572 0.471287
v 0.008434 0.110049 0.393092
v 0.008434 0.110049 0.467517
v 0.000954 0.113144 0.393092
v 0.000954 0.113144 0.465832
v 0.000954 0.091991 0.453114
v 0.000954 0.091991 0.393092
v 0.009053 0.057346 0.131813
v 0.004214 0.054547 0.131813
v 0.009053 0.062933 0.131813
v 0.004214 0.065723 0.131813
v -0.000628 0.062933 0.131813
v -0.000628 0.057346 0.131813
v -0.002086 0.092770 0.451807
v 0.000954 0.091991 0.453114
v -0.002086 0.089225 0.457689
v 0.003994 0.089225 0.457689
v -0.002086 0.084521 0.458995
v 0.003994 0.084521 0.458995
v 0.000954 0.113144 0.465832
v -0.006526 0.110049 0.467517
v 0.008434 0.110049 0.467517
v -0.009625 0.102572 0.471287
v 0.011533 0.102572 0.471287
v 0.008434 0.095086 0.477168
v -0.006526 0.095086 0.477168
v 0.003994 0.092770 0.479506
v -0.002086 0.092770 0.479506
v -0.002086 0.089168 0.486619
v 0.003994 0.089168 0.486619
v 0.003994 0.084521 0.498156
v -0.002086 0.084521 0.498156
v 0.000954 0.084521 0.498181
v 0.004214 0.054547 0.131813
v 0.009053 0.057346 0.131813
v 0.004214 0.054547 0.161799
v 0.009053 0.057346 0.161799
v 0.007451 0.058270 0.165821
v 0.007451 0.062009 0.165821
v 0.007451 0.058270 0.178338
v 0.007451 0.062009 0.178338
v 0.004214 0.060135 0.186783
v 0.004214 0.063874 0.178338
v 0.004214 0.063874 0.165821
v 0.009053 0.062933 0.161799
v 0.009053 0.062933 0.131813
v 0.004214 0.065723 0.131813
v 0.004214 0.065723 0.161799
v -0.001833 0.062427 0.131813
v 0.003009 0.065225 0.131813
v -0.001833 0.062427 0.161799
v 0.003009 0.065225 0.161799
v 0.001407 0.066149 0.165821
v 0.001407 0.069888 0.165821
v 0.001407 0.066149 0.178338
v 0.001407 0.069888 0.178338
v -0.001833 0.068015 0.186783
v -0.001833 0.071761 0.178338
v -0.001833 0.071761 0.165821
v 0.003009 0.070813 0.161799
v 0.003009 0.070813 0.131813
v -0.001833 0.073611 0.131813
v -0.001833 0.073611 0.161799
v 0.004214 0.054547 0.131813
v 0.004214 0.054547 0.161799
v -0.000628 0.057346 0.131813
v -0.000628 0.057346 0.161799
v -0.000628 0.062933 0.161799
v 0.000974 0.062009 0.165821
v 0.004214 0.065723 0.161799
v 0.004214 0.063874 0.165821
v 0.004214 0.063874 0.178338
v 0.000974 0.062009 0.178338
v 0.004214 0.060135 0.186783
v 0.000974 0.058270 0.178338
v 0.004214 0.056397 0.178338
v 0.000974 0.058270 0.165821
v 0.004214 0.056397 0.165821
v -0.013967 0.087601 0.236123
v -0.010441 0.087601 0.236123
v -0.013967 0.087601 0.024687
v -0.010441 0.087601 0.024687
v 0.003009 0.065225 0.131813
v -0.001833 0.062427 0.131813
v 0.003009 0.070813 0.131813
v -0.001833 0.073611 0.131813
v -0.006673 0.070813 0.131813
v -0.006673 0.065225 0.131813
v 0.004214 0.056397 0.165821
v 0.004214 0.056397 0.178338
v 0.004214 0.065723 0.131813
v -0.000628 0.062933 0.131813
v -0.001833 0.062427 0.131813
v -0.001833 0.062427 0.161799
v -0.006673 0.065225 0.131813
v -0.006673 0.065225 0.161799
v -0.006673 0.070813 0.161799
v -0.005072 0.069888 0.165821
v -0.001833 0.073611 0.161799
v -0.001833 0.071761 0.165821
v -0.001833 0.071761 0.178338
v -0.005072 0.069888 0.178338
v -0.001833 0.068015 0.186783
v -0.005072 0.066149 0.178338
v -0.001833 0.064276 0.178338
v -0.005072 0.066149 0.165821
v -0.001833 0.064276 0.165821
v -0.001833 0.064276 0.165821
v -0.001833 0.064276 0.178338
v 0.012677 0.113064 0.238058
v 0.012677 0.113064 0.267291
v 0.012677 0.107830 0.230770
v 0.012677 0.090808 0.279758
v 0.012677 0.090808 0.215613
v 0.012677 0.121297 0.279758
v 0.012677 0.121297 0.267291
v 0.012677 0.123701 0.268597
v 0.012677 0.123701 0.278450
v 0.012677 0.125446 0.276264
v 0.012677 0.125446 0.270759
v 0.012677 0.126114 0.273524
v 0.000954 0.060119 0.392966
v 0.004221 0.062009 0.392966
v 0.000954 0.060119 0.567177
v 0.004221 0.062009 0.567177
v 0.004221 0.065779 0.567177
v 0.004221 0.065779 0.392966
v 0.000954 0.067669 0.392966
v 0.009399 0.105868 0.215613
v 0.000954 0.105868 0.215613
v 0.009399 0.105868 0.279758
v 0.000954 0.105868 0.279758
v -0.007493 0.105868 0.215613
v -0.007493 0.105868 0.279758
v 0.009550 0.121652 0.279380
v 0.007758 0.121652 0.279380
v 0.009550 0.091846 0.279380
v 0.007758 0.091846 0.279380
v -0.006673 0.070813 0.131813
v -0.001833 0.073611 0.131813
v 0.012677 0.113064 0.267291
v 0.012677 0.113064 0.238058
v 0.009399 0.113064 0.267291
v 0.009399 0.113064 0.238058
v 0.009399 0.107830 0.230770
v 0.012677 0.107830 0.230770
v 0.012677 0.107830 0.215613
v 0.012677 0.113064 0.267291
v 0.009399 0.113064 0.267291
v 0.012677 0.121297 0.267291
v 0.009399 0.121297 0.267291
v 0.012677 0.123701 0.268597
v 0.009399 0.123701 0.268597
v 0.012677 0.125446 0.270759
v 0.009399 0.125446 0.270759
v 0.012677 0.126114 0.273524
v 0.009399 0.126114 0.273524
v 0.009399 0.125446 0.276264
v 0.012677 0.125446 0.276264
v 0.009399 0.123701 0.278450
v 0.012677 0.123701 0.278450
v 0.012677 0.121297 0.279758
v 0.009399 0.121297 0.279758
v 0.009399 0.105868 0.279758
v 0.012677 0.090808 0.279758
v 0.000954 0.105868 0.279758
v 0.000954 0.090808 0.279758
v -0.007493 0.105868 0.279758
v -0.010771 0.090808 0.279758
v -0.010771 0.121297 0.279758
v -0.007493 0.121297 0.279758
v -0.007493 0.123701 0.278450
v -0.010771 0.123701 0.278450
v -0.007493 0.125446 0.276264
v -0.010771 0.125446 0.276264
v -0.007493 0.126114 0.273524
v -0.010771 0.126114 0.273524
v -0.010771 0.125446 0.270759
v -0.007493 0.125446 0.270759
v -0.007493 0.123701 0.268597
v -0.010771 0.123701 0.268597
v -0.010771 0.121297 0.267291
v -0.007493 0.121297 0.267291
v -0.007493 0.113064 0.267291
v -0.010771 0.113064 0.267291
v 0.000954 0.076843 -0.079749
v -0.004492 0.077100 -0.078040
v 0.006399 0.077100 -0.078040
v 0.009350 0.077414 -0.075953
v -0.007441 0.077414 -0.075953
v 0.011757 0.077728 -0.073867
v -0.009848 0.077728 -0.073867
v 0.013138 0.078145 -0.071052
v -0.011230 0.078145 -0.071052
v -0.012079 0.078563 -0.068262
v 0.013988 0.078563 -0.068262
v 0.013988 0.082310 -0.043152
v -0.012079 0.082310 -0.043152
v -0.012285 0.082608 -0.041166
v 0.014264 0.082608 -0.041166
v 0.015075 0.082889 -0.039307
v -0.012358 0.082608 -0.041166
v -0.013167 0.082889 -0.039307
v -0.013861 0.083991 -0.032092
v 0.015767 0.083991 -0.032092
v 0.016047 0.084401 -0.029177
v 0.016461 0.084401 -0.028775
v 0.022453 0.084352 -0.027543
v 0.019526 0.083991 -0.032092
v 0.025322 0.084376 -0.023295
v 0.016461 0.084401 -0.020028
v 0.028457 0.084401 -0.016182
v 0.029859 0.084401 -0.010426
v 0.016461 0.084401 0.020942
v 0.029859 0.084401 0.025441
v 0.014827 0.084401 0.022727
v 0.000954 0.084401 0.025441
v 0.029859 0.083186 0.029086
v 0.000954 0.083186 0.029086
v 0.000954 0.080550 0.031851
v 0.029859 0.080550 0.031851
v 0.000954 0.049812 0.050979
v 0.029859 0.049812 0.050979
v 0.027745 0.047793 0.052160
v 0.027745 0.047793 0.052160
v 0.000954 0.047793 0.052160
v 0.027745 0.045743 0.049420
v 0.000954 0.045743 0.049420
v -0.025839 0.045743 0.049420
v -0.025839 0.047793 0.052160
v 0.005063 0.044755 0.130330
v 0.011676 0.044755 0.130607
v 0.005063 0.044755 0.129525
v 0.011676 0.044755 0.127037
v -0.003156 0.044755 0.129525
v -0.009769 0.044755 0.127037
v -0.009769 0.044755 0.130607
v -0.025839 0.045743 0.049420
v -0.027952 0.047754 0.048239
v 0.000954 0.045743 0.049420
v 0.000954 0.078225 0.029287
v -0.027952 0.078225 0.029287
v 0.000954 0.080284 0.027176
v -0.027952 0.080284 0.027176
v -0.027952 0.081104 0.025215
v 0.000954 0.081104 0.025215
v -0.027952 0.081088 -0.010426
v 0.000954 0.081104 -0.027418
v -0.026549 0.081088 -0.016182
v -0.023382 0.081096 -0.023270
v -0.020568 0.081104 -0.027367
v -0.017600 0.080903 -0.031715
v 0.000954 0.080887 -0.031691
v -0.013183 0.079866 -0.038879
v 0.000954 0.079866 -0.038854
v -0.012362 0.079576 -0.040714
v 0.009399 0.107830 0.215613
v 0.009399 0.105868 0.215613
v 0.009399 0.107830 0.230770
v 0.009399 0.105868 0.279758
v 0.009399 0.113064 0.238058
v 0.009399 0.113064 0.267291
v 0.009399 0.121297 0.267291
v 0.009399 0.121297 0.279758
v 0.009399 0.123701 0.278450
v 0.009399 0.123701 0.268597
v 0.009399 0.125446 0.276264
v 0.009399 0.125446 0.270759
v 0.009399 0.126114 0.273524
v 0.009399 0.107830 0.215613
v 0.012677 0.107830 0.215613
v 0.009399 0.105868 0.215613
v 0.012677 0.090808 0.215613
v 0.000954 0.105868 0.215613
v 0.000954 0.090808 0.215613
v -0.007493 0.105868 0.215613
v -0.010771 0.090808 0.215613
v -0.010771 0.107830 0.215613
v -0.010771 0.107830 0.215613
v -0.010771 0.090808 0.215613
v -0.010771 0.107830 0.230770
v -0.010771 0.090808 0.279758
v -0.010771 0.113064 0.267291
v -0.010771 0.121297 0.279758
v -0.010771 0.121297 0.267291
v -0.010771 0.123701 0.268597
v -0.010771 0.123701 0.278450
v -0.010771 0.125446 0.270759
v -0.010771 0.125446 0.276264
v -0.010771 0.126114 0.273524
v -0.003156 0.044755 0.129525
v -0.003156 0.050897 0.129525
v 0.005063 0.044755 0.129525
v 0.005063 0.050897 0.129525
v -0.003156 0.057772 0.130330
v 0.005063 0.057772 0.130330
v 0.005313 0.068328 0.187110
v 0.008380 0.068328 0.187110
v 0.005310 0.064807 0.187110
v 0.008380 0.054732 0.186809
v -0.006474 0.054732 0.186809
v -0.003401 0.064807 0.187110
v -0.006474 0.068328 0.187110
v -0.003404 0.068328 0.187110
v 0.005310 0.064807 0.187110
v 0.005310 0.064807 0.190126
v 0.005313 0.068328 0.187110
v 0.005310 0.068328 0.190126
v -0.010778 0.113571 0.226521
v 0.012686 0.113571 0.226521
v -0.010778 0.115155 0.230343
v 0.012686 0.115155 0.230343
v 0.007863 0.117068 0.231146
v 0.012686 0.118981 0.231926
v 0.007863 0.118981 0.231926
v 0.007863 0.120896 0.231146
v 0.012686 0.122809 0.230343
v 0.004994 0.122809 0.230343
v 0.004994 0.120896 0.231146
v 0.004994 0.124393 0.226521
v 0.012686 0.124393 0.226521
v 0.011676 -0.122137 0.238410
v 0.011676 -0.069915 0.270684
v -0.009769 -0.122137 0.238410
v -0.009769 -0.069915 0.270684
v -0.005954 0.117068 0.231146
v -0.010778 0.118981 0.231926
v -0.005954 0.118981 0.231926
v -0.005954 0.120896 0.231146
v -0.010778 0.122809 0.230343
v -0.003085 0.120896 0.231146
v -0.003085 0.122809 0.230343
v -0.010778 0.124393 0.226521
v -0.003085 0.124393 0.226521
v 0.011676 0.068328 0.190126
v 0.011676 0.044771 0.190126
v 0.011676 0.068320 0.177533
v 0.011676 0.068240 0.130330
v 0.009890 0.071649 0.174517
v 0.009887 0.071641 0.130330
v 0.007042 0.073828 0.172758
v 0.007042 0.073820 0.130330
v 0.011676 0.044755 0.130607
v 0.011676 0.038820 0.184496
v 0.011676 0.038812 0.133497
v 0.013837 0.036175 0.182083
v 0.013837 0.036200 0.136690
v 0.013837 0.014539 0.141188
v 0.011676 0.013301 0.138097
v 0.011676 -0.010088 0.147246
v 0.011676 -0.012202 0.141766
v 0.011676 -0.038405 0.155817
v 0.011676 0.044755 0.127037
v 0.011676 0.012754 0.132165
v -0.007717 0.096380 0.135935
v -0.016693 0.096380 0.135935
v -0.011925 0.096380 0.124449
v -0.021049 0.096380 0.125404
v -0.009993 0.089997 0.210838
v -0.018856 0.089997 0.210561
v -0.009993 0.089997 0.202543
v -0.016508 0.089997 0.203422
v -0.021569 0.089997 0.202417
v -0.023683 0.089997 0.207218
v -0.026992 0.089997 0.200055
v -0.026707 0.089997 0.206087
v -0.030023 0.089997 0.206011
v -0.031749 0.089997 0.201035
v -0.035565 0.089997 0.204604
v -0.032943 0.089997 0.207419
v -0.035633 0.089997 0.210008
v -0.037067 0.089997 0.209681
v -0.007500 0.101084 0.121709
v -0.013748 0.101261 0.124449
v -0.009706 0.104734 0.118391
v -0.014604 0.105273 0.120552
v -0.008119 0.109301 0.125630
v -0.015933 0.109012 0.128395
v -0.013390 0.112107 0.132114
v -0.023027 0.108537 0.128646
v -0.024561 0.110595 0.134779
v -0.024313 0.103963 0.127213
v -0.026323 0.102781 0.134653
v -0.023142 0.096380 0.128746
v -0.016693 0.096380 0.135935
v -0.016695 0.102138 0.139228
v -0.021960 0.110371 0.143878
v -0.021073 0.116570 0.140434
v -0.009208 0.115340 0.136513
v -0.007948 0.109253 0.132241
v -0.001618 0.114206 0.129299
v -0.003309 0.109511 0.124549
v -0.005293 0.109760 0.118868
v 0.001049 0.110395 0.122287
v 0.001049 0.110580 0.126484
v 0.001049 0.112646 0.130204
v 0.003717 0.114206 0.129299
v 0.001049 0.115629 0.135810
v 0.004462 0.117969 0.135105
v 0.001049 0.119432 0.141892
v 0.009119 0.121016 0.143224
v 0.004354 0.124851 0.144531
v 0.007765 0.126982 0.144908
v 0.004722 0.128324 0.151921
v 0.010905 0.127810 0.149985
v 0.009472 0.128076 0.153580
v 0.014327 0.126162 0.151217
v 0.010082 0.125776 0.157552
v 0.018798 0.124506 0.155390
v 0.013278 0.126379 0.162628
v 0.019210 0.124200 0.162478
v 0.014358 0.125857 0.169516
v 0.017130 0.124875 0.172758
v 0.014544 0.125229 0.174970
v 0.017643 0.121120 0.178966
v 0.014139 0.123404 0.180776
v 0.016739 0.118692 0.186457
v 0.013167 0.121322 0.189221
v 0.013914 0.115758 0.195782
v 0.010433 0.120340 0.197114
v 0.005993 0.116738 0.201839
v 0.007781 0.123372 0.198421
v 0.001049 0.123300 0.200682
v 0.001049 0.124296 0.195806
v -0.006506 0.122689 0.198421
v -0.004066 0.123621 0.194022
v -0.008942 0.123284 0.188366
v -0.005581 0.126676 0.174970
v -0.012818 0.124441 0.177181
v -0.006654 0.127673 0.167304
v -0.011767 0.126322 0.170596
v -0.012242 0.126041 0.160643
v -0.014582 0.125213 0.172758
v -0.017690 0.123967 0.158934
v -0.018248 0.119368 0.166298
v -0.020317 0.118001 0.152223
v -0.018182 0.114898 0.156571
v -0.017003 0.109832 0.146517
v -0.021015 0.110226 0.162377
v -0.017715 0.107959 0.160869
v -0.019996 0.109977 0.172456
v -0.016976 0.107967 0.183340
v -0.016790 0.112204 0.180072
v -0.015366 0.115155 0.184823
v -0.017861 0.119537 0.175472
v -0.015082 0.119914 0.182510
v 0.004035 0.126475 0.158959
v 0.001049 0.125647 0.152272
v 0.001049 0.123436 0.144757
v -0.002256 0.124851 0.144531
v -0.007020 0.121016 0.143325
v -0.005667 0.126982 0.144908
v -0.009069 0.125808 0.144707
v -0.008806 0.127810 0.149985
v -0.014819 0.122744 0.143802
v -0.017778 0.123018 0.149457
v -0.017035 0.107967 0.144632
v -0.013874 0.119690 0.142093
v -0.002364 0.117969 0.135105
v -0.005133 0.073820 0.130330
v -0.005588 0.071641 0.131813
v -0.004615 0.072670 0.130330
v -0.003395 0.068344 0.131813
v -0.003395 0.068344 0.130330
v 0.000064 0.062724 0.130330
v 0.000064 0.062724 0.131813
v 0.000954 0.062266 0.131813
v 0.000954 0.062266 0.130330
v 0.001845 0.062724 0.131813
v 0.001845 0.062724 0.130330
v 0.005301 0.068344 0.131813
v 0.005301 0.068344 0.130330
v 0.007496 0.071641 0.131813
v 0.006522 0.072670 0.130330
v 0.007042 0.073820 0.130330
v 0.005063 0.044755 0.129525
v 0.005063 0.050897 0.129525
v 0.005063 0.044755 0.130330
v 0.005063 0.057772 0.130330
v -0.011925 0.115758 0.195028
v -0.003895 0.116738 0.201839
v -0.012086 0.111520 0.211340
v -0.006709 0.111938 0.210209
v -0.012529 0.108908 0.215362
v -0.005651 0.108755 0.219861
v -0.009037 0.107533 0.225114
v 0.001038 0.111288 0.210410
v 0.001049 0.113924 0.207721
v 0.001049 0.116071 0.203071
v 0.008895 0.112268 0.210184
v 0.014293 0.111593 0.209153
v 0.019517 0.107910 0.204428
v 0.019103 0.106504 0.214055
v 0.018547 0.100722 0.213275
v 0.019185 0.104646 0.223354
v 0.017996 0.099516 0.222551
v 0.018009 0.100514 0.229915
v 0.019716 0.099452 0.229815
v 0.020085 0.100063 0.236978
v 0.018900 0.096751 0.232931
v 0.017994 0.093615 0.244267
v 0.019202 0.093165 0.233207
v 0.018983 0.090696 0.245348
v 0.021545 0.089916 0.232428
v 0.020518 0.088220 0.246127
v 0.021669 0.083565 0.245674
v 0.018943 0.082278 0.250677
v 0.021334 0.077647 0.245122
v 0.018836 0.076618 0.249671
v 0.021118 0.073225 0.243789
v 0.018507 0.069036 0.245674
v 0.020968 0.069984 0.239592
v 0.017998 0.063424 0.239516
v 0.020971 0.066262 0.234464
v 0.018244 0.062226 0.237757
v 0.020819 0.064630 0.232956
v 0.016597 0.060441 0.235671
v 0.019332 0.061888 0.230594
v 0.015797 0.058841 0.228909
v 0.019490 0.061880 0.223556
v 0.016364 0.058865 0.223178
v 0.016219 0.058776 0.209380
v 0.020146 0.095810 0.213376
v 0.019972 0.101623 0.200507
v 0.019356 0.112630 0.191207
v 0.018041 0.114640 0.184898
v 0.024655 0.096967 0.190528
v 0.020713 0.104919 0.181957
v 0.019872 0.107726 0.180349
v 0.018889 0.113008 0.180173
v 0.019960 0.119537 0.175472
v 0.023079 0.112855 0.174693
v 0.020184 0.118958 0.169415
v 0.023572 0.114061 0.170697
v 0.023021 0.113716 0.165419
v 0.022239 0.111938 0.165695
v 0.021048 0.110862 0.161849
v 0.021568 0.109566 0.162252
v 0.020460 0.109334 0.157300
v 0.021065 0.107468 0.161246
v 0.024323 0.107629 0.160719
v 0.024698 0.106398 0.164062
v 0.025819 0.104968 0.163458
v 0.024759 0.105498 0.169365
v 0.026040 0.104147 0.169566
v 0.023771 0.105418 0.173235
v 0.024196 0.104405 0.174241
v 0.022514 0.111970 0.159939
v 0.020950 0.109832 0.155314
v 0.024031 0.106158 0.159135
v 0.025885 0.102354 0.163257
v 0.024958 0.101109 0.170018
v 0.024071 0.102170 0.174920
v 0.026719 0.095649 0.176905
v 0.030681 0.089892 0.177911
v 0.028719 0.088357 0.193042
v 0.027566 0.077599 0.187361
v 0.027573 0.079287 0.191986
v 0.027293 0.072043 0.190930
v 0.025535 0.077575 0.196586
v 0.024752 0.071890 0.194776
v 0.022934 0.072316 0.209631
v 0.021918 0.069647 0.209279
v 0.020469 0.068625 0.223832
v 0.021027 0.062467 0.209279
v 0.027381 0.095448 0.166323
v 0.029167 0.097780 0.152499
v 0.024452 0.104413 0.156873
v 0.023323 0.106061 0.151645
v 0.021547 0.108305 0.153781
v 0.027603 0.111207 0.150664
v 0.024668 0.116626 0.155138
v 0.021113 0.118250 0.164036
v 0.024662 0.119504 0.149332
v 0.018905 0.122255 0.148528
v 0.014343 0.124916 0.146442
v 0.011167 0.125808 0.144707
v -0.007116 0.127754 0.155566
v -0.002624 0.127970 0.151921
v -0.002568 0.126363 0.158959
v 0.001049 0.123950 0.166549
v 0.001049 0.122110 0.174040
v 0.006171 0.126049 0.174568
v 0.006165 0.123621 0.194022
v 0.009809 0.124079 0.188366
v 0.001049 0.125004 0.159285
v 0.007616 0.127786 0.167379
v 0.010986 0.127383 0.167831
v 0.010941 0.126330 0.177181
v 0.027476 0.114455 0.144581
v 0.021746 0.116007 0.138826
v 0.030899 0.109430 0.138599
v 0.024834 0.111022 0.133497
v 0.027940 0.104863 0.133974
v 0.026154 0.106077 0.126032
v 0.028844 0.102403 0.123418
v 0.026977 0.105265 0.122437
v 0.024678 0.106551 0.120352
v 0.022114 0.107243 0.121909
v 0.021881 0.112413 0.131762
v 0.017785 0.108642 0.122714
v 0.010045 0.109253 0.132241
v 0.011381 0.108763 0.122739
v 0.005306 0.110017 0.124951
v 0.021393 0.105699 0.117737
v 0.016703 0.105683 0.119874
v 0.011802 0.105450 0.118918
v 0.007392 0.106270 0.118868
v 0.015846 0.099991 0.123870
v 0.017874 0.100240 0.114948
v 0.018206 0.097144 0.115249
v 0.019228 0.103842 0.116229
v 0.011676 -0.069915 0.270684
v 0.011676 -0.058587 0.254975
v -0.009769 -0.069915 0.270684
v -0.009769 -0.058587 0.254975
v 0.011676 -0.045095 0.238511
v -0.009769 -0.045095 0.238511
v 0.011676 -0.028982 0.223380
v -0.009769 -0.028982 0.223380
v -0.009769 -0.011367 0.210184
v 0.011676 -0.011367 0.210184
v 0.011676 0.007287 0.199602
v -0.009769 0.007287 0.199602
v 0.011676 0.025361 0.193771
v -0.009769 0.025361 0.193771
v 0.011676 0.044771 0.190126
v -0.009769 0.044771 0.190126
v -0.003401 0.064807 0.190126
v -0.009769 0.068328 0.190126
v -0.003401 0.068328 0.190126
v 0.005310 0.064807 0.190126
v 0.011676 0.068328 0.190126
v 0.005310 0.068328 0.190126
v 0.008380 0.054732 0.186809
v 0.008694 0.053920 0.131813
v -0.006474 0.054732 0.186809
v -0.006786 0.053920 0.131813
v 0.013260 0.049924 0.190076
v -0.007902 0.049924 0.190076
v 0.012941 0.051050 0.189397
v -0.007071 0.051050 0.189397
v -0.035633 0.099894 0.210008
v -0.037067 0.099894 0.209681
v -0.035633 0.089997 0.210008
v -0.037067 0.089997 0.209681
v -0.007071 0.051050 0.130732
v 0.012941 0.051050 0.130732
v -0.007071 0.051050 0.189397
v 0.012941 0.051050 0.189397
v 0.015875 0.049924 0.236123
v 0.015875 0.061551 0.236123
v -0.013967 0.049924 0.236123
v -0.013967 0.087601 0.236123
v -0.010506 0.049924 0.047510
v -0.013967 0.049924 0.236123
v -0.013967 0.087601 0.024687
v -0.013967 0.087601 0.236123
v 0.015875 0.061551 0.236123
v 0.015875 0.049924 0.236123
v 0.015875 0.059886 0.041754
v 0.019334 0.049924 0.047510
v -0.016325 0.074640 0.136689
v -0.013823 0.074640 0.136689
v -0.016325 0.089965 0.075360
v -0.013823 0.089965 0.075360
v -0.013823 0.082689 0.061460
v -0.013823 0.074640 0.136689
v -0.016325 0.074640 0.136689
v -0.013823 0.066559 0.135232
v -0.016325 0.066559 0.135232
v -0.010771 0.113064 0.267291
v -0.007493 0.113064 0.267291
v -0.010771 0.113064 0.238058
v -0.007493 0.113064 0.238058
v -0.007493 0.107830 0.230770
v -0.010771 0.107830 0.230770
v -0.010771 0.107830 0.215613
v -0.009769 -0.122137 0.238410
v -0.009769 -0.105590 0.217046
v 0.011676 -0.122137 0.238410
v 0.011676 -0.105590 0.217046
v 0.011676 -0.087813 0.196888
v -0.009769 -0.087813 0.196888
v -0.009769 -0.063186 0.174040
v 0.011676 -0.063186 0.174040
v 0.011676 -0.038405 0.155817
v -0.009769 -0.038405 0.155817
v 0.011676 -0.012202 0.141766
v -0.009769 -0.012202 0.141766
v -0.009769 0.012754 0.132165
v 0.011676 0.012754 0.132165
v 0.011676 0.044755 0.127037
v -0.011671 0.096798 0.128043
v -0.006727 0.096798 0.128043
v -0.011736 0.087143 0.128093
v -0.006729 0.087143 0.128093
v -0.005041 0.111110 0.210561
v 0.005631 0.111135 0.210561
v -0.011026 0.104758 0.210561
v 0.011556 0.104783 0.210561
v 0.015751 0.051669 0.210586
v 0.007042 0.073828 0.172758
v 0.007465 0.071456 0.174744
v 0.009890 0.071649 0.174517
v 0.008694 0.068320 0.177533
v 0.011676 0.068320 0.177533
v 0.011676 0.068328 0.190126
v 0.008380 0.068328 0.187110
v 0.005313 0.068328 0.187110
v 0.005310 0.068328 0.190126
v -0.016325 0.073586 0.036978
v -0.013823 0.073586 0.036978
v -0.016325 0.068199 0.040171
v -0.013823 0.068199 0.040171
v -0.013823 0.065377 0.044242
v -0.016325 0.065377 0.044242
v -0.016325 0.065377 0.126912
v -0.013823 0.065377 0.126912
v -0.016325 0.067187 0.129576
v -0.013823 0.067187 0.129576
v -0.013823 0.066559 0.135232
v -0.016325 0.066559 0.135232
v -0.005852 0.121652 0.279380
v -0.005852 0.091846 0.279380
v -0.005852 0.123115 0.268397
v -0.005852 0.123115 0.259700
v -0.005852 0.124586 0.260680
v -0.005852 0.124586 0.267391
v -0.005852 0.125631 0.265556
v -0.005852 0.125631 0.262515
v -0.005852 0.125928 0.264049
v -0.007669 0.108851 0.211465
v -0.004017 0.108851 0.211465
v -0.007669 0.108851 0.128043
v -0.004017 0.108851 0.128043
v 0.009550 0.123115 0.268397
v 0.009550 0.124586 0.267391
v 0.007758 0.123115 0.268397
v 0.007758 0.124586 0.267391
v 0.007758 0.125631 0.265556
v 0.009550 0.125631 0.265556
v 0.009550 0.125928 0.264049
v 0.007758 0.125928 0.264049
v 0.007758 0.125631 0.262515
v 0.009550 0.125631 0.262515
v 0.009550 0.124586 0.260680
v 0.007758 0.124586 0.260680
v 0.007758 0.123115 0.259700
v -0.007493 0.126114 0.273524
v -0.007493 0.125446 0.276264
v -0.007493 0.125446 0.270759
v -0.007493 0.123701 0.278450
v -0.007493 0.123701 0.268597
v -0.007493 0.121297 0.279758
v -0.007493 0.121297 0.267291
v -0.007493 0.113064 0.267291
v -0.007493 0.105868 0.279758
v -0.007493 0.113064 0.238058
v -0.007493 0.107830 0.230770
v -0.007493 0.105868 0.215613
v -0.007493 0.107830 0.215613
v 0.004994 0.120896 0.221896
v 0.007863 0.120896 0.221896
v 0.004994 0.120896 0.231146
v 0.007863 0.120896 0.231146
v 0.007863 0.120896 0.221896
v 0.007863 0.118981 0.221117
v 0.007863 0.120896 0.231146
v 0.007863 0.118981 0.231926
v 0.007863 0.117068 0.221896
v 0.007863 0.117068 0.231146
v 0.009550 0.121652 0.279380
v 0.009550 0.123115 0.268397
v 0.007758 0.121652 0.279380
v 0.007758 0.123115 0.268397
v 0.007758 0.116104 0.216166
v 0.009550 0.116104 0.216166
v 0.007758 0.091846 0.216166
v 0.009550 0.091846 0.216166
v -0.006727 0.096798 0.128043
v -0.011671 0.096798 0.128043
v -0.004017 0.108851 0.128043
v -0.007669 0.108851 0.128043
v 0.000954 0.112694 0.022375
v 0.000954 0.111472 0.021395
v 0.003997 0.112694 0.022274
v 0.006994 0.111480 0.021395
v 0.000954 0.110145 0.020464
v 0.009250 0.110153 0.020464
v 0.000954 0.107798 0.018856
v 0.011436 0.107790 0.018831
v 0.000954 0.105506 0.017298
v 0.012967 0.105498 0.017298
v 0.000954 0.103022 0.015614
v 0.014171 0.103022 0.015614
v 0.000954 0.100545 0.013955
v 0.014845 0.100545 0.013955
v 0.000954 0.096397 0.011742
v 0.014965 0.096397 0.011742
v 0.014885 0.094033 0.010913
v 0.000954 0.094033 0.010913
v 0.014910 0.092208 0.010712
v 0.000954 0.092208 0.010712
v 0.014935 0.090390 0.011391
v 0.000954 0.090390 0.011391
v 0.000954 0.088542 0.013603
v 0.014982 0.088542 0.013603
v 0.014827 0.084401 0.022727
v -0.005852 0.123115 0.251480
v -0.005852 0.116104 0.248038
v -0.005852 0.116104 0.230845
v -0.005852 0.114415 0.228558
v -0.005852 0.091846 0.216166
v -0.005852 0.113763 0.226270
v -0.005852 0.114415 0.223983
v -0.005852 0.116104 0.221696
v 0.000954 0.112694 0.022375
v -0.002088 0.112694 0.022274
v 0.000954 0.111472 0.021395
v -0.005086 0.111480 0.021395
v 0.000954 0.110145 0.020464
v -0.007344 0.110153 0.020464
v 0.000954 0.107798 0.018856
v -0.009529 0.107790 0.018831
v 0.000954 0.105506 0.017298
v -0.011060 0.105498 0.017298
v 0.000954 0.103022 0.015614
v -0.012262 0.103022 0.015614
v 0.000954 0.100545 0.013955
v -0.012936 0.100545 0.013955
v 0.000954 0.096397 0.011742
v -0.013058 0.096397 0.011742
v -0.012979 0.094033 0.010913
v 0.000954 0.094033 0.010913
v 0.000954 0.092208 0.010712
v -0.013001 0.092208 0.010712
v 0.000954 0.090390 0.011391
v -0.013027 0.090390 0.011391
v 0.000954 0.088542 0.013603
v -0.013076 0.088542 0.013603
v -0.012918 0.084401 0.022727
v 0.000954 0.084401 0.022727
v -0.012918 0.084401 0.022727
v -0.013076 0.088542 0.013603
v -0.014555 0.084401 0.020942
v -0.014333 0.088188 0.012447
v -0.014552 0.089860 -0.009622
v -0.014546 0.091428 -0.004168
v -0.013027 0.090390 0.011391
v -0.014340 0.090238 0.010134
v -0.014543 0.092803 -0.001328
v -0.013001 0.092208 0.010712
v -0.014343 0.092151 0.009406
v -0.014541 0.094419 0.000935
v -0.014347 0.094073 0.009582
v -0.012979 0.094033 0.010913
v -0.014337 0.096525 0.010511
v -0.014539 0.097458 0.003776
v -0.014315 0.100891 0.006288
v -0.014109 0.100738 0.012824
v -0.013673 0.103311 0.008073
v -0.013443 0.103199 0.014482
v -0.012480 0.105723 0.009857
v -0.012233 0.105651 0.016142
v -0.010922 0.108031 0.011542
v -0.010644 0.107991 0.017725
v -0.008637 0.110612 0.013427
v -0.008270 0.110580 0.019510
v -0.006211 0.112091 0.014482
v -0.005802 0.112027 0.020565
v -0.002222 0.113498 0.015513
v -0.002106 0.113346 0.021546
v 0.000954 0.113844 0.015740
v 0.000954 0.113643 0.021772
v -0.013058 0.096397 0.011742
v -0.012936 0.100545 0.013955
v -0.012262 0.103022 0.015614
v -0.011060 0.105498 0.017298
v -0.009529 0.107790 0.018831
v -0.007344 0.110153 0.020464
v -0.005086 0.111480 0.021395
v -0.002088 0.112694 0.022274
v 0.000954 0.112694 0.022375
v 0.001906 0.125076 0.216417
v 0.001906 0.125076 0.219660
v 0.001906 0.126588 0.216417
v 0.001906 0.126588 0.218604
v 0.007758 0.123115 0.259700
v 0.009550 0.123115 0.259700
v 0.007758 0.123115 0.251480
v 0.009550 0.123115 0.251480
v 0.007758 0.116104 0.248038
v 0.009550 0.116104 0.248038
v 0.007758 0.116104 0.248038
v 0.009550 0.116104 0.248038
v 0.007758 0.116104 0.230845
v 0.009550 0.116104 0.230845
v 0.009550 0.114415 0.228558
v 0.007758 0.114415 0.228558
v 0.007758 0.113763 0.226270
v 0.009550 0.113763 0.226270
v 0.009550 0.114415 0.223983
v 0.007758 0.114415 0.223983
v 0.007758 0.116104 0.221696
v 0.009550 0.116104 0.221696
v 0.007758 0.116104 0.216166
v -0.014555 0.084401 -0.028775
v -0.014555 0.084401 -0.020028
v -0.014555 0.085036 -0.026965
v -0.014555 0.086925 -0.019324
v 0.007758 0.121652 0.279380
v 0.007758 0.123115 0.268397
v 0.007758 0.091846 0.279380
v 0.007758 0.123115 0.259700
v 0.007758 0.116104 0.248038
v 0.007758 0.123115 0.251480
v 0.007758 0.116104 0.230845
v 0.007758 0.114415 0.228558
v 0.007758 0.091846 0.216166
v 0.007758 0.113763 0.226270
v 0.007758 0.114415 0.223983
v 0.007758 0.116104 0.221696
v 0.007758 0.116104 0.216166
v 0.007758 0.125928 0.264049
v 0.007758 0.125631 0.262515
v 0.007758 0.125631 0.265556
v 0.007758 0.124586 0.260680
v 0.007758 0.124586 0.267391
v -0.005954 0.118981 0.221117
v -0.005954 0.117068 0.221896
v -0.010778 0.118981 0.221117
v -0.010778 0.115155 0.222701
v 0.012686 0.115155 0.222701
v 0.007863 0.117068 0.221896
v 0.012686 0.118981 0.221117
v 0.007863 0.118981 0.221117
v 0.000003 0.126588 0.216417
v 0.000003 0.126588 0.218604
v 0.000003 0.125076 0.216417
v 0.000003 0.125076 0.219660
v 0.014827 0.084401 0.022727
v 0.016461 0.084401 0.020942
v 0.014982 0.088542 0.013603
v 0.016240 0.088188 0.012447
v 0.014935 0.090390 0.011391
v 0.016246 0.090238 0.010134
v 0.014910 0.092208 0.010712
v 0.016250 0.092151 0.009406
v 0.016253 0.094073 0.009582
v 0.016447 0.094419 0.000935
v 0.016447 0.097458 0.003776
v 0.016452 0.092803 -0.001328
v 0.016455 0.091428 -0.004168
v 0.016459 0.089860 -0.009622
v 0.016461 0.084401 -0.020028
v 0.016461 0.086925 -0.019324
v 0.016461 0.085036 -0.026965
v -0.007948 0.076883 0.211817
v -0.007948 0.076883 0.205584
v -0.005366 0.070652 0.211817
v -0.005366 0.070652 0.205584
v 0.000866 0.068071 0.211817
v 0.000866 0.068071 0.205584
v 0.007098 0.070652 0.211817
v 0.007098 0.070652 0.205584
v 0.009679 0.076883 0.211817
v 0.009679 0.076883 0.205584
v 0.007098 0.083115 0.211817
v 0.007098 0.083115 0.205584
v 0.000866 0.085695 0.211817
v 0.000866 0.085695 0.205584
v -0.005366 0.083115 0.211817
v -0.005366 0.083115 0.205584
v -0.007948 0.076883 0.211817
v -0.007948 0.076883 0.205584
v 0.000954 0.112694 0.022375
v 0.003997 0.112694 0.022274
v 0.000954 0.113643 0.021772
v 0.004015 0.113346 0.021546
v 0.000954 0.113844 0.015740
v 0.004128 0.113498 0.015513
v 0.006994 0.111480 0.021395
v 0.007710 0.112027 0.020565
v 0.008120 0.112091 0.014482
v 0.009250 0.110153 0.020464
v 0.010177 0.110580 0.019510
v 0.010545 0.110612 0.013427
v 0.011436 0.107790 0.018831
v 0.012553 0.107991 0.017725
v 0.012829 0.108031 0.011542
v 0.012967 0.105498 0.017298
v 0.014142 0.105651 0.016142
v 0.014386 0.105723 0.009857
v 0.014171 0.103022 0.015614
v 0.015351 0.103199 0.014482
v 0.015579 0.103311 0.008073
v 0.014845 0.100545 0.013955
v 0.016018 0.100738 0.012824
v 0.016224 0.100891 0.006288
v 0.014965 0.096397 0.011742
v 0.016246 0.096525 0.010511
v 0.014885 0.094033 0.010913
v 0.009550 0.125928 0.264049
v 0.009550 0.125631 0.265556
v 0.009550 0.125631 0.262515
v 0.009550 0.124586 0.260680
v 0.009550 0.124586 0.267391
v 0.009550 0.123115 0.259700
v 0.009550 0.123115 0.268397
v 0.009550 0.091846 0.279380
v 0.009550 0.116104 0.248038
v 0.009550 0.116104 0.230845
v 0.009550 0.114415 0.228558
v 0.009550 0.091846 0.216166
v 0.009550 0.113763 0.226270
v 0.009550 0.114415 0.223983
v 0.009550 0.116104 0.221696
v 0.009550 0.116104 0.216166
v 0.015846 0.099991 0.123870
v 0.018147 0.095255 0.124574
v 0.015417 0.094781 0.130154
v 0.022652 0.094113 0.130179
v 0.016400 0.084642 0.129827
v 0.020919 0.084650 0.130154
v 0.020390 0.078073 0.129325
v 0.026771 0.077084 0.135483
v 0.026538 0.072429 0.132844
v 0.030824 0.072067 0.141540
v 0.028787 0.069864 0.141616
v 0.031863 0.070917 0.150790
v 0.029558 0.068144 0.150689
v 0.028421 0.068633 0.161422
v 0.028321 0.062965 0.159461
v 0.026961 0.063360 0.167706
v 0.025458 0.059781 0.167680
v 0.023102 0.061293 0.176428
v 0.022133 0.056211 0.167656
v 0.019266 0.057691 0.176704
v 0.016384 0.053518 0.177005
v 0.016362 0.055842 0.183616
v 0.025747 0.087931 0.134326
v 0.026016 0.084184 0.136413
v 0.031484 0.076031 0.142973
v 0.031586 0.073723 0.150639
v 0.030969 0.071632 0.162226
v 0.027971 0.068851 0.167128
v 0.026280 0.069503 0.174970
v 0.025625 0.065031 0.176050
v 0.024745 0.069550 0.186985
v 0.024216 0.065901 0.184672
v 0.023509 0.065932 0.187487
v 0.022641 0.063062 0.184269
v 0.022819 0.062378 0.188467
v 0.016481 0.058173 0.196586
v 0.023798 0.064855 0.189297
v 0.025028 0.067323 0.188366
v 0.026723 0.072380 0.187688
v 0.028197 0.075436 0.177484
v 0.029325 0.076288 0.172683
v 0.031317 0.091090 0.166675
v 0.031464 0.076135 0.168007
v 0.029779 0.077011 0.162855
v 0.030639 0.073700 0.167454
v 0.030100 0.071190 0.167278
v 0.028773 0.072227 0.175070
v 0.024773 0.066857 0.191056
v 0.023163 0.069478 0.193695
v 0.022568 0.062845 0.193419
v 0.023018 0.065884 0.191434
v 0.035824 0.087432 0.135408
v 0.036884 0.090728 0.135507
v 0.033706 0.087834 0.137619
v 0.035302 0.091830 0.137644
v 0.029074 0.090246 0.139202
v 0.031190 0.095215 0.142420
v 0.033475 0.093060 0.149030
v 0.028947 0.099894 0.147070
v 0.032187 0.083524 0.146618
v 0.027078 0.089040 0.136664
v 0.017544 0.077744 0.128370
v 0.022410 0.071938 0.126962
v 0.015794 0.071938 0.124273
v 0.021468 0.069438 0.127389
v 0.015740 0.069438 0.125278
v 0.021797 0.065168 0.129953
v 0.016468 0.060923 0.128922
v 0.020966 0.061422 0.130179
v 0.016249 0.055384 0.137016
v 0.022012 0.057417 0.139278
v 0.016237 0.051572 0.145511
v 0.024908 0.055376 0.147950
v 0.016382 0.050792 0.157350
v 0.024407 0.054628 0.158029
v 0.016287 0.051242 0.166701
v 0.025114 0.070242 0.133447
v 0.023758 0.067814 0.132241
v 0.025573 0.061422 0.140057
v 0.027565 0.058921 0.148427
v 0.027209 0.058801 0.159085
v 0.028573 0.062467 0.149307
v 0.027427 0.064976 0.140786
v 0.008221 0.020223 0.064124
v -0.006313 0.020223 0.064124
v 0.008222 0.020223 0.096121
v -0.006313 0.020223 0.096121
v 0.008222 0.022700 0.101123
v -0.006313 0.022700 0.101123
v 0.008222 0.026816 0.106200
v -0.006313 0.026816 0.106200
v -0.006313 0.032702 0.108036
v 0.008221 0.032702 0.108036
v -0.006313 0.039384 0.106980
v 0.008221 0.039384 0.106980
v -0.006313 0.043202 0.103787
v 0.008221 0.043202 0.103787
v 0.008221 0.047078 0.095241
v -0.007644 0.123115 0.268397
v -0.005852 0.123115 0.268397
v -0.007644 0.124586 0.267391
v -0.005852 0.124586 0.267391
v -0.005852 0.125631 0.265556
v -0.007644 0.125631 0.265556
v -0.007644 0.125928 0.264049
v -0.005852 0.125928 0.264049
v -0.005852 0.125631 0.262515
v -0.007644 0.125631 0.262515
v -0.007644 0.124586 0.260680
v -0.005852 0.124586 0.260680
v -0.005852 0.123115 0.259700
v -0.007644 0.123115 0.259700
v -0.005852 0.116104 0.248038
v -0.005852 0.116104 0.230845
v -0.007644 0.116104 0.248038
v -0.007644 0.116104 0.230845
v -0.005852 0.114415 0.228558
v -0.007644 0.114415 0.228558
v -0.005852 0.113763 0.226270
v -0.007644 0.113763 0.226270
v -0.007644 0.114415 0.223983
v -0.005852 0.114415 0.223983
v -0.005852 0.116104 0.221696
v -0.007644 0.116104 0.221696
v -0.005852 0.116104 0.216166
v -0.007644 0.116104 0.216166
v -0.037067 0.099894 0.209681
v -0.035633 0.099894 0.210008
v -0.035565 0.099894 0.204604
v -0.032943 0.099894 0.207419
v -0.031749 0.099894 0.201035
v -0.030023 0.099894 0.206011
v -0.026992 0.099894 0.200055
v -0.026707 0.099894 0.206087
v -0.021569 0.099894 0.202417
v -0.023683 0.099894 0.207218
v -0.016508 0.099894 0.203422
v -0.018856 0.099894 0.210561
v -0.009993 0.099894 0.202543
v -0.009993 0.099894 0.210838
v -0.009620 0.065901 0.143299
v -0.013277 0.065901 0.126158
v -0.026835 0.065901 0.143299
v -0.017305 0.065901 0.132265
v -0.026835 0.065901 0.143299
v -0.026858 0.069478 0.143426
v -0.009620 0.065901 0.143299
v -0.010467 0.089659 0.142721
v -0.028926 0.071842 0.143350
v -0.029401 0.076151 0.143123
v -0.027706 0.089659 0.142721
v -0.007717 0.096380 0.135935
v -0.007676 0.102138 0.139228
v -0.016693 0.096380 0.135935
v -0.016695 0.102138 0.139228
v -0.007667 0.107967 0.144632
v -0.017035 0.107967 0.144632
v -0.017715 0.107959 0.160869
v -0.016976 0.107967 0.183340
v -0.007780 0.107967 0.210360
v -0.017450 0.107967 0.204554
v 0.013554 0.060208 0.238863
v 0.014287 0.061309 0.239290
v 0.014287 0.063512 0.242583
v 0.014548 0.068336 0.246504
v 0.014435 0.076522 0.250576
v 0.013272 0.082029 0.251832
v 0.017707 0.088799 0.251808
v 0.012105 0.087536 0.253090
v 0.015913 0.097707 0.254548
v 0.010443 0.097731 0.255502
v 0.013674 0.106037 0.255075
v 0.010482 0.106254 0.256206
v 0.012591 0.108409 0.251782
v 0.018179 0.096574 0.252562
v 0.018520 0.097112 0.250073
v 0.018369 0.101615 0.251456
v 0.020100 0.101784 0.246253
v 0.017953 0.104574 0.248087
v 0.018183 0.106254 0.240874
v 0.016497 0.106793 0.250099
v 0.012037 0.108328 0.236978
v 0.014664 0.108176 0.251078
v 0.016549 0.105048 0.253844
v 0.021248 0.070434 0.224460
v 0.023618 0.076602 0.210536
v 0.026681 0.086668 0.213829
v 0.021845 0.073482 0.225894
v 0.024318 0.084787 0.231172
v 0.004994 0.124393 0.226521
v 0.012686 0.124393 0.226521
v 0.004994 0.122809 0.222701
v 0.012686 0.122809 0.222701
v 0.004994 0.120896 0.221896
v 0.007863 0.120896 0.221896
v 0.012686 0.118981 0.221117
v 0.007863 0.118981 0.221117
v 0.029861 0.095714 0.125001
v 0.029793 0.099155 0.123970
v 0.031644 0.097104 0.126660
v 0.033593 0.097538 0.129023
v 0.032036 0.104968 0.136237
v 0.035148 0.096638 0.131234
v 0.036418 0.095496 0.133220
v 0.032958 0.101800 0.141314
v 0.034047 0.099259 0.138399
v 0.036805 0.093285 0.134929
v 0.031228 0.105964 0.145687
v -0.014365 0.115766 0.216417
v 0.016271 0.115766 0.216417
v -0.014365 0.115766 0.221595
v 0.016271 0.115766 0.221595
v -0.024166 0.089659 0.210360
v -0.016354 0.100264 0.210360
v -0.010238 0.089659 0.210360
v -0.009134 0.100264 0.210360
v -0.017642 0.107967 0.210360
v -0.007780 0.107967 0.210360
v -0.005852 0.116104 0.216166
v -0.005852 0.091846 0.216166
v -0.007644 0.116104 0.216166
v -0.007644 0.091846 0.216166
v 0.001906 0.125076 0.216417
v 0.000003 0.125076 0.216417
v 0.001906 0.125076 0.219660
v 0.000003 0.125076 0.219660
v -0.010868 0.096557 0.135307
v -0.010348 0.096541 0.072645
v -0.010014 0.108441 0.142193
v -0.010608 0.104976 0.030444
v -0.003298 0.109664 0.027352
v -0.008137 0.108666 0.217825
v 0.005048 0.109664 0.027025
v 0.005053 0.110250 0.217825
v -0.027706 0.089659 0.142721
v -0.029957 0.089659 0.147950
v -0.010467 0.089659 0.142721
v -0.028223 0.089659 0.181907
v -0.010238 0.089659 0.210360
v -0.024166 0.089659 0.210360
v -0.007644 0.123115 0.268397
v -0.007644 0.121652 0.279380
v -0.005852 0.123115 0.268397
v -0.005852 0.121652 0.279380
v -0.010863 0.071970 0.037306
v -0.010863 0.087151 0.044619
v -0.010348 0.087151 0.063948
v 0.004777 0.116867 0.265908
v 0.004777 0.116867 0.257513
v 0.004777 0.121314 0.265908
v 0.004777 0.121314 0.257513
v 0.004777 0.121314 0.265908
v -0.002868 0.121314 0.265908
v 0.004777 0.116867 0.265908
v -0.002868 0.116867 0.265908
v -0.014003 0.083565 0.011592
v -0.015183 0.082463 0.027126
v -0.013634 0.091500 0.006112
v -0.012066 0.106487 0.012899
v -0.011822 0.106045 0.039241
v -0.014921 0.087151 0.043363
v -0.011523 0.105812 0.052361
v -0.014778 0.087151 0.063948
v -0.011433 0.105498 0.063144
v -0.014839 0.096541 0.072645
v -0.010913 0.105418 0.077772
v -0.010283 0.106889 0.094563
v -0.003896 0.112148 0.079180
v -0.003931 0.113209 0.094537
v 0.000920 0.112107 0.079582
v 0.000954 0.113209 0.094537
v 0.005740 0.110603 0.080009
v 0.005839 0.111938 0.094537
v 0.009135 0.109462 0.094563
v 0.005837 0.112099 0.134150
v 0.008551 0.110298 0.134704
v -0.003881 0.111151 0.066035
v 0.000923 0.111110 0.067165
v 0.005726 0.109752 0.068296
v 0.009261 0.108111 0.079859
v 0.012968 0.106262 0.094563
v 0.011891 0.107146 0.135232
v 0.013195 0.103914 0.079733
v 0.009388 0.106938 0.068447
v 0.009646 0.107187 0.053266
v 0.005757 0.109896 0.053266
v 0.005751 0.110451 0.039919
v 0.000952 0.111135 0.053065
v 0.000954 0.111400 0.039919
v -0.003851 0.110901 0.052889
v -0.003843 0.111263 0.039919
v -0.014141 0.084401 -0.029177
v -0.013861 0.083991 -0.032092
v -0.014555 0.084401 -0.028775
v -0.020545 0.084352 -0.027543
v -0.023413 0.084376 -0.023295
v -0.014555 0.084401 -0.020028
v -0.026551 0.084401 -0.016182
v -0.027952 0.084401 -0.010426
v -0.014555 0.084401 0.020942
v -0.027952 0.084401 0.025441
v -0.012918 0.084401 0.022727
v 0.000954 0.084401 0.025441
v 0.000954 0.084401 0.022727
v 0.000954 0.083186 0.029086
v -0.027952 0.083186 0.029086
v 0.000954 0.080550 0.031851
v -0.027952 0.080550 0.031851
v 0.000954 0.049812 0.050979
v -0.027952 0.049812 0.050979
v -0.025839 0.047793 0.052160
v -0.013167 0.082889 -0.039307
v -0.017620 0.083991 -0.032092
v -0.015793 0.071054 0.034717
v -0.015050 0.071970 0.037306
v -0.015800 0.072919 0.033284
v -0.002868 0.116867 0.265908
v -0.002868 0.121314 0.265908
v -0.002868 0.116867 0.257513
v -0.002868 0.121314 0.257513
v 0.011133 0.068160 0.217599
v 0.011560 0.103159 0.217775
v 0.013129 0.066567 0.136162
v 0.012403 0.097611 0.072921
v 0.014121 0.065779 0.095669
v 0.012937 0.051444 0.073173
v 0.016429 0.050977 0.065306
v 0.013687 0.092835 0.024612
v 0.016468 0.050205 0.056835
v 0.015697 0.050262 0.050803
v 0.005048 0.109664 0.027025
v 0.005053 0.110250 0.217825
v -0.003485 0.112799 0.018052
v 0.000954 0.112952 0.018052
v 0.005394 0.111979 0.018052
v 0.010173 0.107500 0.039567
v 0.010182 0.108819 0.015463
v 0.014104 0.101454 0.039241
v 0.013952 0.103633 0.012899
v 0.016160 0.084184 0.022702
v 0.014975 0.083565 0.011592
v 0.013732 0.101221 0.053266
v 0.016786 0.087391 0.043136
v 0.016386 0.082937 0.026523
v 0.017844 0.092473 0.068825
v 0.013244 0.102668 0.068623
v 0.003662 0.106761 0.008727
v 0.003662 0.106761 0.006615
v 0.003662 0.108578 0.008023
v 0.003662 0.108578 0.007344
v -0.014365 0.115766 0.221595
v -0.014365 0.122736 0.221293
v -0.014365 0.115766 0.216417
v -0.014365 0.126588 0.216417
v -0.014365 0.115766 0.221595
v 0.016271 0.115766 0.221595
v -0.014365 0.122736 0.221293
v 0.016271 0.122736 0.221293
v 0.001906 0.125076 0.219660
v 0.016271 0.126588 0.218604
v 0.001906 0.126588 0.218604
v 0.001906 0.126588 0.216417
v 0.000003 0.125076 0.219660
v -0.014365 0.126588 0.218604
v 0.000003 0.126588 0.218604
v 0.000003 0.126588 0.216417
v -0.014365 0.126588 0.216417
v 0.015570 0.088638 0.024687
v 0.014135 0.088638 0.024687
v 0.015570 0.088638 0.236123
v 0.014135 0.088638 0.236123
v 0.014135 0.051774 0.236123
v 0.014135 0.088638 0.236123
v 0.014135 0.051774 0.024687
v 0.014135 0.088638 0.024687
v -0.017258 0.113675 0.191207
v -0.017450 0.107967 0.204554
v -0.017642 0.107967 0.210360
v -0.018235 0.104180 0.223178
v -0.016968 0.105314 0.231247
v -0.009939 0.107830 0.236978
v -0.016406 0.106254 0.240874
v -0.014398 0.106793 0.250099
v -0.016173 0.104574 0.248087
v -0.016270 0.101615 0.251456
v -0.018004 0.101784 0.246253
v -0.016422 0.097112 0.250073
v -0.021445 0.098423 0.244870
v -0.019344 0.094821 0.249118
v -0.017417 0.094282 0.244267
v -0.016024 0.089104 0.251381
v -0.021128 0.077567 0.244041
v -0.016074 0.076618 0.249671
v -0.015915 0.069036 0.245926
v -0.012337 0.076522 0.250576
v -0.012450 0.068336 0.246504
v -0.017000 0.099516 0.222551
v -0.015911 0.100514 0.229915
v -0.016046 0.102387 0.236928
v -0.017620 0.099452 0.229815
v -0.016801 0.096751 0.232931
v -0.024166 0.089659 0.210360
v -0.023253 0.085639 0.231172
v -0.022656 0.077076 0.210586
v -0.019984 0.073482 0.225894
v -0.019790 0.070434 0.224460
v -0.018368 0.067846 0.232705
v -0.018784 0.068625 0.223832
v -0.018280 0.065555 0.231800
v -0.017014 0.061044 0.223832
v -0.016438 0.061164 0.231876
v -0.013856 0.058342 0.234087
v -0.016126 0.061414 0.236173
v -0.011456 0.060208 0.238863
v -0.015400 0.062378 0.237179
v -0.012188 0.061309 0.239290
v -0.016424 0.063424 0.240070
v -0.012188 0.063512 0.242583
v -0.020339 0.100063 0.236978
v -0.019046 0.069984 0.233785
v 0.014135 0.051774 0.024687
v -0.010441 0.051774 0.024687
v 0.014135 0.051774 0.236123
v -0.010441 0.051774 0.236123
v -0.010441 0.051774 0.024687
v -0.010441 0.087601 0.024687
v -0.010441 0.051774 0.236123
v -0.010441 0.087601 0.236123
v -0.016354 0.100264 0.210360
v 0.007006 0.121314 0.219736
v 0.007006 0.116867 0.219736
v -0.005097 0.121314 0.219736
v -0.005097 0.116867 0.219736
v 0.019345 0.113177 0.261108
v 0.013455 0.114358 0.262791
v 0.019345 0.108328 0.254145
v 0.013455 0.108328 0.254145
v 0.019345 0.110725 0.252486
v 0.013455 0.110725 0.252486
v 0.019345 0.115573 0.259448
v 0.013455 0.116754 0.261133
v -0.016081 0.096574 0.252562
v -0.013816 0.097707 0.254548
v -0.014450 0.105048 0.253844
v -0.008345 0.097731 0.255502
v -0.008383 0.106254 0.256206
v -0.010493 0.109124 0.251782
v -0.011736 0.087143 0.128093
v -0.011736 0.087143 0.211465
v -0.011671 0.096798 0.128043
v -0.011671 0.096798 0.211465
v -0.007669 0.108851 0.128043
v -0.007669 0.108851 0.211465
v 0.019345 0.110725 0.252486
v 0.019345 0.108328 0.254145
v 0.013455 0.110725 0.252486
v 0.013455 0.108328 0.254145
v 0.019345 0.113177 0.261108
v 0.019345 0.115573 0.259448
v 0.013455 0.114358 0.262791
v 0.013455 0.116754 0.261133
v -0.010009 0.087536 0.253090
v 0.019345 0.115573 0.259448
v 0.019345 0.113177 0.261108
v 0.019345 0.110725 0.252486
v 0.019345 0.108328 0.254145
v 0.012155 0.102307 0.258016
v 0.014680 0.102307 0.258016
v 0.012155 0.115733 0.277269
v 0.014680 0.115733 0.277269
v 0.012155 0.118306 0.278878
v 0.014680 0.118306 0.278878
v 0.012155 0.121458 0.278753
v 0.014680 0.121458 0.278753
v 0.007006 0.116867 0.257513
v 0.007006 0.121314 0.257513
v 0.004777 0.116867 0.257513
v 0.004777 0.121314 0.257513
v 0.027745 0.045743 0.049420
v 0.029859 0.047754 0.048239
v 0.027745 0.047793 0.052160
v 0.029859 0.049812 0.050979
v 0.029859 0.078225 0.029287
v 0.029859 0.080550 0.031851
v 0.029859 0.080284 0.027176
v 0.029859 0.083186 0.029086
v 0.029859 0.081104 0.025215
v 0.029859 0.084401 0.025441
v 0.029859 0.084401 -0.010426
v 0.029859 0.081088 -0.010426
v 0.028457 0.081088 -0.016182
v 0.028457 0.084401 -0.016182
v 0.025288 0.081096 -0.023270
v 0.025322 0.084376 -0.023295
v 0.022476 0.081104 -0.027367
v 0.022453 0.084352 -0.027543
v 0.019506 0.080903 -0.031715
v 0.019526 0.083991 -0.032092
v 0.015075 0.082889 -0.039307
v 0.015091 0.079866 -0.038879
v 0.014268 0.079576 -0.040714
v 0.014264 0.082608 -0.041166
v 0.013988 0.079279 -0.042699
v 0.013988 0.082310 -0.043152
v 0.013988 0.075829 -0.067809
v 0.013988 0.078563 -0.068262
v 0.013138 0.075412 -0.070600
v 0.013138 0.078145 -0.071052
v 0.011757 0.074994 -0.073415
v 0.011757 0.077728 -0.073867
v 0.009350 0.074680 -0.075501
v 0.009350 0.077414 -0.075953
v 0.006399 0.074366 -0.077587
v 0.006399 0.077100 -0.078040
v 0.000954 0.074117 -0.079296
v 0.000954 0.076843 -0.079749
v 0.015344 0.124168 0.273625
v 0.015344 0.122809 0.270357
v -0.011741 0.124168 0.273625
v -0.011741 0.122809 0.270357
v 0.015344 0.119545 0.269000
v -0.011741 0.119545 0.269000
v -0.012751 0.065249 0.090165
v -0.017539 0.065257 0.099866
v -0.011132 0.065249 0.127992
v -0.018616 0.065249 0.114042
v -0.017418 0.065249 0.127992
v 0.008371 0.121385 0.259951
v -0.006462 0.121385 0.259951
v 0.008371 0.124867 0.261962
v -0.006462 0.124867 0.261962
v -0.006462 0.124867 0.265984
v 0.008371 0.124867 0.265984
v 0.008371 0.121385 0.267994
v -0.002868 0.121314 0.257513
v -0.005097 0.121314 0.257513
v -0.002868 0.116867 0.257513
v -0.005097 0.116867 0.257513
v 0.012155 0.110853 0.252059
v 0.012155 0.102307 0.258016
v 0.012155 0.124280 0.271337
v 0.012155 0.115733 0.277269
v 0.012155 0.124883 0.274304
v 0.012155 0.118306 0.278878
v 0.012155 0.123669 0.277219
v 0.012155 0.121458 0.278753
v 0.000954 0.067669 0.567177
v 0.000954 0.067669 0.392966
v -0.002315 0.065779 0.567177
v -0.002315 0.065779 0.392966
v -0.002315 0.062009 0.392966
v -0.002315 0.062009 0.567177
v 0.000954 0.060119 0.567177
v -0.010881 0.051387 0.060706
v -0.010748 0.050439 0.067693
v -0.010891 0.051387 0.060706
v -0.012459 0.050937 0.067744
v -0.010913 0.051765 0.060605
v -0.013024 0.053052 0.067719
v -0.011230 0.054394 0.067115
v -0.011876 0.058889 0.077370
v -0.015031 0.055215 0.078678
v -0.013524 0.051074 0.079909
v -0.010977 0.050302 0.080286
v -0.014414 0.051419 0.093985
v -0.016770 0.058334 0.089561
v -0.012512 0.063810 0.086771
v -0.011189 0.050117 0.095015
v -0.014690 0.052626 0.105823
v -0.018038 0.060151 0.102355
v -0.018616 0.065249 0.114042
v -0.017539 0.065257 0.099866
v -0.012751 0.065249 0.090165
v -0.011125 0.060103 0.130556
v -0.011128 0.062362 0.129325
v -0.015287 0.061390 0.129877
v -0.011132 0.065249 0.127992
v -0.017418 0.065249 0.127992
v -0.005097 0.121314 0.257513
v -0.005097 0.121314 0.219736
v -0.005097 0.116867 0.257513
v -0.005097 0.116867 0.219736
v -0.011189 0.050455 0.106853
v -0.014783 0.055914 0.117737
v -0.017418 0.065249 0.127992
v -0.011189 0.053744 0.118567
v -0.011125 0.060103 0.130556
v -0.015287 0.061390 0.129877
v 0.027745 0.045743 0.049420
v 0.000954 0.045743 0.049420
v 0.029859 0.047754 0.048239
v 0.000954 0.078225 0.029287
v 0.029859 0.078225 0.029287
v 0.029859 0.080284 0.027176
v 0.000954 0.080284 0.027176
v 0.029859 0.081104 0.025215
v 0.000954 0.081104 0.025215
v 0.029859 0.081088 -0.010426
v 0.000954 0.081104 -0.027418
v 0.028457 0.081088 -0.016182
v 0.025288 0.081096 -0.023270
v 0.022476 0.081104 -0.027367
v 0.019506 0.080903 -0.031715
v 0.000954 0.080887 -0.031691
v 0.015091 0.079866 -0.038879
v 0.000954 0.079866 -0.038854
v 0.014268 0.079576 -0.040714
v 0.012155 0.102307 0.258016
v 0.012155 0.110853 0.252059
v 0.014680 0.102307 0.258016
v 0.014680 0.110853 0.252059
v 0.014680 0.121458 0.278753
v 0.014680 0.123669 0.277219
v 0.012155 0.121458 0.278753
v 0.012155 0.123669 0.277219
v 0.012155 0.124883 0.274304
v 0.014680 0.124883 0.274304
v 0.012155 0.124280 0.271337
v 0.014680 0.124280 0.271337
v 0.012155 0.110853 0.252059
v 0.014680 0.110853 0.252059
v 0.004777 0.116867 0.265908
v -0.002868 0.116867 0.265908
v 0.004777 0.116867 0.257513
v -0.002868 0.116867 0.257513
v -0.005097 0.116867 0.219736
v -0.005097 0.116867 0.257513
v 0.007006 0.116867 0.219736
v 0.007006 0.116867 0.257513
v 0.007006 0.116867 0.257513
v 0.007006 0.116867 0.219736
v 0.007006 0.121314 0.257513
v 0.007006 0.121314 0.219736
v -0.014141 0.084401 -0.029177
v -0.014141 0.085430 -0.027091
v 0.016047 0.085430 -0.027091
v -0.014141 0.087391 -0.019173
v 0.016047 0.087391 -0.019173
v -0.014141 0.089965 -0.009647
v 0.016047 0.089965 -0.009647
v 0.016047 0.091533 -0.004519
v 0.016459 0.089860 -0.009622
v 0.016455 0.091428 -0.004168
v -0.014555 0.086925 -0.019324
v -0.014552 0.089860 -0.009622
v -0.014141 0.091533 -0.004519
v 0.016047 0.092980 -0.001755
v 0.016452 0.092803 -0.001328
v -0.014546 0.091428 -0.004168
v -0.014141 0.092980 -0.001755
v -0.014141 0.094555 0.000482
v 0.016047 0.094555 0.000482
v -0.014141 0.097523 0.003248
v 0.016047 0.097523 0.003248
v -0.013922 0.100907 0.005786
v 0.015830 0.100907 0.005786
v -0.013252 0.103319 0.007570
v 0.015161 0.103319 0.007570
v -0.012043 0.105732 0.009355
v 0.013950 0.105732 0.009355
v -0.010454 0.108031 0.011064
v 0.012363 0.108031 0.011064
v -0.008101 0.110612 0.012975
v 0.010007 0.110612 0.012975
v -0.005393 0.112099 0.014055
v 0.007302 0.112099 0.014055
v -0.000798 0.113514 0.015086
v 0.002704 0.113514 0.015086
v 0.000954 0.113659 0.015362
v 0.000954 0.113844 0.015740
v -0.002222 0.113498 0.015513
v -0.006211 0.112091 0.014482
v -0.008637 0.110612 0.013427
v -0.010922 0.108031 0.011542
v -0.012480 0.105723 0.009857
v 0.014386 0.105723 0.009857
v 0.015579 0.103311 0.008073
v 0.016224 0.100891 0.006288
v 0.016447 0.097458 0.003776
v 0.016447 0.094419 0.000935
v 0.012829 0.108031 0.011542
v 0.010545 0.110612 0.013427
v 0.008120 0.112091 0.014482
v 0.004128 0.113498 0.015513
v -0.014555 0.084401 -0.028775
v -0.014555 0.085036 -0.026965
v 0.016461 0.084401 -0.028775
v 0.016461 0.085036 -0.026965
v 0.016461 0.086925 -0.019324
v -0.003401 0.068328 0.190126
v -0.003401 0.064807 0.190126
v -0.003404 0.068328 0.187110
v -0.003401 0.064807 0.187110
v -0.003401 0.064807 0.190126
v 0.005310 0.064807 0.190126
v -0.003401 0.064807 0.187110
v 0.005310 0.064807 0.187110
v -0.005133 0.073828 0.172758
v -0.005556 0.071456 0.174744
v -0.005133 0.073820 0.130330
v -0.005588 0.071641 0.131813
v -0.006786 0.068320 0.177533
v -0.006474 0.054732 0.186809
v -0.006786 0.053920 0.131813
v -0.013673 0.103311 0.008073
v -0.014315 0.100891 0.006288
v -0.014539 0.097458 0.003776
v -0.014541 0.094419 0.000935
v -0.014543 0.092803 -0.001328
v -0.009769 0.044755 0.130607
v -0.009769 0.068240 0.130330
v -0.003156 0.044755 0.130330
v -0.003156 0.057772 0.130330
v 0.000064 0.062724 0.130330
v 0.000954 0.062266 0.130330
v 0.001845 0.062724 0.130330
v 0.005063 0.057772 0.130330
v 0.011676 0.068240 0.130330
v 0.005063 0.044755 0.130330
v 0.011676 0.044755 0.130607
v 0.005301 0.068344 0.130330
v 0.009887 0.071641 0.130330
v 0.006522 0.072670 0.130330
v 0.007042 0.073820 0.130330
v -0.003395 0.068344 0.130330
v -0.007981 0.071641 0.130330
v -0.004615 0.072670 0.130330
v -0.005133 0.073820 0.130330
v -0.000542 0.120389 0.568157
v 0.002451 0.120389 0.568157
v -0.000280 0.124867 0.567880
v 0.002186 0.124867 0.567880
v 0.000143 0.125574 0.567453
v 0.001764 0.125574 0.567453
v 0.000143 0.128919 0.567453
v 0.001764 0.128919 0.567453
v 0.014680 0.102307 0.258016
v 0.014680 0.110853 0.252059
v 0.014680 0.115733 0.277269
v 0.014680 0.124280 0.271337
v 0.014680 0.118306 0.278878
v 0.014680 0.124883 0.274304
v 0.014680 0.121458 0.278753
v 0.014680 0.123669 0.277219
v 0.000954 0.074117 -0.079296
v -0.004492 0.074366 -0.077587
v 0.000954 0.076843 -0.079749
v -0.004492 0.077100 -0.078040
v -0.007441 0.077414 -0.075953
v -0.007441 0.074680 -0.075501
v -0.009848 0.077728 -0.073867
v -0.009848 0.074994 -0.073415
v -0.011230 0.078145 -0.071052
v -0.011230 0.075412 -0.070600
v -0.012079 0.078563 -0.068262
v -0.012079 0.075829 -0.067809
v -0.012079 0.082310 -0.043152
v -0.012079 0.079279 -0.042699
v -0.012362 0.079576 -0.040714
v -0.012358 0.082608 -0.041166
v -0.013183 0.079866 -0.038879
v -0.013167 0.082889 -0.039307
v -0.017600 0.080903 -0.031715
v -0.017620 0.083991 -0.032092
v -0.020545 0.084352 -0.027543
v -0.020568 0.081104 -0.027367
v -0.023413 0.084376 -0.023295
v -0.023382 0.081096 -0.023270
v -0.026549 0.081088 -0.016182
v -0.026551 0.084401 -0.016182
v -0.027952 0.084401 -0.010426
v -0.027952 0.081088 -0.010426
v -0.027952 0.081104 0.025215
v -0.027952 0.084401 0.025441
v -0.027952 0.083186 0.029086
v -0.027952 0.080284 0.027176
v -0.027952 0.080550 0.031851
v -0.027952 0.078225 0.029287
v -0.027952 0.049812 0.050979
v -0.027952 0.047754 0.048239
v -0.025839 0.047793 0.052160
v -0.005588 0.071641 0.131813
v -0.006786 0.053920 0.131813
v -0.003395 0.068344 0.131813
v 0.000064 0.062724 0.131813
v 0.000954 0.062266 0.131813
v 0.008694 0.053920 0.131813
v 0.001845 0.062724 0.131813
v 0.005301 0.068344 0.131813
v 0.001906 0.126588 0.216417
v 0.016271 0.126588 0.216417
v 0.001906 0.125076 0.216417
v 0.016271 0.115766 0.216417
v -0.014365 0.115766 0.216417
v 0.000003 0.125076 0.216417
v -0.014365 0.126588 0.216417
v 0.000003 0.126588 0.216417
v -0.005133 0.073828 0.172758
v -0.007981 0.071649 0.174517
v -0.005556 0.071456 0.174744
v -0.006786 0.068320 0.177533
v -0.009769 0.068320 0.177533
v -0.009769 0.068328 0.190126
v -0.006474 0.068328 0.187110
v -0.003404 0.068328 0.187110
v -0.005852 0.123115 0.259700
v -0.005852 0.123115 0.251480
v -0.007644 0.123115 0.259700
v -0.007644 0.123115 0.251480
v -0.005852 0.116104 0.248038
v -0.007644 0.116104 0.248038
v -0.015615 0.092731 0.284609
v -0.015615 0.110862 0.284609
v 0.000954 0.092731 0.284609
v 0.000954 0.119834 0.284609
v -0.014195 0.114311 0.284609
v -0.012333 0.117277 0.284609
v -0.009198 0.119834 0.284609
v -0.015615 0.092731 0.235445
v -0.015615 0.092731 0.284609
v 0.000954 0.092731 0.235445
v 0.000954 0.092731 0.284609
v -0.009198 0.119834 0.284609
v -0.009198 0.119834 0.387185
v 0.000954 0.119834 0.284609
v 0.000954 0.119834 0.387185
v 0.000954 0.116746 0.391734
v -0.009198 0.116746 0.391734
v 0.000954 0.112115 0.393268
v -0.009195 0.112115 0.393268
v -0.009195 0.062796 0.393268
v 0.000954 0.058511 0.393268
v -0.009198 0.058688 0.388542
v 0.000954 0.054652 0.388542
v -0.009198 0.055537 0.380625
v 0.000954 0.051845 0.380625
v -0.010778 0.113571 0.226521
v -0.010778 0.115155 0.230343
v -0.010778 0.115155 0.222701
v -0.010778 0.118981 0.221117
v -0.010778 0.118981 0.231926
v -0.010778 0.122809 0.230343
v -0.010778 0.122809 0.222701
v -0.010778 0.124393 0.226521
v -0.011736 0.087143 0.211465
v -0.006729 0.087143 0.211465
v -0.011671 0.096798 0.211465
v -0.006727 0.096798 0.211465
v -0.007669 0.108851 0.211465
v -0.004017 0.108851 0.211465
v 0.007006 0.121314 0.257513
v 0.007006 0.121314 0.219736
v 0.004777 0.121314 0.257513
v -0.002868 0.121314 0.257513
v -0.002868 0.121314 0.265908
v -0.005097 0.121314 0.219736
v -0.005097 0.121314 0.257513
v 0.016271 0.126588 0.218604
v 0.016271 0.122736 0.221293
v 0.016271 0.126588 0.216417
v 0.016271 0.115766 0.216417
v 0.017521 0.092731 0.235445
v 0.000954 0.092731 0.235445
v 0.017521 0.092731 0.284609
v 0.000954 0.092731 0.284609
v 0.011104 0.119834 0.284609
v 0.000954 0.119834 0.284609
v 0.011104 0.119834 0.387185
v 0.000954 0.119834 0.387185
v 0.000954 0.116746 0.391734
v 0.011104 0.116746 0.391734
v 0.000954 0.112115 0.393268
v 0.011104 0.112115 0.393268
v 0.011104 0.062796 0.393268
v 0.000954 0.058511 0.393268
v 0.011104 0.058688 0.388542
v 0.000954 0.054652 0.388542
v 0.011104 0.055537 0.380625
v -0.009198 0.052939 0.235445
v 0.000954 0.050551 0.235445
v -0.009198 0.050093 0.242256
v 0.000954 0.046595 0.242256
v -0.009198 0.048453 0.253743
v 0.000954 0.044963 0.253743
v 0.000954 0.046595 0.265958
v -0.009198 0.050093 0.265230
v 0.000954 0.051830 0.276616
v -0.009198 0.055537 0.275007
v -0.009198 0.055537 0.380625
v 0.015982 0.100256 0.135910
v 0.017358 0.097900 0.094865
v 0.016233 0.098640 0.136061
v 0.017467 0.096075 0.094940
v 0.017882 0.090471 0.068874
v 0.016707 0.085342 0.043614
v 0.017691 0.075878 0.032127
v 0.014775 0.093406 0.136488
v 0.016294 0.089828 0.095191
v 0.016908 0.081917 0.069050
v 0.017537 0.077542 0.045197
v 0.018193 0.074205 0.033083
v 0.015071 0.091517 0.136614
v 0.016517 0.087866 0.095292
v 0.017200 0.079955 0.069101
v 0.017894 0.075645 0.045700
v 0.021941 0.067009 0.037356
v 0.018152 0.085663 0.136789
v 0.019478 0.081353 0.095744
v 0.020833 0.073273 0.069226
v 0.021911 0.068497 0.048164
v 0.023140 0.064581 0.038738
v 0.018604 0.083934 0.136840
v 0.019752 0.079191 0.095895
v 0.021280 0.071062 0.069277
v 0.022957 0.065901 0.048968
v 0.021712 0.052014 0.047033
v 0.013129 0.066567 0.136162
v 0.014121 0.065779 0.095669
v 0.017769 0.056525 0.075561
v 0.021192 0.051951 0.065708
v 0.012937 0.051444 0.073173
v 0.016429 0.050977 0.065306
v 0.016468 0.050205 0.056835
v 0.021965 0.050953 0.056659
v 0.015697 0.050262 0.050803
v -0.010778 0.115155 0.222701
v 0.012686 0.115155 0.222701
v -0.010778 0.113571 0.226521
v 0.012686 0.113571 0.226521
v 0.000143 0.128919 0.565844
v 0.001764 0.128919 0.565844
v 0.000143 0.125574 0.565844
v 0.001764 0.125574 0.565844
v -0.000280 0.124867 0.565417
v 0.002186 0.124867 0.565417
v -0.000542 0.120389 0.565166
v 0.002451 0.120389 0.565166
v 0.007749 0.108755 0.219861
v 0.013310 0.108690 0.215764
v 0.011136 0.107677 0.225114
v 0.016715 0.105314 0.231247
v 0.017749 0.101993 0.236928
v 0.021588 0.098423 0.244870
v 0.020326 0.094821 0.249118
v 0.011104 0.052939 0.235445
v 0.011104 0.050093 0.242256
v 0.000954 0.050551 0.235445
v 0.000954 0.046595 0.242256
v 0.011104 0.048453 0.253743
v 0.000954 0.044963 0.253743
v 0.000954 0.046595 0.265958
v 0.011104 0.050093 0.265230
v 0.000954 0.051830 0.276616
v 0.011104 0.055537 0.275007
v 0.011104 0.055537 0.380625
v 0.012686 0.113571 0.226521
v 0.012686 0.115155 0.222701
v 0.012686 0.115155 0.230343
v 0.012686 0.118981 0.221117
v 0.012686 0.118981 0.231926
v 0.012686 0.122809 0.222701
v 0.012686 0.122809 0.230343
v 0.012686 0.124393 0.226521
v -0.014839 0.096557 0.136061
v -0.014839 0.096541 0.072645
v -0.010868 0.096557 0.135307
v -0.010348 0.096541 0.072645
v -0.014778 0.087151 0.063948
v -0.010348 0.087151 0.063948
v -0.010863 0.087151 0.044619
v -0.014921 0.087151 0.043363
v -0.010863 0.071970 0.037306
v -0.015050 0.071970 0.037306
v 0.006402 0.106873 0.004504
v 0.006402 0.106873 0.011291
v 0.006402 0.106471 0.004378
v 0.006402 0.104501 0.004680
v 0.006402 0.099927 0.006464
v 0.006402 0.104397 0.003424
v 0.006402 0.103947 0.003248
v 0.006402 0.102073 0.003675
v 0.006402 0.102057 0.002417
v 0.006402 0.101615 0.002242
v 0.006402 0.099742 0.002644
v 0.006402 0.093615 0.002091
v 0.006402 0.099613 0.001412
v 0.006402 0.099347 0.001311
v 0.003662 0.108578 0.008023
v -0.001753 0.108578 0.008023
v 0.003662 0.106761 0.008727
v -0.001753 0.106761 0.008727
v -0.005954 0.117068 0.231146
v -0.005954 0.117068 0.221896
v -0.005954 0.118981 0.231926
v -0.005954 0.118981 0.221117
v -0.005954 0.120896 0.221896
v 0.003662 0.108578 0.008023
v 0.003662 0.108578 0.007344
v -0.001753 0.108578 0.008023
v -0.001753 0.108578 0.007344
v -0.001753 0.106761 0.006615
v 0.003662 0.106761 0.006615
v -0.001753 0.106761 0.006615
v -0.001753 0.106761 0.008727
v -0.001753 0.108578 0.007344
v -0.001753 0.108578 0.008023
v 0.000954 0.092827 0.210762
v 0.007844 0.095681 0.210762
v 0.000954 0.092827 0.285765
v 0.007844 0.095681 0.285765
v 0.010697 0.102572 0.210762
v 0.010697 0.102572 0.285765
v 0.007844 0.109462 0.285765
v 0.007844 0.109462 0.210762
v 0.000954 0.111577 0.210033
v 0.004797 0.132160 0.571601
v 0.006825 0.129571 0.574214
v 0.004797 0.132160 0.559435
v 0.006825 0.129571 0.556997
v 0.007629 0.126049 0.556519
v 0.007629 0.126049 0.575019
v 0.007100 0.123066 0.575019
v 0.007100 0.123066 0.556519
v 0.005728 0.120630 0.556519
v 0.005728 0.120630 0.575019
v 0.005728 0.100417 0.556897
v 0.005728 0.093599 0.555615
v 0.005728 0.091171 0.547220
v 0.005728 0.091171 0.557751
v 0.005728 0.083830 0.547220
v 0.005728 0.083830 0.575019
v 0.005728 0.091171 0.570293
v 0.005728 0.100417 0.570293
v -0.014839 0.096557 0.136061
v -0.009491 0.109679 0.135232
v -0.003931 0.113997 0.134150
v 0.000954 0.113997 0.134150
v 0.005728 0.083830 0.547220
v -0.003822 0.083830 0.547220
v 0.005728 0.091171 0.547220
v -0.003822 0.091171 0.547220
v -0.001087 0.120630 0.556519
v -0.003822 0.120630 0.556519
v -0.002927 0.123436 0.556519
v -0.005194 0.123066 0.556519
v -0.005720 0.126049 0.556519
v -0.003596 0.126065 0.556519
v -0.004916 0.129571 0.556997
v -0.003212 0.128590 0.556670
v -0.002041 0.130641 0.557827
v 0.003947 0.130641 0.557827
v 0.004797 0.132160 0.559435
v 0.005120 0.128590 0.556670
v 0.006825 0.129571 0.556997
v 0.007629 0.126049 0.556519
v 0.005505 0.126065 0.556519
v 0.004835 0.123436 0.556519
v 0.007100 0.123066 0.556519
v 0.002994 0.120630 0.556519
v 0.005728 0.120630 0.556519
v 0.007042 0.073828 0.172758
v 0.007042 0.073820 0.130330
v 0.007465 0.071456 0.174744
v 0.007496 0.071641 0.131813
v 0.008694 0.068320 0.177533
v 0.008380 0.054732 0.186809
v 0.008380 0.068328 0.187110
v -0.003156 0.057772 0.130330
v -0.003156 0.050897 0.129525
v -0.003156 0.044755 0.130330
v -0.003156 0.044755 0.129525
v -0.009769 0.068328 0.190126
v -0.009769 0.068320 0.177533
v -0.009769 0.044771 0.190126
v -0.009769 0.044755 0.130607
v -0.009769 0.038812 0.133497
v -0.009769 0.044755 0.127037
v -0.009769 0.013301 0.138097
v -0.009769 0.012754 0.132165
v -0.009769 -0.010088 0.147246
v -0.009769 -0.012202 0.141766
v -0.009769 -0.036276 0.161698
v -0.009769 -0.038405 0.155817
v -0.009769 -0.063186 0.174040
v -0.009769 -0.059881 0.178766
v -0.011931 -0.034731 0.164489
v -0.011931 -0.009156 0.150237
v -0.011931 -0.016303 0.203171
v -0.011931 0.002832 0.192237
v -0.009769 0.004280 0.194827
v -0.011931 0.022177 0.185049
v -0.009769 0.023206 0.188040
v -0.009769 0.038820 0.184496
v -0.011931 -0.058538 0.181656
v -0.011931 -0.034064 0.216367
v -0.009769 -0.014551 0.205459
v -0.009769 0.007287 0.199602
v -0.009769 0.025361 0.193771
v -0.011931 -0.081389 0.202920
v -0.009769 -0.083753 0.200959
v -0.009769 -0.087813 0.196888
v -0.009769 -0.105590 0.217046
v -0.009769 -0.101393 0.220665
v -0.011931 -0.098820 0.222525
v -0.011931 -0.050996 0.232177
v -0.011931 -0.065341 0.249244
v -0.009769 -0.048625 0.234867
v -0.009769 -0.062664 0.251405
v -0.009769 -0.045095 0.238511
v -0.009769 -0.058587 0.254975
v -0.009769 -0.069915 0.270684
v -0.009769 -0.071612 0.263068
v -0.009769 -0.122137 0.238410
v -0.009769 -0.113108 0.236123
v -0.011931 -0.108782 0.235922
v -0.011931 -0.072745 0.258845
v -0.005133 0.073828 0.172758
v -0.005133 0.073820 0.130330
v -0.007981 0.071649 0.174517
v -0.007981 0.071641 0.130330
v -0.009769 0.068240 0.130330
v -0.009769 -0.011367 0.210184
v -0.009769 -0.028982 0.223380
v -0.009769 -0.032311 0.218856
v -0.011931 0.014539 0.141188
v -0.011931 0.036175 0.182083
v -0.011931 0.036200 0.136690
v 0.005728 0.100417 0.570293
v 0.005728 0.091171 0.570293
v -0.003822 0.100417 0.570293
v -0.003822 0.091171 0.570293
v -0.003822 0.100417 0.556897
v 0.005728 0.100417 0.556897
v -0.003822 0.100417 0.570293
v 0.005728 0.100417 0.570293
v -0.001087 0.120630 0.556519
v -0.002927 0.123436 0.556519
v -0.001087 0.120630 0.575019
v -0.002927 0.123436 0.575019
v -0.003596 0.126065 0.556519
v -0.003596 0.126065 0.575019
v -0.003212 0.128590 0.574717
v -0.003212 0.128590 0.556670
v -0.002041 0.130641 0.573411
v -0.002041 0.130641 0.557827
v -0.002890 0.132160 0.559435
v 0.001764 0.128919 0.567453
v 0.001764 0.128919 0.565844
v 0.000143 0.128919 0.567453
v 0.000143 0.128919 0.565844
v 0.005369 0.103713 0.130154
v 0.002677 0.106913 0.133497
v 0.003775 0.109945 0.124273
v 0.000959 0.115468 0.135307
v 0.001940 0.114906 0.127314
v 0.001544 0.119859 0.130355
v 0.002792 0.121683 0.120024
v 0.003897 0.124924 0.121256
v 0.005805 0.125912 0.109971
v 0.007758 0.128180 0.110548
v 0.010466 0.126338 0.099112
v 0.012324 0.127046 0.099138
v 0.016112 0.122929 0.088681
v 0.014049 0.127215 0.099162
v 0.018751 0.123557 0.088681
v 0.015595 0.126949 0.099112
v 0.020650 0.122672 0.088731
v 0.016999 0.126234 0.099087
v 0.018238 0.125020 0.099012
v 0.016183 0.126612 0.110196
v 0.017121 0.124956 0.109870
v 0.016513 0.124232 0.121055
v 0.017492 0.119408 0.119120
v 0.018839 0.116039 0.131813
v 0.017867 0.109647 0.127891
v 0.018462 0.106841 0.133472
v 0.012813 0.102926 0.129074
v 0.001603 0.112317 0.139102
v 0.001648 0.119745 0.138247
v 0.002865 0.123347 0.132417
v 0.006072 0.127641 0.122463
v 0.007991 0.128759 0.122714
v 0.009472 0.129080 0.110675
v 0.010240 0.129257 0.122991
v 0.011488 0.129410 0.110800
v 0.012245 0.128855 0.122714
v 0.013197 0.129024 0.110675
v 0.013982 0.127810 0.122463
v 0.014736 0.128076 0.110548
v 0.015591 0.126242 0.121759
v -0.003462 0.110805 0.130154
v -0.001869 0.109945 0.124273
v -0.000768 0.110748 0.133497
v 0.000949 0.115468 0.135307
v 0.000303 0.112317 0.139102
v 0.000258 0.119745 0.138247
v -0.000676 0.115766 0.143199
v -0.000834 0.122255 0.139956
v -0.003773 0.120099 0.147598
v -0.003115 0.124730 0.141665
v -0.008459 0.126403 0.142721
v -0.008110 0.127882 0.135382
v -0.012136 0.125470 0.141942
v -0.011472 0.126837 0.134704
v -0.015902 0.122720 0.136111
v -0.014145 0.125237 0.121407
v -0.016932 0.116039 0.131813
v -0.015124 0.116972 0.118164
v -0.015959 0.109647 0.127891
v -0.010165 0.106696 0.122639
v -0.010906 0.102926 0.129074
v -0.003462 0.110805 0.130154
v -0.000034 0.114906 0.127314
v 0.000364 0.119859 0.130355
v -0.000958 0.123347 0.132417
v -0.003092 0.126427 0.134502
v -0.005601 0.127151 0.134929
v -0.008331 0.129257 0.122991
v -0.011207 0.128333 0.122588
v -0.012059 0.128550 0.110599
v -0.014745 0.125784 0.110020
v -0.014389 0.126588 0.099112
v -0.016792 0.124256 0.098986
v -0.018743 0.122672 0.088731
v -0.020629 0.120550 0.088857
v -0.020931 0.120919 0.083805
v -0.022690 0.118998 0.083679
v -0.021487 0.121393 0.083127
v -0.023465 0.119231 0.082976
v -0.021352 0.120533 0.082322
v -0.023034 0.118700 0.082221
v -0.022434 0.119922 0.078024
v -0.023949 0.118129 0.077948
v -0.022945 0.120662 0.077396
v -0.024718 0.118539 0.077270
v -0.022681 0.119770 0.076642
v -0.024141 0.118017 0.076566
v -0.023301 0.119698 0.073048
v -0.024555 0.118073 0.072645
v -0.025183 0.118547 0.072067
v -0.025011 0.115854 0.072092
v -0.025726 0.115894 0.071388
v -0.024545 0.113635 0.071539
v -0.025183 0.113241 0.070735
v -0.023698 0.111296 0.070257
v -0.023398 0.112148 0.069754
v -0.021743 0.111577 0.069604
v -0.023562 0.113089 0.065029
v -0.022087 0.112582 0.064828
v -0.023892 0.112702 0.063948
v -0.022113 0.112075 0.063672
v -0.022138 0.113273 0.063244
v -0.020333 0.112694 0.063948
v -0.020176 0.114455 0.063798
v -0.024682 0.115605 0.076415
v -0.025371 0.115645 0.077094
v -0.024512 0.115677 0.077772
v -0.023653 0.116167 0.082071
v -0.024200 0.116272 0.082749
v -0.023041 0.115090 0.083403
v -0.020956 0.116159 0.089083
v -0.017652 0.117856 0.098635
v -0.015809 0.118547 0.108437
v -0.023485 0.113329 0.082573
v -0.023027 0.113627 0.081894
v -0.023972 0.113233 0.077622
v -0.024734 0.112751 0.076918
v -0.024148 0.113201 0.076290
v -0.022980 0.110636 0.076792
v -0.021695 0.111127 0.076164
v -0.020574 0.109856 0.076767
v -0.018165 0.110636 0.076818
v -0.021458 0.111135 0.077521
v -0.017624 0.112341 0.077597
v -0.020167 0.111440 0.081744
v -0.015872 0.112718 0.081819
v -0.018830 0.110379 0.082373
v -0.016139 0.111167 0.082448
v -0.019823 0.111553 0.083202
v -0.015400 0.112831 0.083252
v -0.017362 0.111681 0.089310
v -0.012079 0.113273 0.089209
v -0.013621 0.112485 0.098358
v -0.007294 0.114543 0.098434
v -0.011207 0.112365 0.107156
v -0.004405 0.114592 0.107608
v -0.010146 0.109816 0.115525
v -0.002886 0.112131 0.116481
v -0.001869 0.109945 0.124273
v -0.021519 0.111167 0.082423
v -0.020063 0.113788 0.065356
v -0.019489 0.112960 0.069956
v -0.019636 0.111296 0.070257
v -0.021669 0.110580 0.070081
v -0.022441 0.111738 0.071087
v -0.019261 0.112823 0.071338
v -0.020561 0.116746 0.059851
v -0.022265 0.115798 0.059173
v -0.020821 0.116192 0.058469
v -0.022279 0.115717 0.058117
v -0.022290 0.116779 0.057916
v -0.023734 0.116192 0.058469
v -0.023494 0.117165 0.058218
v -0.024801 0.117486 0.059449
v -0.024378 0.118234 0.059022
v -0.025193 0.119256 0.060781
v -0.024702 0.119698 0.060128
v -0.024374 0.121161 0.061234
v -0.024155 0.123926 0.057715
v -0.023408 0.124618 0.058595
v -0.024637 0.124739 0.057564
v -0.023698 0.125631 0.058695
v -0.022916 0.125816 0.057715
v -0.022416 0.125961 0.059098
v -0.021460 0.125696 0.057564
v -0.021133 0.125639 0.058695
v -0.020025 0.124135 0.056810
v -0.021393 0.124626 0.058570
v -0.020513 0.123453 0.057086
v -0.020045 0.120429 0.060681
v -0.020645 0.117695 0.058619
v -0.019753 0.117486 0.059449
v -0.020821 0.116192 0.058469
v -0.020561 0.116746 0.059851
v -0.023576 0.113771 0.063471
v -0.025194 0.114399 0.064702
v -0.024650 0.114495 0.065658
v -0.024616 0.113747 0.070156
v -0.025059 0.115935 0.070710
v -0.024609 0.118105 0.071238
v -0.023395 0.119681 0.071614
v -0.023700 0.120485 0.072545
v -0.021756 0.120244 0.071766
v -0.021675 0.121193 0.072720
v -0.019652 0.120485 0.072520
v -0.021598 0.120293 0.073173
v -0.019891 0.119706 0.072997
v -0.020699 0.120397 0.076692
v -0.018721 0.119761 0.076666
v -0.020540 0.121434 0.077421
v -0.018140 0.120646 0.077370
v -0.020391 0.120566 0.078024
v -0.018352 0.119914 0.077924
v -0.019059 0.121185 0.082373
v -0.016846 0.120397 0.082247
v -0.018807 0.122182 0.083152
v -0.016135 0.121385 0.083101
v -0.018571 0.121619 0.083805
v -0.016225 0.120912 0.083704
v -0.016845 0.123557 0.088681
v -0.014206 0.122929 0.088681
v -0.012143 0.127215 0.099162
v -0.010418 0.127046 0.099138
v -0.007563 0.129080 0.110675
v -0.005852 0.128180 0.110548
v -0.006085 0.128759 0.122714
v -0.004163 0.127641 0.122463
v -0.009580 0.129410 0.110800
v -0.018004 0.112333 0.076215
v -0.021028 0.121667 0.054849
v -0.020199 0.122318 0.054498
v -0.020606 0.124561 0.056156
v -0.021802 0.130543 0.053693
v -0.023025 0.130616 0.053844
v -0.024123 0.125020 0.056734
v -0.024030 0.130158 0.052914
v -0.024387 0.124095 0.055578
v -0.024139 0.129370 0.051280
v -0.024123 0.123178 0.054397
v -0.023402 0.122520 0.053543
v -0.024634 0.122318 0.054498
v -0.023696 0.121434 0.053367
v -0.023407 0.121314 0.054422
v -0.022405 0.121064 0.054121
v -0.024148 0.122013 0.055276
v -0.024980 0.123532 0.056031
v -0.024423 0.122970 0.056483
v -0.021137 0.121434 0.053367
v -0.021096 0.122849 0.053970
v -0.021094 0.129893 0.052361
v -0.021836 0.133711 0.051934
v -0.022846 0.133736 0.052059
v -0.022340 0.137225 0.050677
v -0.023673 0.133599 0.051280
v -0.023102 0.137242 0.050275
v -0.023757 0.133398 0.049923
v -0.023151 0.137273 0.049496
v -0.022839 0.133229 0.048691
v -0.022627 0.137297 0.048792
v -0.021592 0.133293 0.049144
v -0.021910 0.137289 0.049043
v -0.021501 0.128911 0.050325
v -0.023025 0.128646 0.049772
v -0.022428 0.122294 0.053241
v -0.022416 0.121112 0.052964
v -0.021137 0.121434 0.053367
v -0.021028 0.121667 0.054849
v -0.021096 0.122849 0.053970
v -0.008822 0.121844 0.149232
v -0.014511 0.120260 0.147598
v -0.016709 0.116441 0.144054
v -0.017929 0.111746 0.138549
v -0.016556 0.106841 0.133472
v -0.020645 0.117695 0.058619
v -0.021501 0.128911 0.050325
v -0.021252 0.133526 0.050827
v -0.021592 0.133293 0.049144
v -0.021718 0.137249 0.050024
v -0.022048 0.140224 0.050451
v -0.022233 0.140176 0.050677
v -0.022202 0.141317 0.050652
v -0.022460 0.140208 0.050526
v -0.022475 0.140256 0.050275
v -0.022104 0.140288 0.050124
v -0.021910 0.137289 0.049043
v 0.019836 0.111746 0.138549
v 0.018308 0.121554 0.135432
v 0.018617 0.116441 0.144054
v 0.017310 0.123887 0.136765
v 0.016418 0.120260 0.147598
v 0.015168 0.124899 0.141691
v 0.012916 0.126041 0.142219
v 0.012390 0.127352 0.134929
v 0.010016 0.127882 0.135382
v 0.007510 0.127151 0.134929
v 0.005001 0.126427 0.134502
v 0.014365 0.126322 0.134502
v 0.002582 0.115766 0.143199
v 0.002740 0.122255 0.139956
v 0.005680 0.120099 0.147598
v 0.005021 0.124730 0.141665
v 0.010365 0.126403 0.142721
v 0.010728 0.121844 0.149232
v -0.023510 0.116200 0.059449
v -0.024428 0.117302 0.060279
v -0.024767 0.118813 0.061410
v -0.024433 0.120332 0.062541
v -0.025016 0.117020 0.064929
v -0.024625 0.118901 0.065758
v -0.025669 0.116722 0.065733
v -0.025190 0.119046 0.066763
v -0.024650 0.118355 0.067367
v -0.023561 0.119761 0.067970
v -0.022077 0.120276 0.068196
v -0.023888 0.120743 0.067493
v -0.023569 0.120268 0.066361
v -0.023515 0.121442 0.063370
v -0.024801 0.121024 0.062114
v -0.022143 0.120767 0.066562
v -0.022111 0.121370 0.067744
v -0.020333 0.120743 0.067493
v -0.020594 0.119770 0.067944
v -0.020115 0.119673 0.071614
v -0.017893 0.117221 0.071715
v -0.018402 0.116972 0.072318
v -0.017005 0.116811 0.076516
v -0.016065 0.117084 0.077169
v -0.016397 0.112751 0.076943
v -0.016573 0.116891 0.077772
v -0.017624 0.112341 0.077597
v -0.015872 0.112718 0.081819
v -0.014810 0.117390 0.082096
v -0.013811 0.117752 0.082850
v -0.014170 0.113329 0.082573
v -0.014189 0.117679 0.083479
v -0.015400 0.112831 0.083252
v -0.010877 0.116176 0.089058
v -0.012079 0.113273 0.089209
v -0.007294 0.114543 0.098434
v -0.012172 0.121257 0.088782
v -0.008558 0.126338 0.099112
v -0.007056 0.124232 0.098962
v -0.003899 0.125912 0.109971
v -0.002620 0.122825 0.109367
v -0.000883 0.121683 0.120024
v -0.001166 0.116907 0.118265
v -0.001991 0.124924 0.121256
v -0.025049 0.116425 0.066512
v -0.024631 0.115138 0.064099
v 0.002451 0.120389 0.568157
v 0.002451 0.120389 0.565166
v 0.002186 0.124867 0.567880
v 0.002186 0.124867 0.565417
v 0.001764 0.125574 0.567453
v 0.001764 0.125574 0.565844
v 0.001764 0.128919 0.567453
v 0.001764 0.128919 0.565844
v 0.017521 0.092731 0.284609
v 0.000954 0.092731 0.284609
v 0.017521 0.110862 0.284609
v 0.000954 0.119834 0.284609
v 0.016102 0.114311 0.284609
v 0.014239 0.117277 0.284609
v -0.016139 0.111167 0.082448
v -0.002886 0.112131 0.116481
v -0.003065 0.118708 0.108487
v -0.006028 0.121619 0.098836
v -0.010610 0.119078 0.088907
v -0.006214 0.118081 0.098635
v -0.004405 0.114592 0.107608
v -0.018165 0.110636 0.076818
v -0.018004 0.112333 0.076215
v -0.019261 0.112823 0.071338
v -0.018156 0.113241 0.070735
v -0.018676 0.117012 0.070961
v -0.019636 0.111296 0.070257
v -0.019489 0.112960 0.069956
v -0.019309 0.117390 0.066914
v -0.018791 0.117880 0.066235
v -0.020716 0.120268 0.066336
v -0.021008 0.121442 0.063370
v -0.022261 0.121844 0.063672
v -0.020818 0.122318 0.063068
v -0.022276 0.122801 0.063420
v -0.022292 0.122616 0.062289
v -0.023734 0.122318 0.063068
v -0.023490 0.122230 0.062013
v -0.019557 0.120140 0.061434
v -0.021096 0.122230 0.062013
v -0.022401 0.124875 0.058896
v -0.019923 0.119576 0.061962
v -0.020176 0.114455 0.063798
v -0.019464 0.117960 0.065331
v -0.019030 0.114399 0.064702
v -0.020333 0.112694 0.063948
v -0.020063 0.113788 0.065356
v -0.004469 0.106873 0.004504
v -0.004469 0.106471 0.004378
v -0.004469 0.106873 0.011291
v -0.004469 0.104501 0.004680
v -0.004469 0.099927 0.006464
v -0.004469 0.104397 0.003424
v -0.004469 0.103947 0.003248
v -0.004469 0.102073 0.003675
v -0.004469 0.102057 0.002417
v -0.004469 0.101615 0.002242
v -0.004469 0.099742 0.002644
v -0.004469 0.093615 0.002091
v -0.004469 0.099613 0.001412
v -0.004469 0.099347 0.001311
v 0.000954 -0.022945 -0.213618
v 0.005920 -0.020219 -0.215905
v 0.000954 -0.024561 -0.208440
v 0.006665 -0.022044 -0.208566
v 0.000954 0.022989 -0.063336
v 0.006657 0.024275 -0.063737
v 0.000954 0.042085 -0.005072
v 0.006653 0.042921 -0.005399
v 0.011748 -0.014864 -0.210501
v 0.011194 0.029059 -0.064793
v 0.010975 0.046548 -0.006831
v 0.013346 0.035259 -0.066200
v 0.013350 0.051749 -0.009823
v 0.013333 -0.007716 -0.213165
v 0.012304 -0.007732 -0.221937
v 0.013825 0.045679 -0.226688
v 0.013825 0.045470 -0.233902
v 0.012758 0.052071 -0.224903
v 0.012656 0.053309 -0.231891
v 0.010855 0.058648 -0.229553
v 0.013825 0.074961 -0.073339
v 0.013825 0.082511 -0.026814
v 0.000954 0.092827 0.285765
v -0.005935 0.095681 0.285765
v 0.000954 0.092827 0.210762
v -0.005935 0.095681 0.210762
v -0.008790 0.102572 0.285765
v -0.008790 0.102572 0.210762
v -0.005935 0.109462 0.285765
v -0.005935 0.109462 0.210762
v 0.000954 0.111577 0.210033
v 0.000954 0.112317 0.285765
v -0.011919 0.045470 -0.233902
v -0.011919 0.045679 -0.226688
v -0.010748 0.053309 -0.231891
v -0.010849 0.052071 -0.224903
v -0.008948 0.058648 -0.229553
v -0.008533 0.057812 -0.222440
v -0.004184 0.064348 -0.225557
v -0.004184 0.062572 -0.219575
v 0.000954 0.064397 -0.218318
v 0.000954 0.083749 -0.088471
v 0.006090 0.082447 -0.087414
v -0.004184 0.082447 -0.087414
v -0.007387 0.080026 -0.084750
v -0.010483 0.076996 -0.079925
v -0.011919 0.074961 -0.073339
v -0.005954 0.118981 0.221117
v -0.010778 0.118981 0.221117
v -0.005954 0.120896 0.221896
v -0.010778 0.122809 0.222701
v -0.003085 0.120896 0.221896
v -0.003085 0.122809 0.222701
v -0.010778 0.124393 0.226521
v -0.003085 0.124393 0.226521
v -0.011919 0.082511 -0.026814
v -0.011919 0.074961 -0.073339
v -0.011444 0.051749 -0.009823
v -0.011440 0.035259 -0.066200
v -0.009281 0.029446 -0.063512
v -0.009840 -0.014864 -0.210501
v -0.004749 0.024275 -0.063737
v -0.004758 -0.022044 -0.208566
v 0.000954 0.022989 -0.063336
v 0.000954 -0.024561 -0.208440
v 0.000954 0.042085 -0.005072
v -0.004746 0.042921 -0.005399
v -0.009066 0.046548 -0.006831
v 0.009591 -0.014848 -0.219173
v 0.000954 0.066479 -0.222868
v 0.006090 0.064348 -0.225557
v 0.006090 0.062572 -0.219575
v 0.009296 0.080026 -0.084750
v 0.010439 0.057812 -0.222440
v 0.012392 0.076996 -0.079925
v -0.011919 0.045470 -0.233902
v -0.010398 -0.007732 -0.221937
v -0.011919 0.045679 -0.226688
v -0.011426 -0.007716 -0.213165
v -0.007683 -0.014848 -0.219173
v -0.004012 -0.020219 -0.215905
v 0.000954 -0.022945 -0.213618
v -0.011919 0.082511 -0.026814
v 0.013825 0.082511 -0.026814
v -0.011919 0.074961 -0.073339
v 0.013825 0.074961 -0.073339
v -0.010483 0.076996 -0.079925
v 0.012392 0.076996 -0.079925
v -0.007387 0.080026 -0.084750
v 0.009296 0.080026 -0.084750
v -0.004184 0.082447 -0.087414
v 0.006090 0.082447 -0.087414
v 0.000954 0.083749 -0.088471
v -0.001087 0.120630 0.556519
v -0.001087 0.120630 0.575019
v 0.002994 0.120630 0.556519
v 0.002994 0.120630 0.575019
v 0.004835 0.123436 0.556519
v 0.004835 0.123436 0.575019
v 0.005505 0.126065 0.556519
v 0.005505 0.126065 0.575019
v 0.005120 0.128590 0.556670
v 0.005120 0.128590 0.574717
v 0.003947 0.130641 0.557827
v 0.003947 0.130641 0.573411
v 0.004797 0.132160 0.559435
v 0.004797 0.132160 0.571601
v -0.003822 0.091171 0.570293
v 0.005728 0.091171 0.570293
v -0.003822 0.091171 0.557751
v 0.005728 0.091171 0.557751
v 0.005728 0.093599 0.555615
v -0.003822 0.093599 0.555615
v 0.005728 0.100417 0.556897
v -0.003822 0.100417 0.556897
v -0.005954 0.117068 0.231146
v 0.007863 0.117068 0.231146
v -0.005954 0.117068 0.221896
v 0.007863 0.117068 0.221896
v 0.000954 0.066479 -0.222868
v 0.006090 0.064348 -0.225557
v -0.004184 0.064348 -0.225557
v 0.010855 0.058648 -0.229553
v -0.008948 0.058648 -0.229553
v 0.012656 0.053309 -0.231891
v -0.010748 0.053309 -0.231891
v -0.011919 0.045470 -0.233902
v 0.013825 0.045470 -0.233902
v -0.010398 -0.007732 -0.221937
v 0.012304 -0.007732 -0.221937
v 0.009591 -0.014848 -0.219173
v -0.007683 -0.014848 -0.219173
v -0.004012 -0.020219 -0.215905
v 0.005920 -0.020219 -0.215905
v 0.000954 -0.022945 -0.213618
v -0.005041 0.109824 0.029362
v -0.011026 0.104711 0.031097
v 0.005631 0.109992 0.029362
v 0.011556 0.104831 0.031097
v 0.016750 0.052843 0.050049
v -0.011026 0.052843 0.050049
v -0.006729 0.087143 0.211465
v -0.011736 0.087143 0.211465
v -0.006729 0.087143 0.128093
v -0.011736 0.087143 0.128093
v -0.005954 0.120896 0.221896
v -0.003085 0.120896 0.221896
v -0.005954 0.120896 0.231146
v -0.003085 0.120896 0.231146
v -0.006462 0.121385 0.267994
v -0.006462 0.117905 0.265984
v 0.008371 0.121385 0.267994
v 0.008371 0.117905 0.265984
v 0.008371 0.117905 0.261962
v -0.006462 0.117905 0.261962
v -0.006462 0.121385 0.259951
v -0.013277 0.065901 0.126158
v -0.012590 0.062201 0.127968
v -0.017305 0.065901 0.132265
v -0.016617 0.062201 0.132692
v -0.026835 0.065901 0.143299
v -0.025409 0.058302 0.141665
v -0.026474 0.056324 0.150689
v -0.012335 0.052803 0.141163
v -0.012023 0.050286 0.150086
v -0.006727 0.096798 0.211465
v -0.006727 0.096798 0.128043
v -0.004017 0.108851 0.211465
v -0.004017 0.108851 0.128043
v 0.015624 0.115340 0.136513
v 0.015035 0.118089 0.140610
v 0.016918 0.122744 0.143802
v 0.006402 0.106873 0.011291
v 0.006402 0.106873 0.004504
v -0.004469 0.106873 0.011291
v -0.004469 0.106873 0.004504
v 0.006402 0.106471 0.004378
v -0.004469 0.106471 0.004378
v 0.006402 0.104501 0.004680
v -0.004469 0.104501 0.004680
v 0.006402 0.104397 0.003424
v -0.004469 0.104397 0.003424
v -0.004469 0.103947 0.003248
v 0.006402 0.103947 0.003248
v 0.006402 0.102073 0.003675
v -0.004469 0.102073 0.003675
v -0.004469 0.102057 0.002417
v 0.006402 0.102057 0.002417
v 0.006402 0.101615 0.002242
v -0.004469 0.101615 0.002242
v 0.006402 0.099742 0.002644
v -0.004469 0.099742 0.002644
v 0.006402 0.099613 0.001412
v -0.004469 0.099613 0.001412
v -0.004469 0.099347 0.001311
v 0.006402 0.099347 0.001311
v 0.006402 0.093615 0.002091
v -0.004469 0.093615 0.002091
v -0.012502 0.050608 0.171150
v -0.023578 0.059082 0.172406
v -0.026178 0.069076 0.169264
v -0.022084 0.069277 0.186783
v -0.024625 0.072380 0.187688
v -0.022973 0.064791 0.188417
v -0.026408 0.072734 0.191282
v -0.022688 0.064903 0.189372
v -0.024288 0.071464 0.194776
v -0.021015 0.069478 0.193695
v -0.020529 0.069599 0.209958
v -0.018660 0.061904 0.209958
v -0.021144 0.062652 0.190176
v -0.021410 0.062564 0.187964
v -0.013345 0.056437 0.194374
v -0.013203 0.054105 0.184471
v -0.013486 0.057249 0.207419
v -0.013637 0.056967 0.221645
v 0.000954 0.054137 0.049320
v 0.000954 0.045864 0.059952
v 0.014381 0.054137 0.049320
v 0.011373 0.045864 0.059952
v 0.014214 0.041715 0.041276
v 0.010114 0.032453 0.061913
v 0.014214 0.020288 0.052034
v 0.009526 0.016348 0.068498
v 0.009526 0.012561 0.066663
v 0.000954 0.016348 0.068498
v 0.000954 0.012561 0.066663
v -0.007617 0.012561 0.066663
v 0.000954 0.009072 0.053769
v -0.005072 0.009072 0.053769
v -0.004871 0.004883 0.046404
v -0.012308 0.018125 0.051054
v -0.012308 0.011379 0.040849
v -0.012317 0.013719 0.039366
v -0.012317 0.003991 0.032102
v -0.012317 0.013928 0.004227
v -0.012314 -0.051263 0.021998
v -0.012314 -0.024158 -0.012311
v -0.012314 -0.038052 -0.015478
v -0.012308 -0.024199 -0.014623
v -0.012308 -0.036557 -0.018821
v -0.004034 -0.040014 -0.026211
v -0.004034 -0.045827 -0.025733
v 0.000954 -0.040014 -0.026211
v 0.000954 -0.045827 -0.025733
v 0.005940 -0.045827 -0.025733
v 0.000954 -0.048979 -0.021887
v 0.006084 -0.048979 -0.021887
v 0.005711 -0.053859 -0.003112
v 0.014214 -0.048368 0.000306
v 0.005711 -0.063901 0.022978
v 0.014214 -0.053682 0.018705
v 0.005711 -0.063121 0.028458
v 0.014214 -0.053706 0.022325
v 0.014214 -0.052034 0.024310
v 0.014221 -0.051263 0.021998
v 0.014214 0.002640 0.034490
v 0.014223 0.003991 0.032102
v 0.014214 0.011379 0.040849
v 0.014223 0.013719 0.039366
v 0.014223 0.019990 0.048164
v 0.014223 0.020940 0.006037
v 0.014223 0.028336 0.005535
v 0.013362 0.029872 0.001966
v 0.014214 0.031046 0.004253
v 0.014612 0.044722 -0.006756
v 0.014612 0.045285 -0.003389
v 0.016985 0.059846 -0.013191
v 0.016985 0.067009 0.040699
v 0.014503 0.081410 0.029514
v -0.012308 0.014555 0.001840
v -0.012317 0.020940 0.006037
v -0.012317 0.019990 0.048164
v -0.012308 0.020288 0.052034
v -0.007617 0.016348 0.068498
v -0.008205 0.032453 0.061913
v 0.000954 0.032453 0.061913
v -0.012317 0.028336 0.005535
v -0.012308 0.021084 0.003398
v -0.004027 0.014740 -0.002835
v -0.004027 -0.022695 -0.020279
v 0.000954 -0.022695 -0.020279
v 0.005934 -0.022695 -0.020279
v 0.005940 -0.040014 -0.026211
v 0.014214 -0.024199 -0.014623
v 0.014214 -0.036557 -0.018821
v 0.014221 -0.038052 -0.015478
v 0.014214 -0.040593 -0.018796
v 0.014214 -0.042522 -0.016484
v 0.014221 -0.024158 -0.012311
v 0.014223 0.013928 0.004227
v 0.014214 0.014555 0.001840
v 0.014214 0.021084 0.003398
v 0.005934 0.021558 -0.001855
v 0.005934 0.031408 -0.003791
v 0.000954 0.031408 -0.003791
v 0.005934 0.043227 -0.009597
v 0.000954 0.043227 -0.009597
v 0.007863 0.058591 -0.020254
v 0.000954 0.058591 -0.020254
v 0.000954 0.082921 -0.037321
v -0.005954 0.058591 -0.020254
v -0.005151 0.082921 -0.037321
v -0.013221 0.082921 -0.033852
v 0.007060 0.082921 -0.037321
v 0.016985 0.059492 -0.017163
v 0.015129 0.082921 -0.033852
v 0.015129 0.082954 -0.029001
v 0.005934 0.014740 -0.002835
v 0.000954 0.014740 -0.002835
v -0.003085 0.120896 0.221896
v -0.003085 0.122809 0.222701
v -0.003085 0.120896 0.231146
v -0.003085 0.122809 0.230343
v 0.000954 0.014740 -0.002835
v 0.000954 0.021558 -0.001855
v -0.004027 0.021558 -0.001855
v -0.004027 0.031408 -0.003791
v -0.011456 0.029872 0.001966
v -0.012703 0.044722 -0.006756
v -0.012308 0.031046 0.004253
v -0.012703 0.045285 -0.003389
v -0.012473 0.053333 0.044519
v -0.015076 0.059846 -0.013191
v -0.015076 0.067009 0.039995
v -0.012597 0.081410 0.029514
v -0.013221 0.082954 -0.029001
v -0.015076 0.059492 -0.017163
v -0.004027 0.043227 -0.009597
v 0.000954 0.043227 -0.009597
v 0.000954 0.031408 -0.003791
v -0.012317 0.039617 0.039492
v -0.012308 0.041715 0.041276
v -0.009467 0.045864 0.059952
v -0.012473 0.054137 0.048214
v -0.012308 0.042414 0.038914
v 0.000954 0.045864 0.059952
v 0.000954 0.054137 0.049320
v 0.000954 -0.053859 -0.003112
v 0.000954 -0.063901 0.022978
v 0.000954 -0.063121 0.028458
v 0.005711 -0.058450 0.031650
v 0.000954 -0.058450 0.031650
v 0.006829 -0.002136 0.041905
v 0.000954 -0.002136 0.041905
v 0.006779 0.004883 0.046404
v 0.000954 0.004883 0.046404
v 0.006981 0.009072 0.053769
v 0.000954 0.009072 0.053769
v 0.014214 0.018125 0.051054
v 0.014223 0.039617 0.039492
v 0.014214 0.042414 0.038914
v 0.014381 0.053333 0.044519
v -0.035633 0.089997 0.210008
v -0.032943 0.089997 0.207419
v -0.035633 0.099894 0.210008
v -0.032943 0.099894 0.207419
v -0.030023 0.099894 0.206011
v -0.030023 0.089997 0.206011
v -0.026707 0.089997 0.206087
v -0.026707 0.099894 0.206087
v -0.023683 0.089997 0.207218
v -0.023683 0.099894 0.207218
v -0.018856 0.099894 0.210561
v -0.018856 0.089997 0.210561
v -0.009993 0.099894 0.210838
v 0.004797 0.132160 0.571601
v 0.003947 0.130641 0.573411
v 0.006825 0.129571 0.574214
v 0.005120 0.128590 0.574717
v 0.007629 0.126049 0.575019
v 0.005505 0.126065 0.575019
v 0.007100 0.123066 0.575019
v 0.004835 0.123436 0.575019
v 0.002994 0.120630 0.575019
v 0.005728 0.120630 0.575019
v 0.005728 0.083830 0.575019
v -0.003822 0.083830 0.575019
v -0.001087 0.120630 0.575019
v -0.003822 0.120630 0.575019
v -0.002927 0.123436 0.575019
v -0.005194 0.123066 0.575019
v -0.003596 0.126065 0.575019
v -0.005720 0.126049 0.575019
v -0.003212 0.128590 0.574717
v -0.004916 0.129571 0.574214
v -0.002890 0.132160 0.571601
v -0.006727 0.096798 0.128043
v -0.006727 0.096798 0.211465
v -0.006729 0.087143 0.128093
v -0.006729 0.087143 0.211465
v 0.015344 0.114922 0.273625
v -0.011741 0.114922 0.273625
v 0.015344 0.116272 0.270357
v -0.011741 0.116272 0.270357
v -0.011741 0.119545 0.269000
v -0.002890 0.132160 0.559435
v -0.004916 0.129571 0.556997
v -0.002890 0.132160 0.571601
v -0.004916 0.129571 0.574214
v -0.005720 0.126049 0.575019
v -0.005720 0.126049 0.556519
v -0.005194 0.123066 0.575019
v -0.005194 0.123066 0.556519
v -0.003822 0.120630 0.556519
v -0.003822 0.120630 0.575019
v -0.003822 0.100417 0.556897
v -0.003822 0.100417 0.570293
v -0.003822 0.083830 0.575019
v -0.003822 0.091171 0.570293
v -0.003822 0.083830 0.547220
v -0.003822 0.091171 0.557751
v -0.003822 0.091171 0.547220
v -0.003822 0.093599 0.555615
v 0.000954 0.004883 0.046404
v -0.004923 -0.002136 0.041905
v 0.000954 -0.002136 0.041905
v -0.003804 -0.058450 0.031650
v 0.000954 -0.058450 0.031650
v -0.003804 -0.063121 0.028458
v -0.012308 -0.053706 0.022325
v -0.012308 -0.053682 0.018705
v -0.012308 -0.048368 0.000306
v -0.012308 -0.042522 -0.016484
v -0.012308 -0.040593 -0.018796
v 0.000954 -0.063901 0.022978
v -0.003804 -0.063901 0.022978
v -0.003804 -0.053859 -0.003112
v -0.004175 -0.048979 -0.021887
v 0.000954 -0.053859 -0.003112
v 0.000954 -0.048979 -0.021887
v 0.028907 0.087794 0.125907
v 0.028979 0.089273 0.125504
v 0.030022 0.087778 0.122739
v 0.030058 0.089104 0.122764
v 0.031118 0.088927 0.117788
v 0.031108 0.090696 0.117812
v 0.032017 0.089667 0.112434
v 0.031969 0.090938 0.112710
v 0.033693 0.092151 0.105195
v 0.032831 0.092055 0.112987
v 0.034208 0.092281 0.113037
v 0.032350 0.092288 0.118039
v 0.034034 0.092786 0.118265
v 0.031373 0.093269 0.123116
v 0.033808 0.093880 0.123669
v 0.030494 0.094266 0.125353
v 0.031529 0.095103 0.126912
v 0.029092 0.091653 0.124876
v 0.030218 0.091388 0.122789
v 0.015846 0.099991 0.123870
v 0.018206 0.097144 0.115249
v 0.018147 0.095255 0.124574
v 0.019854 0.094178 0.116053
v 0.021823 0.092006 0.117662
v 0.024407 0.091749 0.119673
v 0.022652 0.094113 0.130179
v 0.027421 0.092988 0.122186
v 0.026599 0.090488 0.124197
v 0.024424 0.088300 0.130481
v 0.026798 0.088027 0.124926
v 0.027539 0.085792 0.126686
v 0.025747 0.087931 0.134326
v 0.027996 0.084425 0.132944
v 0.027078 0.089040 0.136664
v 0.030550 0.084352 0.133849
v 0.032121 0.085405 0.136287
v 0.034296 0.085108 0.134025
v 0.035824 0.087432 0.135408
v 0.029162 0.084818 0.128595
v 0.030695 0.084272 0.130455
v 0.032449 0.084337 0.132165
v -0.019008 0.115018 0.173638
v 0.029074 0.090246 0.139202
v 0.033706 0.087834 0.137619
v -0.021049 0.096380 0.125404
v -0.017909 0.101639 0.125177
v -0.011925 0.096380 0.124449
v -0.018766 0.105273 0.125252
v -0.002601 0.025860 0.083303
v -0.002601 0.022523 0.081216
v 0.004510 0.025860 0.083303
v 0.004510 0.022523 0.081216
v 0.031753 0.087247 0.117788
v 0.032564 0.088646 0.112233
v 0.033213 0.095392 0.128872
v 0.036163 0.092996 0.124222
v 0.035785 0.091951 0.118516
v 0.037002 0.090311 0.124398
v 0.036812 0.089956 0.118592
v 0.036432 0.088172 0.124222
v 0.035778 0.087496 0.118265
v 0.035006 0.086700 0.123895
v 0.033541 0.086025 0.123619
v 0.032322 0.085535 0.130807
v 0.030089 0.085953 0.128395
v 0.035555 0.091419 0.112836
v 0.036127 0.090069 0.112560
v 0.035521 0.088847 0.112308
v 0.034009 0.088276 0.112157
v 0.033717 0.086668 0.118064
v 0.031748 0.085912 0.123191
v 0.028907 0.087794 0.125907
v 0.004510 0.022523 0.081216
v 0.004510 0.026439 0.073525
v 0.004510 0.025860 0.083303
v 0.004510 0.029888 0.078979
v 0.004510 0.034768 0.075963
v 0.004510 0.032573 0.069126
v 0.004510 0.040244 0.075259
v 0.004510 0.040485 0.065883
v 0.004510 0.044489 0.077345
v 0.004510 0.044207 0.061159
v 0.004510 0.048380 0.058243
v 0.004510 0.048380 0.082498
v 0.004510 0.052079 0.058243
v 0.004510 0.052079 0.082498
v 0.030022 0.087778 0.122739
v 0.031753 0.087247 0.117788
v 0.032564 0.088646 0.112233
v 0.004510 0.052079 0.058243
v 0.004510 0.048380 0.058243
v -0.002601 0.052079 0.058243
v -0.002601 0.048380 0.058243
v -0.002601 0.044207 0.061159
v 0.004510 0.044207 0.061159
v 0.004510 0.040485 0.065883
v -0.002601 0.040485 0.065883
v 0.004510 0.032573 0.069126
v -0.002601 0.032573 0.069126
v 0.004510 0.026439 0.073525
v -0.002601 0.026439 0.073525
v -0.002601 0.022523 0.081216
v 0.034881 0.094853 0.131234
v 0.035763 0.093100 0.132844
v 0.035971 0.090953 0.133698
v 0.035164 0.088526 0.133447
v 0.034090 0.086564 0.132065
v 0.008221 0.047078 0.049646
v 0.008221 0.051572 0.049646
v 0.008221 0.047078 0.095241
v 0.008221 0.051572 0.129023
v 0.008221 0.047078 0.129023
v 0.008221 0.043202 0.103787
v 0.008221 0.043202 0.126283
v 0.008221 0.039384 0.106980
v 0.008222 0.026101 0.126283
v 0.008221 0.032702 0.108036
v 0.008222 0.023367 0.123971
v 0.008222 0.015415 0.110398
v 0.008222 0.026816 0.106200
v 0.008222 0.022700 0.101123
v 0.008222 0.014740 0.107809
v 0.008222 0.020223 0.096121
v 0.008222 0.014740 0.097277
v 0.008221 0.020223 0.064124
v 0.004677 0.075677 0.589697
v 0.003255 0.073715 0.589697
v 0.005665 0.070403 0.589697
v 0.000954 0.072967 0.589697
v 0.000954 0.068875 0.589697
v -0.003757 0.070403 0.589697
v -0.001349 0.073715 0.589697
v -0.002771 0.075677 0.589697
v -0.006668 0.074407 0.589697
v -0.002771 0.078097 0.589697
v -0.006668 0.079360 0.589697
v -0.001349 0.080051 0.589697
v -0.003757 0.083372 0.589697
v 0.000954 0.080799 0.589697
v 0.000954 0.084899 0.589697
v 0.003255 0.080051 0.589697
v 0.005665 0.083372 0.589697
v 0.004677 0.078097 0.589697
v 0.008574 0.079360 0.589697
v 0.008574 0.074407 0.589697
v 0.027623 0.101784 0.122010
v 0.027983 0.098607 0.122538
v 0.029049 0.100883 0.117134
v 0.029524 0.098455 0.117284
v 0.029612 0.100055 0.111027
v 0.030060 0.098037 0.111102
v 0.030148 0.098568 0.104918
v 0.029640 0.097096 0.104918
v 0.028737 0.100899 0.097101
v 0.028457 0.096590 0.104893
v 0.027135 0.096566 0.104944
v 0.027809 0.095013 0.110649
v 0.025971 0.095103 0.110323
v 0.024359 0.094966 0.115676
v 0.024404 0.096067 0.110020
v 0.022401 0.096051 0.115073
v 0.027469 0.096099 0.122237
v 0.028943 0.096195 0.117084
v 0.029515 0.096035 0.111001
v 0.026230 0.094363 0.120627
v 0.026717 0.094765 0.116405
v 0.023857 0.094073 0.118742
v 0.021395 0.096252 0.116556
v 0.025962 0.097273 0.104944
v 0.000954 0.080461 0.584997
v -0.001148 0.079778 0.584997
v 0.000954 0.076883 0.584997
v -0.002447 0.077993 0.584997
v -0.002447 0.075782 0.584997
v -0.001148 0.073989 0.584997
v 0.000954 0.073305 0.584997
v 0.003056 0.073989 0.584997
v 0.004356 0.075782 0.584997
v 0.004356 0.077993 0.584997
v 0.003056 0.079778 0.584997
v 0.017306 0.112831 0.083252
v 0.018045 0.111167 0.082448
v 0.021732 0.111553 0.083202
v 0.020736 0.110379 0.082373
v 0.023428 0.111167 0.082423
v 0.022073 0.111440 0.081744
v 0.024935 0.113627 0.081894
v 0.023367 0.111135 0.077521
v 0.025880 0.113233 0.077622
v 0.024886 0.110636 0.076792
v 0.026642 0.112751 0.076918
v 0.026056 0.113201 0.076290
v 0.027279 0.115645 0.077094
v 0.026588 0.115605 0.076415
v 0.026047 0.118017 0.076566
v 0.026461 0.118073 0.072645
v 0.025208 0.119698 0.073048
v 0.027090 0.118547 0.072067
v 0.025606 0.120485 0.072545
v 0.025304 0.119681 0.071614
v 0.023663 0.120244 0.071766
v 0.023986 0.120276 0.068196
v 0.022503 0.119770 0.067944
v 0.022241 0.120743 0.067493
v 0.020699 0.117880 0.066235
v 0.022623 0.120268 0.066336
v 0.021370 0.117960 0.065331
v 0.022914 0.121442 0.063370
v 0.021832 0.119576 0.061962
v 0.021466 0.120140 0.061434
v 0.021662 0.117486 0.059449
v 0.021954 0.120429 0.060681
v 0.022552 0.117695 0.058619
v 0.022422 0.123453 0.057086
v 0.022937 0.121667 0.054849
v 0.022105 0.122318 0.054498
v 0.023043 0.121434 0.053367
v 0.023005 0.122849 0.053970
v 0.022729 0.116192 0.058469
v 0.022467 0.116746 0.059851
v 0.022083 0.114455 0.063798
v 0.020936 0.114399 0.064702
v 0.021215 0.117390 0.066914
v 0.020582 0.117012 0.070961
v 0.022022 0.119673 0.071614
v 0.019799 0.117221 0.071715
v 0.021560 0.120485 0.072520
v 0.021800 0.119706 0.072997
v 0.023505 0.120293 0.073173
v 0.022607 0.120397 0.076692
v 0.024587 0.119770 0.076642
v 0.024854 0.120662 0.077396
v 0.026624 0.118539 0.077270
v 0.025856 0.118129 0.077948
v 0.026421 0.115677 0.077772
v 0.025559 0.116167 0.082071
v 0.025394 0.113329 0.082573
v 0.024639 0.113796 0.083303
v 0.022506 0.114696 0.089159
v 0.019271 0.111681 0.089310
v 0.019160 0.115975 0.098534
v 0.015527 0.112485 0.098358
v 0.017435 0.116409 0.107985
v 0.013113 0.112365 0.107156
v 0.016571 0.114535 0.117185
v 0.012055 0.109816 0.115525
v 0.012074 0.106696 0.122639
v 0.004795 0.112131 0.116481
v 0.003775 0.109945 0.124273
v 0.023583 0.121193 0.072720
v 0.022241 0.112694 0.063948
v 0.021970 0.113788 0.065356
v 0.021395 0.112960 0.069956
v 0.020062 0.113241 0.070735
v 0.020310 0.116972 0.072318
v 0.020627 0.119761 0.076666
v 0.022446 0.121434 0.077421
v 0.022297 0.120566 0.078024
v 0.024343 0.119922 0.078024
v 0.023258 0.120533 0.082322
v 0.024942 0.118700 0.082221
v 0.025374 0.119231 0.082976
v 0.026106 0.116272 0.082749
v 0.025256 0.116385 0.083479
v 0.018912 0.116811 0.076516
v 0.017974 0.117084 0.077169
v 0.020049 0.120646 0.077370
v 0.020258 0.119914 0.077924
v 0.020968 0.121185 0.082373
v 0.023393 0.121393 0.083127
v 0.024597 0.118998 0.083679
v 0.023222 0.117631 0.089008
v 0.019911 0.112333 0.076215
v 0.018303 0.112751 0.076943
v 0.018482 0.116891 0.077772
v 0.018753 0.120397 0.082247
v 0.020713 0.122182 0.083152
v 0.022838 0.120919 0.083805
v 0.022535 0.120550 0.088857
v 0.019956 0.119737 0.098760
v 0.018041 0.121385 0.083101
v 0.020480 0.121619 0.083805
v 0.019162 0.123492 0.098936
v 0.017998 0.120686 0.108915
v 0.005369 0.103713 0.130154
v 0.021545 0.111296 0.070257
v 0.021167 0.112823 0.071338
v 0.020071 0.110636 0.076818
v 0.019533 0.112341 0.077597
v 0.017779 0.112718 0.081819
v 0.016716 0.117390 0.082096
v 0.016079 0.113329 0.082573
v 0.015720 0.117752 0.082850
v 0.016095 0.117679 0.083479
v 0.018134 0.120912 0.083704
v 0.017779 0.112718 0.081819
v 0.019533 0.112341 0.077597
v 0.020071 0.110636 0.076818
v 0.022483 0.109856 0.076767
v 0.023604 0.111127 0.076164
v 0.024350 0.111738 0.071087
v 0.026454 0.113635 0.071539
v 0.025605 0.111296 0.070257
v 0.027090 0.113241 0.070735
v 0.025306 0.112148 0.069754
v 0.026524 0.113747 0.070156
v 0.026556 0.114495 0.065658
v 0.026956 0.116425 0.066512
v 0.027575 0.116722 0.065733
v 0.026556 0.118355 0.067367
v 0.027099 0.119046 0.066763
v 0.025467 0.119761 0.067970
v 0.025795 0.120743 0.067493
v 0.024017 0.121370 0.067744
v 0.024051 0.120767 0.066562
v 0.024167 0.121844 0.063672
v 0.022725 0.122318 0.063068
v 0.023002 0.122230 0.062013
v 0.023299 0.124626 0.058570
v 0.021931 0.124135 0.056810
v 0.022514 0.124561 0.056156
v 0.023001 0.129893 0.052361
v 0.023409 0.128911 0.050325
v 0.023161 0.133526 0.050827
v 0.023498 0.133293 0.049144
v 0.023624 0.137249 0.050024
v 0.023817 0.137289 0.049043
v 0.024013 0.140288 0.050124
v 0.024183 0.122801 0.063420
v 0.024200 0.122616 0.062289
v 0.024309 0.124875 0.058896
v 0.023041 0.125639 0.058695
v 0.023367 0.125696 0.057564
v 0.023708 0.130543 0.053693
v 0.023742 0.133711 0.051934
v 0.024246 0.137225 0.050677
v 0.023956 0.140224 0.050451
v 0.024110 0.141317 0.050652
v 0.024825 0.125816 0.057715
v 0.024323 0.125961 0.059098
v 0.025606 0.125631 0.058695
v 0.025317 0.124618 0.058595
v 0.025397 0.122230 0.062013
v 0.026283 0.121161 0.061234
v 0.026710 0.121024 0.062114
v 0.027099 0.119256 0.060781
v 0.026341 0.120332 0.062541
v 0.026676 0.118813 0.061410
v 0.026922 0.117020 0.064929
v 0.026538 0.115138 0.064099
v 0.027100 0.114399 0.064702
v 0.025468 0.113089 0.065029
v 0.023651 0.111577 0.069604
v 0.023575 0.110580 0.070081
v 0.021545 0.111296 0.070257
v 0.021167 0.112823 0.071338
v 0.025643 0.122318 0.063068
v 0.025421 0.121442 0.063370
v 0.026531 0.118901 0.065758
v 0.025478 0.120268 0.066361
v 0.026515 0.118105 0.071238
v 0.026968 0.115935 0.070710
v 0.027632 0.115894 0.071388
v 0.026917 0.115854 0.072092
v 0.019911 0.112333 0.076215
v 0.013986 0.113273 0.089209
v 0.009200 0.114543 0.098434
v 0.006314 0.114592 0.107608
v 0.018045 0.111167 0.082448
v 0.017306 0.112831 0.083252
v 0.012783 0.116176 0.089058
v 0.012517 0.119078 0.088907
v 0.008120 0.118081 0.098635
v 0.007937 0.121619 0.098836
v 0.004971 0.118708 0.108487
v 0.004526 0.122825 0.109367
v 0.003075 0.116907 0.118265
v 0.013986 0.113273 0.089209
v 0.009200 0.114543 0.098434
v 0.006314 0.114592 0.107608
v 0.004795 0.112131 0.116481
v 0.021395 0.112960 0.069956
v 0.021970 0.113788 0.065356
v 0.023995 0.112582 0.064828
v 0.022241 0.112694 0.063948
v 0.024020 0.112075 0.063672
v 0.024047 0.113273 0.063244
v 0.025799 0.112702 0.063948
v 0.025482 0.113771 0.063471
v 0.022083 0.114455 0.063798
v 0.022467 0.116746 0.059851
v 0.024174 0.115798 0.059173
v 0.022729 0.116192 0.058469
v 0.024185 0.115717 0.058117
v 0.024199 0.116779 0.057916
v 0.025643 0.116192 0.058469
v 0.025401 0.117165 0.058218
v 0.026708 0.117486 0.059449
v 0.026287 0.118234 0.059022
v 0.026608 0.119698 0.060128
v 0.026061 0.123926 0.057715
v 0.026544 0.124739 0.057564
v 0.026332 0.122970 0.056483
v 0.026886 0.123532 0.056031
v 0.026030 0.125020 0.056734
v 0.024931 0.130616 0.053844
v 0.024752 0.133736 0.052059
v 0.026056 0.122013 0.055276
v 0.025313 0.121314 0.054422
v 0.024311 0.121064 0.054121
v 0.022552 0.117695 0.058619
v 0.022937 0.121667 0.054849
v 0.023043 0.121434 0.053367
v 0.024323 0.121112 0.052964
v 0.024337 0.122294 0.053241
v 0.025605 0.121434 0.053367
v 0.025308 0.122520 0.053543
v 0.026543 0.122318 0.054498
v 0.026030 0.123178 0.054397
v 0.026296 0.124095 0.055578
v 0.025937 0.130158 0.052914
v 0.025417 0.116200 0.059449
v 0.026335 0.117302 0.060279
v 0.023005 0.122849 0.053970
v 0.023409 0.128911 0.050325
v 0.024931 0.128646 0.049772
v 0.024745 0.133229 0.048691
v 0.025666 0.133398 0.049923
v 0.025060 0.137273 0.049496
v 0.025008 0.137242 0.050275
v 0.024382 0.140256 0.050275
v 0.024366 0.140208 0.050526
v 0.024139 0.140176 0.050677
v 0.025582 0.133599 0.051280
v 0.026047 0.129370 0.051280
v 0.008965 0.124232 0.098962
v 0.014078 0.121257 0.088782
v 0.023498 0.133293 0.049144
v 0.024536 0.137297 0.048792
v 0.024225 0.140312 0.050024
v 0.023817 0.137289 0.049043
v 0.024013 0.140288 0.050124
v 0.000954 0.113667 0.033862
v 0.000954 0.116851 0.028106
v -0.000529 0.113032 0.032178
v -0.000529 0.115645 0.026422
v -0.000529 0.113144 0.028131
v -0.000529 0.120019 0.016191
v -0.000529 0.119561 0.013251
v -0.000529 0.121772 0.011693
v 0.000954 0.120686 0.009631
v 0.000954 0.123918 0.006339
v 0.000954 0.119537 0.022501
v 0.000954 0.121691 0.016996
v 0.000954 0.123339 0.011768
v 0.000954 0.110974 0.037004
v 0.000954 0.111480 0.031575
v 0.000954 0.111601 0.026925
v -0.000529 0.112936 0.024713
v -0.000529 0.117341 0.014306
v 0.000954 0.117526 0.012472
v 0.000954 0.115050 0.013728
v -0.000529 0.115002 0.015262
v -0.000529 0.112574 0.021571
v 0.000954 0.111528 0.023330
v -0.000529 0.112051 0.018504
v 0.000954 0.111296 0.019811
v -0.000529 0.112670 0.015740
v 0.000954 0.112565 0.014508
v 0.015875 0.049924 0.236123
v 0.013267 0.049924 0.130179
v 0.019334 0.049924 0.047510
v -0.007891 0.049924 0.130179
v -0.010506 0.049924 0.047510
v -0.007902 0.049924 0.190076
v -0.013967 0.049924 0.236123
v 0.013260 0.049924 0.190076
v -0.010264 0.104646 0.015036
v -0.009943 0.106278 0.013728
v -0.010355 0.106608 0.016795
v -0.012262 0.108111 0.010486
v -0.014098 0.109550 0.009531
v -0.013214 0.106970 0.008953
v -0.015163 0.108505 0.007696
v -0.015841 0.110925 0.008476
v -0.010640 0.106833 0.019937
v -0.010447 0.104791 0.018555
v -0.010802 0.106954 0.023356
v -0.010506 0.104839 0.022149
v -0.016200 0.111207 0.011416
v -0.012764 0.108505 0.021646
v -0.010712 0.106889 0.027402
v -0.014632 0.108087 0.023330
v -0.012131 0.106117 0.029086
v -0.010016 0.104453 0.032228
v -0.010411 0.104758 0.026798
v -0.011266 0.105434 0.009707
v -0.010427 0.106664 0.010964
v -0.017645 0.110459 0.004856
v -0.017581 0.112300 0.006917
v -0.018436 0.111078 0.012221
v -0.016739 0.109743 0.017725
v -0.020181 0.112461 0.001563
v -0.019729 0.112099 0.006992
v 0.015344 0.119545 0.269000
v 0.015344 0.122809 0.270357
v 0.015344 0.119545 0.273625
v 0.015344 0.124168 0.273625
v 0.015344 0.122809 0.276892
v 0.015344 0.119545 0.278250
v 0.015344 0.116272 0.276892
v 0.015344 0.114922 0.273625
v 0.015344 0.116272 0.270357
v -0.012308 -0.052034 0.024310
v -0.012308 0.002640 0.034490
v -0.021081 0.072252 0.210134
v -0.024333 0.077575 0.196586
v -0.025865 0.079287 0.191232
v -0.025446 0.077599 0.187361
v -0.028223 0.089659 0.181907
v -0.029008 0.074310 0.169013
v -0.029957 0.089659 0.147950
v -0.030088 0.083524 0.146618
v -0.027706 0.089659 0.142721
v -0.029401 0.076151 0.143123
v -0.028710 0.071520 0.168887
v -0.029819 0.073723 0.150639
v -0.029765 0.070917 0.150790
v -0.028926 0.071842 0.143350
v -0.026858 0.069478 0.143426
v -0.028194 0.068144 0.150689
v 0.007098 0.083115 0.205584
v 0.009679 0.076883 0.205584
v 0.000866 0.076883 0.205584
v 0.007098 0.070652 0.205584
v 0.000866 0.068071 0.205584
v -0.005366 0.070652 0.205584
v -0.007948 0.076883 0.205584
v -0.005366 0.083115 0.205584
v 0.000866 0.085695 0.205584
v 0.021547 0.110740 0.178438
v 0.020620 0.107822 0.177282
v 0.021353 0.109945 0.174643
v 0.022474 0.111480 0.170974
v 0.023561 0.108690 0.171853
v 0.023123 0.109140 0.165821
v 0.022706 0.106825 0.166072
v 0.022564 0.106294 0.171903
v -0.014632 0.108087 0.023330
v -0.016739 0.109743 0.017725
v -0.014600 0.106174 0.021646
v -0.018036 0.108875 0.011416
v -0.012638 0.104630 0.023356
v -0.017677 0.108594 0.008476
v -0.012475 0.104501 0.019937
v -0.015933 0.107227 0.009531
v -0.012191 0.104276 0.016795
v -0.014098 0.105780 0.010486
v -0.011779 0.103947 0.013728
v -0.012262 0.104332 0.010964
v -0.010264 0.104646 0.015036
v -0.010447 0.104791 0.018555
v -0.010506 0.104839 0.022149
v -0.010411 0.104758 0.026798
v -0.012548 0.104558 0.027402
v -0.010016 0.104453 0.032228
v -0.012131 0.106117 0.029086
v -0.018436 0.111078 0.012221
v -0.019417 0.109969 0.006917
v -0.017645 0.110459 0.004856
v -0.015163 0.108505 0.007696
v -0.013214 0.106970 0.008953
v -0.011266 0.105434 0.009707
v -0.019729 0.112099 0.006992
v -0.020181 0.112461 0.001563
v 0.020842 0.101261 0.116279
v 0.019228 0.103842 0.116229
v 0.022621 0.102973 0.117310
v 0.021393 0.105699 0.117737
v 0.023984 0.103818 0.118467
v 0.024678 0.106551 0.120352
v 0.025686 0.103713 0.120603
v 0.026977 0.105265 0.122437
v 0.028844 0.102403 0.123418
v 0.027623 0.101784 0.122010
v 0.029793 0.099155 0.123970
v 0.027983 0.098607 0.122538
v 0.029861 0.095714 0.125001
v 0.027469 0.096099 0.122237
v 0.027421 0.092988 0.122186
v 0.026230 0.094363 0.120627
v 0.024407 0.091749 0.119673
v 0.023857 0.094073 0.118742
v 0.021823 0.092006 0.117662
v 0.021395 0.096252 0.116556
v 0.019854 0.094178 0.116053
v 0.018206 0.097144 0.115249
v 0.020640 0.098760 0.116129
v 0.017874 0.100240 0.114948
v 0.007182 0.078749 -0.064115
v 0.006348 0.078290 -0.067207
v 0.006486 0.080751 -0.064416
v 0.005744 0.080340 -0.067156
v 0.000954 0.082648 -0.064693
v 0.003719 0.080043 -0.069142
v 0.000954 0.079938 -0.069896
v 0.004070 0.077960 -0.069443
v 0.000954 0.077832 -0.070273
v 0.006348 0.079207 -0.061023
v 0.005744 0.081153 -0.061676
v 0.003719 0.081450 -0.059666
v 0.000954 0.081562 -0.058937
v -0.001813 0.081450 -0.059666
v 0.000954 0.079665 -0.057957
v -0.002161 0.079545 -0.058786
v 0.004070 0.079545 -0.058786
v -0.004441 0.079207 -0.061023
v -0.003838 0.081153 -0.061676
v -0.004579 0.080751 -0.064416
v -0.003838 0.080340 -0.067156
v -0.001813 0.080043 -0.069142
v -0.004441 0.078290 -0.067207
v -0.002161 0.077960 -0.069443
v -0.005276 0.078749 -0.064115
v -0.009198 0.052939 0.235445
v -0.009198 0.053430 0.242256
v -0.009198 0.055649 0.235445
v -0.013938 0.056614 0.242256
v -0.013938 0.057972 0.235445
v -0.015615 0.059781 0.242256
v -0.015615 0.061671 0.235445
v -0.015615 0.092731 0.235445
v -0.015615 0.058141 0.253743
v -0.013938 0.054974 0.253743
v -0.009198 0.051798 0.253743
v -0.009198 0.050093 0.242256
v -0.009198 0.048453 0.253743
v -0.009198 0.050093 0.265230
v -0.009198 0.053430 0.265230
v -0.013938 0.056614 0.265230
v -0.015615 0.059781 0.265230
v -0.015615 0.092731 0.284609
v -0.009198 0.055537 0.275007
v -0.009198 0.058568 0.275007
v -0.014288 0.062081 0.275007
v -0.015615 0.066214 0.275007
v -0.015615 0.066214 0.387889
v -0.015615 0.110862 0.387889
v -0.009195 0.112115 0.391282
v -0.014195 0.114311 0.387286
v -0.009198 0.115171 0.389171
v -0.009198 0.117277 0.386079
v -0.009198 0.119834 0.387185
v -0.009198 0.119834 0.284609
v -0.014288 0.062274 0.385149
v -0.009198 0.058568 0.379921
v -0.009198 0.055537 0.380625
v -0.009198 0.060392 0.386631
v -0.009195 0.063336 0.391282
v -0.009195 0.112115 0.393268
v -0.009198 0.116746 0.391734
v -0.009195 0.062796 0.393268
v -0.009198 0.058688 0.388542
v -0.012333 0.117277 0.284609
v -0.014195 0.114311 0.284609
v -0.015615 0.110862 0.284609
v 0.017521 0.092731 0.235445
v 0.017521 0.092731 0.284609
v 0.017521 0.059781 0.265230
v 0.017521 0.066214 0.275007
v 0.016194 0.062081 0.275007
v 0.016194 0.062274 0.385149
v 0.011104 0.058568 0.379921
v 0.011104 0.060392 0.386631
v 0.011104 0.055537 0.380625
v 0.011104 0.058688 0.388542
v 0.011104 0.055537 0.275007
v 0.011104 0.058568 0.275007
v 0.015846 0.056614 0.265230
v 0.017521 0.058141 0.253743
v 0.017521 0.059781 0.242256
v 0.017521 0.061671 0.235445
v 0.015846 0.057972 0.235445
v 0.015846 0.056614 0.242256
v 0.015846 0.054974 0.253743
v 0.011104 0.053430 0.265230
v 0.011104 0.050093 0.265230
v 0.011104 0.051798 0.253743
v 0.011104 0.053430 0.242256
v 0.011104 0.055649 0.235445
v 0.011104 0.048453 0.253743
v 0.011104 0.050093 0.242256
v 0.011104 0.052939 0.235445
v 0.011676 0.023206 0.188040
v 0.011676 0.025361 0.193771
v 0.011676 0.004280 0.194827
v 0.011676 0.007287 0.199602
v 0.011676 -0.014551 0.205459
v 0.011676 -0.011367 0.210184
v 0.011676 -0.028982 0.223380
v 0.013837 0.002832 0.192237
v 0.013837 -0.016303 0.203171
v 0.011676 -0.032311 0.218856
v 0.013837 -0.034064 0.216367
v 0.013837 -0.050996 0.232177
v 0.013837 -0.081389 0.202920
v 0.013837 -0.098820 0.222525
v 0.011676 -0.101393 0.220665
v 0.013837 -0.108782 0.235922
v 0.011676 -0.113108 0.236123
v 0.011676 -0.071612 0.263068
v 0.011676 -0.122137 0.238410
v 0.011676 -0.069915 0.270684
v 0.011676 -0.045095 0.238511
v 0.011676 -0.048625 0.234867
v 0.011676 -0.058587 0.254975
v 0.011676 -0.062664 0.251405
v 0.013837 -0.072745 0.258845
v 0.013837 -0.065341 0.249244
v 0.011676 -0.105590 0.217046
v 0.011676 -0.087813 0.196888
v 0.011676 -0.083753 0.200959
v 0.011676 -0.059881 0.178766
v 0.013837 -0.058538 0.181656
v 0.011676 -0.036276 0.161698
v 0.013837 -0.034731 0.164489
v 0.013837 -0.009156 0.150237
v 0.013837 0.022177 0.185049
v 0.011676 -0.063186 0.174040
v 0.029730 0.099903 0.104918
v 0.028911 0.100867 0.104869
v 0.027198 0.101172 0.104944
v 0.028459 0.101374 0.110775
v 0.026158 0.101759 0.110372
v 0.024675 0.102781 0.115802
v 0.022164 0.101084 0.115023
v 0.022621 0.102973 0.117310
v 0.020842 0.101261 0.116279
v 0.023984 0.103818 0.118467
v 0.027562 0.102378 0.116682
v 0.020640 0.098760 0.116129
v 0.021499 0.098568 0.114821
v 0.021395 0.096252 0.116556
v 0.022401 0.096051 0.115073
v 0.024343 0.100216 0.110020
v 0.026077 0.100007 0.105019
v 0.025780 0.098640 0.104994
v 0.023864 0.098141 0.109895
v 0.025962 0.097273 0.104944
v 0.024404 0.096067 0.110020
v 0.025686 0.103713 0.120603
v -0.011741 0.122809 0.276892
v -0.011741 0.124168 0.273625
v -0.011741 0.119545 0.273625
v -0.011741 0.122809 0.270357
v -0.011741 0.119545 0.269000
v -0.011741 0.116272 0.270357
v -0.011741 0.114922 0.273625
v -0.011741 0.116272 0.276892
v -0.011741 0.119545 0.278250
v 0.015562 0.050455 0.106853
v 0.015562 0.050117 0.095015
v 0.017677 0.050455 0.106853
v 0.017781 0.050117 0.095015
v 0.020444 0.054789 0.104793
v 0.019790 0.052722 0.092954
v 0.022408 0.060151 0.102355
v 0.021160 0.056252 0.090642
v 0.021911 0.065257 0.099866
v 0.021122 0.060417 0.088505
v 0.019709 0.068594 0.098559
v 0.017829 0.063810 0.086771
v 0.016678 0.069116 0.098660
v 0.019655 0.071858 0.111654
v 0.022401 0.069639 0.112157
v 0.023147 0.064067 0.114545
v 0.020733 0.058085 0.116933
v 0.017576 0.053744 0.118567
v 0.015562 0.053744 0.118567
v 0.019680 0.073780 0.126510
v 0.021344 0.072035 0.126208
v 0.022365 0.067412 0.126987
v 0.021099 0.062668 0.129199
v 0.018215 0.060103 0.130556
v 0.015495 0.060103 0.130556
v 0.015511 0.074945 0.126686
v 0.015530 0.073523 0.111328
v 0.012412 0.104839 0.022149
v 0.012356 0.104791 0.018555
v 0.014381 0.104501 0.019937
v 0.014097 0.104276 0.016795
v 0.017840 0.107227 0.009531
v 0.016005 0.105780 0.010486
v 0.015120 0.106970 0.008953
v 0.013172 0.105434 0.009707
v 0.017069 0.108505 0.007696
v 0.019583 0.108594 0.008476
v 0.014544 0.104630 0.023356
v 0.012319 0.104758 0.026798
v 0.019553 0.110459 0.004856
v 0.021325 0.109969 0.006917
v 0.019942 0.108875 0.011416
v 0.020342 0.111078 0.012221
v 0.018645 0.109743 0.017725
v 0.016509 0.106174 0.021646
v 0.016538 0.108087 0.023330
v 0.014454 0.104558 0.027402
v 0.014040 0.106117 0.029086
v 0.011924 0.104453 0.032228
v 0.012171 0.104646 0.015036
v 0.013685 0.103947 0.013728
v 0.014169 0.104332 0.010964
v 0.021637 0.112099 0.006992
v 0.022089 0.112461 0.001563
v 0.011104 0.063336 0.391282
v 0.017521 0.066214 0.387889
v 0.017521 0.110862 0.387889
v 0.011104 0.112115 0.391282
v 0.011104 0.112115 0.393268
v 0.011104 0.062796 0.393268
v 0.017521 0.110862 0.284609
v 0.016102 0.114311 0.387286
v 0.011104 0.115171 0.389171
v 0.011104 0.116746 0.391734
v 0.011104 0.119834 0.387185
v 0.016102 0.114311 0.284609
v 0.014239 0.117277 0.284609
v 0.011104 0.117277 0.386079
v 0.011104 0.119834 0.284609
v 0.019655 0.053936 0.079004
v 0.019149 0.056493 0.078351
v 0.017286 0.058889 0.077370
v 0.018713 0.051854 0.079608
v 0.017076 0.050286 0.080236
v 0.016449 0.050439 0.067693
v 0.017209 0.051428 0.067794
v 0.017394 0.053052 0.067719
v 0.016386 0.051822 0.060580
v 0.016744 0.054394 0.067115
v 0.016443 0.051709 0.060631
v 0.016393 0.051387 0.060706
v 0.016384 0.051387 0.060706
v 0.015887 0.050439 0.067693
v 0.015745 0.050302 0.080286
v 0.031529 0.095103 0.126912
v 0.030494 0.094266 0.125353
v 0.029092 0.091653 0.124876
v 0.026599 0.090488 0.124197
v 0.028979 0.089273 0.125504
v 0.026798 0.088027 0.124926
v 0.028907 0.087794 0.125907
v 0.027539 0.085792 0.126686
v 0.030089 0.085953 0.128395
v 0.029162 0.084818 0.128595
v 0.030695 0.084272 0.130455
v 0.032322 0.085535 0.130807
v 0.032449 0.084337 0.132165
v 0.034090 0.086564 0.132065
v 0.034296 0.085108 0.134025
v 0.035164 0.088526 0.133447
v 0.035824 0.087432 0.135408
v 0.036884 0.090728 0.135507
v 0.035971 0.090953 0.133698
v 0.036805 0.093285 0.134929
v 0.035763 0.093100 0.132844
v 0.036418 0.095496 0.133220
v 0.034881 0.094853 0.131234
v 0.035148 0.096638 0.131234
v 0.033213 0.095392 0.128872
v 0.033593 0.097538 0.129023
v 0.031644 0.097104 0.126660
v 0.012334 0.106664 0.010964
v 0.011850 0.106278 0.013728
v 0.014169 0.108111 0.010486
v 0.012261 0.106608 0.016795
v 0.016006 0.109550 0.009531
v 0.012546 0.106833 0.019937
v 0.017747 0.110925 0.008476
v 0.012708 0.106954 0.023356
v 0.018106 0.111207 0.011416
v 0.014673 0.108505 0.021646
v 0.018645 0.109743 0.017725
v 0.016538 0.108087 0.023330
v 0.012171 0.104646 0.015036
v 0.012356 0.104791 0.018555
v 0.012412 0.104839 0.022149
v 0.012319 0.104758 0.026798
v 0.012618 0.106889 0.027402
v 0.011924 0.104453 0.032228
v 0.014040 0.106117 0.029086
v 0.013172 0.105434 0.009707
v 0.015120 0.106970 0.008953
v 0.017069 0.108505 0.007696
v 0.019553 0.110459 0.004856
v 0.019490 0.112300 0.006917
v 0.020342 0.111078 0.012221
v 0.021637 0.112099 0.006992
v 0.022089 0.112461 0.001563
v 0.000954 0.113667 0.033862
v 0.002437 0.113032 0.032178
v 0.000954 0.116851 0.028106
v 0.002437 0.115645 0.026422
v 0.000954 0.119537 0.022501
v 0.002437 0.120019 0.016191
v 0.000954 0.121691 0.016996
v 0.002437 0.121772 0.011693
v 0.000954 0.123339 0.011768
v 0.000954 0.123918 0.006339
v 0.002437 0.113144 0.028131
v 0.002437 0.119561 0.013251
v 0.000954 0.120686 0.009631
v 0.000954 0.111480 0.031575
v 0.000954 0.111601 0.026925
v 0.000954 0.110974 0.037004
v 0.000954 0.117526 0.012472
v 0.002437 0.117341 0.014306
v 0.000954 0.115050 0.013728
v 0.002437 0.115002 0.015262
v 0.000954 0.112565 0.014508
v 0.002437 0.112670 0.015740
v 0.002437 0.112936 0.024713
v 0.002437 0.112574 0.021571
v 0.002437 0.112051 0.018504
v 0.000954 0.111528 0.023330
v 0.000954 0.111296 0.019811
v -0.022319 0.140312 0.050024
v -0.022104 0.140288 0.050124
v 0.004994 0.122809 0.230343
v 0.004994 0.122809 0.222701
v -0.035565 0.089997 0.204604
v -0.037067 0.099894 0.209681
v -0.006313 0.014740 0.097277
v 0.008221 0.014740 0.064326
v -0.007644 0.123115 0.259700
v -0.007644 0.116104 0.248038
v -0.006313 0.020223 0.096121
v -0.006313 0.014740 0.064326
v 0.003255 0.080051 0.589697
v 0.000954 0.080461 0.584997
v 0.015344 0.116272 0.276892
v -0.011741 0.114922 0.273625
v 0.000954 0.068875 0.585827
v 0.005665 0.070403 0.585827
v 0.004953 0.071384 0.584369
v 0.007426 0.074784 0.582384
v 0.007426 0.078989 0.582384
v 0.004953 0.082391 0.582384
v 0.009306 0.079601 0.581177
v 0.006117 0.083991 0.581177
v 0.000954 0.085671 0.581177
v 0.000954 0.070081 0.584369
v 0.000954 0.070081 0.582384
v 0.004953 0.071384 0.582384
v 0.006117 0.069776 0.581177
v 0.000954 0.068103 0.581177
v -0.016325 0.067187 0.129576
v -0.016325 0.074640 0.136689
v -0.016325 0.085430 0.050099
v -0.013823 0.082689 0.061460
v -0.001349 0.073715 0.589697
v 0.000954 0.073305 0.584997
v -0.004209 0.083991 0.392941
v -0.004209 0.083991 0.581177
v -0.007400 0.079601 0.581177
v -0.005517 0.074784 0.582384
v -0.004209 0.069776 0.581177
v -0.007400 0.074173 0.581177
v -0.007400 0.074173 0.392941
v -0.004209 0.069776 0.392941
v 0.000954 0.089386 0.574893
v -0.001412 0.088019 0.579241
v -0.006526 0.110049 0.467517
v 0.000954 0.113144 0.393092
v 0.000954 0.089386 0.579241
v 0.003319 0.085285 0.579241
v 0.000954 0.091991 0.453114
v 0.003994 0.089225 0.457689
v 0.004214 0.063874 0.165821
v 0.009053 0.062933 0.161799
v 0.004214 0.065723 0.161799
v -0.001833 0.071761 0.165821
v 0.003009 0.070813 0.161799
v -0.001833 0.073611 0.161799
v 0.004214 0.054547 0.161799
v -0.000628 0.057346 0.161799
v 0.000974 0.058270 0.165821
v -0.001833 0.062427 0.161799
v -0.006673 0.065225 0.161799
v -0.006673 0.070813 0.161799
v -0.001833 0.073611 0.161799
v -0.005072 0.066149 0.165821
v 0.012677 0.107830 0.230770
v 0.012677 0.090808 0.215613
v 0.004221 0.065779 0.567177
v 0.000954 0.067669 0.392966
v -0.001833 0.073611 0.131813
v 0.009399 0.107830 0.230770
v 0.012677 0.107830 0.215613
v 0.014827 0.084401 0.022727
v 0.000954 0.084401 0.025441
v 0.000954 0.049812 0.050979
v 0.027745 0.047793 0.052160
v -0.003156 0.044755 0.129525
v -0.009769 0.044755 0.130607
v -0.007493 0.105868 0.215613
v -0.010771 0.107830 0.215613
v -0.010771 0.107830 0.230770
v -0.010771 0.113064 0.267291
v 0.011676 0.038812 0.133497
v 0.013837 0.036200 0.136690
v 0.011676 0.013301 0.138097
v -0.016693 0.096380 0.135935
v -0.021049 0.096380 0.125404
v -0.009706 0.104734 0.118391
v -0.008119 0.109301 0.125630
v -0.013390 0.112107 0.132114
v -0.016695 0.102138 0.139228
v -0.021960 0.110371 0.143878
v -0.021073 0.116570 0.140434
v -0.009208 0.115340 0.136513
v -0.007948 0.109253 0.132241
v -0.005293 0.109760 0.118868
v 0.001049 0.123300 0.200682
v -0.006506 0.122689 0.198421
v -0.016976 0.107967 0.183340
v -0.015366 0.115155 0.184823
v 0.004035 0.126475 0.158959
v 0.001049 0.125647 0.152272
v 0.001049 0.123436 0.144757
v -0.002256 0.124851 0.144531
v -0.007020 0.121016 0.143325
v -0.009069 0.125808 0.144707
v -0.014819 0.122744 0.143802
v -0.017035 0.107967 0.144632
v -0.013874 0.119690 0.142093
v -0.003895 0.116738 0.201839
v 0.017996 0.099516 0.222551
v 0.019716 0.099452 0.229815
v 0.018900 0.096751 0.232931
v 0.018889 0.113008 0.180173
v 0.023079 0.112855 0.174693
v 0.021065 0.107468 0.161246
v 0.024698 0.106398 0.164062
v 0.024031 0.106158 0.159135
v 0.025885 0.102354 0.163257
v 0.028719 0.088357 0.193042
v 0.027573 0.079287 0.191986
v 0.025535 0.077575 0.196586
v 0.024452 0.104413 0.156873
v -0.007116 0.127754 0.155566
v -0.002624 0.127970 0.151921
v -0.002568 0.126363 0.158959
v 0.001049 0.125004 0.159285
v 0.027940 0.104863 0.133974
v 0.028844 0.102403 0.123418
v -0.016325 0.089965 0.075360
v -0.013823 0.082689 0.061460
v -0.007493 0.107830 0.230770
v -0.010771 0.107830 0.215613
v -0.009769 0.012754 0.132165
v 0.011676 0.044755 0.127037
v -0.011026 0.104758 0.210561
v 0.015751 0.051669 0.210586
v 0.009550 0.124586 0.260680
v 0.007758 0.123115 0.259700
v 0.000954 0.088542 0.013603
v 0.014827 0.084401 0.022727
v -0.005852 0.091846 0.216166
v -0.005852 0.116104 0.221696
v -0.012979 0.094033 0.010913
v -0.014337 0.096525 0.010511
v -0.013058 0.096397 0.011742
v 0.009550 0.116104 0.221696
v 0.007758 0.116104 0.216166
v 0.007758 0.123115 0.268397
v 0.007758 0.123115 0.259700
v 0.007758 0.124586 0.260680
v 0.016461 0.084401 -0.020028
v 0.016461 0.085036 -0.026965
v 0.014965 0.096397 0.011742
v 0.016246 0.096525 0.010511
v 0.014885 0.094033 0.010913
v 0.009550 0.123115 0.259700
v 0.009550 0.123115 0.268397
v 0.009550 0.091846 0.279380
v 0.009550 0.116104 0.248038
v 0.026016 0.084184 0.136413
v 0.031484 0.076031 0.142973
v 0.031586 0.073723 0.150639
v 0.030969 0.071632 0.162226
v 0.025625 0.065031 0.176050
v 0.024216 0.065901 0.184672
v 0.022641 0.063062 0.184269
v 0.029779 0.077011 0.162855
v 0.032187 0.083524 0.146618
v 0.025114 0.070242 0.133447
v 0.023758 0.067814 0.132241
v 0.027565 0.058921 0.148427
v 0.027209 0.058801 0.159085
v 0.028573 0.062467 0.149307
v 0.027427 0.064976 0.140786
v -0.006313 0.043202 0.103787
v 0.008221 0.047078 0.095241
v -0.007780 0.107967 0.210360
v -0.017450 0.107967 0.204554
v 0.029793 0.099155 0.123970
v -0.010348 0.096541 0.072645
v -0.010608 0.104976 0.030444
v -0.010348 0.087151 0.063948
v -0.015183 0.082463 0.027126
v -0.014921 0.087151 0.043363
v 0.000954 0.049812 0.050979
v -0.025839 0.047793 0.052160
v -0.015050 0.071970 0.037306
v 0.011560 0.103159 0.217775
v 0.012403 0.097611 0.072921
v 0.005053 0.110250 0.217825
v 0.013952 0.103633 0.012899
v 0.014975 0.083565 0.011592
v -0.014365 0.122736 0.221293
v -0.014365 0.126588 0.216417
v 0.016271 0.126588 0.218604
v 0.001906 0.126588 0.216417
v -0.017258 0.113675 0.191207
v -0.009939 0.107830 0.236978
v -0.014398 0.106793 0.250099
v -0.016024 0.089104 0.251381
v -0.016074 0.076618 0.249671
v -0.012337 0.076522 0.250576
v -0.018280 0.065555 0.231800
v -0.016438 0.061164 0.231876
v -0.016126 0.061414 0.236173
v -0.016081 0.096574 0.252562
v -0.013816 0.097707 0.254548
v -0.010493 0.109124 0.251782
v -0.010009 0.087536 0.253090
v -0.006462 0.124867 0.265984
v 0.008371 0.121385 0.267994
v -0.002315 0.062009 0.392966
v 0.000954 0.060119 0.567177
v -0.016770 0.058334 0.089561
v -0.012512 0.063810 0.086771
v -0.012751 0.065249 0.090165
v -0.014783 0.055914 0.117737
v -0.017418 0.065249 0.127992
v -0.015287 0.061390 0.129877
v -0.006786 0.068320 0.177533
v -0.006474 0.054732 0.186809
v -0.027952 0.047754 0.048239
v -0.025839 0.047793 0.052160
v 0.008694 0.053920 0.131813
v 0.005301 0.068344 0.131813
v -0.009769 0.068328 0.190126
v -0.003404 0.068328 0.187110
v 0.004777 0.121314 0.257513
v -0.002868 0.121314 0.265908
v 0.016271 0.122736 0.221293
v 0.016271 0.115766 0.216417
v 0.000954 0.054652 0.388542
v 0.011104 0.055537 0.380625
v 0.000954 0.051830 0.276616
v -0.009198 0.055537 0.380625
v 0.021280 0.071062 0.069277
v 0.022957 0.065901 0.048968
v 0.014121 0.065779 0.095669
v 0.017769 0.056525 0.075561
v 0.021192 0.051951 0.065708
v 0.012937 0.051444 0.073173
v 0.000954 0.051830 0.276616
v 0.011104 0.055537 0.380625
v -0.005954 0.118981 0.231926
v -0.005954 0.120896 0.221896
v 0.007844 0.109462 0.285765
v 0.000954 0.111577 0.210033
v -0.004916 0.129571 0.556997
v -0.002041 0.130641 0.557827
v 0.007496 0.071641 0.131813
v 0.008380 0.054732 0.186809
v -0.011931 -0.009156 0.150237
v -0.011931 0.002832 0.192237
v -0.011931 0.022177 0.185049
v -0.009769 -0.105590 0.217046
v -0.009769 -0.101393 0.220665
v -0.009769 -0.122137 0.238410
v -0.002041 0.130641 0.573411
v -0.002890 0.132160 0.559435
v 0.016513 0.124232 0.121055
v 0.018839 0.116039 0.131813
v 0.010240 0.129257 0.122991
v 0.012245 0.128855 0.122714
v -0.015124 0.116972 0.118164
v -0.010165 0.106696 0.122639
v -0.024555 0.118073 0.072645
v -0.025011 0.115854 0.072092
v -0.023698 0.111296 0.070257
v -0.021743 0.111577 0.069604
v -0.024682 0.115605 0.076415
v -0.022980 0.110636 0.076792
v -0.020574 0.109856 0.076767
v -0.021458 0.111135 0.077521
v -0.010146 0.109816 0.115525
v -0.021669 0.110580 0.070081
v -0.022265 0.115798 0.059173
v -0.020821 0.116192 0.058469
v -0.022290 0.116779 0.057916
v -0.023576 0.113771 0.063471
v -0.023395 0.119681 0.071614
v -0.021756 0.120244 0.071766
v -0.022428 0.122294 0.053241
v -0.022416 0.121112 0.052964
v -0.021137 0.121434 0.053367
v -0.020645 0.117695 0.058619
v 0.018308 0.121554 0.135432
v 0.012390 0.127352 0.134929
v -0.023510 0.116200 0.059449
v -0.022077 0.120276 0.068196
v -0.023888 0.120743 0.067493
v -0.023515 0.121442 0.063370
v -0.024801 0.121024 0.062114
v -0.022111 0.121370 0.067744
v 0.000954 0.119834 0.284609
v 0.014239 0.117277 0.284609
v -0.023734 0.122318 0.063068
v -0.011440 0.035259 -0.066200
v -0.009840 -0.014864 -0.210501
v -0.004758 -0.022044 -0.208566
v 0.000954 -0.024561 -0.208440
v -0.011426 -0.007716 -0.213165
v 0.000954 -0.022945 -0.213618
v 0.008371 0.117905 0.261962
v -0.006462 0.121385 0.259951
v -0.023578 0.059082 0.172406
v -0.022084 0.069277 0.186783
v -0.021410 0.062564 0.187964
v 0.000954 0.045864 0.059952
v 0.011373 0.045864 0.059952
v 0.010114 0.032453 0.061913
v 0.009526 0.016348 0.068498
v 0.000954 0.016348 0.068498
v -0.012314 -0.038052 -0.015478
v -0.012308 -0.036557 -0.018821
v 0.014214 0.011379 0.040849
v 0.014223 0.019990 0.048164
v 0.014612 0.044722 -0.006756
v 0.016985 0.059846 -0.013191
v 0.000954 0.032453 0.061913
v 0.016985 0.059492 -0.017163
v -0.003085 0.122809 0.222701
v -0.003085 0.122809 0.230343
v -0.012703 0.044722 -0.006756
v -0.012703 0.045285 -0.003389
v -0.012473 0.053333 0.044519
v -0.015076 0.059846 -0.013191
v -0.015076 0.067009 0.039995
v -0.009467 0.045864 0.059952
v -0.012473 0.054137 0.048214
v 0.000954 0.054137 0.049320
v 0.014214 0.018125 0.051054
v -0.018856 0.089997 0.210561
v -0.009993 0.099894 0.210838
v -0.003212 0.128590 0.574717
v -0.002890 0.132160 0.571601
v 0.015344 0.116272 0.270357
v -0.011741 0.119545 0.269000
v -0.003822 0.120630 0.556519
v -0.003822 0.100417 0.556897
v -0.003822 0.091171 0.547220
v -0.012308 -0.040593 -0.018796
v 0.031108 0.090696 0.117812
v 0.031969 0.090938 0.112710
v 0.033693 0.092151 0.105195
v 0.032831 0.092055 0.112987
v 0.034208 0.092281 0.113037
v 0.024424 0.088300 0.130481
v 0.027539 0.085792 0.126686
v 0.032121 0.085405 0.136287
v 0.035824 0.087432 0.135408
v 0.029162 0.084818 0.128595
v 0.033706 0.087834 0.137619
v 0.035555 0.091419 0.112836
v 0.004510 0.026439 0.073525
v -0.002601 0.022523 0.081216
v 0.008222 0.014740 0.097277
v 0.008221 0.020223 0.064124
v 0.027135 0.096566 0.104944
v 0.025971 0.095103 0.110323
v 0.024404 0.096067 0.110020
v 0.000954 0.080461 0.584997
v 0.000954 0.076883 0.584997
v 0.003056 0.079778 0.584997
v 0.025880 0.113233 0.077622
v 0.026642 0.112751 0.076918
v 0.027279 0.115645 0.077094
v 0.027090 0.118547 0.072067
v 0.025304 0.119681 0.071614
v 0.023663 0.120244 0.071766
v 0.022503 0.119770 0.067944
v 0.022022 0.119673 0.071614
v 0.021560 0.120485 0.072520
v 0.023505 0.120293 0.073173
v 0.012074 0.106696 0.122639
v 0.003775 0.109945 0.124273
v 0.023583 0.121193 0.072720
v 0.005369 0.103713 0.130154
v 0.024051 0.120767 0.066562
v 0.024167 0.121844 0.063672
v 0.024246 0.137225 0.050677
v 0.025478 0.120268 0.066361
v 0.026515 0.118105 0.071238
v 0.023995 0.112582 0.064828
v 0.024020 0.112075 0.063672
v 0.024047 0.113273 0.063244
v 0.025799 0.112702 0.063948
v 0.025482 0.113771 0.063471
v 0.024174 0.115798 0.059173
v 0.025643 0.116192 0.058469
v 0.026708 0.117486 0.059449
v 0.026287 0.118234 0.059022
v 0.026608 0.119698 0.060128
v 0.026332 0.122970 0.056483
v 0.025308 0.122520 0.053543
v 0.026030 0.123178 0.054397
v 0.025417 0.116200 0.059449
v 0.024366 0.140208 0.050526
v 0.024139 0.140176 0.050677
v 0.026047 0.129370 0.051280
v 0.000954 0.116851 0.028106
v -0.000529 0.115645 0.026422
v -0.000529 0.119561 0.013251
v 0.000954 0.120686 0.009631
v 0.000954 0.119537 0.022501
v 0.000954 0.117526 0.012472
v 0.000954 0.115050 0.013728
v -0.000529 0.115002 0.015262
v 0.000954 0.112565 0.014508
v -0.009943 0.106278 0.013728
v -0.012262 0.108111 0.010486
v -0.010427 0.106664 0.010964
v -0.024333 0.077575 0.196586
v -0.025865 0.079287 0.191232
v -0.028223 0.089659 0.181907
v 0.021547 0.110740 0.178438
v 0.022706 0.106825 0.166072
v 0.006486 0.080751 -0.064416
v 0.000954 0.082648 -0.064693
v 0.005744 0.081153 -0.061676
v -0.001813 0.081450 -0.059666
v -0.004441 0.079207 -0.061023
v -0.003838 0.081153 -0.061676
v -0.004579 0.080751 -0.064416
v -0.005276 0.078749 -0.064115
v -0.009198 0.052939 0.235445
v -0.009198 0.053430 0.242256
v -0.009198 0.050093 0.242256
v 0.011104 0.058688 0.388542
v 0.011676 -0.032311 0.218856
v 0.013837 -0.050996 0.232177
v 0.011676 -0.071612 0.263068
v 0.011676 -0.069915 0.270684
v 0.011676 -0.048625 0.234867
v 0.011676 -0.058587 0.254975
v 0.019553 0.110459 0.004856
v 0.021325 0.109969 0.006917
v 0.022089 0.112461 0.001563
v 0.011104 0.063336 0.391282
v 0.011104 0.112115 0.391282
v 0.011104 0.112115 0.393268
v 0.011104 0.062796 0.393268
v 0.011104 0.116746 0.391734
v -0.007902 0.049924 0.190076
v -0.007891 0.049924 0.130179
v -0.007071 0.051050 0.189397
v -0.005852 0.116104 0.216166
v -0.007644 0.123115 0.251480
v -0.006462 0.121385 0.267994
v 0.008371 0.121385 0.259951
v 0.015344 0.114922 0.273625
v 0.016271 0.126588 0.216417
v -0.003085 0.124393 0.226521
v 0.015344 0.119545 0.269000
v -0.014365 0.126588 0.218604
v 0.004777 0.121314 0.265908
v 0.016271 0.115766 0.221595
v -0.005954 0.120896 0.231146
v -0.009993 0.089997 0.210838
v 0.004994 0.124393 0.226521
v -0.037067 0.089997 0.209681
v 0.000954 0.060119 0.392966
v -0.011026 0.051669 0.210586
v 0.000954 0.047793 0.052160
v 0.000954 0.084401 0.022727
v 0.000954 0.047793 0.052160
v -0.025839 0.045743 0.049420
v 0.000954 0.067669 0.567177
v -0.023142 0.096380 0.128746
v -0.017642 0.107967 0.210360
v 0.022365 0.067412 0.126987
v 0.015505 0.067444 0.126987
v 0.021099 0.062668 0.129199
v 0.015498 0.062362 0.129325
v 0.021099 0.062668 0.129199
v 0.015505 0.067444 0.126987
v 0.021344 0.072035 0.126208
v 0.019680 0.073780 0.126510
v 0.015509 0.072445 0.126233
v 0.014508 0.091500 0.006112
v 0.015511 0.074945 0.126686
v 0.015509 0.072445 0.126233
v 0.019680 0.073780 0.126510
v 0.007496 0.071641 0.131813
v 0.015509 0.072445 0.126233
v 0.015505 0.067444 0.126987
v 0.021344 0.072035 0.126208
v -0.006474 0.068328 0.187110
v -0.003401 0.068328 0.190126
v 0.022365 0.067412 0.126987
v 0.021344 0.072035 0.126208
v 0.015505 0.067444 0.126987
v 0.000954 0.051845 0.380625
v 0.021099 0.062668 0.129199
v 0.015498 0.062362 0.129325
v 0.018215 0.060103 0.130556
v 0.000954 0.051845 0.380625
v 0.000954 0.051845 0.380625
v 0.015495 0.060103 0.130556
v 0.018215 0.060103 0.130556
v 0.015498 0.062362 0.129325
v 0.000954 0.112317 0.285765
v 0.008694 0.053920 0.131813
v -0.002890 0.132160 0.559435
v -0.002890 0.132160 0.571601
v 0.011104 0.119834 0.284609
v -0.002041 0.130641 0.573411
v 0.004510 0.022523 0.081216
v 0.008221 0.014740 0.064326
v -0.006313 0.047078 0.095241
v -0.006313 0.014740 0.064326
v -0.006313 0.020223 0.064124
v 0.012941 0.051050 0.130732
v 0.013267 0.049924 0.130179
v 0.012941 0.051050 0.189397
v 0.000954 0.080799 0.589697
v 0.013260 0.049924 0.190076
v 0.012941 0.051050 0.189397
v 0.013267 0.049924 0.130179
v -0.007071 0.051050 0.130732
v -0.007071 0.051050 0.189397
v -0.007891 0.049924 0.130179
v -0.016325 0.082689 0.061460
v -0.016325 0.066559 0.135232
v 0.000954 0.072967 0.589697
v -0.001412 0.088019 0.574893
v 0.000954 0.113144 0.465832
v 0.003319 0.088019 0.579241
v 0.003994 0.092770 0.451807
v 0.012677 0.107830 0.215613
v 0.009399 0.107830 0.215613
v -0.003156 0.044755 0.130330
v -0.010771 0.113064 0.238058
v -0.016325 0.082689 0.061460
v -0.007493 0.107830 0.215613
v -0.009769 0.044755 0.127037
v -0.007493 0.107830 0.215613
v 0.009550 0.123115 0.259700
v 0.009550 0.116104 0.216166
v 0.000954 0.084401 0.022727
v 0.016461 0.084401 -0.028775
v 0.009550 0.123115 0.251480
v 0.009550 0.121652 0.279380
vn -0.0000 0.0022 1.0000
vn -1.0000 0.0022 -0.0000
vn -0.0019 -0.2949 0.9555
vn 0.0038 -0.5866 0.8098
vn -0.0038 -0.6351 0.7724
vn -0.0019 -0.2612 0.9653
vn -0.0019 -0.0633 0.9980
vn 0.0019 0.3322 0.9432
vn -0.0000 0.5973 0.8020
vn -0.0000 0.6682 0.7440
vn 0.0019 0.7306 0.6828
vn 0.0019 0.7307 0.6827
vn -0.1355 0.0022 -0.9908
vn 0.0302 0.0021 -0.9995
vn 0.0302 0.0022 -0.9995
vn 0.2685 0.0022 -0.9633
vn 0.3333 0.0022 -0.9428
vn 0.2098 0.0022 -0.9778
vn -0.0000 0.0022 -1.0000
vn -0.4580 0.0022 -0.8889
vn -0.8518 -0.0022 -0.5238
vn -0.9591 -0.0022 -0.2830
vn -0.0000 -1.0000 -0.0000
vn 0.0019 -0.3032 0.9529
vn 0.0018 -0.3032 0.9529
vn 0.0038 -0.2274 0.9738
vn -0.0000 -0.4565 0.8897
vn -0.0019 -0.7654 0.6435
vn 0.0038 -0.9237 0.3832
vn 0.0036 -0.9237 0.3832
vn 0.0019 -0.9855 0.1696
vn 0.0019 -0.9966 0.0829
vn -0.3106 0.9482 0.0670
vn -0.5872 0.8059 0.0751
vn -0.5872 0.8059 0.0750
vn -0.9486 0.3074 0.0754
vn -0.9762 -0.2061 0.0679
vn -0.9096 -0.4092 0.0717
vn -0.6697 -0.7395 0.0679
vn -0.4961 -0.8656 0.0679
vn -0.3105 -0.9482 0.0675
vn 0.0019 -0.3812 0.9245
vn 0.0019 -0.7063 0.7079
vn 0.3093 -0.9510 -0.0000
vn 0.2993 -0.9286 -0.2192
vn 0.5885 -0.8085 -0.0000
vn 0.4910 -0.7682 -0.4108
vn 0.8596 -0.3322 -0.3882
vn 0.5921 -0.7512 -0.2918
vn 0.8917 -0.2907 -0.3469
vn 0.8253 -0.2697 0.4961
vn 0.9196 0.2571 -0.2969
vn 0.8257 0.2697 0.4954
vn 0.5272 0.6352 0.5644
vn 0.7678 0.3032 0.5644
vn 0.5122 0.7001 0.4975
vn 0.5880 0.8089 -0.0000
vn 0.2687 0.8334 0.4829
vn 0.3094 0.9509 -0.0000
vn 0.2793 -0.8571 -0.4328
vn 0.2730 -0.8335 0.4803
vn 0.5115 -0.7001 0.4982
vn 0.5258 -0.6351 0.5658
vn 0.8929 -0.2146 0.3959
vn 0.9785 0.2062 -0.0000
vn 0.9124 -0.4093 -0.0000
vn 0.4969 -0.8678 -0.0000
vn 0.2925 -0.9023 0.3166
vn 0.3095 -0.9509 -0.0000
vn 0.9785 -0.2061 -0.0000
vn 0.8953 0.3322 -0.2969
vn 0.9516 0.3073 -0.0000
vn 0.6698 0.7425 -0.0000
vn 0.5021 0.7710 -0.3918
vn 0.2940 0.9023 0.3154
vn 0.2686 0.8335 0.4829
vn 0.2926 0.8985 -0.3272
vn 0.2751 0.8568 -0.4362
vn 0.5084 0.8161 -0.2747
vn 0.0038 0.3445 -0.9388
vn 0.0037 0.3445 -0.9388
vn 0.0019 0.7483 -0.6634
vn 0.0038 0.8358 -0.5490
vn 0.0019 0.9670 -0.2549
vn -0.0018 0.9995 0.0305
vn 0.0037 0.9914 0.1307
vn -0.0000 0.9723 0.2338
vn 0.3105 -0.9482 0.0675
vn 0.5872 -0.8059 0.0754
vn 0.9486 -0.3074 0.0754
vn 0.9762 0.2061 0.0678
vn 0.9099 0.4092 0.0678
vn 0.6697 0.7395 0.0677
vn 0.4951 0.8656 0.0750
vn 0.3106 0.9482 0.0670
vn -0.3094 0.9509 0.0037
vn -0.5884 0.8086 -0.0038
vn -0.2719 0.8334 0.4811
vn -0.5095 0.7001 0.5002
vn -0.8256 0.2697 0.4956
vn -0.8913 0.2146 0.3994
vn -0.7216 -0.2359 0.6509
vn -0.9196 -0.2571 -0.2972
vn -0.5557 -0.7626 0.3311
vn -0.5788 -0.7064 -0.4075
vn -0.2890 -0.8985 -0.3304
vn -0.5649 -0.7512 -0.3414
vn -0.2993 -0.9286 -0.2193
vn -0.4969 -0.8678 -0.0038
vn -0.3094 -0.9509 -0.0038
vn -0.5258 -0.6352 0.5658
vn -0.8234 -0.2697 0.4993
vn -0.9516 -0.3073 -0.0000
vn -0.9516 0.3074 -0.0000
vn -0.5885 0.8085 -0.0037
vn -0.2365 -0.7395 0.6302
vn -0.2925 -0.9023 0.3167
vn -0.4967 -0.8679 -0.0038
vn -0.9844 0.1761 0.0038
vn -0.9357 0.3527 0.0038
vn -0.9278 0.3730 0.0038
vn -0.9767 0.2146 0.0038
vn -0.9983 0.0590 0.0038
vn -0.8668 -0.4987 -0.0038
vn -0.8667 -0.4987 -0.0038
vn 0.0001 -1.0000 -0.0000
vn 0.8667 -0.4989 -0.0000
vn 0.8668 -0.4987 -0.0000
vn 0.8667 0.4989 -0.0000
vn 0.8668 0.4987 -0.0000
vn 0.0001 1.0000 -0.0000
vn -0.5002 0.8659 -0.0000
vn -0.2926 0.8985 -0.3272
vn -0.5771 0.7063 -0.4100
vn -0.8923 0.3609 -0.2713
vn -0.8580 0.3322 -0.3917
vn -0.8970 -0.2781 -0.3435
vn -0.9124 -0.4092 0.0038
vn -0.9785 0.2061 0.0038
vn -0.5885 0.8085 -0.0038
vn -0.4920 0.7682 -0.4096
vn -0.3002 0.9286 -0.2181
vn -0.3094 0.9509 0.0038
vn 0.0019 -0.4448 0.8956
vn 0.0038 0.3812 0.9245
vn -0.0000 0.6043 0.7968
vn 0.0038 0.3811 0.9245
vn -0.0038 0.7981 0.6026
vn -0.0000 0.9236 0.3834
vn -0.0000 0.9236 0.3833
vn 0.0037 -0.6747 -0.7380
vn 0.0038 -0.6747 -0.7380
vn 0.0038 -0.6748 -0.7380
vn 1.0000 0.0022 -0.0000
vn -0.2507 -0.9681 -0.0000
vn -0.6954 -0.7186 -0.0000
vn -0.3178 -0.9482 -0.0000
vn -0.7231 -0.6907 -0.0038
vn -0.6502 -0.7598 0.0038
vn -0.9905 -0.1372 -0.0000
vn -0.9905 0.1372 0.0038
vn -0.7079 0.7063 -0.0000
vn -0.3830 0.9237 -0.0000
vn -0.8557 -0.5175 -0.0000
vn 0.9403 -0.3404 -0.0000
vn 0.5707 -0.8212 -0.0000
vn 0.7380 -0.6748 -0.0000
vn 0.6267 -0.7793 -0.0000
vn 0.9905 -0.1372 -0.0000
vn 0.9905 0.1372 -0.0000
vn 0.7968 0.6043 -0.0000
vn 0.6026 0.7980 -0.0000
vn 0.3832 0.9237 -0.0000
vn 0.2507 -0.9681 -0.0000
vn 0.3178 -0.9482 -0.0000
vn 0.0019 -0.8568 -0.5156
vn 0.0019 -0.8567 -0.5158
vn -0.0019 -0.7032 -0.7110
vn -0.0019 -0.6043 -0.7968
vn 0.0038 -0.2655 -0.9641
vn -0.0019 0.4797 0.8774
vn 0.0038 0.4643 0.8857
vn -0.0019 0.4604 0.8877
vn -0.0019 0.5361 0.8441
vn -0.0000 0.6519 0.7583
vn 0.0038 0.6812 0.7321
vn -0.0000 0.8111 0.5849
vn -0.0000 0.8110 0.5850
vn -0.0019 0.9097 0.4153
vn -0.0019 0.9097 0.4152
vn -0.0000 0.9753 0.2210
vn 0.0019 0.9902 0.1394
vn 0.0019 0.9950 -0.1003
vn 0.5005 -0.8657 -0.0000
vn 0.4933 -0.8500 0.1849
vn 0.8874 -0.3852 0.2534
vn 0.7777 -0.5724 0.2598
vn 0.9240 0.3199 0.2095
vn 0.8574 -0.4945 0.1428
vn 0.7903 0.5902 0.1649
vn 0.8673 -0.0022 0.4978
vn 0.4896 0.8522 0.1844
vn 0.4910 0.8499 0.1911
vn 0.8085 0.5579 0.1870
vn 0.8667 0.4988 -0.0000
vn 0.5006 0.8657 -0.0000
vn 0.4910 0.8500 0.1910
vn 0.5004 -0.8658 -0.0000
vn 0.8667 -0.4988 -0.0000
vn 0.8573 -0.4946 0.1428
vn 0.7902 0.5902 0.1649
vn 0.4914 0.8497 0.1911
vn 0.8085 0.5580 0.1870
vn 0.5004 0.8658 -0.0000
vn -0.5004 -0.8658 -0.0000
vn -0.4934 -0.8500 0.1848
vn -0.8874 -0.3852 0.2534
vn -0.8572 0.4949 0.1426
vn -0.7964 0.5544 0.2417
vn -0.4846 0.8382 0.2501
vn -0.4910 0.8499 0.1912
vn -0.4969 0.8590 0.1231
vn -0.9055 0.3893 0.1688
vn -0.8673 -0.0022 0.4978
vn -0.8477 -0.4873 0.2095
vn -0.4977 -0.8590 0.1197
vn -0.8084 -0.5580 0.1873
vn -0.4933 -0.8500 0.1849
vn -0.4933 -0.8499 0.1850
vn -0.0000 1.0000 -0.0000
vn 0.4959 -0.8590 0.1271
vn 0.4894 -0.8522 0.1848
vn -0.5006 0.8657 -0.0000
vn -0.8667 0.4988 -0.0000
vn -0.5005 -0.8657 -0.0000
vn -0.8874 -0.3852 0.2533
vn -0.8572 0.4949 0.1427
vn -0.4968 0.8591 0.1231
vn -0.8673 -0.0021 0.4978
vn 0.4959 -0.8590 0.1270
vn 0.5006 -0.8657 -0.0000
vn 0.8666 -0.4989 -0.0000
vn 0.8666 -0.4990 -0.0000
vn -0.8668 0.4987 -0.0000
vn -0.5005 0.8657 -0.0000
vn -0.0019 0.9523 -0.3053
vn -0.0017 0.9522 -0.3053
vn 0.0019 0.1632 -0.9866
vn -0.0019 0.3279 -0.9447
vn -0.0000 0.5903 -0.8072
vn -0.0019 0.6907 -0.7231
vn 0.0019 0.8635 -0.5044
vn -0.0038 0.9286 -0.3711
vn -0.0038 0.9286 0.3710
vn 0.0019 0.8635 0.5044
vn -0.0019 0.6419 0.7668
vn -0.0018 0.6419 0.7668
vn 0.0038 0.2486 0.9686
vn -0.0000 0.5903 0.8072
vn -0.0019 0.6907 0.7231
vn 0.0038 0.8985 -0.4389
vn -0.0019 0.6419 -0.7668
vn 0.0038 0.2486 -0.9686
vn 0.0019 0.9890 -0.1480
vn 0.0018 0.9890 -0.1480
vn 0.0093 0.9890 -0.1477
vn -0.0000 0.9883 -0.1524
vn 0.0167 0.9896 -0.1427
vn 0.0019 0.9896 -0.1437
vn 0.0331 0.9908 -0.1309
vn 0.0942 0.9509 -0.2947
vn 0.0458 0.9962 -0.0743
vn 0.0129 0.9972 -0.0731
vn -0.0000 0.9935 -0.1134
vn 0.0067 1.0000 -0.0056
vn -0.0018 0.9969 0.0785
vn -0.0019 0.9870 0.1610
vn 0.0038 0.8568 0.5157
vn 0.0019 0.6617 0.7497
vn 0.0019 0.5176 0.8556
vn 0.0019 0.5175 0.8557
vn -0.0000 0.5101 0.8601
vn 0.0038 -0.8007 0.5990
vn -0.0019 -0.5101 -0.8601
vn -0.0037 -0.5213 -0.8534
vn -0.0000 -0.5176 -0.8556
vn 0.0019 -0.5938 -0.8046
vn 0.0038 -0.6584 -0.7526
vn -0.0019 -0.8334 -0.5526
vn -0.0019 -0.9647 -0.2634
vn 0.0001 -0.9914 -0.1307
vn -0.0002 -1.0000 -0.0000
vn -0.0039 -0.9998 0.0170
vn 0.0005 -1.0000 -0.0002
vn -0.0038 -0.9998 0.0215
vn 0.0019 -0.9969 0.0785
vn -0.0038 -0.9936 0.1133
vn -0.0018 -0.9890 0.1480
vn -0.0019 -0.9890 0.1480
vn -0.0038 -0.9877 0.1566
vn -0.0000 0.0371 -0.9993
vn 0.0038 0.0764 -0.9971
vn -0.0019 0.1155 -0.9933
vn -0.0018 0.1155 -0.9933
vn -0.0151 0.0109 -0.9998
vn -0.0076 0.0197 -0.9998
vn -0.0151 0.0285 -0.9995
vn 0.0076 0.0284 -0.9996
vn 0.0075 0.0197 -0.9998
vn 0.0151 0.0109 -0.9998
vn -1.0000 0.0020 -0.0000
vn -0.0019 -0.6452 0.7640
vn -0.0019 -0.6043 0.7967
vn -0.0037 0.7063 0.7079
vn -0.0000 0.6043 0.7967
vn -0.0000 0.9237 0.3830
vn -0.0000 -0.5250 0.8511
vn -0.0000 -0.5249 0.8511
vn -0.0010 0.5508 0.8346
vn -0.0038 0.7980 0.6026
vn 0.9866 0.1631 -0.0000
vn 0.9706 0.2406 -0.0001
vn 0.8072 0.5903 -0.0001
vn 0.7140 0.7001 -0.0001
vn 0.6061 0.7954 -0.0000
vn 0.6060 0.7955 -0.0000
vn 0.9664 0.1588 0.2023
vn 0.9711 0.2103 -0.1129
vn 0.9443 0.3032 0.1280
vn 0.9408 0.1156 -0.3187
vn 0.9571 -0.0895 -0.2757
vn 0.9671 -0.0633 -0.2464
vn 0.9420 -0.1415 -0.3044
vn -0.2902 -0.7337 -0.6143
vn -0.3473 -0.4681 -0.8126
vn -0.5984 0.0328 -0.8005
vn -0.5324 0.3486 -0.7714
vn -0.2231 0.9186 -0.3263
vn -0.2175 0.7981 -0.5619
vn -0.0076 0.8522 -0.5231
vn -0.3538 0.6843 -0.6376
vn -0.8206 0.5361 -0.1981
vn -0.7410 0.0938 -0.6649
vn -0.8731 -0.3281 0.3606
vn -0.8889 -0.4409 -0.1242
vn -0.4815 -0.5903 0.6479
vn -0.4012 -0.5725 0.7151
vn -0.7664 -0.3239 0.5548
vn -0.5934 0.6844 -0.4237
vn -0.2043 0.7246 -0.6581
vn -0.1430 0.8700 -0.4719
vn 0.0094 0.8236 -0.5670
vn -0.2231 0.9186 -0.3262
vn -0.0940 0.9562 -0.2773
vn -0.3192 0.9468 -0.0412
vn 0.0222 0.9940 -0.1067
vn -0.0188 0.8985 -0.4386
vn -0.0019 0.8785 -0.4778
vn -0.0883 0.7955 -0.5995
vn -0.0019 0.8700 -0.4930
vn -0.1697 0.8721 -0.4589
vn -0.0038 0.7336 -0.6795
vn 0.0415 0.6008 -0.7983
vn -0.3156 0.6747 -0.6672
vn -0.0358 0.7569 -0.6525
vn -0.2779 0.9562 -0.0922
vn 0.2904 0.9425 -0.1655
vn 0.2412 0.9410 0.2372
vn 0.4623 0.8867 -0.0075
vn 0.2029 0.9753 0.0876
vn 0.3891 0.9168 -0.0896
vn 0.2396 0.9681 -0.0739
vn 0.7143 0.6907 0.1126
vn 0.3354 0.9410 0.0449
vn 0.6509 0.7395 0.1715
vn 0.4210 0.8806 0.2177
vn 0.7428 0.5903 0.3159
vn 0.5805 0.7682 0.2700
vn 0.8140 0.4911 0.3101
vn 0.7021 0.6486 0.2939
vn 0.7008 0.6181 0.3560
vn 0.7257 0.3893 0.5673
vn 0.3158 0.6617 0.6800
vn 0.4099 0.8161 0.4073
vn -0.0151 0.6352 0.7722
vn -0.0196 0.9984 0.0532
vn -0.4705 0.7710 0.4292
vn -0.0325 0.9962 0.0810
vn -0.4056 0.8927 0.1965
vn 0.1973 0.9702 0.1406
vn -0.4275 0.8634 0.2678
vn -0.0324 0.9958 0.0857
vn -0.2329 0.9647 0.1229
vn -0.3300 0.9439 -0.0075
vn -0.6130 0.7766 0.1457
vn -0.6982 0.7155 0.0226
vn -0.9768 0.1975 0.0829
vn -0.9834 -0.0197 0.1802
vn -1.0000 0.0022 -0.0076
vn -0.8716 -0.4448 0.2059
vn -0.9818 -0.1761 -0.0717
vn -0.7604 -0.6486 -0.0340
vn -0.9465 -0.2571 0.1950
vn -0.9979 -0.0240 0.0604
vn -0.9466 0.1329 0.2937
vn -0.9302 0.3239 0.1726
vn -0.9043 0.3486 0.2462
vn -0.8017 0.5176 0.2989
vn -0.2965 0.9439 0.1452
vn -0.0274 0.9950 -0.0965
vn -0.0000 0.8110 -0.5850
vn 0.3066 0.6843 -0.6616
vn -0.0396 0.5653 -0.8239
vn 0.0508 0.7626 -0.6449
vn -0.2068 0.6552 -0.7266
vn -0.2821 0.9468 -0.1549
vn -0.2581 0.6939 -0.6722
vn -0.6417 0.7598 -0.1051
vn -0.7229 -0.4797 0.4972
vn -0.0377 0.6283 -0.7770
vn 0.1102 0.8700 -0.4806
vn 0.6887 0.3074 0.6567
vn 0.6512 0.3568 0.6698
vn 0.8062 0.3527 0.4750
vn 0.8714 0.4565 0.1798
vn 0.9158 0.4016 -0.0000
vn 0.6763 0.7366 -0.0000
vn 0.6764 0.7365 -0.0000
vn 0.1652 0.9863 -0.0000
vn -0.1652 0.9863 0.0037
vn -0.6060 0.7954 0.0038
vn -0.7439 0.6683 -0.0000
vn -0.8465 0.5324 0.0038
vn -0.8620 0.4565 0.2202
vn -0.8050 0.3812 0.4546
vn -0.7163 0.2613 0.6470
vn -0.6887 0.3074 0.6567
vn -0.6782 0.6452 0.3517
vn -0.2369 0.7032 0.6703
vn -0.3544 0.8743 0.3318
vn -0.0132 0.8743 0.4853
vn -0.2654 0.9023 0.3397
vn -0.0707 0.9599 0.2711
vn -0.2779 0.9574 0.0780
vn -0.0151 0.8522 0.5230
vn -0.0113 0.8453 0.5342
vn -0.0000 0.6683 0.7439
vn 0.0860 0.8867 0.4542
vn 0.4216 0.8476 0.3221
vn 0.9094 0.3933 0.1353
vn 0.8240 0.5398 0.1723
vn 0.9976 0.0328 0.0603
vn 0.8979 0.4212 0.1279
vn 0.9949 0.0982 -0.0226
vn 0.8622 0.5063 -0.0151
vn 0.9436 0.2949 -0.1502
vn 0.9485 0.2865 -0.1353
vn 0.9793 -0.1975 -0.0453
vn 0.9837 -0.1717 -0.0528
vn 0.9387 0.3363 0.0754
vn 0.8491 0.4911 0.1946
vn 0.8648 0.4835 0.1353
vn 0.8904 0.3322 0.3111
vn 0.9449 0.1372 0.2971
vn 0.6553 -0.0633 0.7527
vn 0.9342 -0.1068 0.3405
vn 0.6559 -0.2655 0.7066
vn 0.9431 -0.2231 0.2465
vn 0.5774 -0.5100 0.6375
vn 0.9405 -0.2781 0.1950
vn 0.6799 -0.5796 0.4492
vn 0.9578 -0.2401 0.1578
vn 0.6885 -0.6318 0.3561
vn 0.9065 -0.4212 0.0302
vn 0.6301 -0.7247 0.2789
vn 0.8310 -0.5544 0.0453
vn 0.6540 -0.7541 0.0604
vn 0.8140 -0.5796 0.0377
vn 0.6916 -0.7217 0.0302
vn 0.6395 -0.7682 0.0302
vn 0.8814 0.4526 0.1352
vn 0.9617 0.2529 0.1055
vn 0.9127 0.4053 0.0528
vn 0.9316 0.3115 0.1874
vn 0.8539 0.5025 0.1353
vn 0.9198 0.3486 0.1801
vn 0.9257 0.2990 0.2317
vn 0.8597 0.2146 0.4636
vn 0.8999 0.3650 0.2388
vn 0.9777 -0.0022 0.2099
vn 0.8865 0.4565 0.0754
vn 0.9999 -0.0153 -0.0000
vn 0.9975 -0.0458 -0.0529
vn 0.9796 -0.0720 -0.1876
vn 0.9531 -0.2865 -0.0980
vn 0.9450 0.0721 -0.3190
vn 0.9745 0.1890 0.1205
vn 0.6416 0.7625 0.0827
vn 0.5887 0.8033 0.0900
vn 0.4775 0.8634 0.1627
vn 0.9225 0.3771 -0.0829
vn 0.5925 0.7955 0.1272
vn 0.9485 0.2655 0.1726
vn 0.6899 0.7032 0.1718
vn 0.9147 0.2486 0.3186
vn 0.9086 -0.4093 0.0830
vn 0.9741 -0.0284 0.2245
vn 0.9081 0.3157 -0.2752
vn 0.9819 0.1889 -0.0151
vn 0.9829 0.0808 0.1652
vn 0.9448 0.2317 0.2317
vn 0.8568 0.5063 0.0979
vn 0.9813 0.1502 0.1205
vn 0.9789 0.1199 0.1654
vn 0.9901 -0.1372 0.0302
vn 0.9734 -0.1068 0.2025
vn 0.9497 -0.2823 0.1355
vn 0.9451 -0.2146 0.2464
vn 0.8305 -0.4132 0.3736
vn 0.9555 -0.2781 0.0980
vn 0.9563 -0.2781 0.0905
vn 0.9629 -0.2697 -0.0075
vn 0.8635 -0.4987 0.0754
vn 0.8764 0.4643 0.1277
vn 0.8187 0.5581 0.1352
vn 0.8517 0.5213 -0.0528
vn 0.8282 0.2189 0.5159
vn 0.9349 0.2146 0.2828
vn 0.8174 -0.0458 0.5742
vn 0.9459 0.0590 0.3189
vn 0.9474 0.2865 0.1428
vn 0.7480 0.6585 -0.0828
vn 0.5418 0.8007 -0.2555
vn 0.4856 0.8406 -0.2399
vn 0.2644 0.7186 -0.6432
vn -0.1602 0.9862 0.0407
vn 0.2909 0.9549 -0.0598
vn 0.3582 0.9270 0.1112
vn -0.0296 0.9877 0.1538
vn -0.0165 0.9972 0.0724
vn -0.3113 0.9380 0.1523
vn -0.0712 0.9966 0.0425
vn 0.2781 0.9439 0.1779
vn -0.0522 0.9920 0.1151
vn -0.0275 0.9950 -0.0965
vn -0.0296 0.9990 -0.0321
vn 0.2084 0.9753 0.0736
vn 0.2150 0.9575 0.1924
vn 0.8212 0.5689 -0.0452
vn 0.4098 0.7874 -0.4604
vn 0.7928 0.5250 -0.3095
vn 0.6705 0.6147 -0.4154
vn 0.7272 0.5544 -0.4046
vn 0.6645 0.7336 -0.1423
vn 0.6954 0.7186 -0.0000
vn 0.2907 0.9468 -0.1382
vn 0.1822 0.9023 -0.3907
vn 0.2358 0.8568 -0.4586
vn 0.0132 0.8805 -0.4738
vn 0.1659 0.8764 -0.4521
vn 0.1158 0.8568 -0.5025
vn 0.0282 0.8590 -0.5112
vn -0.1297 0.8966 -0.4234
vn -0.2627 0.6008 -0.7550
vn 0.1854 0.4013 -0.8970
vn 0.1560 0.8310 -0.5339
vn -0.7782 -0.3156 -0.5430
vn -0.9124 0.1155 -0.3927
vn -0.9668 -0.1285 -0.2210
vn -0.4454 0.6351 -0.6310
vn 0.0038 0.7981 0.6025
vn 0.0038 0.7875 0.6163
vn -0.0000 0.7454 0.6666
vn 0.0038 0.7156 0.6985
vn 0.0018 0.5472 0.8370
vn 0.0019 0.5471 0.8370
vn -0.0019 0.4331 0.9014
vn 0.0038 0.3690 0.9294
vn -0.0019 0.2655 0.9641
vn -0.0019 0.2274 0.9738
vn 0.0038 0.0720 0.9974
vn -0.0019 0.0633 0.9980
vn -0.0000 0.9999 -0.0131
vn -0.0000 0.9999 -0.0130
vn -0.0000 -0.5177 -0.8556
vn -0.0000 -0.5175 -0.8557
vn -0.2246 0.0022 0.9745
vn -0.2246 0.0022 0.9744
vn -0.9946 -0.1025 -0.0151
vn -0.9987 -0.0502 -0.0113
vn -0.9987 -0.0503 -0.0113
vn 0.9851 0.1717 0.0076
vn 0.9851 0.1718 0.0076
vn 0.9416 0.3363 0.0151
vn -0.0019 0.9702 0.2422
vn -0.0019 0.9930 -0.1177
vn 0.0019 0.8847 -0.4662
vn -0.0019 -0.1760 0.9844
vn -0.0018 0.9523 -0.3053
vn -0.0038 -0.7901 -0.6129
vn 0.0019 -0.7710 -0.6368
vn 0.0018 -0.7156 -0.6985
vn 0.0019 -0.7155 -0.6986
vn -0.0000 -0.6385 -0.7696
vn -0.0000 -0.6386 -0.7696
vn -0.0000 -0.5544 -0.8322
vn 0.0038 -0.5138 -0.8579
vn -0.0000 -0.4173 -0.9088
vn -0.0019 -0.2613 -0.9653
vn 0.0038 -0.1588 -0.9873
vn -0.0000 -0.0066 -1.0000
vn -0.0000 -0.0065 -1.0000
vn -0.0000 0.0021 -1.0000
vn 0.0170 0.6452 0.7638
vn 0.0170 0.6552 0.7553
vn 0.0094 0.6617 0.7497
vn 0.0075 0.9133 0.4072
vn 0.0019 0.9151 0.4032
vn -0.0000 1.0000 0.0001
vn -0.0018 -0.5101 -0.8601
vn 0.0017 -0.6812 -0.7321
vn 0.0018 -0.6812 -0.7321
vn -0.0019 -0.9549 -0.2969
vn 0.0038 -0.9807 0.1954
vn 0.0038 -0.9220 0.3872
vn 0.0019 -0.9702 0.2422
vn 0.0019 -0.9702 0.2423
vn -0.0038 -0.9940 -0.1089
vn 0.0019 0.5617 0.8273
vn -0.0038 0.7336 0.6796
vn -0.0038 0.9380 0.3465
vn -0.0038 0.9380 0.3466
vn -0.0000 1.0000 -0.0001
vn 0.0038 0.9380 -0.3466
vn 0.0038 0.7337 -0.6795
vn 0.0038 0.7336 -0.6796
vn 0.0019 0.5617 -0.8274
vn 0.0245 -0.6317 0.7748
vn 0.0094 -0.6008 0.7994
vn 0.0113 -0.6112 0.7914
vn -0.0038 -0.5796 0.8149
vn -0.0038 -0.5725 0.8199
vn 0.0001 -0.5689 0.8224
vn -0.0000 -0.5617 0.8273
vn 0.0038 -0.5581 0.8298
vn 0.0038 -0.5287 0.8488
vn 0.0019 -0.4987 0.8668
vn 0.0038 -0.4013 0.9159
vn -0.0000 -0.2571 0.9664
vn 0.0038 -0.1846 0.9828
vn -0.0000 0.0415 0.9991
vn -0.0019 0.2018 0.9794
vn 0.0019 0.5761 0.8174
vn 0.0038 0.8453 0.5343
vn -0.0283 -0.6317 0.7747
vn -0.0113 -0.6112 0.7914
vn -0.0057 -0.6008 0.7994
vn -0.0001 -0.5689 0.8224
vn -0.0000 -0.5617 0.8274
vn 0.0019 -0.4988 0.8667
vn -0.0000 -0.2189 0.9757
vn -0.0000 -0.2188 0.9758
vn -0.0019 0.2017 0.9794
vn -0.0000 0.5025 0.8646
vn 0.0019 0.6452 0.7640
vn -0.4128 0.8261 0.3835
vn -0.5285 0.7454 0.4063
vn -0.8446 0.4911 0.2130
vn -0.8825 0.3892 0.2641
vn -0.9998 0.0197 0.0076
vn -0.9998 -0.0109 0.0151
vn -0.6453 0.4987 0.5787
vn -0.9109 0.2061 0.3574
vn -0.9998 -0.0153 0.0151
vn -0.7010 0.0982 0.7064
vn -0.9471 0.0371 0.3188
vn -0.9996 -0.0153 0.0227
vn -0.9149 -0.0764 0.3963
vn -0.6878 -0.1975 0.6985
vn -0.9102 -0.1415 0.3892
vn -0.9995 0.0022 0.0302
vn -0.9940 0.1025 0.0377
vn -0.9179 -0.0764 0.3894
vn -0.9535 0.2990 0.0377
vn -0.9088 0.0764 0.4101
vn -0.8867 0.4604 0.0415
vn -0.8793 0.2316 0.4161
vn -0.8164 0.5761 0.0413
vn -0.8283 0.3690 0.4216
vn -0.6880 0.7247 0.0377
vn -0.7001 0.5725 0.4267
vn -0.4644 0.8847 0.0413
vn -0.4943 0.7598 0.4224
vn -0.2659 0.9635 0.0300
vn -0.2731 0.8847 0.3778
vn -0.1050 0.9940 0.0294
vn -0.0956 0.8237 0.5589
vn -0.6782 -0.3074 0.6675
vn -0.6835 -0.2865 0.6714
vn -0.7007 -0.1760 0.6914
vn -0.7084 -0.0459 0.7043
vn -0.6938 0.0938 0.7140
vn -0.5991 0.3239 0.7322
vn -0.4672 0.5544 0.6887
vn -0.2065 0.6617 0.7207
vn -0.0283 0.5324 0.8460
vn 0.0038 0.9380 -0.3467
vn 0.0038 0.7247 -0.6890
vn -0.0019 0.4409 -0.8976
vn -0.0018 0.4409 -0.8976
vn 0.0037 0.9496 -0.3136
vn 0.0038 0.9496 -0.3136
vn 0.0037 0.8966 0.4428
vn -0.0019 0.9781 0.2083
vn 0.0019 -0.3812 -0.9245
vn 0.0020 -0.3813 -0.9245
vn 0.4128 0.8261 0.3835
vn 0.8455 0.4912 0.2093
vn 0.5285 0.7454 0.4063
vn 0.8835 0.3892 0.2605
vn 0.6453 0.4987 0.5787
vn 0.9095 0.2064 0.3609
vn 0.7010 0.0981 0.7064
vn 0.9471 0.0371 0.3188
vn 0.9149 -0.0764 0.3963
vn 0.9996 -0.0153 0.0227
vn 0.9995 0.0022 0.0302
vn 0.9998 -0.0153 0.0151
vn 0.9998 -0.0109 0.0151
vn 0.9998 0.0196 0.0075
vn -0.9245 -0.3812 0.0038
vn -0.7967 -0.6043 0.0038
vn -0.6025 -0.7981 0.0038
vn -0.1350 -0.9909 -0.0000
vn 0.1349 -0.9909 -0.0000
vn 0.6025 -0.7981 -0.0000
vn 0.7968 -0.6043 -0.0000
vn 0.9906 -0.1372 -0.0000
vn 0.9906 0.1372 -0.0000
vn 0.6025 0.7981 -0.0000
vn 0.1350 0.9908 -0.0000
vn -0.1350 0.9909 -0.0000
vn -0.6025 0.7981 -0.0000
vn -0.7967 0.6043 -0.0000
vn -0.9245 0.3812 -0.0000
vn 0.0321 0.5324 0.8459
vn 0.2029 0.6618 0.7217
vn 0.0919 0.8237 0.5596
vn 0.2761 0.8847 0.3756
vn 0.1050 0.9940 0.0294
vn 0.2659 0.9635 0.0300
vn 0.4641 0.5544 0.6908
vn 0.4943 0.7598 0.4224
vn 0.4647 0.8847 0.0376
vn 0.5991 0.3239 0.7322
vn 0.6982 0.5725 0.4299
vn 0.6881 0.7247 0.0377
vn 0.6966 0.0938 0.7113
vn 0.8283 0.3690 0.4216
vn 0.8165 0.5761 0.0378
vn 0.7057 -0.0459 0.7070
vn 0.8793 0.2315 0.4161
vn 0.8869 0.4604 0.0378
vn 0.6980 -0.1761 0.6941
vn 0.9088 0.0764 0.4101
vn 0.9535 0.2990 0.0377
vn 0.6861 -0.2865 0.6687
vn 0.9179 -0.0764 0.3894
vn 0.9940 0.1025 0.0377
vn 0.6782 -0.3074 0.6675
vn 0.9102 -0.1415 0.3892
vn 0.6878 -0.1975 0.6985
vn -0.7888 -0.4448 -0.4242
vn -0.4969 -0.8111 -0.3087
vn -0.3865 -0.6181 -0.6845
vn 0.2170 -0.3486 -0.9118
vn 0.1055 0.0981 -0.9896
vn 0.5491 -0.0197 -0.8355
vn 0.4742 0.2823 -0.8339
vn 0.7996 0.1588 -0.5791
vn 0.8341 -0.1545 -0.5295
vn 0.9332 -0.2018 -0.2973
vn 0.8174 -0.5063 -0.2747
vn 0.9009 -0.4330 -0.0302
vn 0.9453 -0.3240 -0.0378
vn 0.9125 -0.3932 0.1130
vn 0.9711 -0.2061 0.1205
vn 0.9465 -0.2571 0.1950
vn 0.8445 -0.4759 0.2458
vn 0.7671 -0.5867 0.2595
vn 0.6951 -0.6650 0.2731
vn 0.7407 -0.6283 0.2379
vn 0.7515 -0.6181 0.2307
vn 0.7509 -0.6552 0.0830
vn 0.7823 -0.1975 -0.5907
vn 0.8344 -0.0459 -0.5493
vn 0.9398 0.0327 -0.3402
vn 0.9993 0.0284 0.0227
vn 0.9605 -0.2656 0.0830
vn 0.8424 -0.5175 0.1502
vn 0.9181 -0.3568 0.1727
vn 0.9213 -0.3445 0.1801
vn 0.9104 -0.4053 -0.0830
vn 0.8987 -0.3852 0.2095
vn 0.9085 -0.3771 -0.1800
vn 0.8279 -0.5508 0.1055
vn 0.8724 -0.4874 0.0378
vn 0.6314 -0.7710 0.0830
vn 0.8563 -0.5138 0.0528
vn 0.8216 -0.4053 -0.4009
vn 0.9563 -0.2697 -0.1130
vn 0.9834 -0.0894 0.1579
vn 0.9573 -0.1242 0.2611
vn 0.9444 0.3115 0.1055
vn 0.9863 -0.1588 0.0453
vn 0.9992 -0.0153 -0.0377
vn 0.9779 -0.1760 0.1130
vn 0.9054 -0.3772 0.1948
vn 0.9001 -0.3932 0.1875
vn 0.6302 -0.5508 0.5473
vn 0.8176 -0.4133 0.4009
vn 0.9336 -0.3487 0.0829
vn 0.8093 -0.4093 0.4214
vn 0.6757 -0.2401 0.6970
vn 0.7532 -0.1285 0.6451
vn 0.5661 -0.2189 0.7947
vn 0.6435 -0.1458 0.7515
vn 0.9573 -0.2865 -0.0378
vn 0.9137 -0.0502 0.4034
vn 0.9797 0.1932 -0.0528
vn 0.8852 0.2444 0.3958
vn 0.9750 -0.0459 -0.2173
vn 0.8522 -0.1631 -0.4971
vn 0.2857 0.3812 -0.8793
vn 0.6225 0.0197 -0.7823
vn 0.3666 -0.0633 -0.9282
vn 0.6176 -0.3445 -0.7070
vn 0.3532 -0.3852 -0.8526
vn 0.6450 -0.2949 -0.7050
vn 0.3336 -0.4448 -0.8312
vn 0.5766 -0.5652 -0.5900
vn 0.3753 -0.8161 -0.4394
vn 0.5691 -0.7336 -0.3714
vn 0.4414 -0.8590 -0.2592
vn 0.6265 -0.7512 -0.2079
vn 0.4265 -0.9042 -0.0226
vn 0.6627 -0.7425 0.0979
vn 0.5562 -0.8161 0.1569
vn 0.8193 -0.3731 -0.4353
vn 0.8490 -0.2655 -0.4568
vn 0.8202 -0.4212 -0.3872
vn 0.8861 -0.4409 -0.1429
vn 0.8833 -0.4487 0.1355
vn 0.9753 -0.2146 -0.0528
vn 0.9160 -0.2529 -0.3115
vn -0.0000 0.9883 -0.1523
vn -0.0000 0.9536 -0.3011
vn -0.0000 0.8613 -0.5082
vn -0.0000 0.8212 -0.5707
vn 0.0018 0.5617 -0.8274
vn -0.0019 0.1502 -0.9887
vn 0.0038 -0.3281 -0.9446
vn -0.0019 -0.4949 -0.8690
vn -0.0000 -0.7954 -0.6061
vn -0.0000 -0.7955 -0.6059
vn 0.0038 -0.9115 -0.4112
vn 0.0037 0.7336 -0.6796
vn 0.0019 0.5617 -0.8273
vn -0.0019 0.9781 -0.2082
vn -0.0019 0.9097 -0.4152
vn -0.0019 0.9220 -0.3872
vn -0.0019 0.9781 0.2082
vn 0.7826 0.0022 0.6225
vn 0.7825 0.0022 0.6227
vn -0.0000 0.0372 -0.9993
vn -0.0075 -0.0066 -1.0000
vn -0.0076 0.0065 -0.9999
vn -0.0000 -0.0371 -0.9993
vn 0.0075 -0.0415 -0.9991
vn 0.0076 -0.0415 -0.9991
vn -0.0000 -0.0284 -0.9996
vn -0.0000 -0.6215 0.7834
vn -0.0000 -0.9482 0.3178
vn -0.0000 -0.9168 0.3993
vn 0.6001 -0.5973 0.5321
vn 0.4429 -0.7395 0.5069
vn 0.3821 -0.6907 0.6139
vn 0.2601 -0.5250 0.8104
vn 0.2151 -0.3115 0.9256
vn 0.2209 -0.1545 0.9630
vn 0.7633 -0.0022 0.6460
vn 0.2318 -0.1975 0.9525
vn 0.4694 -0.0590 0.8810
vn 0.2246 -0.0982 0.9695
vn 0.3578 0.4409 0.8232
vn 0.3246 0.4291 0.8429
vn 0.2080 0.9133 0.3502
vn 0.8853 -0.0153 0.4647
vn 0.8984 0.0851 0.4308
vn 0.9103 0.1889 0.3684
vn 0.9206 0.3690 0.1279
vn 0.8644 0.4604 0.2020
vn 0.8236 0.5654 -0.0452
vn 0.7533 0.6452 0.1275
vn 0.3772 0.9237 -0.0674
vn 0.4418 0.8590 0.2587
vn 0.7265 0.4053 0.5549
vn 0.9717 -0.2359 -0.0075
vn 0.9672 -0.2401 0.0829
vn 0.9901 0.0720 0.1205
vn 0.9801 -0.1932 0.0453
vn 0.9890 0.0372 0.1429
vn -0.0000 0.9237 -0.3831
vn 0.0038 0.7980 -0.6026
vn -0.0019 0.5509 -0.8346
vn 0.0038 0.3812 -0.9245
vn 0.0037 0.3812 -0.9245
vn 0.7443 -0.1760 -0.6442
vn 0.9275 0.2359 -0.2899
vn 0.7657 0.4053 -0.4994
vn 0.5480 0.6552 -0.5200
vn 0.8173 0.4987 -0.2887
vn 0.8140 0.4911 -0.3101
vn 0.9172 0.3973 0.0302
vn 0.9542 0.0720 0.2902
vn 0.9336 0.1889 0.3045
vn 0.8609 0.1761 0.4774
vn 0.8762 0.1025 0.4710
vn 0.9970 -0.0764 0.0078
vn 0.9997 -0.0240 -0.0000
vn 0.8199 -0.5725 0.0076
vn 0.9820 -0.1888 -0.0000
vn 0.2421 -0.9702 0.0076
vn 0.0916 -0.9958 -0.0000
vn 0.0611 -0.9981 -0.0000
vn 0.1177 -0.9930 -0.0000
vn 0.9999 -0.0066 0.0075
vn 0.9820 -0.1889 -0.0000
vn 0.9998 -0.0197 -0.0076
vn 0.9998 -0.0153 -0.0151
vn -0.9971 -0.0066 -0.0754
vn -0.9945 0.1025 0.0226
vn -0.9973 0.0546 -0.0491
vn -0.9261 0.3771 0.0038
vn -0.8463 0.5324 0.0188
vn -0.9922 0.1242 0.0075
vn -0.8366 0.5471 0.0264
vn -0.9828 0.1760 -0.0566
vn -0.8247 0.5653 -0.0189
vn -0.9380 0.3445 -0.0377
vn -0.7806 0.6250 -0.0075
vn -0.7991 0.6008 -0.0226
vn -0.3649 0.9286 -0.0673
vn -0.2516 0.9669 -0.0412
vn 0.1582 0.9847 -0.0728
vn 0.1990 0.9790 -0.0446
vn 0.4405 0.8946 -0.0749
vn 0.4324 0.9006 -0.0445
vn 0.6014 0.7981 -0.0377
vn 0.4467 0.8947 -0.0075
vn 0.6300 0.7766 -0.0075
vn -0.3374 0.9410 -0.0263
vn 0.1434 0.9890 -0.0368
vn 0.4686 0.8826 -0.0376
vn 0.6425 0.7626 -0.0752
vn 0.7718 0.6351 -0.0301
vn 0.7806 0.6250 0.0075
vn 0.8246 0.5617 -0.0678
vn 0.6885 0.7246 -0.0302
vn 0.6792 0.7336 0.0226
vn 0.3866 0.9220 0.0226
vn 0.3926 0.9186 0.0451
vn 0.1001 0.9949 0.0075
vn 0.0671 0.9966 0.0487
vn -0.3174 0.9482 0.0150
vn -0.3569 0.9334 0.0375
vn -0.1516 0.9772 -0.1489
vn -0.0473 0.9908 -0.1265
vn -0.0458 0.9962 -0.0743
vn -0.0165 0.9972 -0.0723
vn -0.0044 1.0000 -0.0076
vn -0.0019 0.9920 0.1264
vn -0.0000 0.9940 0.1090
vn -0.0000 0.8927 0.4507
vn 0.0038 0.8162 0.5778
vn -0.9616 0.1631 0.2208
vn -0.9796 0.1242 0.1578
vn -0.9568 0.1847 0.2245
vn -0.9945 0.1025 0.0228
vn -0.9997 0.0109 -0.0226
vn -0.9686 -0.2485 -0.0000
vn -0.9995 -0.0284 -0.0151
vn -0.9684 -0.2444 -0.0490
vn -0.9990 -0.0415 0.0151
vn -0.9835 -0.0109 -0.1803
vn -0.9877 -0.0546 -0.1467
vn -0.9887 -0.1460 0.0340
vn -0.9976 -0.0153 0.0679
vn -0.9912 0.0327 0.1279
vn -0.8731 -0.4873 0.0151
vn -0.7993 -0.6008 0.0113
vn -0.3170 0.9468 0.0561
vn 0.0899 0.9936 0.0690
vn 0.3907 0.9186 0.0600
vn 0.7100 0.7032 0.0377
vn 0.7545 0.6552 0.0377
vn 0.9309 0.3649 0.0151
vn 0.9784 0.2061 -0.0151
vn 0.9933 0.1025 -0.0528
vn 0.9967 0.0546 -0.0604
vn 0.9014 0.4330 -0.0075
vn 0.9953 0.0895 -0.0377
vn 0.9981 0.0546 -0.0302
vn 0.9711 0.2359 -0.0377
vn 0.8343 0.5508 -0.0226
vn -0.0000 0.0416 0.9991
vn 0.0019 0.3730 0.9278
vn -0.0000 0.4092 0.9125
vn -0.0018 0.5725 0.8199
vn 0.0038 0.8867 0.4624
vn 0.0038 0.8867 0.4623
vn -0.8327 0.5516 0.0485
vn -0.7618 0.6351 0.1275
vn -0.8527 0.5101 0.1129
vn -0.8894 0.4330 0.1464
vn -0.8664 0.4988 0.0226
vn -0.3259 0.9440 -0.0524
vn -0.8222 0.5689 0.0188
vn -0.7028 0.6938 0.1571
vn -0.8632 0.4487 0.2313
vn -0.9056 0.1760 0.3859
vn -0.8694 0.4526 0.1982
vn -0.8341 0.1545 0.5295
vn -0.9587 0.0546 0.2793
vn -0.8865 -0.2274 0.4030
vn -0.9623 -0.2697 -0.0340
vn -0.7492 -0.1242 0.6506
vn -0.9215 -0.1329 0.3648
vn -0.4701 -0.2401 0.8493
vn -0.5719 -0.4873 0.6599
vn -0.2316 -0.3487 0.9082
vn -0.2421 -0.5287 0.8135
vn -0.9899 0.1415 -0.0000
vn -0.9723 0.2317 0.0302
vn -0.8790 0.4604 -0.1241
vn -0.8683 0.4369 -0.2349
vn -0.9992 -0.0153 -0.0378
vn -0.9740 0.2060 0.0941
vn -0.9952 0.0372 0.0905
vn -0.9715 -0.2189 0.0905
vn -0.9722 -0.2231 0.0717
vn -0.9467 -0.3157 0.0642
vn -0.9529 -0.2948 0.0717
vn -0.9593 -0.2781 0.0491
vn -0.9622 -0.1975 0.1875
vn -0.8780 -0.4758 0.0528
vn -0.8516 -0.5176 0.0829
vn -0.7100 -0.6780 0.1906
vn -0.7838 -0.4409 0.4373
vn -0.5344 -0.5689 0.6251
vn -0.7718 -0.4681 0.4303
vn -0.4376 -0.7847 0.4390
vn -0.7185 -0.6317 0.2910
vn -0.3088 -0.6939 0.6505
vn -0.9621 0.1545 -0.2246
vn -0.9513 -0.2990 0.0754
vn -0.9721 0.2316 -0.0377
vn -0.0038 -0.8212 0.5707
vn -0.0000 0.8211 -0.5707
vn -0.8819 -0.0109 0.4713
vn -0.4879 -0.0677 0.8703
vn -0.6184 0.3445 0.7063
vn -0.2357 -0.0677 0.9695
vn -0.4002 0.3322 0.8541
vn -0.5095 0.8059 0.3015
vn -1.0000 0.0068 -0.0000
vn -0.9938 0.1112 0.0038
vn -0.9488 0.3157 -0.0000
vn -0.9489 0.3156 -0.0000
vn -0.0038 -0.5725 -0.8199
vn 0.3321 0.5398 0.7735
vn -0.2594 -0.1889 0.9471
vn -0.0038 -0.7365 0.6764
vn -0.0038 -0.3527 0.9357
vn -0.0038 -0.1545 0.9880
vn -0.0000 0.0414 0.9991
vn 0.7377 -0.5398 0.4055
vn 0.8780 -0.3812 0.2896
vn 0.9715 -0.1889 0.1430
vn 0.9927 -0.0022 -0.1205
vn 0.9547 -0.0022 -0.2975
vn 0.9377 -0.0022 -0.3475
vn 0.8889 -0.0066 -0.4580
vn 0.8596 -0.0153 -0.5108
vn 0.8270 -0.0240 -0.5617
vn 0.8308 -0.0415 -0.5551
vn 0.8460 -0.0589 -0.5298
vn 0.8490 -0.0720 -0.5235
vn 0.8869 -0.0633 -0.4576
vn 0.9490 -0.0459 -0.3119
vn 0.9739 -0.0324 -0.2245
vn 0.9958 -0.0109 -0.0905
vn 0.9990 -0.0068 -0.0453
vn 0.9951 -0.0153 -0.0980
vn 0.9817 -0.0328 -0.1876
vn 0.9413 -0.0546 -0.3332
vn 0.9219 -0.0633 -0.3823
vn 0.8353 -0.0895 -0.5425
vn 0.7513 -0.1068 -0.6512
vn 0.6350 -0.1285 -0.7617
vn 0.6116 -0.1285 -0.7807
vn 0.4971 -0.1415 -0.8561
vn 0.4014 -0.1502 -0.9035
vn 0.3010 -0.1545 -0.9410
vn -0.0000 0.9237 -0.3832
vn -0.0000 0.9236 -0.3834
vn -0.0000 0.6043 -0.7968
vn 0.0037 0.4987 -0.8668
vn 0.0037 0.4987 -0.8667
vn 0.0037 0.8657 -0.5006
vn 0.0038 0.8657 -0.5006
vn 0.0037 0.8657 0.5006
vn 0.0038 0.8657 0.5006
vn 0.0037 0.4987 0.8668
vn -0.5004 0.8658 -0.0000
vn -0.8667 -0.4987 -0.0037
vn -0.0000 -0.9908 -0.1350
vn -0.2139 -0.9743 -0.0707
vn -0.5090 -0.8382 -0.1960
vn -0.8234 -0.5472 -0.1503
vn -0.9489 0.1242 -0.2901
vn -0.8988 0.3322 -0.2861
vn -0.6384 0.6970 -0.3265
vn -0.7289 0.6078 -0.3152
vn -0.9704 0.1199 -0.2099
vn -0.6787 -0.7336 -0.0340
vn -0.3177 -0.9482 -0.0076
vn -0.7017 -0.7125 -0.0038
vn -0.9793 0.0764 -0.1876
vn -0.8067 0.5138 -0.2918
vn -0.4340 -0.9004 0.0302
vn -0.7553 -0.6485 0.0942
vn -0.9783 -0.2060 -0.0227
vn -0.9663 -0.2528 0.0491
vn -0.9582 0.2060 -0.1985
vn -0.8035 0.4950 -0.3308
vn 0.0057 0.4797 0.8774
vn 0.0152 0.4487 0.8936
vn 0.0113 0.4448 0.8956
vn 0.0151 0.4291 0.9031
vn 0.0019 0.4370 0.8995
vn -0.5460 -0.8237 0.1532
vn -0.7165 -0.6585 0.2304
vn -0.9159 -0.3852 0.1130
vn -0.5424 -0.7793 0.3139
vn -0.4382 -0.8111 0.3875
vn -0.6621 -0.6939 0.2830
vn 0.0038 -0.5213 -0.8534
vn 0.0019 -0.6249 -0.7807
vn 0.0019 -0.6250 -0.7806
vn -0.0000 -0.7955 -0.6060
vn -0.0000 -0.8656 -0.5007
vn -0.0000 -0.9914 -0.1307
vn -0.0039 -0.9998 0.0171
vn -0.0005 -1.0000 -0.0002
vn 0.0038 -0.9936 0.1133
vn -0.0037 -0.5725 -0.8199
vn -0.0019 0.5725 0.8199
vn 0.0037 0.7793 0.6267
vn 0.0038 0.7793 0.6266
vn -0.0000 0.9807 0.1953
vn -0.0000 1.0000 -0.0041
vn -0.0000 0.9439 -0.3301
vn -0.0019 0.8907 -0.4546
vn -0.1408 0.9302 -0.3389
vn -0.3898 0.8613 -0.3260
vn 0.3905 0.8743 -0.2884
vn -0.2962 0.9237 -0.2431
vn 0.2961 0.9220 -0.2495
vn -0.0871 0.9574 -0.2752
vn 0.1361 0.9523 -0.2733
vn 0.2094 0.9168 -0.3400
vn 0.4241 0.8700 -0.2514
vn 0.5330 0.7793 -0.3295
vn -0.7068 0.6844 -0.1790
vn -0.4222 0.8700 -0.2546
vn -0.2072 0.9060 -0.3690
vn 0.2774 0.8261 -0.4905
vn 0.6699 0.6284 -0.3955
vn -0.5330 0.7793 -0.3295
vn -0.3950 0.7928 -0.4642
vn -0.3814 0.7155 -0.5853
vn 0.3795 0.6939 -0.6120
vn -0.4028 0.6043 -0.6875
vn 0.4036 0.5903 -0.6991
vn -0.3886 0.5832 -0.7133
vn 0.3853 0.5832 -0.7151
vn -0.3388 0.6318 -0.6972
vn 0.3388 0.6318 -0.6972
vn -0.3003 0.6683 -0.6806
vn 0.3003 0.6683 -0.6806
vn -0.2891 0.7063 -0.6462
vn 0.2891 0.7063 -0.6462
vn -0.1826 0.7336 -0.6546
vn 0.1826 0.7336 -0.6546
vn -0.1088 0.7512 -0.6511
vn 0.1069 0.7483 -0.6547
vn -0.0433 0.8236 -0.5655
vn 0.0508 0.8590 -0.5094
vn -0.0019 0.8887 -0.4584
vn -0.0019 0.9318 -0.3629
vn -0.1489 0.9097 -0.3876
vn -0.2776 0.8612 -0.4257
vn -0.4192 0.7901 -0.4472
vn -0.4914 0.7306 -0.4740
vn -0.5367 0.6907 -0.4847
vn 0.5392 0.6907 -0.4819
vn 0.5980 0.6215 -0.5061
vn 0.6800 0.5176 -0.5193
vn 0.7316 0.4448 -0.5166
vn 0.7157 0.5101 -0.4771
vn 0.4940 0.7306 -0.4713
vn 0.4165 0.7901 -0.4497
vn 0.2776 0.8613 -0.4256
vn 0.1524 0.9097 -0.3863
vn -0.5690 0.7541 -0.3279
vn -0.7091 0.6747 -0.2046
vn 0.5709 0.7541 -0.3246
vn 0.7101 0.6748 -0.2010
vn 0.7068 0.6844 -0.1790
vn 1.0000 0.0020 -0.0000
vn 0.9844 -0.1758 -0.0000
vn 0.9686 -0.2486 -0.0000
vn 0.9886 -0.1502 0.0075
vn 0.9938 -0.1112 -0.0000
vn 1.0000 -0.0065 -0.0000
vn 0.9977 -0.0677 -0.0075
vn -0.6004 0.6215 -0.5032
vn -0.6778 0.5175 -0.5223
vn -0.7316 0.4448 -0.5166
vn -0.7157 0.5101 -0.4771
vn -0.6699 0.6284 -0.3955
vn -0.0377 -0.0109 -0.9992
vn -0.0075 -0.0022 -1.0000
vn -0.0227 -0.0066 -0.9997
vn 0.0075 -0.0022 -1.0000
vn 0.0227 -0.0066 -0.9997
vn 0.0377 -0.0109 -0.9992
vn -0.0019 0.0590 0.9983
vn 0.0019 0.2146 0.9767
vn -0.0019 0.3527 0.9357
vn -0.0019 0.1761 0.9844
vn -0.3010 -0.1545 -0.9410
vn -0.4459 -0.1459 -0.8831
vn -0.3011 -0.1546 -0.9410
vn -0.6086 -0.1285 -0.7830
vn -0.6321 -0.1285 -0.7642
vn -0.7538 -0.1066 -0.6484
vn -0.8332 -0.0895 -0.5457
vn -0.9204 -0.0633 -0.3858
vn -0.9400 -0.0546 -0.3368
vn -0.9817 -0.0328 -0.1876
vn -0.9951 -0.0153 -0.0980
vn -0.9976 -0.0109 -0.0679
vn -0.9976 -0.0109 -0.0680
vn -0.9739 -0.0322 -0.2246
vn -0.9493 -0.0415 -0.3116
vn -0.8956 -0.0590 -0.4409
vn -0.8781 -0.0633 -0.4743
vn -0.8440 -0.0590 -0.5330
vn -0.8489 -0.0720 -0.5236
vn -0.8308 -0.0415 -0.5551
vn -0.8270 -0.0240 -0.5617
vn -0.8747 -0.0109 -0.4846
vn -0.8710 -0.0109 -0.4912
vn -0.9453 -0.0022 -0.3262
vn -0.9477 -0.0022 -0.3191
vn -0.9927 -0.0022 -0.1205
vn -0.9710 -0.1889 0.1467
vn -0.8792 -0.3812 0.2859
vn -0.7377 -0.5398 0.4055
vn -0.0207 0.6452 0.7638
vn -0.0132 0.6617 0.7496
vn -0.0207 0.6552 0.7552
vn -0.0075 0.9133 0.4072
vn 0.0019 0.9562 0.2928
vn 0.0019 0.6875 0.7262
vn 0.0001 0.5102 0.8601
vn 0.0038 0.1588 0.9873
vn -0.1074 -0.2613 0.9593
vn -0.2166 -0.5324 0.8183
vn -0.3186 -0.7847 0.5317
vn -0.3256 -0.8430 0.4283
vn -0.3344 -0.8826 0.3304
vn -0.3280 -0.8907 0.3147
vn 0.1112 -0.2613 0.9588
vn 0.2166 -0.5324 0.8183
vn 0.3154 -0.7848 0.5335
vn 0.3286 -0.8429 0.4260
vn 0.3370 -0.8826 0.3277
vn -0.2133 -0.9023 -0.3746
vn -0.2506 -0.8678 -0.4290
vn -0.2754 -0.9004 -0.3367
vn -0.3127 -0.9150 -0.2550
vn -0.3260 -0.9454 -0.0038
vn -0.3259 -0.9454 -0.0038
vn -0.3283 -0.9168 0.2273
vn -0.3458 -0.8764 0.3351
vn -0.3551 -0.9079 0.2226
vn -0.3656 -0.9004 0.2358
vn -0.3425 -0.9395 0.0038
vn 0.9244 0.3811 0.0151
vn 0.9604 0.2781 -0.0151
vn 0.9994 -0.0153 0.0302
vn 0.9963 -0.0807 0.0302
vn 0.9974 -0.0720 -0.0000
vn 0.9995 0.0284 -0.0151
vn 0.9841 0.1760 -0.0227
vn 0.9945 -0.0981 0.0379
vn 0.9987 0.0502 -0.0000
vn 0.9859 0.1674 -0.0000
vn 0.9528 0.3032 -0.0151
vn 0.9685 0.2486 0.0151
vn 0.9591 0.2823 -0.0226
vn 0.9492 0.3115 -0.0453
vn 0.9254 0.3771 -0.0377
vn 0.8941 0.4448 -0.0528
vn 0.9245 0.3812 -0.0075
vn 0.9524 0.3032 -0.0302
vn 0.9439 0.3281 -0.0377
vn 0.9221 0.3852 -0.0377
vn 0.9715 0.2359 -0.0226
vn 0.9991 0.0284 0.0302
vn 0.9932 -0.1068 0.0453
vn 0.9924 0.0240 0.1205
vn 0.9957 0.0895 0.0226
vn 0.8866 -0.4604 -0.0453
vn 0.9377 -0.3445 0.0453
vn 0.8770 -0.4251 0.2242
vn 0.7964 -0.4408 0.4140
vn 0.7025 -0.6683 0.2446
vn 0.4268 -0.8261 0.3680
vn 0.1885 -0.9753 0.1154
vn 0.1543 -0.9862 0.0593
vn 0.6301 -0.7765 0.0076
vn 0.1745 -0.9824 -0.0666
vn 0.0038 -0.9237 -0.3832
vn -0.0019 0.1761 -0.9844
vn -0.0019 0.3527 -0.9357
vn 0.0038 0.3690 -0.9294
vn 0.0021 0.2146 -0.9767
vn -0.0019 0.0589 -0.9983
vn -0.0019 0.0590 -0.9983
vn 0.0905 0.9562 0.2784
vn 0.3008 0.9097 0.2862
vn 0.3316 0.9410 0.0672
vn 0.7886 0.6147 -0.0151
vn 0.8963 0.4172 -0.1502
vn 0.9919 -0.0415 0.1203
vn 0.9462 -0.1803 0.2686
vn 0.2133 -0.9023 -0.3746
vn 0.2754 -0.9004 -0.3367
vn 0.2473 -0.8678 -0.4309
vn 0.3148 -0.9151 -0.2521
vn 0.3260 -0.9454 -0.0000
vn 0.3259 -0.9454 -0.0075
vn 0.3283 -0.9168 0.2273
vn 0.3459 -0.8764 0.3351
vn 0.3551 -0.9079 0.2226
vn 0.3656 -0.9004 0.2357
vn 0.3424 -0.9395 -0.0000
vn -0.0000 -1.0000 0.0003
vn -0.0019 -0.9647 0.2634
vn 0.0038 -0.8500 0.5268
vn -0.0000 -0.9169 0.3992
vn -0.1062 -0.9365 0.3342
vn -0.1073 -0.7033 0.7028
vn -0.1374 -0.3973 0.9074
vn -0.0000 -0.3731 0.9278
vn 0.0019 0.3609 0.9326
vn -0.0019 0.8286 -0.5599
vn -0.0017 0.8286 -0.5599
vn 0.0019 0.3731 -0.9278
vn 0.3827 -0.9239 -0.0000
vn 0.6026 -0.7980 -0.0000
vn 0.3830 -0.9238 -0.0000
vn 0.7967 -0.6044 -0.0000
vn 0.6892 0.7246 -0.0002
vn 0.6731 0.7396 -0.0000
vn 0.3383 0.9410 -0.0075
vn 0.7888 0.6147 -0.0000
vn 0.9033 0.4291 -0.0000
vn 0.9997 0.0240 -0.0000
vn 0.9418 -0.3363 -0.0000
vn 0.9417 -0.3364 -0.0000
vn 0.9794 -0.2018 -0.0000
vn 0.9952 -0.0983 -0.0000
vn -0.9211 0.3892 -0.0038
vn -0.4691 0.8827 -0.0301
vn 0.1244 0.9920 -0.0221
vn 0.0038 0.1846 -0.9828
vn -0.0019 0.2018 -0.9794
vn -0.0019 0.2274 -0.9738
vn -0.0000 0.1025 -0.9947
vn -0.0019 0.0459 -0.9989
vn -0.0491 0.0720 -0.9962
vn -0.0283 0.3608 -0.9322
vn -0.0207 0.2739 -0.9615
vn 0.0207 0.5867 -0.8095
vn 0.3087 0.5973 -0.7402
vn 0.0584 0.6112 -0.7893
vn 0.0547 0.3731 -0.9262
vn -0.0472 0.3892 -0.9199
vn 0.0208 0.0546 -0.9983
vn -0.0000 0.0328 -0.9995
vn 0.0038 0.1545 -0.9880
vn -0.9844 -0.1760 0.0038
vn -0.9820 -0.1889 -0.0038
vn -0.9686 -0.2486 -0.0000
vn -0.9886 -0.1502 0.0038
vn -0.9938 -0.1112 -0.0038
vn -1.0000 -0.0065 -0.0000
vn -0.9995 0.0022 -0.0302
vn -0.9928 0.1199 -0.0000
vn -0.9896 0.0938 -0.1092
vn -0.9395 -0.0938 -0.3294
vn -0.9707 -0.1025 -0.2171
vn -0.9679 -0.1329 -0.2134
vn -0.9172 -0.2528 -0.3079
vn -0.9562 -0.1631 -0.2429
vn -0.9553 -0.1242 -0.2683
vn -0.9497 0.1674 0.2645
vn -0.9510 0.1329 0.2792
vn -0.9137 0.1717 0.3683
vn -0.9377 0.0982 0.3333
vn -0.9800 0.0546 0.1914
vn -0.9395 0.2739 0.2058
vn -0.9533 -0.1932 -0.2320
vn -0.9641 0.1674 0.2060
vn -0.9637 0.1502 0.2208
vn -0.9388 -0.2444 -0.2428
vn -0.9795 -0.1416 -0.1430
vn -0.9414 -0.2613 -0.2135
vn -0.9808 -0.1502 -0.1242
vn -0.9591 0.2018 0.1987
vn -0.9319 0.2823 0.2279
vn -0.9462 0.2401 0.2170
vn -0.9835 0.1416 0.1130
vn -0.9650 0.0240 0.2612
vn -0.9751 -0.2146 0.0566
vn -0.9348 -0.3445 0.0867
vn -0.9757 0.0284 0.2172
vn -0.6060 0.7955 -0.0038
vn -0.6060 0.7954 -0.0037
vn -0.7640 0.6452 -0.0038
vn -0.9475 0.3198 -0.0038
vn -0.9560 0.1932 0.2207
vn -0.9733 -0.0633 -0.2208
vn -0.9663 0.2061 0.1540
vn -0.9371 0.2359 -0.2573
vn 0.8371 0.5471 -0.0000
vn 0.8917 0.4526 -0.0000
vn 0.8370 0.5471 -0.0000
vn 0.9357 0.3527 -0.0000
vn 0.9987 0.0503 -0.0000
vn 0.9629 -0.2697 -0.0000
vn 0.9212 -0.3892 -0.0000
vn 1.0000 -0.0066 -0.0000
vn 0.8732 0.4874 -0.0000
vn -0.8529 -0.4565 -0.2532
vn -0.9511 -0.2739 -0.1430
vn -0.9417 -0.2865 -0.1765
vn -0.9962 -0.0807 -0.0340
vn -0.9850 -0.1112 -0.1317
vn -0.9782 0.2018 -0.0491
vn -0.9754 0.1846 -0.1205
vn -0.8603 0.5063 -0.0603
vn -0.8301 0.5213 -0.1980
vn -0.5748 0.8059 -0.1417
vn -0.5790 0.7156 -0.3908
vn -0.2610 0.9151 -0.3074
vn -0.3882 0.7793 -0.4920
vn 0.0580 0.9410 -0.3334
vn 0.3654 0.9203 -0.1397
vn 0.5526 0.8286 -0.0900
vn 0.6122 0.7901 -0.0301
vn 0.7945 0.6043 0.0603
vn 0.8101 0.5832 0.0603
vn 0.9366 0.3363 0.0979
vn 0.9446 0.3281 -0.0000
vn 0.9990 0.0328 -0.0301
vn 0.9923 0.0502 -0.1130
vn 0.8854 -0.3690 -0.2825
vn 0.9344 -0.2571 -0.2465
vn 0.4550 -0.7541 -0.4737
vn -0.9902 -0.0459 0.1318
vn -0.9731 0.1889 0.1318
vn -0.8794 0.4758 0.0151
vn -0.6858 0.7277 -0.0151
vn -0.3736 0.9270 0.0338
vn -0.2562 0.9587 -0.1234
vn -0.0372 0.9969 0.0692
vn 0.0630 0.9962 -0.0604
vn 0.3635 0.9286 0.0747
vn 0.3698 0.9286 -0.0301
vn 0.6022 0.7954 0.0677
vn 0.6128 0.7901 0.0151
vn 0.7739 0.6317 0.0452
vn -0.1502 -0.9832 0.1035
vn 0.8625 -0.4949 -0.1055
vn 0.7346 -0.6779 -0.0302
vn 0.9912 -0.1285 -0.0302
vn 0.9908 -0.0851 0.1055
vn 0.9726 0.1889 0.1355
vn 0.9390 0.1458 0.3114
vn 0.8824 0.4053 0.2388
vn 0.6489 0.5581 0.5172
vn 0.5054 0.8007 0.3216
vn 0.1098 0.8887 0.4451
vn 0.0037 0.9855 0.1695
vn -0.4749 0.8286 0.2966
vn -0.5178 0.8499 0.0972
vn -0.8911 0.4487 0.0679
vn -0.8730 0.4873 0.0189
vn -0.9917 0.0546 -0.1167
vn -0.9595 -0.2528 -0.1243
vn -0.8587 -0.3933 -0.3286
vn -0.0860 -0.9318 -0.3526
vn -0.3065 -0.8187 -0.4856
vn 0.5513 -0.8334 -0.0378
vn 0.9855 -0.1112 -0.1280
vn 0.9780 0.2018 -0.0528
vn 0.8794 0.4759 0.0151
vn 0.6190 0.7793 0.0977
vn 0.2851 0.9454 0.1581
vn -0.0093 0.9976 0.0692
vn -0.5003 0.8635 0.0638
vn -0.5343 0.8453 -0.0000
vn -0.9001 0.4291 0.0754
vn -0.5258 0.8476 -0.0713
vn -0.8917 0.4331 0.1315
vn -0.5698 0.8187 -0.0714
vn -0.8909 0.4013 0.2130
vn -0.5089 0.7710 0.3828
vn -0.7881 0.3073 0.5334
vn -0.5342 0.8453 -0.0075
vn -0.8850 0.4526 0.1091
vn -0.4690 0.7928 -0.3892
vn -0.8351 0.4681 -0.2888
vn -0.5585 0.7306 0.3928
vn -0.7840 0.3486 0.5136
vn -0.5164 0.8286 0.2164
vn -0.8981 0.4370 0.0490
vn -0.4979 0.7738 -0.3916
vn -0.8340 0.4330 -0.3419
vn -0.6216 0.5903 0.5150
vn -0.8806 0.2613 0.3954
vn -0.8969 0.3812 0.2240
vn -0.9032 -0.1155 0.4134
vn -0.9999 -0.0022 0.0151
vn -0.7003 -0.4911 0.5181
vn -0.8777 -0.3032 -0.3711
vn -0.5725 -0.8111 -0.1201
vn -0.6300 -0.5689 -0.5286
vn 0.0678 -0.7483 -0.6599
vn -0.5330 -0.8334 0.1458
vn 0.0525 -0.9670 0.2494
vn -0.5422 -0.7710 -0.3341
vn -0.0019 -0.9151 -0.4033
vn 0.1354 -0.5324 -0.8356
vn 0.4491 -0.8161 -0.3636
vn 0.4715 -0.4409 -0.7637
vn -0.9647 0.0546 -0.2576
vn -0.9941 -0.0240 -0.1054
vn -0.8486 -0.0459 0.5270
vn -0.9708 0.0197 -0.2393
vn -0.9977 0.0458 -0.0490
vn -0.6201 -0.2189 0.7534
vn -0.8887 -0.2781 0.3645
vn -0.9172 -0.2571 0.3044
vn -0.9552 -0.2613 0.1392
vn -0.9159 -0.3973 -0.0565
vn -0.8268 -0.5250 -0.2020
vn -0.6393 -0.3892 0.6632
vn -0.8987 -0.4370 0.0378
vn -0.8017 -0.4172 -0.4280
vn -0.5885 -0.8085 -0.0038
vn -0.0453 -0.7306 -0.6813
vn -0.0599 -0.9976 -0.0360
vn 0.3049 -0.9509 -0.0527
vn -0.1919 -0.7336 0.6519
vn 0.2714 -0.9061 0.3247
vn -0.0922 -0.8743 -0.4766
vn 0.2140 -0.6683 -0.7124
vn -0.0038 -0.9440 -0.3301
vn 0.2327 -0.8335 0.5012
vn -0.2352 -0.7063 0.6677
vn 0.2652 -0.9270 0.2652
vn -0.2788 -0.9454 0.1690
vn 0.2965 -0.9536 -0.0527
vn -0.2816 -0.9523 0.1177
vn 0.3130 -0.9468 -0.0751
vn -0.3069 -0.9482 -0.0822
vn 0.3194 -0.9168 -0.2396
vn -0.1791 -0.9302 -0.3203
vn 0.3516 -0.8785 -0.3235
vn 0.3732 -0.9270 -0.0377
vn -0.5562 -0.8261 0.0903
vn 0.5024 -0.8635 0.0453
vn 0.4615 -0.5832 -0.6685
vn 0.3914 -0.9115 -0.1263
vn -0.0245 -0.9896 -0.1416
vn -0.2132 -0.8453 0.4899
vn 0.3001 -0.9380 0.1733
vn 0.5377 -0.8136 -0.2212
vn -0.0094 -0.9890 -0.1477
vn 0.4712 -0.6970 -0.5406
vn 0.0528 -0.3074 -0.9501
vn -0.5628 -0.6552 -0.5040
vn -0.5788 -0.3281 -0.7466
vn -0.9033 -0.3322 -0.2716
vn -0.8971 -0.0807 -0.4344
vn -0.9996 0.0197 -0.0226
vn -0.9661 0.1846 -0.1802
vn -0.8787 0.4758 -0.0377
vn -0.9174 -0.0371 0.3963
vn -0.6892 0.2018 0.6959
vn -0.8939 0.3156 0.3182
vn -0.5770 0.3692 0.7285
vn -0.2885 0.9151 0.2818
vn 0.0207 0.8285 0.5596
vn 0.5321 0.8382 0.1195
vn 0.6445 0.3240 0.6926
vn 0.9645 0.1932 0.1801
vn 0.7637 0.1760 0.6211
vn 0.9532 -0.2103 0.2173
vn 0.9152 0.3486 -0.2023
vn 0.8840 0.0502 -0.4647
vn 0.9624 -0.1890 -0.1951
vn 0.8356 -0.4212 -0.3528
vn 0.8660 -0.4720 0.1653
vn -0.6058 -0.4911 -0.6260
vn -0.8927 -0.4132 -0.1800
vn -0.8464 -0.4911 0.2057
vn -0.8966 -0.2613 -0.3576
vn -0.9240 0.1025 -0.3684
vn -0.8192 0.4681 -0.3312
vn -0.4927 0.7981 -0.3468
vn -0.5181 0.8430 0.1450
vn 0.0488 0.8966 -0.4402
vn 0.0019 0.9890 0.1480
vn 0.5719 0.8161 0.0826
vn -0.0507 0.8033 0.5934
vn 0.6372 0.6811 0.3606
vn 0.0226 0.8721 -0.4887
vn 0.5133 0.5867 -0.6264
vn 0.0615 0.9562 -0.2862
vn 0.5770 0.7901 0.2068
vn -0.0395 0.8700 0.4914
vn 0.6063 0.7425 0.2848
vn 0.0301 0.8612 -0.5073
vn 0.4881 0.5938 -0.6397
vn -0.0075 0.9945 -0.1044
vn 0.5451 0.8382 0.0151
vn -0.0317 0.9781 0.2058
vn 0.6044 0.7954 0.0452
vn -0.0765 0.9425 -0.3254
vn 0.3882 0.7793 -0.4920
vn -0.0412 0.9691 -0.2430
vn 0.2581 0.9151 -0.3099
vn 0.2563 0.9587 -0.1234
vn 0.5748 0.8059 -0.1417
vn 0.3732 0.9270 0.0376
vn 0.6857 0.7277 -0.0151
vn -0.1356 0.9896 -0.0476
vn 0.2508 -0.7306 -0.6350
vn 0.8337 -0.5435 0.0980
vn 0.9641 -0.1415 -0.2245
vn 0.9016 0.4133 -0.1279
vn 0.5205 0.4949 0.6958
vn -0.4266 0.5213 0.7391
vn -0.8289 0.5471 0.1166
vn -0.9009 0.2613 0.3466
vn -0.9587 0.2317 -0.1652
vn -0.9680 -0.0633 -0.2428
vn -0.8454 0.1588 -0.5099
vn -0.6397 -0.0371 -0.7677
vn -0.9046 -0.2571 -0.3400
vn -0.5666 -0.4987 -0.6559
vn -0.6537 -0.7125 -0.2549
vn 0.0751 -0.9168 -0.3921
vn -0.8623 -0.5063 0.0113
vn -0.9999 0.0109 -0.0075
vn -0.9720 -0.2061 0.1130
vn 0.8340 -0.3198 -0.4496
vn 0.8696 0.2018 -0.4506
vn 0.9890 0.1112 0.0980
vn 0.6517 0.3445 0.6757
vn -0.3104 0.4487 0.8380
vn 0.1577 0.2231 0.9620
vn -0.8739 0.2571 0.4125
vn -0.9057 0.1975 0.3752
vn -0.9567 0.0502 -0.2866
vn -0.9110 0.1932 -0.3645
vn -0.2882 -0.0938 -0.9530
vn -0.1449 0.1761 -0.9736
vn 0.3438 -0.0764 -0.9359
vn 0.3538 0.2231 -0.9083
vn 0.4141 -0.3239 -0.8506
vn -0.4242 -0.3239 -0.8457
vn 0.1037 -0.0459 -0.9936
vn -0.0019 -0.6044 -0.7967
vn 0.4766 -0.5324 -0.6996
vn 0.5078 -0.8161 -0.2758
vn 0.4912 -0.0197 -0.8708
vn 0.4765 -0.5324 -0.6996
vn -0.0900 0.8111 0.5780
vn -0.7253 0.6008 0.3361
vn -0.9546 0.2739 0.1167
vn -0.9933 0.0982 -0.0604
vn -0.9344 -0.2571 -0.2465
vn 0.5322 -0.3609 -0.7659
vn 0.9829 -0.0369 -0.1803
vn 0.9773 0.1329 0.1653
vn 0.9799 0.0415 -0.1949
vn 0.9869 0.1155 0.1131
vn 0.9308 0.0546 0.3614
vn 0.1728 0.0066 0.9849
vn -0.1435 0.9790 0.1449
vn -0.7776 0.1112 0.6189
vn -0.9534 0.2697 -0.1353
vn 0.9773 0.1415 -0.1578
vn 0.9769 0.1025 -0.1876
vn 0.9949 0.0807 -0.0603
vn 0.9707 0.2401 0.0076
vn 0.9497 0.2823 0.1353
vn 0.8384 0.5361 0.0979
vn 0.6800 0.6215 0.3890
vn 0.5854 0.7820 0.2140
vn 0.3406 0.8721 0.3512
vn 0.3559 0.9270 0.1184
vn -0.0480 0.9848 0.1671
vn -0.2869 0.9454 0.1548
vn -0.6190 0.7793 0.0977
vn 0.5672 0.8187 0.0900
vn -0.9390 0.1459 0.3115
vn -0.8815 0.4053 0.2424
vn -0.6466 0.5581 0.5201
vn -0.5075 0.8007 0.3184
vn -0.1462 0.8847 0.4427
vn 0.0583 0.8080 0.5863
vn -0.6207 -0.7793 -0.0866
vn -0.8897 -0.4565 -0.0000
vn -0.9841 -0.1372 0.1131
vn -0.9352 0.1199 0.3333
vn -0.9548 0.1545 -0.2539
vn -0.8559 0.4835 -0.1835
vn -1.0000 0.0065 -0.0075
vn -0.8925 0.4212 0.1614
vn -0.9114 0.1761 0.3719
vn -0.6708 0.5508 0.4967
vn -0.0565 0.7598 0.6477
vn -0.5369 0.7874 0.3027
vn -0.5543 0.8286 -0.0789
vn -0.6973 0.4370 0.5682
vn -0.9020 0.3690 0.2241
vn 0.0597 0.9902 -0.1259
vn 0.0019 0.9365 0.3506
vn 0.5871 0.7654 0.2636
vn -0.0564 0.7598 0.6477
vn 0.7164 0.6077 0.3426
vn 0.5438 0.6780 -0.4946
vn 0.9836 0.0720 0.1654
vn 0.7121 0.1329 -0.6894
vn 0.9374 0.3239 -0.1278
vn 0.9421 -0.3157 -0.1130
vn 0.9812 0.1372 0.1354
vn 0.8034 -0.3405 0.4886
vn 0.7338 -0.2189 -0.6431
vn 0.6942 0.1459 -0.7048
vn 0.9103 0.3527 -0.2169
vn 0.9293 -0.3404 -0.1430
vn 0.9590 0.2401 -0.1503
vn 0.8969 -0.4132 0.1577
vn 0.8622 -0.2316 -0.4505
vn 0.8348 -0.3690 -0.4086
vn 0.8876 -0.2948 -0.3539
vn 0.6385 0.5471 -0.5412
vn 0.5790 0.7156 -0.3908
vn 0.7935 0.4527 -0.4067
vn 0.8292 0.5213 -0.2017
vn 0.9533 0.1846 -0.2391
vn 0.9754 0.1846 -0.1205
vn 0.9734 -0.1415 -0.1802
vn 0.8603 0.5062 -0.0603
vn -0.9641 -0.1415 0.2245
vn -0.8844 -0.1199 -0.4511
vn 0.9983 0.0589 -0.0000
vn 0.9767 0.2146 -0.0000
vn 0.9278 0.3731 -0.0000
vn 0.9844 0.1761 -0.0000
vn 0.7383 -0.6650 -0.1130
vn 0.9417 -0.2571 -0.2171
vn 0.9536 -0.1502 -0.2610
vn 0.9213 0.1242 -0.3684
vn 0.8441 0.1846 -0.5033
vn 0.9249 -0.1545 -0.3474
vn 0.9296 -0.2528 -0.2683
vn 0.7662 -0.6351 -0.0980
vn 0.7511 -0.1889 -0.6326
vn 0.8028 -0.3933 0.4482
vn 0.9554 -0.2697 -0.1205
vn 0.8187 0.2907 -0.4952
vn 0.8046 -0.5725 -0.1577
vn 0.8212 -0.1025 -0.5613
vn 0.9652 -0.0633 0.2538
vn 0.9579 0.2823 0.0528
vn 0.6345 0.7425 -0.2149
vn 0.7283 0.4911 0.4779
vn -0.0622 0.6112 0.7890
vn 0.6053 0.6812 0.4118
vn -0.0000 0.8406 0.5417
vn -0.5547 0.7001 0.4496
vn -0.5811 0.8007 0.1456
vn 0.9617 0.2528 0.1055
vn 0.6315 0.7682 0.1050
vn 0.9739 -0.1025 0.2024
vn 0.8591 -0.0371 -0.5105
vn 0.8858 0.3239 -0.3322
vn 0.9602 -0.2401 -0.1429
vn 0.8198 -0.5138 -0.2529
vn 0.8325 -0.4487 0.3249
vn 0.3624 -0.8907 -0.2745
vn 0.5851 -0.7738 -0.2428
vn 0.3931 -0.9151 -0.0900
vn 0.5933 -0.8007 0.0828
vn 0.2840 -0.9115 0.2974
vn 0.4792 -0.8358 0.2679
vn 0.1902 -0.9334 0.3043
vn 0.4295 -0.8591 0.2785
vn 0.8993 -0.4331 -0.0603
vn 0.8666 -0.4759 0.1503
vn 0.7922 -0.5832 0.1797
vn 0.9889 -0.1415 0.0453
vn 0.9704 -0.2316 0.0679
vn 0.9943 -0.1025 -0.0302
vn 0.9755 -0.1889 -0.1131
vn 0.9956 0.0938 -0.0000
vn 0.9605 0.2781 -0.0075
vn 0.9745 0.2231 0.0226
vn 0.8794 0.4643 0.1053
vn 0.9935 0.1112 -0.0226
vn 0.9999 -0.0109 -0.0000
vn -0.3830 -0.9237 -0.0000
vn -0.3832 -0.9237 -0.0000
vn -0.6891 0.7246 -0.0000
vn -0.6731 0.7395 0.0038
vn -0.3383 0.9410 -0.0038
vn -0.3831 0.9237 -0.0075
vn -0.9887 0.1502 -0.0038
vn -0.9745 0.2231 -0.0226
vn -0.9783 0.2061 0.0189
vn -0.9417 0.3363 -0.0075
vn -0.9069 0.4132 0.0829
vn -0.8172 0.5761 0.0189
vn -0.6338 0.7366 0.2360
vn -0.5118 0.8590 0.0113
vn 0.0459 0.9902 0.1316
vn -0.1017 0.9840 -0.1463
vn 0.4182 0.8985 -0.1335
vn -0.5564 0.8212 -0.1270
vn -0.7969 0.5973 -0.0903
vn -0.9114 0.4053 -0.0716
vn -0.9146 0.3973 -0.0754
vn 0.0037 0.3811 -0.9245
vn -0.0019 0.5508 -0.8346
vn -0.9999 -0.0153 -0.0000
vn -0.9999 -0.0109 -0.0000
vn -0.9831 -0.1761 0.0491
vn -0.9845 -0.1674 0.0529
vn -0.8462 -0.5100 0.1541
vn -0.8995 -0.4370 -0.0000
vn -0.5126 -0.8187 0.2589
vn -0.5699 -0.8211 -0.0302
vn -0.2840 -0.9115 0.2974
vn -0.4033 -0.9151 0.0038
vn -0.1902 -0.9334 0.3043
vn -0.5415 -0.8008 0.2560
vn -0.8181 -0.5508 0.1652
vn 0.8244 -0.5287 -0.2020
vn 0.5840 0.7654 0.2704
vn 0.6293 0.7766 0.0302
vn 0.7093 0.6970 -0.1051
vn 0.8345 0.5508 -0.0151
vn 0.8700 0.4873 -0.0754
vn -0.9996 -0.0284 -0.0000
vn -0.9750 -0.1889 -0.1168
vn -0.9990 -0.0240 -0.0377
vn -0.9942 -0.1028 -0.0301
vn -0.8011 -0.5580 -0.2166
vn -0.5635 -0.7874 -0.2498
vn -0.3758 -0.8867 -0.2693
vn -0.0018 0.9870 -0.1609
vn 0.0015 1.0000 -0.0086
vn 0.0019 0.9270 0.3751
vn -0.0019 0.8887 0.4584
vn 0.0019 0.8136 0.5814
vn -0.0000 0.7032 0.7110
vn -0.0000 0.6844 0.7291
vn 0.0019 0.6215 0.7834
vn -0.3136 0.9495 -0.0000
vn -0.6232 0.7821 -0.0001
vn -0.8917 0.4526 0.0038
vn -0.9933 0.1155 0.0038
vn -0.9998 -0.0197 -0.0000
vn -0.9629 -0.2697 0.0038
vn -0.9212 -0.3891 -0.0000
vn -0.9820 -0.1890 -0.0038
vn -0.9836 0.1803 0.0038
vn -0.8732 0.4873 0.0038
vn 0.0038 0.4132 0.9106
vn -0.0000 0.1069 0.9943
vn 0.0037 -0.1846 0.9828
vn 0.0019 0.7847 -0.6198
vn 0.0019 0.6875 -0.7262
vn 0.0038 0.6485 -0.7612
vn 0.0019 0.5175 -0.8557
vn -0.0019 0.4604 -0.8877
vn -0.0000 0.3240 -0.9461
vn -0.0000 0.3239 -0.9461
vn 0.0019 0.0938 -0.9956
vn -0.0020 -0.0633 -0.9980
vn -0.0000 -0.2907 -0.9568
vn 0.0019 -0.4448 -0.8956
vn -0.0000 -0.5617 -0.8273
vn -0.0000 -0.5832 -0.8123
vn 0.0038 -0.6419 -0.7668
vn -0.0019 0.3281 0.9446
vn -0.0057 0.3322 0.9432
vn -0.0056 0.3198 0.9475
vn -0.0038 0.3445 0.9388
vn -0.0000 -0.8657 0.5005
vn -0.0001 -0.8657 -0.5006
vn -0.0000 -0.8657 -0.5005
vn 0.0019 -0.4988 -0.8667
vn -0.7696 -0.3932 -0.5031
vn -0.7089 -0.4409 -0.5505
vn -0.7553 -0.2739 -0.5954
vn -0.6571 -0.3812 -0.6504
vn -0.9212 -0.1025 -0.3754
vn -0.7030 -0.5063 -0.4995
vn -0.8061 -0.5903 -0.0416
vn -0.4229 -0.8111 -0.4042
vn -0.3862 -0.9151 -0.1156
vn 0.9757 -0.2190 -0.0000
vn 0.9757 -0.2189 -0.0000
vn 0.1768 0.7626 -0.6222
vn 0.0471 0.7216 -0.6907
vn 0.2956 0.7247 -0.6225
vn -0.0001 0.6352 -0.7723
vn -0.0000 0.1458 -0.9893
vn -0.0000 -0.0022 -1.0000
vn -0.0000 0.3240 -0.9460
vn -0.0000 0.8499 -0.5270
vn 0.0019 0.8136 -0.5814
vn 0.0019 0.0851 -0.9964
vn 0.0019 0.6147 -0.7888
vn -0.0000 0.8310 -0.5562
vn -0.0000 -0.0109 -0.9999
vn -0.0000 0.2697 -0.9629
vn -0.0000 0.8310 -0.5563
vn 0.0019 0.7954 -0.6060
vn -0.0000 -0.1372 -0.9905
vn -0.5236 -0.8430 0.1237
vn -0.8442 -0.4950 0.2057
vn -0.8775 -0.4487 0.1690
vn -0.9112 -0.3157 -0.2647
vn -0.9237 -0.3568 -0.1393
vn -0.8451 -0.4013 -0.3531
vn -0.7318 -0.5324 0.4254
vn -0.8098 -0.4526 0.3732
vn -0.7921 -0.4912 0.3623
vn -0.9239 -0.3689 0.1018
vn -0.8733 -0.4835 0.0604
vn -0.8301 -0.5138 0.2166
vn -0.8165 -0.5761 0.0378
vn -0.6572 -0.7483 0.0904
vn -0.6346 -0.7483 0.1935
vn -0.6666 -0.7454 0.0076
vn -0.7285 -0.6844 0.0302
vn -0.0019 0.7901 0.6129
vn 0.0019 0.6148 0.7887
vn 0.9025 0.2823 0.3253
vn 0.5410 0.2402 0.8060
vn 0.9951 -0.0153 0.0980
vn 0.6195 0.2231 0.7526
vn 0.9886 -0.0022 0.1505
vn 0.6283 -0.0286 0.7774
vn 0.5076 -0.6812 0.5276
vn -0.0000 -0.0284 0.9996
vn -0.0000 -0.7682 0.6402
vn -0.3685 -0.7512 0.5477
vn -0.0019 -0.9253 0.3791
vn -0.4426 -0.8453 0.2992
vn -0.4892 -0.6585 0.5719
vn -0.9546 -0.2571 0.1504
vn -0.9606 -0.2018 0.1913
vn -1.0000 -0.0022 -0.0000
vn -1.0000 -0.0020 0.0002
vn -0.8886 0.1588 -0.4303
vn -0.8642 0.0459 -0.5011
vn -0.3929 0.1545 -0.9065
vn -0.4028 -0.4091 -0.8188
vn 0.0038 0.1242 -0.9922
vn 0.0019 -0.4643 -0.8857
vn 0.3341 -0.3812 -0.8620
vn -0.0019 -0.8927 -0.4507
vn 0.4927 -0.7738 -0.3981
vn 0.2488 -0.9270 -0.2808
vn 0.8782 -0.4565 -0.1429
vn 0.3860 -0.9042 -0.1828
vn 0.9067 -0.4212 -0.0226
vn 0.5161 -0.7793 0.3554
vn 0.9471 -0.3032 0.1055
vn 0.9121 -0.2061 0.3543
vn 1.0000 -0.0020 0.0002
vn 0.9333 -0.1155 0.3401
vn 1.0000 -0.0022 -0.0000
vn 0.9543 -0.1975 0.2244
vn 0.9995 0.0109 -0.0302
vn 0.9940 -0.0284 -0.1055
vn 0.8537 -0.1545 -0.4973
vn 0.9936 -0.0677 -0.0905
vn 0.8467 -0.3322 -0.4155
vn 0.9959 -0.0894 0.0151
vn 0.9998 -0.0197 0.0076
vn 0.9959 -0.0895 0.0151
vn 0.9928 0.1199 -0.0000
vn -0.9043 0.1502 -0.3996
vn -0.9873 0.0196 0.1579
vn -0.7394 -0.0502 0.6714
vn -0.6195 0.2231 0.7526
vn -0.0000 0.2232 0.9748
vn -0.9965 -0.0109 -0.0830
vn -0.8228 0.0240 -0.5679
vn -0.2224 0.2739 -0.9357
vn -0.2769 0.3527 -0.8938
vn -0.0019 0.3892 -0.9212
vn 0.2371 0.3527 -0.9052
vn 0.3929 0.1545 -0.9065
vn 0.8795 0.1717 -0.4439
vn 0.8623 0.0459 -0.5044
vn 0.8994 -0.2359 -0.3680
vn 0.9259 -0.3281 -0.1875
vn 0.8654 0.1285 -0.4844
vn 0.8765 0.0590 -0.4777
vn 0.2831 -0.0022 -0.9591
vn 0.2935 -0.3525 -0.8886
vn -0.0000 -0.3197 -0.9475
vn 0.1708 -0.5101 -0.8430
vn 0.0038 -0.5287 -0.8488
vn 0.1092 -0.5725 -0.8126
vn -0.0000 -0.5761 -0.8174
vn -0.1872 -0.5689 -0.8008
vn -0.1725 -0.5617 -0.8092
vn -0.6642 -0.3971 -0.6334
vn 0.2239 -0.5544 -0.8015
vn 0.7501 -0.3852 -0.5375
vn 0.8302 -0.2781 -0.4831
vn 0.9967 0.0808 -0.0000
vn 0.2644 0.3157 -0.9113
vn -0.0000 0.2402 -0.9707
vn 0.0038 0.2865 -0.9581
vn -0.0000 -0.0241 -0.9997
vn -0.2757 -0.0240 -0.9609
vn -0.2899 -0.2907 -0.9118
vn -0.8525 -0.1803 -0.4907
vn -0.7895 -0.3771 -0.4842
vn -0.9957 -0.0590 -0.0717
vn -0.9962 -0.0851 0.0189
vn -0.9954 -0.0938 0.0189
vn -0.9991 -0.0415 0.0075
vn -0.9976 -0.0677 0.0151
vn -0.9928 0.1199 -0.0076
vn -0.9967 0.0807 0.0001
vn -0.8856 -0.2739 -0.3750
vn -0.1149 -0.5101 -0.8524
vn 0.0019 -0.5063 -0.8624
vn -0.0000 -0.3609 -0.9326
vn -1.0000 0.0022 0.0001
vn -0.9965 -0.0066 0.0830
vn -0.4563 0.3892 0.8002
vn -0.9735 0.1198 0.1950
vn -0.0245 0.8007 0.5985
vn -0.0019 -0.9468 -0.3219
vn 0.0020 -0.9997 -0.0262
vn 0.0038 -0.7626 0.6468
vn 0.4085 -0.3609 0.8384
vn -0.0019 -0.3115 0.9502
vn 0.4191 -0.3281 0.8466
vn 0.0019 -0.4251 0.9052
vn 0.4276 -0.6385 0.6399
vn 0.0019 -0.7793 0.6267
vn 0.3547 -0.8678 0.3480
vn 0.0019 -0.9395 0.3425
vn 0.9328 -0.3239 0.1579
vn 0.9949 -0.0982 0.0227
vn 0.6964 0.0022 0.7177
vn 0.5743 0.0022 0.8187
vn 0.5742 0.0022 0.8187
vn 0.2099 0.0022 0.9777
vn -0.1355 0.0022 0.9908
vn -0.2466 0.0022 0.9691
vn -0.4647 0.0022 0.8855
vn -0.4035 0.0022 0.9150
vn -0.2173 0.0022 0.9761
vn -0.0302 0.0021 0.9995
vn 0.0846 0.7395 0.6678
vn 0.0151 0.6352 0.7722
vn 0.0546 0.5175 0.8539
vn 0.0264 0.2991 0.9538
vn 0.0415 0.1242 0.9914
vn -0.0415 0.1242 0.9914
vn -0.0847 0.4330 0.8974
vn 0.0132 0.4604 0.8876
vn -0.0921 0.6584 0.7470
vn 0.0037 -0.9237 -0.3832
vn 0.0019 -0.7064 -0.7078
vn 0.0019 -0.7063 -0.7079
vn -0.7888 0.6147 0.0038
vn -0.9033 0.4291 -0.0000
vn -0.9956 0.0938 0.0038
vn -0.9991 -0.0415 -0.0000
vn -0.9417 -0.3363 -0.0000
vn -0.9418 -0.3363 -0.0000
vn -0.9675 -0.2528 0.0038
vn -0.9922 -0.1243 -0.0000
vn -0.0019 -0.6683 0.7439
vn -0.4071 -0.3445 0.8459
vn -0.3551 -0.3973 0.8462
vn -0.0019 -0.3771 0.9262
vn -0.4505 -0.8261 0.3386
vn -0.9205 -0.3322 0.2059
vn -0.9066 -0.4212 -0.0264
vn -0.8782 -0.4565 -0.1429
vn -0.8919 -0.3771 -0.2497
vn -0.9296 -0.1502 -0.3366
vn 0.0038 -0.9936 -0.1133
vn -0.4625 -0.8764 -0.1344
vn -0.2515 -0.9186 -0.3049
vn -0.3673 -0.8545 -0.3673
vn -0.0000 -0.9575 -0.2886
vn 0.0019 -0.8568 -0.5157
vn -0.9420 -0.0415 -0.3331
vn -0.9348 -0.0197 -0.3547
vn -0.9501 -0.0807 -0.3012
vn -0.9522 0.0240 -0.3046
vn -0.9585 -0.1846 -0.2171
vn -0.9404 0.2907 -0.1762
vn -0.9600 -0.1674 -0.2246
vn -0.9306 0.3321 -0.1541
vn -0.1690 0.2104 -0.9629
vn -0.5657 0.8212 -0.0751
vn 0.1628 0.9840 -0.0725
vn -0.5321 0.8286 -0.1741
vn 0.0352 0.9862 -0.1615
vn -0.5052 0.7766 -0.3764
vn 0.1414 0.9496 -0.2799
vn -0.3425 0.8059 -0.4829
vn 0.0188 0.9395 -0.3420
vn -0.8439 0.2655 -0.4662
vn -0.8629 0.3812 -0.3319
vn -0.8907 -0.4448 -0.0942
vn -0.8732 -0.4758 -0.1054
vn -0.6757 -0.7366 0.0302
vn -0.7928 -0.6043 -0.0792
vn -0.5343 -0.8382 0.1090
vn -0.1757 -0.9574 0.2290
vn -0.7473 -0.6617 -0.0603
vn -0.5218 -0.8311 -0.1926
vn -0.8842 -0.1975 -0.4234
vn -0.8448 -0.5213 -0.1204
vn -0.8663 -0.3527 -0.3537
vn -0.7124 -0.6907 -0.1242
vn -0.7809 -0.4988 0.3761
vn -0.4651 -0.8568 0.2228
vn -0.4241 -0.6419 0.6389
vn -0.0656 -0.9395 0.3361
vn 0.0641 -0.7541 0.6537
vn 0.2923 -0.8826 0.3682
vn 0.4911 -0.6519 0.5778
vn -0.4786 -0.8722 -0.1012
vn -0.0664 -0.9972 -0.0332
vn 0.1010 -0.9876 0.1198
vn -0.9719 0.1975 0.1280
vn -0.1963 -0.5973 0.7776
vn 0.2757 -0.5938 0.7559
vn -0.4307 -0.0328 -0.9019
vn -0.2099 -0.0022 -0.9777
vn -0.1430 -0.0240 -0.9894
vn -0.4079 0.2146 -0.8874
vn -0.9074 -0.3404 -0.2464
vn -0.8855 -0.3892 -0.2536
vn 0.3410 0.9168 -0.2077
vn 0.7305 0.6747 -0.1052
vn 0.6850 0.7186 -0.1199
vn 0.9983 0.0502 0.0302
vn 0.9957 0.0546 -0.0754
vn 0.8721 -0.4873 0.0454
vn 0.6688 -0.7336 -0.1203
vn 0.5598 -0.8286 0.0076
vn 0.2190 -0.9743 -0.0525
vn 0.2798 -0.9599 -0.0151
vn -0.2497 -0.9635 -0.0963
vn 0.7790 0.6181 -0.1053
vn 0.9784 -0.0676 -0.1951
vn -0.1690 0.2102 -0.9629
vn 0.6677 -0.6683 -0.3281
vn 0.0620 -0.9395 -0.3369
vn 0.0757 -0.9781 -0.1939
vn -0.3880 -0.9061 -0.1689
vn -0.6784 -0.7001 -0.2228
vn -0.6934 -0.6907 -0.2051
vn -0.3679 -0.8985 -0.2393
vn -0.2512 -0.8946 -0.3695
vn 0.0038 -0.2990 -0.9542
vn -0.0000 -0.6875 -0.7262
vn -0.0019 -0.6683 -0.7439
vn 0.0038 -0.5288 -0.8487
vn -0.0019 -0.4488 -0.8936
vn 0.0019 -0.7598 -0.6502
vn 0.0019 -0.7597 -0.6502
vn 0.7121 0.7001 -0.0527
vn 0.9497 0.3073 0.0604
vn 0.9887 -0.0981 0.1130
vn 0.9145 -0.3812 0.1355
vn 0.6873 -0.7216 0.0829
vn 0.8150 0.5617 0.1427
vn 0.9604 0.0415 0.2756
vn 0.8805 0.4604 0.1129
vn 0.9833 -0.0240 0.1802
vn 0.9223 0.3852 0.0302
vn 0.9923 -0.1155 0.0453
vn 0.9970 0.0371 -0.0679
vn 0.7887 -0.5832 -0.1944
vn 0.0529 -0.0196 -0.9984
vn 0.2672 -0.9115 -0.3126
vn -0.2365 -0.8966 -0.3744
vn 0.1600 -0.9790 -0.1265
vn -0.2527 -0.9454 -0.2060
vn -0.2823 -0.9425 -0.1790
vn -0.4678 -0.8476 -0.2504
vn -0.4327 -0.8847 -0.1736
vn 0.8802 -0.4013 0.2534
vn 0.8199 -0.5581 0.1279
vn 0.6982 -0.7155 -0.0227
vn 0.4954 -0.8678 0.0378
vn 0.2922 -0.9549 -0.0526
vn -0.0960 -0.9681 -0.2316
vn -0.4444 -0.8613 -0.2464
vn -0.4689 -0.7766 -0.4208
vn -0.4678 -0.8476 -0.2505
vn -0.2652 -0.9270 0.2652
vn -0.2361 -0.8334 0.4996
vn 0.1955 -0.7425 0.6407
vn 0.0038 -0.9440 -0.3301
vn 0.5544 -0.8310 0.0453
vn 0.0884 -0.8743 -0.4773
vn 0.8268 -0.5250 -0.2020
vn 0.1883 -0.7337 0.6529
vn 0.6392 -0.3893 0.6632
vn 0.8987 -0.4370 0.0378
vn 0.8017 -0.4172 -0.4280
vn 0.9941 -0.0240 -0.1055
vn 0.9637 0.0546 -0.2612
vn 0.8326 0.4330 -0.3454
vn 0.8806 0.2613 0.3954
vn 0.6216 0.5903 0.5150
vn 0.8969 0.3811 0.2241
vn 0.5191 0.8429 0.1414
vn 0.4927 0.7981 -0.3468
vn -0.0488 0.8966 -0.4402
vn 0.0564 0.7598 0.6477
vn -0.7164 0.6077 0.3427
vn -0.5871 0.7654 0.2636
vn -0.9577 0.2823 0.0565
vn -0.6345 0.7425 -0.2149
vn -0.8858 0.3239 -0.3322
vn -0.7262 0.4911 0.4810
vn -0.9739 -0.1025 0.2024
vn -0.9613 0.2528 0.1092
vn -0.9631 -0.1890 -0.1914
vn -0.9152 0.3486 -0.2022
vn -0.8858 0.0502 -0.4613
vn -0.9540 -0.2103 0.2136
vn -0.8337 -0.5435 0.0980
vn -0.9641 -0.1416 -0.2245
vn -0.8340 -0.3198 -0.4496
vn -0.8714 0.2018 -0.4472
vn -0.8341 -0.4212 -0.3562
vn -0.8653 -0.4720 0.1690
vn -0.8591 -0.0371 -0.5105
vn -0.9602 -0.2401 -0.1428
vn -0.9642 -0.0633 0.2574
vn -0.8207 0.2907 -0.4919
vn -0.5464 0.6779 -0.4918
vn -0.9490 0.3114 -0.0490
vn -0.5719 0.8161 0.0826
vn -0.6372 0.6811 0.3606
vn 0.0470 0.8034 0.5935
vn -0.0226 0.8721 -0.4887
vn 0.4979 0.7738 -0.3916
vn 0.5178 0.8286 0.2128
vn 0.8983 0.4370 0.0453
vn 0.7840 0.3486 0.5136
vn 0.8466 -0.0459 0.5302
vn 0.9707 0.0197 -0.2393
vn 0.9079 -0.4093 -0.0905
vn 0.6143 -0.4053 0.6770
vn 0.8013 -0.4835 0.3523
vn 0.2162 -0.9658 0.1429
vn 0.8303 -0.4720 0.2964
vn 0.2088 -0.9733 0.0952
vn 0.8713 -0.4758 0.1204
vn 0.2286 -0.9681 -0.1029
vn 0.8720 -0.4681 -0.1429
vn 0.1241 -0.9365 -0.3280
vn 0.1418 -0.8657 -0.4801
vn -0.3490 -0.8785 -0.3263
vn -0.3988 -0.7902 -0.4654
vn -0.0056 0.9890 0.1479
vn -0.8198 -0.5138 -0.2529
vn -0.8311 -0.4487 0.3284
vn -0.8212 -0.1025 -0.5613
vn -0.9549 -0.2697 -0.1243
vn -0.9836 0.0720 0.1654
vn -0.5162 0.5867 -0.6239
vn -0.0578 0.9562 -0.2870
vn 0.0358 0.8700 0.4917
vn 0.5606 0.7306 0.3897
vn 0.4690 0.7928 -0.3892
vn 0.8351 0.4681 -0.2888
vn 0.8810 0.4682 0.0678
vn 0.9944 0.0022 0.1055
vn 0.8181 -0.0371 0.5739
vn -0.7147 0.1329 -0.6867
vn -0.9374 0.3239 -0.1279
vn -0.5757 0.7901 0.2104
vn -0.6063 0.7425 0.2848
vn -0.0301 0.8612 -0.5073
vn 0.5342 0.8453 -0.0075
vn 0.7692 0.3731 0.5188
vn 0.9428 0.0110 0.3333
vn -0.7536 -0.1889 -0.6296
vn -0.9425 -0.3157 -0.1093
vn -0.9817 0.1372 0.1317
vn -0.4881 0.5938 -0.6397
vn 0.0075 0.9945 -0.1044
vn 0.5067 0.7710 0.3858
vn 0.8688 0.4643 0.1723
vn 0.9691 0.0021 0.2466
vn -0.5450 0.8382 0.0188
vn 0.0353 0.9781 0.2052
vn 0.9330 0.3198 0.1651
vn 0.9927 0.0065 0.1205
vn -0.2805 -0.7821 -0.5565
vn -0.8046 -0.5725 -0.1578
vn -0.8046 -0.3933 0.4449
vn -0.7662 -0.6351 -0.0981
vn -0.8034 -0.3404 0.4886
vn -0.7338 -0.2189 -0.6431
vn -0.6942 0.1458 -0.7049
vn -0.9293 -0.3404 -0.1430
vn -0.9094 0.3526 -0.2206
vn -0.9591 0.2401 -0.1503
vn -0.6040 0.7955 0.0490
vn -0.2104 -0.6683 -0.7135
vn -0.2714 -0.9061 0.3247
vn -0.3042 -0.9509 -0.0564
vn 0.0597 -0.9976 -0.0360
vn 0.0453 -0.7306 -0.6813
vn 0.2131 -0.8453 0.4899
vn 0.6981 -0.4911 0.5211
vn 0.5725 -0.8111 -0.1201
vn 0.8762 -0.3032 -0.3747
vn 0.6300 -0.5689 -0.5286
vn 0.8980 -0.2613 -0.3541
vn 0.8456 -0.4911 0.2093
vn 0.9641 -0.1415 0.2245
vn 0.9999 0.0066 -0.0076
vn 0.9128 0.1760 0.3684
vn 0.8932 0.4212 0.1577
vn 0.6730 0.5508 0.4936
vn 0.5370 0.7874 0.3027
vn 0.0019 0.9365 0.3507
vn -0.0563 0.9902 -0.1275
vn 0.0584 0.6112 0.7893
vn -0.6053 0.6811 0.4118
vn -0.6315 0.7682 0.1050
vn -0.7661 0.1760 0.6182
vn -0.9638 0.1932 0.1838
vn -0.9016 0.4132 -0.1279
vn -0.9886 0.1112 0.1018
vn -0.9829 -0.0371 -0.1802
vn -0.9766 0.1329 0.1690
vn -0.9799 0.0415 -0.1949
vn -0.9864 0.1155 0.1167
vn -0.9769 0.1025 -0.1876
vn -0.9773 0.1415 -0.1578
vn -0.0000 0.8406 0.5416
vn -0.0018 0.9969 0.0786
vn -0.0038 0.3812 0.9245
vn -0.6446 0.3240 0.6925
vn -0.5329 0.8382 0.1159
vn -0.5205 0.4949 0.6958
vn -0.6517 0.3445 0.6757
vn -0.1577 0.2231 0.9620
vn -0.9321 0.0546 0.3580
vn 0.1408 0.9790 0.1475
vn 0.2858 0.9151 0.2845
vn -0.0245 0.8285 0.5594
vn 0.5770 0.3690 0.7286
vn 0.6865 0.2018 0.6986
vn 0.5820 0.8007 0.1420
vn 0.8787 0.4758 -0.0378
vn 0.9020 0.3690 0.2241
vn 0.9995 0.0197 -0.0227
vn 0.9352 0.1199 0.3332
vn 0.9841 -0.1372 0.1131
vn 0.9548 0.1545 -0.2539
vn 0.8844 -0.1199 -0.4511
vn 0.8927 -0.4132 -0.1800
vn 0.5340 -0.8334 0.1421
vn -0.0678 -0.7483 -0.6599
vn 0.0283 -0.9896 -0.1409
vn -0.3914 -0.9115 -0.1263
vn -0.3001 -0.9380 0.1733
vn 0.5571 0.7001 0.4467
vn 0.6949 0.4370 0.5711
vn 0.8567 0.4835 -0.1798
vn 0.5538 0.8286 -0.0826
vn 0.8193 0.4681 -0.3312
vn 0.9240 0.1025 -0.3684
vn 0.9999 -0.0022 0.0151
vn 0.9016 -0.1155 0.4168
vn -0.2508 -0.7307 -0.6350
vn -0.2965 -0.9536 -0.0527
vn -0.3138 -0.9468 -0.0714
vn -0.3194 -0.9168 -0.2395
vn -0.7388 -0.6650 -0.1093
vn -0.8969 -0.4132 0.1578
vn -0.8604 -0.2317 -0.4539
vn -0.8441 0.1846 -0.5034
vn -0.9249 -0.1545 -0.3474
vn -0.9213 0.1242 -0.3684
vn -0.9546 -0.1501 -0.2574
vn -0.9533 0.1846 -0.2392
vn -0.9734 -0.1415 -0.1802
vn -0.8331 -0.3690 -0.4120
vn -0.8862 -0.2949 -0.3574
vn -0.9306 -0.2528 -0.2646
vn -0.9417 -0.2571 -0.2171
vn -0.4615 -0.5832 -0.6685
vn -0.5027 -0.8635 0.0416
vn -0.0525 -0.9670 0.2494
vn -0.4491 -0.8161 -0.3637
vn -0.1354 -0.5324 -0.8356
vn 0.5401 -0.7710 -0.3373
vn 0.6031 -0.4911 -0.6286
vn -0.4747 -0.4409 -0.7618
vn -0.5362 -0.8136 -0.2247
vn 0.0132 -0.9890 -0.1474
vn -0.4712 -0.6970 -0.5406
vn -0.0038 -0.7902 -0.6129
vn -0.0528 -0.3074 -0.9501
vn 0.5612 -0.6562 -0.5044
vn 0.5788 -0.3281 -0.7466
vn 0.9043 -0.3322 -0.2680
vn 0.8987 -0.0807 -0.4311
vn 0.9661 0.1847 -0.1802
vn 0.9174 -0.0371 0.3963
vn 0.8939 0.3157 0.3182
vn 0.9720 -0.2061 0.1131
vn 0.9999 0.0109 -0.0076
vn 0.8294 0.5471 0.1128
vn 0.4234 0.5213 0.7409
vn 0.3104 0.4487 0.8380
vn 0.8623 -0.5063 0.0075
vn 0.6523 -0.7125 -0.2585
vn -0.0751 -0.9169 -0.3921
vn -0.5322 -0.3609 -0.7659
vn -0.5078 -0.8161 -0.2757
vn -0.4765 -0.5324 -0.6996
vn -0.0019 -0.6043 -0.7967
vn -0.1074 -0.0459 -0.9932
vn 0.5637 -0.4993 -0.6579
vn 0.6397 -0.0371 -0.7678
vn 0.9046 -0.2573 -0.3398
vn 0.8454 0.1588 -0.5099
vn 0.9587 0.2316 -0.1652
vn 0.9009 0.2613 0.3466
vn 0.6211 -0.7793 -0.0830
vn 0.8897 -0.4565 -0.0000
vn -0.4912 -0.0197 -0.8708
vn -0.4107 -0.3239 -0.8523
vn 0.4208 -0.3239 -0.8473
vn 0.2846 -0.0938 -0.9541
vn 0.9578 0.0502 -0.2830
vn 0.9095 0.1932 -0.3680
vn 0.9056 0.1975 0.3752
vn 0.9534 0.2697 -0.1353
vn 0.7799 0.1112 0.6159
vn -0.1730 0.0066 0.9849
vn 0.8755 0.2571 0.4091
vn -0.7953 0.4526 -0.4033
vn -0.6360 0.5472 -0.5441
vn -0.3438 -0.0764 -0.9359
vn 0.1411 0.1761 -0.9742
vn 0.2782 0.4448 -0.8513
vn -0.3538 0.2231 -0.9083
vn -0.3838 0.3933 -0.8355
vn -0.7069 0.5832 0.4002
vn -0.7432 0.6008 0.2946
vn -0.9744 0.0807 0.2097
vn -0.9195 0.3567 0.1651
vn -0.9475 -0.3198 -0.0000
vn -0.9466 0.2990 0.1205
vn -0.9620 -0.1502 -0.2281
vn -0.9676 0.2444 -0.0641
vn -0.8263 -0.3690 -0.4255
vn -0.9641 0.1760 -0.1988
vn -0.7887 0.5653 0.2416
vn -0.7604 0.6112 0.2197
vn -0.7219 0.6779 0.1385
vn -0.9618 -0.1025 0.2538
vn -0.7285 -0.6844 -0.0302
vn -0.7047 -0.7094 0.0151
vn -0.9155 -0.4013 0.0302
vn -0.9269 -0.1588 -0.3400
vn -0.7526 -0.3404 -0.5636
vn -0.7052 -0.2697 -0.6558
vn -0.9154 -0.1155 -0.3857
vn -0.8962 -0.4409 0.0491
vn -0.6483 -0.7598 0.0490
vn -0.9501 -0.3074 0.0528
vn -0.5839 -0.8059 0.0978
vn -0.9067 -0.0807 -0.4139
vn -0.6697 -0.1803 -0.7204
vn 0.9943 -0.0415 0.0979
vn 0.8305 0.5545 0.0528
vn 0.9017 0.4291 0.0528
vn 0.6586 0.6485 -0.3817
vn 0.6985 0.6284 -0.3423
vn 0.6472 0.3852 -0.6579
vn 0.7298 0.3812 -0.5675
vn 0.7136 0.6617 -0.2299
vn 0.8811 0.4720 0.0302
vn 0.9979 0.0371 0.0528
vn 0.9932 0.1155 0.0151
vn 0.3517 0.9286 0.1182
vn 0.2859 0.9439 0.1651
vn 0.5398 0.8161 0.2063
vn -0.0075 0.9549 0.2969
vn -0.0207 0.9151 0.4027
vn 0.6782 0.6907 0.2509
vn 0.9882 0.1502 -0.0302
vn 0.5556 0.4172 -0.7192
vn 0.6217 0.6617 -0.4191
vn 0.8020 0.4172 -0.4275
vn 0.4069 0.9115 -0.0601
vn -0.0131 0.9753 0.2206
vn 0.0412 0.9691 0.2430
vn 0.4559 0.8678 -0.1975
vn -0.0869 0.9862 0.1406
vn -0.9057 -0.1674 0.3895
vn -0.9375 -0.1545 0.3117
vn -0.9558 -0.2697 0.1168
vn -0.9678 -0.0982 0.2320
vn -0.9936 -0.0066 0.1130
vn -0.9923 -0.1199 -0.0302
vn -0.9862 -0.0895 0.1392
vn -0.9904 -0.0677 0.1205
vn -0.9943 0.0415 -0.0979
vn -0.9869 0.0328 -0.1578
vn -0.9124 0.1025 -0.3963
vn -0.9820 -0.0240 -0.1876
vn -0.9188 -0.3772 0.1167
vn -0.9983 -0.0546 -0.0189
vn -0.9336 -0.3486 -0.0829
vn -0.9514 -0.2782 -0.1318
vn -0.8961 -0.3932 -0.2059
vn -0.9862 -0.0894 0.1392
vn -0.9392 -0.3404 -0.0453
vn 0.8807 -0.0459 0.4714
vn 0.9739 0.0329 0.2245
vn 0.9701 -0.0720 0.2319
vn 0.9975 -0.0371 0.0603
vn 0.9754 0.0371 0.2171
vn 0.9759 0.1112 -0.1876
vn 0.9202 0.3771 -0.1054
vn 0.8610 0.4835 0.1576
vn -0.9293 -0.2146 0.3007
vn -0.9318 -0.2697 0.2428
vn -0.8493 -0.5025 0.1615
vn -0.8210 -0.5580 0.1205
vn -0.3343 -0.9425 -0.0000
vn -0.4756 -0.8499 -0.2267
vn -0.2532 -0.9669 0.0302
vn -0.4459 -0.8261 -0.3445
vn -0.2059 -0.9772 0.0525
vn -0.4775 -0.7901 -0.3843
vn -0.3461 -0.9365 0.0565
vn -0.4944 -0.7626 -0.4171
vn 0.2720 -0.9575 0.0963
vn 0.1971 -0.9790 0.0525
vn 0.1211 -0.9925 0.0151
vn 0.0867 -0.9958 -0.0298
vn -0.6634 -0.7186 0.2084
vn -0.5137 -0.8212 0.2486
vn -0.8945 -0.1932 0.4032
vn -0.9496 -0.2189 0.2245
vn -0.7892 -0.6112 -0.0604
vn -0.2186 -0.8764 -0.4291
vn -0.1966 -0.8007 -0.5658
vn -0.2264 -0.7186 -0.6576
vn -0.2735 -0.6385 -0.7194
vn -0.9795 -0.1458 0.1393
vn -0.7350 -0.6485 -0.1979
vn 0.3629 0.1372 -0.9217
vn 0.3502 0.2317 -0.9076
vn 0.3935 0.2823 -0.8749
vn 0.4470 0.3527 -0.8221
vn 0.5915 0.3281 -0.7365
vn 0.6700 0.2739 -0.6900
vn 0.7226 0.2061 -0.6599
vn 0.7071 0.2060 -0.6764
vn 0.7086 0.1760 -0.6833
vn 0.6927 0.0808 -0.7167
vn 0.6782 -0.0546 -0.7329
vn 0.6776 -0.1112 -0.7270
vn 0.7105 -0.0590 -0.7012
vn 0.7680 -0.0240 -0.6400
vn 0.7270 -0.2061 -0.6550
vn 0.7030 -0.1242 -0.7003
vn 0.6295 -0.1846 -0.7548
vn 0.5977 -0.1674 -0.7841
vn 0.5606 -0.1717 -0.8101
vn 0.4563 -0.1068 -0.8834
vn 0.4358 -0.1112 -0.8931
vn 0.3669 -0.0502 -0.9289
vn 0.3825 -0.0284 -0.9235
vn 0.3738 0.0546 -0.9259
vn 0.9450 0.3239 -0.0452
vn 0.8187 0.2528 -0.5156
vn 0.8081 0.5832 -0.0828
vn 0.6099 0.6519 -0.4506
vn 0.4328 0.5398 -0.7220
vn 0.0546 0.5176 -0.8539
vn 0.3960 0.1975 -0.8968
vn -0.0867 0.1845 -0.9790
vn 0.8173 0.3933 0.4212
vn 0.6102 0.7540 0.2431
vn 0.4051 0.6844 0.6063
vn 0.0038 0.8059 0.5920
vn -0.4051 0.6844 0.6063
vn -0.4694 0.4448 0.7628
vn 0.4694 0.4448 0.7628
vn -0.8173 0.3933 0.4211
vn -0.6088 0.7540 0.2466
vn -0.7685 0.6385 -0.0415
vn -0.6916 0.5832 -0.4261
vn -0.4012 0.4797 -0.7803
vn -0.7755 0.2401 -0.5839
vn -0.4722 0.2018 -0.8581
vn -0.9430 0.3073 -0.1280
vn -0.8806 -0.4643 -0.0942
vn -0.7489 -0.6418 -0.1648
vn -0.7218 -0.6780 -0.1390
vn -0.7771 -0.6147 -0.1353
vn -0.9589 -0.2781 -0.0566
vn -0.9760 -0.2103 -0.0566
vn -0.6860 -0.7276 -0.0000
vn -0.9516 -0.3074 -0.0000
vn -0.8795 -0.4604 0.1206
vn -0.7317 -0.6452 0.2199
vn -0.9738 -0.2103 0.0868
vn -0.8231 -0.5361 0.1873
vn -0.7812 -0.6078 0.1429
vn -0.9811 -0.1889 0.0415
vn -0.8707 -0.1804 0.4576
vn -0.9044 0.1674 0.3925
vn -0.8152 0.1458 0.5605
vn -0.7120 0.6147 0.3394
vn -0.8964 0.3157 0.3111
vn -0.8144 0.5652 0.1314
vn -0.9032 0.4291 0.0076
vn -0.7063 -0.6682 0.2338
vn -0.8742 -0.4835 0.0453
vn -0.9048 -0.3893 0.1728
vn -0.9176 -0.2274 0.3260
vn -1.0000 0.0021 -0.0000
vn -0.6762 0.7366 0.0151
vn -0.8897 0.4565 -0.0038
vn -0.9664 0.2570 -0.0038
vn 0.9741 -0.2103 0.0830
vn 0.9813 -0.1889 0.0377
vn 0.7812 -0.6077 0.1429
vn 0.7050 -0.6683 0.2374
vn 0.8742 -0.4835 0.0453
vn 0.9048 -0.3893 0.1728
vn 0.8231 -0.5361 0.1873
vn 0.7306 -0.6452 0.2235
vn 0.9475 -0.3198 -0.0000
vn 0.9591 -0.2781 -0.0528
vn 0.9758 -0.2103 -0.0604
vn 0.7771 -0.6147 -0.1353
vn 0.7226 -0.6779 -0.1353
vn 0.6860 -0.7276 -0.0000
vn 0.8795 -0.4604 0.1206
vn 0.9516 -0.3074 -0.0000
vn 0.8811 -0.4643 -0.0905
vn 0.7489 -0.6418 -0.1648
vn 0.9528 0.0894 0.2902
vn 0.9691 0.1025 0.2245
vn 0.9624 0.1415 0.2318
vn 0.9359 0.1502 0.3188
vn 0.9491 0.1760 0.2612
vn 0.9402 0.2189 0.2610
vn 0.9700 0.1545 0.1876
vn 0.9598 0.2018 0.1950
vn 0.9529 -0.2189 -0.2097
vn 0.9712 -0.1847 -0.1504
vn 0.9556 -0.2274 -0.1876
vn 0.9557 -0.2865 0.0679
vn 0.9748 -0.2146 0.0603
vn 0.9771 -0.0371 0.2097
vn 0.9627 0.2018 0.1802
vn 0.9434 0.2570 0.2095
vn 0.9420 0.1415 0.3045
vn 0.9614 0.2144 0.1727
vn 0.9305 -0.2570 -0.2610
vn 0.9802 -0.1285 -0.1505
vn 0.9402 -0.2189 -0.2610
vn 0.9342 -0.1975 -0.2972
vn 0.9548 -0.1545 -0.2539
vn 0.9707 -0.1025 -0.2172
vn 0.9539 0.0764 0.2901
vn 0.8533 0.5212 -0.0151
vn 0.4963 0.8678 -0.0226
vn -0.2037 0.9723 -0.1147
vn 0.4894 0.8700 -0.0601
vn -0.3615 0.9023 -0.2348
vn -0.0745 0.9439 -0.3216
vn -0.6311 0.5653 -0.5312
vn -0.3192 0.8033 -0.5028
vn -0.5821 0.4487 -0.6781
vn 0.1052 0.9468 -0.3042
vn 0.4861 0.8700 -0.0825
vn -0.7918 0.0109 -0.6107
vn -0.8716 -0.0459 -0.4880
vn -0.8049 -0.3322 -0.4917
vn -0.8561 -0.3115 -0.4123
vn -0.8246 0.4252 -0.3732
vn -0.8116 0.5250 -0.2562
vn -0.9351 0.0851 -0.3439
vn -0.9214 -0.0851 -0.3791
vn -0.9189 -0.1588 -0.3612
vn -0.9018 -0.2528 -0.3505
vn 0.5008 0.8635 -0.0601
vn -0.0019 -0.9816 0.1910
vn -0.0019 -1.0000 0.0085
vn 0.4861 -0.8657 0.1198
vn 0.5451 -0.8382 0.0151
vn 0.8960 -0.4409 0.0528
vn 0.8601 -0.5101 -0.0000
vn 0.9892 -0.1415 -0.0377
vn 0.9776 -0.2018 -0.0604
vn 0.9371 0.3115 -0.1578
vn 0.9291 0.2823 -0.2389
vn 0.5997 0.7425 -0.2984
vn 0.6499 0.6650 -0.3680
vn 0.2262 0.9253 -0.3043
vn 0.4896 0.8522 -0.1844
vn 0.8903 0.4448 -0.0979
vn 0.9953 -0.0894 0.0377
vn 0.8802 -0.4526 0.1428
vn 0.3097 -0.8847 0.3485
vn -0.0000 -0.9286 0.3710
vn 0.5550 0.8261 -0.0974
vn 0.9294 0.3691 -0.0073
vn 0.9910 -0.1155 0.0679
vn 0.8708 -0.4682 0.1503
vn 0.5592 -0.7569 0.3382
vn -0.0018 -0.8826 0.4700
vn 0.3221 0.9410 -0.1035
vn 0.3777 0.9079 -0.1819
vn -0.1215 -0.9925 0.0114
vn -0.1980 -0.9790 0.0488
vn 0.2532 -0.9669 0.0302
vn 0.2059 -0.9772 0.0525
vn 0.4459 -0.8261 -0.3445
vn 0.4775 -0.7901 -0.3843
vn 0.2264 -0.7186 -0.6576
vn 0.2734 -0.6385 -0.7194
vn 0.1966 -0.8007 -0.5659
vn 0.4756 -0.8499 -0.2267
vn 0.3342 -0.9425 -0.0000
vn -0.0867 -0.9958 -0.0298
vn 0.2186 -0.8764 -0.4291
vn 0.7892 -0.6112 -0.0604
vn 0.8210 -0.5580 0.1205
vn 0.9496 -0.2189 0.2245
vn 0.9309 -0.2697 0.2465
vn 0.8486 -0.5025 0.1652
vn 0.9304 -0.2146 0.2971
vn 0.6634 -0.7187 0.2084
vn 0.8945 -0.1932 0.4032
vn 0.5137 -0.8212 0.2486
vn -0.2721 -0.9574 0.0964
vn 0.3467 -0.9365 0.0528
vn 0.4945 -0.7626 -0.4170
vn 0.9789 -0.1459 0.1430
vn 0.7359 -0.6486 -0.1943
vn 0.9176 -0.2274 0.3260
vn 0.8707 -0.1804 0.4576
vn 0.9059 0.1674 0.3890
vn 0.8152 0.1459 0.5605
vn 0.9664 0.2570 -0.0000
vn 0.7104 0.6147 0.3427
vn 0.8964 0.3157 0.3111
vn 0.8897 0.4565 -0.0000
vn 0.6762 0.7366 0.0151
vn 0.8137 0.5653 0.1352
vn 0.9032 0.4291 0.0076
vn 0.8798 0.3771 -0.2894
vn 0.8463 0.4565 -0.2746
vn 0.8281 -0.5581 -0.0529
vn 0.3294 -0.9439 -0.0227
vn 0.4175 -0.9042 -0.0900
vn 0.9620 -0.2486 -0.1130
vn 0.9585 0.1932 -0.2096
vn 0.9654 0.2231 -0.1353
vn 0.9152 0.3527 -0.1948
vn 0.9874 0.1242 -0.0980
vn 0.7011 -0.7001 -0.1351
vn -0.0000 -0.9909 -0.1349
vn -0.0019 -0.9986 -0.0524
vn -0.0106 -0.9999 -0.0077
vn 0.7632 -0.0197 -0.6459
vn 0.6014 0.0720 -0.7957
vn 0.5419 -0.2865 -0.7901
vn 0.4118 -0.3892 -0.8240
vn 0.3733 -0.2444 -0.8950
vn 0.3572 -0.3404 -0.8698
vn 0.3973 -0.4604 -0.7939
vn 0.4315 -0.5472 -0.7172
vn 0.5207 -0.5581 -0.6460
vn 0.5212 -0.5508 -0.6519
vn 0.5625 -0.5689 -0.5999
vn 0.6069 -0.5544 -0.5695
vn 0.6524 -0.5472 -0.5244
vn 0.7754 -0.4526 -0.4404
vn 0.8297 -0.3731 -0.4151
vn 0.8683 -0.2697 -0.4163
vn 0.8535 -0.2739 -0.4434
vn 0.8715 -0.1932 -0.4508
vn 0.8819 -0.1372 -0.4510
vn 0.8890 -0.1112 -0.4443
vn 0.8654 -0.1285 -0.4844
vn 0.8324 -0.1415 -0.5358
vn 0.8010 -0.1241 -0.5857
vn 0.7978 -0.1155 -0.5917
vn 0.7845 -0.1112 -0.6101
vn 0.7861 -0.0981 -0.6103
vn 0.7559 -0.1112 -0.6452
vn -0.6238 0.6617 -0.4159
vn -0.8303 0.5545 0.0565
vn -0.6586 0.6485 -0.3817
vn -0.9017 0.4291 0.0528
vn -0.6985 0.6284 -0.3424
vn -0.8811 0.4720 0.0302
vn -0.7148 0.6617 -0.2263
vn -0.8371 0.5471 0.0038
vn -0.3517 0.9286 0.1182
vn -0.2859 0.9439 0.1651
vn -0.0411 0.9692 0.2430
vn 0.0075 0.9549 0.2968
vn -0.9943 -0.0415 0.0979
vn -0.9979 0.0371 0.0528
vn -0.9932 0.1155 0.0113
vn -0.9881 0.1502 -0.0341
vn -0.5398 0.8161 0.2063
vn -0.6769 0.6907 0.2544
vn 0.0169 0.9151 0.4029
vn -0.5526 0.4172 -0.7215
vn -0.6472 0.3852 -0.6579
vn -0.7298 0.3812 -0.5675
vn -0.8002 0.4172 -0.4308
vn -0.4063 0.9115 -0.0638
vn 0.0094 0.9753 0.2208
vn 0.0837 0.9862 0.1425
vn -0.4574 0.8678 -0.1940
vn 0.7051 0.5832 0.4034
vn 0.9744 0.0807 0.2097
vn 0.7432 0.6008 0.2945
vn 0.9195 0.3568 0.1651
vn 0.7876 0.5653 0.2452
vn 0.9466 0.2990 0.1205
vn 0.7593 0.6112 0.2233
vn 0.9678 0.2444 -0.0604
vn 0.7212 0.6780 0.1422
vn 0.9649 0.1760 -0.1950
vn 0.9611 -0.1502 -0.2318
vn 0.8246 -0.3690 -0.4288
vn 0.7285 -0.6844 -0.0302
vn 0.7046 -0.7094 0.0151
vn 0.9618 -0.1025 0.2538
vn 0.7526 -0.3404 -0.5636
vn 0.9269 -0.1588 -0.3400
vn 0.7026 -0.2697 -0.6585
vn 0.9168 -0.1155 -0.3823
vn 0.6697 -0.1803 -0.7204
vn 0.9052 -0.0807 -0.4173
vn 0.9155 -0.4013 0.0302
vn 0.9501 -0.3074 0.0528
vn 0.6480 -0.7598 0.0528
vn 0.5837 -0.8060 0.0977
vn -0.2782 0.4448 -0.8513
vn 0.3838 0.3933 -0.8355
vn 0.8045 -0.5939 -0.0000
vn 0.0037 0.4987 0.8667
vn 0.0019 -0.4987 -0.8667
vn -0.0000 -0.8657 -0.5006
vn 0.0037 -0.9237 0.3832
vn -0.2172 0.0022 0.9761
vn -0.9591 -0.0022 -0.2831
vn -0.8519 -0.0022 -0.5236
vn -0.9684 -0.2444 -0.0489
vn -0.8668 -0.4987 -0.0037
vn -0.0017 -0.6044 -0.7967
vn 0.1037 -0.0458 -0.9936
vn 0.4711 -0.6970 -0.5406
vn 0.0528 -0.3073 -0.9502
vn -0.6206 -0.7793 -0.0867
vn -0.6058 -0.4911 -0.6259
vn 0.0679 -0.7483 -0.6599
vn -0.9647 0.0546 -0.2575
vn -0.8806 0.2613 0.3952
vn -0.1920 -0.7336 0.6519
vn -0.1790 -0.9303 -0.3203
vn -0.0860 -0.9319 -0.3525
vn -0.9595 -0.2529 -0.1243
vn 0.3634 0.9286 0.0747
vn -0.0371 0.9969 0.0692
vn -0.5463 0.6780 -0.4918
vn -0.7165 0.6077 0.3426
vn 0.8192 0.4682 -0.3312
vn 0.8969 0.3812 0.2241
vn 0.8986 -0.4371 0.0377
vn 0.9941 -0.0242 -0.1055
vn 0.6392 -0.3892 0.6633
vn -0.0055 0.9890 0.1479
vn -0.5719 0.8162 0.0826
vn 0.0470 0.8033 0.5937
vn -0.0019 -0.9150 -0.4033
vn 0.5401 -0.7710 -0.3374
vn -0.0524 -0.9670 0.2495
vn -0.1729 0.0065 0.9849
vn -0.1578 0.2232 0.9619
vn 0.7798 0.1111 0.6161
vn 0.5628 -0.6551 -0.5041
vn 0.9043 -0.3322 -0.2682
vn 0.6212 -0.7793 -0.0828
vn -0.1355 -0.5324 -0.8356
vn 0.6031 -0.4912 -0.6285
vn -0.0564 0.9902 -0.1275
vn 0.5538 0.8286 -0.0825
vn 0.0585 0.6112 0.7893
vn 0.9662 0.1846 -0.1802
vn 0.8987 -0.0807 -0.4310
vn 0.9720 -0.2061 0.1129
vn 0.8455 0.1588 -0.5099
vn 0.6398 -0.0372 -0.7677
vn 0.9671 -0.0634 -0.2465
vn -0.0019 0.9870 0.1608
vn -0.8791 -0.3812 0.2861
vn 0.9734 -0.1069 0.2026
vn -0.2369 0.7032 0.6704
vn -0.0151 0.6351 0.7723
vn -0.4880 -0.0677 0.8702
vn -0.8819 -0.0109 0.4714
vn -0.3260 0.9439 -0.0524
vn -0.7027 0.6939 0.1571
vn -0.5095 0.8060 0.3014
vn -0.2316 -0.3485 0.9082
vn -0.2593 -0.1889 0.9471
vn -0.4700 -0.2401 0.8494
vn -0.8517 -0.5175 0.0829
vn -0.7839 -0.4409 0.4373
vn -0.8443 -0.4949 0.2057
vn 0.9436 0.2949 -0.1501
vn 0.9949 0.0982 -0.0225
vn -0.9305 0.3322 -0.1541
vn -0.9404 0.2907 -0.1763
vn -0.5659 0.8211 -0.0751
vn 0.7789 0.6182 -0.1053
vn -0.1690 0.2103 -0.9629
vn 0.7272 0.5544 -0.4047
vn 0.9276 0.2359 -0.2898
vn -0.2067 0.6552 -0.7267
vn -0.0396 0.5652 -0.8240
vn -0.0377 0.6284 -0.7770
vn -0.1431 0.8700 -0.4719
vn -0.0076 0.8522 -0.5232
vn -0.7229 -0.4797 0.4973
vn -0.7663 -0.3239 0.5549
vn -0.4012 -0.5725 0.7150
vn 0.3582 0.9270 0.1113
vn 0.2908 0.9549 -0.0597
vn -0.0000 0.8111 -0.5850
vn 0.3066 0.6844 -0.6615
vn 0.9201 0.3771 -0.1055
vn 0.4774 0.8635 0.1626
vn 0.6415 0.7627 0.0827
vn 0.8807 -0.0458 0.4714
vn 0.9777 -0.0023 0.2099
vn 0.8596 0.2147 0.4636
vn -0.5984 0.0327 -0.8005
vn -0.3192 0.9468 -0.0413
vn -0.9936 -0.0065 0.1131
vn -0.9678 -0.0981 0.2320
vn -0.2527 -0.9453 -0.2060
vn -0.2366 -0.8966 -0.3744
vn 0.8280 -0.5508 0.1055
vn 0.9213 -0.3446 0.1802
vn 0.9605 -0.2655 0.0830
vn 0.8344 -0.0457 -0.5493
vn 0.9750 -0.0458 -0.2173
vn 0.9397 0.0328 -0.3403
vn 0.8861 -0.4409 -0.1428
vn 0.8834 -0.4487 0.1355
vn 0.8194 -0.3730 -0.4353
vn 0.9160 -0.2528 -0.3115
vn 0.8518 0.5212 -0.0528
vn 0.9081 0.3156 -0.2752
vn -0.7124 -0.6907 -0.1241
vn -0.4787 -0.8721 -0.1012
vn 0.2758 -0.5938 0.7559
vn 0.0642 -0.7541 0.6536
vn 0.4911 -0.6518 0.5778
vn -0.0019 0.4212 0.9070
vn -0.0057 0.4172 0.9088
vn -0.0094 -0.1761 0.9843
vn 0.9987 0.0502 -0.0075
vn 0.9784 0.2060 -0.0151
vn -0.9922 0.1242 0.0076
vn 0.8769 -0.4251 0.2242
vn 0.7964 -0.4409 0.4140
vn 0.7025 -0.6684 0.2446
vn 0.9957 0.0894 0.0227
vn -0.8035 0.4949 -0.3308
vn -0.6622 -0.6939 0.2830
vn -0.7165 -0.6584 0.2304
vn 0.6217 0.6618 -0.4190
vn 0.6586 0.6486 -0.3816
vn -0.9194 0.3570 0.1651
vn -0.7527 -0.3404 -0.5636
vn -0.9620 -0.1502 -0.2282
vn -0.9153 -0.1156 -0.3858
vn 0.7360 -0.6485 -0.1943
vn 0.7892 -0.6111 -0.0604
vn 0.0151 0.1459 0.9892
vn 0.9995 0.0022 -0.0302
vn -0.9510 0.1328 0.2792
vn -0.9377 0.0982 0.3332
vn -0.9414 -0.2612 -0.2134
vn 0.0019 0.1631 0.9866
vn -0.3552 -0.9079 0.2224
vn -0.0075 0.4758 0.8795
vn -0.8807 -0.4643 -0.0942
vn 0.3423 -0.9396 -0.0000
vn 0.3548 -0.9081 0.2225
vn 0.3281 -0.8907 0.3147
vn 0.3286 -0.8430 0.4259
vn 0.9176 -0.2274 0.3259
vn 0.8151 0.1459 0.5606
vn 0.3831 0.9237 -0.0076
vn 0.6891 0.7247 -0.0000
vn -0.9977 -0.0677 -0.0075
vn -1.0000 -0.0066 -0.0000
vn -0.9887 -0.1502 0.0038
vn -0.0490 0.7063 -0.7062
vn -0.0283 0.3609 -0.9322
vn 0.8732 0.4873 -0.0000
vn 1.0000 -0.0066 -0.0001
vn 0.0020 0.9890 -0.1480
vn 0.6102 0.7541 0.2430
vn -0.4051 0.6843 0.6063
vn -0.6088 0.7541 0.2465
vn -0.9430 0.3073 -0.1278
vn -0.8174 0.3933 0.4209
vn -0.9943 -0.1025 -0.0302
vn -0.8995 -0.4369 -0.0000
vn -0.4033 -0.9151 0.0036
vn -0.5699 -0.8212 -0.0303
vn 1.0000 -0.0022 0.0001
vn 0.6283 -0.0285 0.7775
vn 0.0019 0.6147 0.7888
vn -0.0000 0.2231 0.9748
vn 0.5409 0.2401 0.8061
vn 0.7501 -0.3852 -0.5376
vn -0.3352 0.6351 0.6959
vn -0.0923 0.6584 0.7470
vn -0.0847 0.4331 0.8974
vn -0.9735 0.1199 0.1950
vn -0.9734 0.1199 0.1951
vn -0.4562 0.3892 0.8003
vn -0.9296 -0.1502 -0.3365
vn -0.9605 -0.2781 0.0038
vn -0.3104 -0.9482 0.0675
vn -0.4960 -0.8658 0.0667
vn -0.9618 -0.2738 -0.0000
vn 0.8098 -0.5867 -0.0000
vn 0.5922 -0.7511 -0.2917
vn 0.2992 -0.9286 -0.2193
vn 0.2804 -0.8567 -0.4329
vn 0.4909 -0.7682 -0.4109
vn 0.5258 -0.6351 0.5659
vn 0.2730 -0.8334 0.4805
vn 0.8256 0.2697 0.4956
vn 0.2686 0.8334 0.4829
vn 0.5272 0.6352 0.5645
vn 0.4949 0.8657 0.0750
vn -0.8257 0.2697 0.4955
vn -0.5258 -0.6351 0.5659
vn -0.3832 0.9237 -0.0000
vn -0.7078 0.7064 -0.0000
vn -0.0057 -0.8568 -0.5156
vn 0.4909 0.8500 0.1912
vn 0.4910 0.8499 0.1912
vn 0.8084 0.5581 0.1871
vn -0.8084 -0.5581 0.1872
vn 0.4910 0.8499 0.1913
vn -0.8084 -0.5581 0.1873
vn -0.4847 0.8382 0.2500
vn -0.0019 0.9523 -0.3052
vn 0.9402 0.2189 0.2611
vn 0.9408 0.1155 -0.3188
vn 0.9671 -0.0633 -0.2465
vn -0.0000 0.9523 -0.3052
vn -0.0019 -0.2612 -0.9653
vn -0.6782 -0.3073 0.6675
vn -0.9102 -0.1416 0.3893
vn -0.0019 0.9781 0.2080
vn 0.0038 0.8453 0.5342
vn 0.6782 -0.3073 0.6675
vn 0.9102 -0.1416 0.3893
vn 0.9707 0.2401 0.0075
vn 0.9447 0.3280 -0.0000
vn -0.3988 -0.7901 -0.4655
vn 0.1417 -0.8657 -0.4801
vn -0.2806 -0.7820 -0.5565
vn -0.5547 0.7002 0.4495
vn -0.9020 0.3691 0.2241
vn -0.6973 0.4369 0.5682
vn -0.9302 0.3240 0.1725
vn -0.9979 -0.0240 0.0602
vn -0.8332 0.5508 0.0490
vt 0.830083 0.076165
vt 0.830083 0.003896
vt 0.825722 0.076165
vt 0.825722 0.003896
vt 0.657258 0.045402
vt 0.652821 0.043941
vt 0.657258 0.029304
vt 0.652821 0.030278
vt 0.734834 0.554452
vt 0.741184 0.554452
vt 0.734834 0.567384
vt 0.741184 0.567384
vt 0.752966 0.554452
vt 0.752966 0.567384
vt 0.761688 0.567384
vt 0.761688 0.554452
vt 0.771939 0.567384
vt 0.771939 0.554452
vt 0.782191 0.554452
vt 0.782191 0.567384
vt 0.792978 0.554452
vt 0.792978 0.567384
vt 0.423612 0.142592
vt 0.405022 0.142592
vt 0.423612 0.112315
vt 0.405022 0.112315
vt 0.389185 0.112315
vt 0.389185 0.142592
vt 0.370824 0.112315
vt 0.370824 0.142592
vt 0.355982 0.112315
vt 0.355982 0.142592
vt 0.339839 0.142592
vt 0.339839 0.112315
vt 0.323467 0.112315
vt 1.728480 0.460456
vt 1.741180 0.472171
vt 1.735365 0.450688
vt 1.757781 0.462403
vt 1.770481 0.480478
vt 1.749978 0.486807
vt 1.751967 0.502448
vt 1.779279 0.503178
vt 1.746076 0.514894
vt 1.793968 0.514163
vt 1.801772 0.526365
vt 1.731464 0.526365
vt 1.731464 0.537107
vt 1.801772 0.537107
vt 0.970240 0.329580
vt 0.920435 0.329580
vt 0.970240 0.313970
vt 0.920435 0.313970
vt 0.866193 0.365243
vt 0.872543 0.365243
vt 0.866193 0.385752
vt 0.872543 0.385752
vt 0.879429 0.385752
vt 0.879429 0.365243
vt 0.903298 0.365243
vt 0.903298 0.385752
vt 0.908194 0.365243
vt 0.908194 0.385752
vt 0.930687 0.385752
vt 0.930687 0.365243
vt 0.934589 0.365243
vt 0.934589 0.385752
vt 0.949201 0.365243
vt 0.949201 0.385752
vt 0.995640 0.385752
vt 0.870631 0.085933
vt 0.873997 0.085446
vt 0.866729 0.085446
vt 0.878893 0.082525
vt 0.862291 0.082525
vt 0.881341 0.079117
vt 0.859843 0.079117
vt 0.833526 0.003409
vt 0.833526 0.075679
vt 0.909648 0.062016
vt 0.951190 0.062016
vt 0.956545 0.058090
vt 0.986841 0.003409
vt 0.962436 0.056630
vt 0.967792 0.058090
vt 0.973147 0.062016
vt 0.986841 0.062016
vt 1.996094 0.354014
vt 1.921884 0.354014
vt 1.996094 0.361317
vt 1.866189 0.361317
vt 1.866189 0.354014
vt 1.870090 0.347655
vt 1.907195 0.347655
vt 1.902376 0.341295
vt 1.870090 0.319325
vt 1.900386 0.330554
vt 1.873992 0.314943
vt 1.896485 0.301767
vt 1.903294 0.320786
vt 1.900386 0.300794
vt 1.912092 0.313970
vt 1.919895 0.310044
vt 1.917983 0.300794
vt 1.972684 0.300794
vt 0.116598 0.223138
vt 0.106959 0.220704
vt 0.117669 0.218757
vt 0.108489 0.215318
vt 0.109407 0.211910
vt 0.118970 0.214344
vt 0.120576 0.209963
vt 0.111243 0.206555
vt 0.122413 0.205581
vt 0.112773 0.202142
vt 0.124249 0.201169
vt 0.725577 0.090345
vt 0.725577 0.002922
vt 0.714331 0.090345
vt 0.714331 0.002922
vt 0.703161 0.002922
vt 0.004519 0.004383
vt 0.012245 0.004383
vt 0.004519 0.013177
vt 0.012245 0.013177
vt 0.012245 0.021971
vt 0.015535 0.013177
vt 0.015535 0.021971
vt 0.019131 0.021971
vt 0.015535 0.031252
vt 0.019131 0.031252
vt 0.019131 0.040046
vt 0.022038 0.031252
vt 0.022038 0.040046
vt 0.365239 0.040046
vt 0.022038 0.048840
vt 0.365239 0.048840
vt 0.015535 0.004383
vt 0.019131 0.004383
vt 0.019131 0.013177
vt 0.022038 0.013177
vt 0.022038 0.021971
vt 0.365239 0.031252
vt 0.365239 0.021971
vt 0.365239 0.013177
vt 0.022038 0.004383
vt 0.365239 0.004383
vt 0.004519 0.021971
vt 0.012245 0.031252
vt 0.004519 0.031252
vt 0.004519 0.040046
vt 0.015535 0.040046
vt 0.019131 0.048840
vt 0.015535 0.048840
vt 0.012245 0.048840
vt 0.012245 0.040046
vt 0.004519 0.048840
vt 0.384289 0.698230
vt 0.384748 0.691170
vt 0.388191 0.703129
vt 0.389185 0.684810
vt 0.393087 0.705806
vt 0.394311 0.681402
vt 0.400355 0.706780
vt 0.414585 0.704102
vt 0.497287 0.686758
vt 0.431416 0.714114
vt 0.500500 0.689223
vt 0.508762 0.698960
vt 0.604470 0.648447
vt 0.604470 0.652829
vt 0.601104 0.648447
vt 0.601104 0.652829
vt 0.597661 0.652829
vt 0.597661 0.648447
vt 0.594754 0.652829
vt 0.594754 0.648447
vt 0.590852 0.648447
vt 0.590852 0.652829
vt 0.582972 0.648447
vt 0.868182 0.180172
vt 0.868182 0.169431
vt 0.890139 0.180172
vt 0.890139 0.169431
vt 0.896030 0.183094
vt 0.896030 0.166510
vt 0.925790 0.184585
vt 0.925790 0.164562
vt 0.316658 0.221191
vt 0.329358 0.221191
vt 0.316658 0.241700
vt 0.329358 0.241700
vt 0.342288 0.241700
vt 0.342288 0.221191
vt 0.354987 0.221191
vt 0.354987 0.241700
vt 0.367917 0.241700
vt 0.367917 0.221191
vt 0.380617 0.221191
vt 0.380617 0.241700
vt 0.393546 0.241700
vt 0.543419 0.749990
vt 0.543419 0.736570
vt 0.543419 0.734379
vt 0.736823 0.090345
vt 0.736823 0.002922
vt 0.748529 0.090345
vt 0.748529 0.002922
vt 0.844236 0.298816
vt 0.866729 0.298816
vt 0.844236 0.327145
vt 0.866729 0.327145
vt 0.859843 0.352554
vt 0.849133 0.352554
vt 0.859843 0.334479
vt 0.849133 0.334479
vt 0.845231 0.352554
vt 0.815929 0.352554
vt 0.845231 0.333018
vt 0.815929 0.333018
vt 1.798864 0.326659
vt 1.832986 0.326659
vt 1.773465 0.298816
vt 1.832986 0.298816
vt 0.832990 0.326659
vt 0.799328 0.326659
vt 0.832990 0.298816
vt 0.773928 0.298816
vt 0.258056 0.174330
vt 0.273892 0.174330
vt 0.258056 0.190914
vt 0.273892 0.190914
vt 0.288122 0.174330
vt 0.288122 0.190914
vt 0.118664 0.085933
vt 0.120500 0.091319
vt 0.217126 0.085933
vt 0.217126 0.099596
vt 0.077963 0.099596
vt 0.087909 0.113289
vt 0.217126 0.113776
vt 0.094259 0.126952
vt 0.217126 0.127439
vt 0.217126 0.140614
vt 0.074367 0.090832
vt 0.063198 0.084959
vt 0.110478 0.085446
vt 0.108336 0.077626
vt 0.044301 0.077626
vt 0.203890 0.546388
vt 0.203890 0.533212
vt 0.215213 0.552991
vt 0.215213 0.526852
vt 0.226536 0.533212
vt 0.097166 0.140614
vt 0.334943 0.105469
vt 0.328364 0.093754
vt 0.348638 0.105469
vt 0.355446 0.093754
vt 0.348638 0.082038
vt 0.334943 0.082038
vt 0.323238 0.174817
vt 0.321019 0.183094
vt 0.313445 0.174817
vt 0.313445 0.191401
vt 0.300745 0.174817
vt 0.300745 0.191401
vt 0.018213 0.122570
vt 0.007808 0.117671
vt 0.028694 0.117671
vt 0.003447 0.105956
vt 0.032978 0.105956
vt 0.028694 0.092293
vt 0.007808 0.092293
vt 0.022497 0.087881
vt 0.014005 0.087881
vt 0.014005 0.076652
vt 0.022497 0.076652
vt 0.022497 0.059582
vt 0.014005 0.059582
vt 0.018213 0.059582
vt 0.324462 0.106929
vt 0.324462 0.098135
vt 0.276876 0.106929
vt 0.276876 0.098135
vt 0.269302 0.097162
vt 0.269302 0.089859
vt 0.247422 0.096188
vt 0.247575 0.090345
vt 0.229213 0.093267
vt 0.246580 0.083986
vt 0.268766 0.083012
vt 0.276876 0.089341
vt 0.324462 0.089341
vt 0.324462 0.080091
vt 0.276876 0.080091
vt 0.246350 0.102548
vt 0.268537 0.104008
vt 0.356900 0.429692
vt 0.356900 0.424793
vt 0.656264 0.429692
vt 0.656264 0.424793
vt 0.469745 0.050301
vt 0.408923 0.050301
vt 0.484893 0.039559
vt 0.383065 0.004383
vt 0.516107 0.004383
vt 0.383065 0.067371
vt 0.408923 0.067371
vt 0.406246 0.072271
vt 0.385742 0.072271
vt 0.390409 0.076165
vt 0.401579 0.076165
vt 0.395994 0.077626
vt 0.377939 0.052735
vt 0.377939 0.059582
vt 0.029536 0.052735
vt 0.029536 0.059582
vt 0.029536 0.066885
vt 0.377939 0.066885
vt 0.377939 0.073731
vt 0.539517 0.043941
vt 0.539517 0.050301
vt 0.491472 0.043941
vt 0.491472 0.050301
vt 0.446258 0.063963
vt 0.496828 0.063963
vt 0.446258 0.069836
vt 0.496828 0.069836
vt 0.509298 0.069836
vt 0.509298 0.063963
vt 0.535616 0.063963
vt 0.525364 0.052735
vt 0.525364 0.059582
vt 0.508303 0.052735
vt 0.508303 0.059582
vt 0.503407 0.052735
vt 0.503407 0.059582
vt 0.497593 0.052735
vt 0.497593 0.059582
vt 0.491702 0.052735
vt 0.491702 0.059582
vt 0.485811 0.059582
vt 0.485811 0.052735
vt 0.479996 0.059582
vt 0.479996 0.052735
vt 0.474335 0.052735
vt 0.474335 0.059582
vt 0.442356 0.059582
vt 0.411142 0.052735
vt 0.442356 0.077139
vt 0.411142 0.077139
vt 0.057460 0.114263
vt 0.043230 0.118645
vt 0.071766 0.118645
vt 0.079493 0.124031
vt 0.035426 0.124031
vt 0.085843 0.129873
vt 0.029153 0.129873
vt 0.089515 0.137206
vt 0.025557 0.137206
vt 0.023339 0.144540
vt 0.091658 0.144540
vt 0.091658 0.211423
vt 0.023339 0.211423
vt 0.022803 0.216322
vt 0.092423 0.216322
vt 0.094565 0.221191
vt 0.020508 0.221191
vt 0.018672 0.240727
vt 0.096401 0.240727
vt 0.096095 0.248060
vt 0.098237 0.249521
vt 0.113997 0.252442
vt 0.106270 0.240240
vt 0.121571 0.263670
vt 0.098237 0.272464
vt 0.129910 0.282232
vt 0.133582 0.297355
vt 0.098314 0.392081
vt 0.133582 0.403797
vt 0.094029 0.396494
vt 0.057536 0.403797
vt 0.133582 0.414051
vt 0.057536 0.414051
vt 0.057536 0.423819
vt 0.133582 0.423819
vt 0.057536 0.507560
vt 0.133582 0.507560
vt 0.128074 0.513676
vt -0.010247 0.223138
vt -0.010247 0.276846
vt -0.003438 0.223138
vt -0.003438 0.276846
vt -0.003438 0.330554
vt -0.010247 0.330554
vt 0.975136 0.645252
vt 0.965803 0.645496
vt 0.975136 0.644035
vt 0.965803 0.640627
vt 0.986841 0.644035
vt 0.996558 0.640627
vt 0.996558 0.645496
vt 1.024405 0.531995
vt 1.025400 0.533699
vt 1.001989 0.531995
vt 1.001989 0.562759
vt 1.025400 0.562759
vt 1.001989 0.565193
vt 1.025400 0.565193
vt 1.025400 0.566897
vt 1.001989 0.566897
vt 1.025400 0.595470
vt 1.001989 0.609376
vt 1.024405 0.600095
vt 1.021498 0.605968
vt 1.019509 0.609133
vt 1.017596 0.612784
vt 1.001989 0.612784
vt 1.013695 0.618657
vt 1.001989 0.618414
vt 1.012700 0.620118
vt 0.516107 0.039559
vt 0.516107 0.035634
vt 0.383065 0.035634
vt 0.525899 0.039559
vt 0.519014 0.039559
vt 0.525899 0.035147
vt 0.519014 0.003896
vt 0.543419 0.035147
vt 0.543419 0.003896
vt 0.984852 0.649421
vt 0.985388 0.656237
vt 0.976590 0.649421
vt 0.976590 0.656237
vt 0.985847 0.663571
vt 0.976054 0.663571
vt 0.885243 0.676016
vt 0.885243 0.673338
vt 0.888686 0.676016
vt 0.902380 0.673338
vt 0.902380 0.687001
vt 0.888686 0.684323
vt 0.885243 0.687001
vt 0.885243 0.684323
vt 1.741180 0.572740
vt 1.728480 0.572740
vt 1.741180 0.587163
vt 1.728480 0.587163
vt 0.698265 0.006361
vt 0.698265 0.068345
vt 0.687478 0.006361
vt 0.687478 0.068345
vt 0.682122 0.055656
vt 0.676767 0.068345
vt 0.676767 0.055656
vt 0.670876 0.055656
vt 0.665521 0.068345
vt 0.665521 0.047866
vt 0.670876 0.047866
vt 0.654810 0.047866
vt 0.654810 0.068345
vt 0.956545 0.993423
vt 0.884248 0.993423
vt 0.956545 0.968137
vt 0.884248 0.968137
vt 0.682122 0.019050
vt 0.676767 0.006361
vt 0.676767 0.019050
vt 0.670876 0.019050
vt 0.665521 0.006361
vt 0.670876 0.026870
vt 0.665521 0.026870
vt 0.654810 0.006361
vt 0.654810 0.026870
vt 0.846684 0.646987
vt 0.845690 0.606455
vt 0.868641 0.646226
vt 0.950196 0.643792
vt 0.873997 0.652586
vt 0.950196 0.650395
vt 0.876980 0.658702
vt 0.950196 0.656481
vt 0.948206 0.603260
vt 0.854947 0.595714
vt 0.942851 0.593005
vt 0.859384 0.589841
vt 0.937037 0.587893
vt 0.928698 0.550770
vt 0.935048 0.548335
vt 0.918446 0.507804
vt 0.928239 0.503909
vt 0.902380 0.458508
vt 0.954097 0.603503
vt 0.945835 0.547362
vt 0.239771 0.903383
vt 0.248569 0.903383
vt 0.243902 0.914612
vt 0.252700 0.913699
vt 0.559103 0.194322
vt 0.557649 0.156742
vt 0.521003 0.194322
vt 0.524905 0.167483
vt 0.520544 0.144540
vt 0.542501 0.134772
vt 0.509757 0.119618
vt 0.537146 0.120592
vt 0.536610 0.105469
vt 0.514194 0.097648
vt 0.530260 0.080091
vt 0.543419 0.092293
vt 0.555201 0.080091
vt 0.553747 0.073244
vt 0.405787 0.856066
vt 0.390409 0.865103
vt 0.398672 0.841795
vt 0.387961 0.850345
vt 0.379393 0.829349
vt 0.368682 0.847789
vt 0.357665 0.841429
vt 0.360572 0.861695
vt 0.345960 0.863156
vt 0.365010 0.871585
vt 0.353763 0.877944
vt 0.368146 0.887134
vt 0.351545 0.899367
vt 0.339380 0.891911
vt 0.328593 0.870489
vt 0.329817 0.856674
vt 0.345195 0.831783
vt 0.363250 0.829714
vt 0.362791 0.814195
vt 0.382606 0.817025
vt 0.391327 0.827280
vt 0.389185 0.806040
vt 0.378168 0.806040
vt 0.364245 0.806162
vt 0.365010 0.797976
vt 0.347643 0.806162
vt 0.347184 0.795420
vt 0.329358 0.806162
vt 0.324003 0.785531
vt 0.316199 0.796881
vt 0.311303 0.789182
vt 0.295926 0.795786
vt 0.299827 0.783066
vt 0.292253 0.786139
vt 0.296844 0.775033
vt 0.282231 0.783583
vt 0.287128 0.764048
vt 0.269991 0.776250
vt 0.270297 0.761948
vt 0.254154 0.773451
vt 0.246580 0.767091
vt 0.241225 0.772568
vt 0.229978 0.761948
vt 0.226306 0.772203
vt 0.209628 0.761827
vt 0.203737 0.773816
vt 0.181168 0.765874
vt 0.182239 0.780145
vt 0.163802 0.790400
vt 0.181398 0.787722
vt 0.178950 0.806162
vt 0.191190 0.806162
vt 0.180327 0.825302
vt 0.192874 0.819581
vt 0.204196 0.832514
vt 0.238777 0.823111
vt 0.230208 0.840091
vt 0.257597 0.824693
vt 0.248187 0.836196
vt 0.272974 0.838021
vt 0.242525 0.843377
vt 0.278789 0.850589
vt 0.259050 0.858531
vt 0.299292 0.861817
vt 0.286592 0.867690
vt 0.318877 0.877944
vt 0.269302 0.874749
vt 0.275116 0.882083
vt 0.236558 0.875784
vt 0.208634 0.882083
vt 0.219268 0.870489
vt 0.205650 0.862304
vt 0.233651 0.856066
vt 0.214754 0.852049
vt 0.279018 0.797611
vt 0.295620 0.806162
vt 0.315893 0.806162
vt 0.314210 0.813708
vt 0.324921 0.824937
vt 0.310309 0.822137
vt 0.312221 0.829958
vt 0.298374 0.829714
vt 0.317347 0.843133
vt 0.302735 0.849737
vt 0.326145 0.882083
vt 0.326451 0.841064
vt 0.345730 0.814926
vt 0.948206 0.801993
vt 0.955551 0.808231
vt 0.948206 0.806527
vt 0.955551 0.822259
vt 0.950196 0.822259
vt 0.950196 0.845689
vt 0.955551 0.845689
vt 0.955551 0.849250
vt 0.950196 0.849250
vt 0.955551 0.852779
vt 0.950196 0.852779
vt 0.955551 0.876149
vt 0.950196 0.876149
vt 0.955551 0.890207
vt 0.948206 0.891972
vt 0.948206 0.896476
vt 0.177726 0.850223
vt 0.161277 0.822016
vt 0.133659 0.857435
vt 0.135954 0.837169
vt 0.118970 0.862669
vt 0.099461 0.841429
vt 0.087297 0.858044
vt 0.129528 0.807136
vt 0.142457 0.807136
vt 0.158293 0.806527
vt 0.136566 0.780023
vt 0.141233 0.762952
vt 0.153550 0.742443
vt 0.125473 0.743173
vt 0.125473 0.726072
vt 0.098237 0.740222
vt 0.098926 0.724855
vt 0.078652 0.730971
vt 0.078346 0.725585
vt 0.059755 0.726803
vt 0.070160 0.717765
vt 0.041929 0.710219
vt 0.069242 0.708241
vt 0.038640 0.703129
vt 0.071307 0.697499
vt 0.036574 0.696282
vt 0.036727 0.684567
vt 0.022421 0.683837
vt 0.035426 0.669930
vt 0.022421 0.669444
vt 0.036498 0.658459
vt 0.027929 0.648447
vt 0.045066 0.647961
vt 0.039634 0.629642
vt 0.055853 0.635485
vt 0.043842 0.625717
vt 0.058760 0.630372
vt 0.046673 0.617440
vt 0.062892 0.621092
vt 0.063733 0.607185
vt 0.081635 0.616466
vt 0.079570 0.604477
vt 0.116751 0.594496
vt 0.123866 0.711436
vt 0.161736 0.722421
vt 0.192491 0.747312
vt 0.210699 0.749990
vt 0.187977 0.701181
vt 0.213989 0.721934
vt 0.219497 0.728993
vt 0.222022 0.742930
vt 0.238164 0.754645
vt 0.238011 0.738031
vt 0.252165 0.751572
vt 0.247575 0.738518
vt 0.259739 0.736814
vt 0.258821 0.732189
vt 0.267313 0.728263
vt 0.265859 0.725829
vt 0.276111 0.723395
vt 0.267542 0.721447
vt 0.268537 0.715331
vt 0.260504 0.714357
vt 0.261192 0.709975
vt 0.247804 0.714357
vt 0.246963 0.710219
vt 0.238011 0.716304
vt 0.235104 0.713870
vt 0.272439 0.731945
vt 0.280548 0.722908
vt 0.271980 0.712653
vt 0.261192 0.703616
vt 0.243749 0.703129
vt 0.231662 0.708728
vt 0.224088 0.690927
vt 0.219727 0.672852
vt 0.178338 0.675773
vt 0.188819 0.643305
vt 0.177114 0.650151
vt 0.177649 0.630129
vt 0.162960 0.646987
vt 0.165408 0.630372
vt 0.125014 0.638193
vt 0.124478 0.630129
vt 0.084619 0.634754
vt 0.120959 0.610593
vt 0.251247 0.686758
vt 0.288581 0.688218
vt 0.277335 0.708484
vt 0.289270 0.713627
vt 0.283685 0.719226
vt 0.300286 0.726072
vt 0.287816 0.740222
vt 0.265171 0.747799
vt 0.302505 0.747068
vt 0.304188 0.762192
vt 0.308319 0.774668
vt 0.311992 0.782214
vt 0.285138 0.826428
vt 0.294931 0.815930
vt 0.279554 0.814804
vt 0.261192 0.806162
vt 0.244132 0.806162
vt 0.242831 0.791860
vt 0.194251 0.792712
vt 0.207869 0.783827
vt 0.278330 0.806162
vt 0.259509 0.788452
vt 0.258285 0.781362
vt 0.236481 0.781119
vt 0.315664 0.735110
vt 0.331806 0.750720
vt 0.332036 0.720960
vt 0.347872 0.737057
vt 0.349632 0.718739
vt 0.369600 0.728507
vt 0.376256 0.716791
vt 0.379163 0.726316
vt 0.384059 0.734379
vt 0.381611 0.742443
vt 0.353304 0.746338
vt 0.382300 0.755010
vt 0.363556 0.775155
vt 0.384059 0.774181
vt 0.380387 0.793686
vt 0.391863 0.742687
vt 0.393316 0.756958
vt 0.395229 0.771473
vt 0.396224 0.784435
vt 0.411142 0.764535
vt 0.408923 0.743417
vt 0.415044 0.742200
vt 0.398901 0.745364
vt 0.996099 0.391108
vt 0.996099 0.419437
vt 0.964808 0.391108
vt 0.964808 0.419437
vt 0.996099 0.450688
vt 0.964808 0.450688
vt 0.996099 0.482913
vt 0.964808 0.482913
vt 0.964808 0.514894
vt 0.996099 0.514894
vt 0.996099 0.546144
vt 0.964808 0.546144
vt 0.996099 0.573744
vt 0.964808 0.573744
vt 0.996099 0.602530
vt 0.964808 0.602530
vt 0.974142 0.631833
vt 0.964808 0.636976
vt 0.974142 0.636976
vt 0.986841 0.631833
vt 0.996099 0.636976
vt 0.986841 0.636976
vt 0.907735 0.673338
vt 0.958994 0.672852
vt 0.907735 0.687001
vt 0.958994 0.687245
vt 0.543955 0.751846
vt 0.543955 0.738518
vt 0.314975 0.112802
vt 0.319336 0.112802
vt 0.314975 0.143079
vt 0.319336 0.143079
vt 0.496368 0.748286
vt 0.496368 0.735597
vt 0.534162 0.748286
vt 0.534162 0.735597
vt 0.188513 0.521010
vt 0.188513 0.539298
vt 0.141845 0.521010
vt 0.141845 0.579830
vt 0.746081 0.240727
vt 0.995104 0.240727
vt 0.715785 0.290539
vt 0.995104 0.290539
vt 0.993650 0.232906
vt 0.993650 0.200195
vt 0.407470 0.232906
vt 0.424836 0.200195
vt 0.581059 0.662110
vt 0.581059 0.657728
vt 0.623061 0.662110
vt 0.623061 0.657728
vt 0.633312 0.657728
vt 0.651367 0.666492
vt 0.651367 0.670661
vt 0.646012 0.666492
vt 0.646012 0.670661
vt 0.995640 0.692387
vt 0.995640 0.731945
vt 0.964349 0.692387
vt 0.964349 0.731945
vt 0.964349 0.770986
vt 0.995640 0.770986
vt 0.995640 0.820068
vt 0.964349 0.820068
vt 0.964349 0.864860
vt 0.995640 0.864860
vt 0.964349 0.908252
vt 0.995640 0.908252
vt 0.995640 0.947262
vt 0.964349 0.947262
vt 0.964349 0.994549
vt 0.399896 0.119131
vt 0.400890 0.127926
vt 0.383065 0.121079
vt 0.384289 0.129873
vt 0.413055 0.044915
vt 0.402344 0.044915
vt 0.419175 0.038585
vt 0.396224 0.038585
vt 0.390868 0.000488
vt 1.800777 0.601799
vt 1.791979 0.602773
vt 1.792974 0.609620
vt 1.780274 0.605968
vt 1.779279 0.616953
vt 1.729474 0.617197
vt 1.741180 0.603747
vt 1.741180 0.591058
vt 1.728480 0.591058
vt 0.575704 0.671634
vt 0.575704 0.667466
vt 0.579606 0.671634
vt 0.579606 0.667466
vt 0.582513 0.667466
vt 0.583508 0.671391
vt 0.633771 0.671634
vt 0.633771 0.667466
vt 0.635760 0.671634
vt 0.635760 0.667466
vt 0.639127 0.667466
vt 0.639127 0.671634
vt 0.413361 0.114750
vt 0.413361 0.118158
vt 0.342058 0.114750
vt 0.342058 0.118158
vt 0.910183 0.079117
vt 0.914544 0.079117
vt 0.910183 0.083499
vt 0.914544 0.083499
vt 0.919900 0.083499
vt 0.919900 0.079117
vt 0.923342 0.079117
vt 0.923342 0.083499
vt 0.927244 0.083499
vt 0.927244 0.079117
vt 0.932140 0.079117
vt 0.932140 0.083499
vt 0.936501 0.083499
vt 0.662614 0.029304
vt 0.662614 0.045402
vt 0.664067 0.029304
vt 0.667510 0.027844
vt 0.664067 0.045402
vt 0.667510 0.046862
vt 0.670417 0.029304
vt 0.670417 0.045402
vt 0.951190 0.071784
vt 0.978043 0.071784
vt 0.951190 0.076165
vt 0.978043 0.076165
vt 0.994109 0.061042
vt 0.989749 0.061042
vt 0.994109 0.003896
vt 0.989749 0.003896
vt 0.422618 0.129873
vt 0.421853 0.123544
vt 0.033361 0.605968
vt 0.033361 0.603747
vt 0.038181 0.605968
vt 0.043077 0.603747
vt 0.033361 0.601069
vt 0.046443 0.601069
vt 0.033361 0.596687
vt 0.050192 0.596687
vt 0.033361 0.592519
vt 0.052564 0.592519
vt 0.033361 0.587893
vt 0.054323 0.587893
vt 0.033361 0.583238
vt 0.055088 0.583238
vt 0.033361 0.575935
vt 0.054935 0.575935
vt 0.054859 0.569818
vt 0.033361 0.569818
vt 0.054935 0.568601
vt 0.033361 0.568601
vt 0.054935 0.567384
vt 0.033361 0.567384
vt 0.033361 0.564950
vt 0.055012 0.564950
vt 0.054782 0.546388
vt 0.900850 0.079117
vt 1.033203 0.605968
vt 1.038100 0.605968
vt 1.033203 0.603503
vt 1.042996 0.603503
vt 1.033203 0.601069
vt 1.045903 0.601069
vt 1.033203 0.596687
vt 1.049805 0.596687
vt 1.033203 0.592519
vt 1.051794 0.592519
vt 1.033203 0.587893
vt 1.053707 0.587893
vt 1.033203 0.583238
vt 1.054701 0.583238
vt 1.033203 0.575935
vt 1.054701 0.575935
vt 1.054701 0.569818
vt 1.033203 0.569818
vt 1.033203 0.568601
vt 1.054701 0.568601
vt 1.033203 0.567384
vt 1.054701 0.567384
vt 1.033203 0.564950
vt 1.054701 0.564950
vt 1.054701 0.546388
vt 1.033203 0.546388
vt 0.139550 0.199221
vt 0.174206 0.213858
vt 0.147736 0.195813
vt 0.179715 0.209963
vt 0.262417 0.216322
vt 0.242066 0.222165
vt 0.182163 0.219730
vt 0.188207 0.217783
vt 0.231432 0.227551
vt 0.184458 0.225573
vt 0.191037 0.225086
vt 0.222863 0.233393
vt 0.190578 0.232419
vt 0.183693 0.231933
vt 0.187365 0.241213
vt 0.212306 0.244621
vt 0.202896 0.257310
vt 0.179179 0.256824
vt 0.196393 0.266591
vt 0.173365 0.265618
vt 0.189660 0.275872
vt 0.167244 0.275385
vt 0.183081 0.285640
vt 0.161277 0.285153
vt 0.175660 0.297355
vt 0.154392 0.296868
vt 0.171146 0.307123
vt 0.149878 0.306149
vt 0.166020 0.321790
vt 0.145058 0.319325
vt 0.163955 0.332531
vt 0.142839 0.330067
vt 0.181015 0.240240
vt 0.173441 0.255850
vt 0.167321 0.265618
vt 0.161277 0.275872
vt 0.155616 0.286127
vt 0.149648 0.297355
vt 0.145594 0.307123
vt 0.141692 0.318351
vt 0.138938 0.329093
vt 0.899396 0.136233
vt 0.912096 0.136233
vt 0.899396 0.130360
vt 0.908194 0.130360
vt 0.910643 0.075679
vt 0.910643 0.071297
vt 0.929692 0.075679
vt 0.929692 0.071297
vt 0.948206 0.075679
vt 0.948206 0.071297
vt 0.911637 0.069349
vt 0.911637 0.064937
vt 0.952185 0.069349
vt 0.952185 0.064937
vt 0.958458 0.064937
vt 0.958458 0.069349
vt 0.964349 0.069349
vt 0.964349 0.064937
vt 0.969704 0.064937
vt 0.969704 0.069349
vt 0.976590 0.069349
vt 0.976590 0.064937
vt 0.989290 0.069349
vt 0.334255 0.195813
vt 0.301511 0.195813
vt 0.327369 0.198247
vt 0.298833 0.205064
vt 0.678221 0.055656
vt 0.396453 0.217296
vt 0.396453 0.233393
vt 0.381382 0.217296
vt 0.381382 0.233393
vt 0.370135 0.217296
vt 0.370135 0.233393
vt 0.361796 0.217296
vt 0.361796 0.233393
vt 0.354987 0.217296
vt 0.354987 0.233393
vt 0.348179 0.217296
vt 0.348179 0.233393
vt 0.340069 0.217296
vt 0.340069 0.233393
vt 0.328823 0.217296
vt 0.328823 0.233393
vt 0.313751 0.217296
vt 0.313751 0.233393
vt 0.386966 0.670661
vt 0.372584 0.668226
vt 0.375491 0.651612
vt 0.356441 0.656481
vt 0.363250 0.626721
vt 0.351545 0.630859
vt 0.347872 0.612784
vt 0.325227 0.618414
vt 0.326145 0.604994
vt 0.303959 0.612054
vt 0.303194 0.604994
vt 0.282002 0.614245
vt 0.280548 0.605481
vt 0.254154 0.609620
vt 0.257291 0.595227
vt 0.236558 0.596931
vt 0.235487 0.586920
vt 0.211311 0.588867
vt 0.233192 0.574717
vt 0.207639 0.576665
vt 0.205114 0.564219
vt 0.187289 0.572496
vt 0.338615 0.645009
vt 0.330582 0.636732
vt 0.303194 0.622552
vt 0.283685 0.620848
vt 0.254154 0.619631
vt 0.239618 0.611324
vt 0.218732 0.614002
vt 0.214754 0.601313
vt 0.186753 0.619144
vt 0.191267 0.607916
vt 0.183463 0.609376
vt 0.190425 0.598635
vt 0.178491 0.600582
vt 0.151714 0.585459
vt 0.177649 0.608646
vt 0.181398 0.615219
vt 0.186294 0.628912
vt 0.214754 0.633781
vt 0.227913 0.634511
vt 0.249640 0.671391
vt 0.240842 0.633050
vt 0.254384 0.633537
vt 0.241454 0.626477
vt 0.240995 0.619631
vt 0.220492 0.624013
vt 0.174589 0.615493
vt 0.166250 0.621822
vt 0.164643 0.603990
vt 0.171146 0.611567
vt 0.350856 0.655994
vt 0.350550 0.666248
vt 0.341523 0.655264
vt 0.341829 0.668226
vt 0.325457 0.656724
vt 0.319336 0.676016
vt 0.297379 0.670661
vt 0.304418 0.693848
vt 0.299062 0.644035
vt 0.332801 0.650395
vt 0.355217 0.609376
vt 0.340834 0.597174
vt 0.356441 0.589597
vt 0.339074 0.591058
vt 0.352310 0.583238
vt 0.330047 0.583238
vt 0.334484 0.566167
vt 0.327140 0.574717
vt 0.310997 0.554938
vt 0.303729 0.569575
vt 0.287587 0.549309
vt 0.282002 0.572496
vt 0.256832 0.550526
vt 0.258056 0.572740
vt 0.232044 0.554695
vt 0.324003 0.598878
vt 0.325686 0.591788
vt 0.302735 0.582751
vt 0.282002 0.582507
vt 0.257061 0.584729
vt 0.281466 0.591301
vt 0.302505 0.592519
vt 0.996558 0.334479
vt 0.996558 0.350576
vt 0.961901 0.334479
vt 0.961901 0.350576
vt 0.956086 0.334479
vt 0.956086 0.350576
vt 0.949201 0.334479
vt 0.949201 0.350576
vt 0.942392 0.350576
vt 0.942392 0.334479
vt 0.935048 0.350576
vt 0.935048 0.334479
vt 0.929692 0.350576
vt 0.929692 0.334479
vt 0.919441 0.334479
vt 0.924796 0.079117
vt 0.924796 0.083499
vt 0.929692 0.083499
vt 0.929692 0.079117
vt 0.933594 0.079117
vt 0.933594 0.083499
vt 0.936501 0.079117
vt 0.941933 0.079117
vt 0.941933 0.083499
vt 0.946294 0.083499
vt 0.946294 0.079117
vt 0.989290 0.064937
vt 0.236787 0.885430
vt 0.253159 0.894346
vt 0.236328 0.902105
vt 0.247192 0.898302
vt 0.233421 0.902349
vt 0.229366 0.902227
vt 0.233421 0.885491
vt 0.210240 0.885491
vt 0.227071 0.904174
vt 0.222787 0.904479
vt 0.209628 0.902349
vt 0.162501 0.906365
vt 0.168928 0.906365
vt 0.162501 0.915220
vt 0.168928 0.915220
vt 0.176731 0.906365
vt 0.176731 0.915524
vt 0.192644 0.916194
vt 0.214754 0.915464
vt 0.241072 0.906365
vt 0.235487 0.915950
vt 0.033820 0.614975
vt 0.033820 0.619144
vt 0.026322 0.628182
vt 0.018060 0.643792
vt 0.010715 0.667983
vt 0.007196 0.684080
vt 0.020967 0.701668
vt 0.005284 0.699477
vt 0.015306 0.724855
vt 0.001917 0.726803
vt 0.014694 0.744878
vt 0.006967 0.748286
vt 0.021350 0.753672
vt 0.021809 0.721447
vt 0.027470 0.721934
vt 0.025481 0.732189
vt 0.037569 0.731458
vt 0.032749 0.739005
vt 0.049427 0.743173
vt 0.027546 0.744634
vt 0.057613 0.759757
vt 0.024257 0.749259
vt 0.020279 0.740465
vt 0.084007 0.640384
vt 0.124631 0.650395
vt 0.120882 0.680428
vt 0.081941 0.649421
vt 0.073908 0.682132
vt 0.375491 0.697986
vt 0.374037 0.707024
vt 0.369370 0.699234
vt 0.363250 0.695065
vt 0.339839 0.709975
vt 0.358660 0.688736
vt 0.353993 0.682376
vt 0.326145 0.698230
vt 0.335938 0.690927
vt 0.351086 0.674312
vt 0.313751 0.710462
vt 0.997093 0.105469
vt 0.924337 0.105469
vt 0.997093 0.093267
vt 0.924337 0.093267
vt 0.159823 0.915220
vt 0.149419 0.908434
vt 0.159823 0.902592
vt 0.149419 0.901375
vt 0.141845 0.909682
vt 0.141845 0.900036
vt 0.899396 0.146974
vt 0.899396 0.139154
vt 0.912096 0.146974
vt 0.912096 0.139154
vt -0.450227 0.218270
vt -0.484654 0.217296
vt -0.446325 0.212397
vt -0.507835 0.212397
vt -0.509288 0.207528
vt -0.404553 0.208015
vt -0.509288 0.203116
vt -0.404553 0.204090
vt 0.207486 0.902166
vt 0.202513 0.904357
vt 0.207486 0.885552
vt 0.169769 0.902835
vt 0.142304 0.885613
vt 0.142457 0.898119
vt -0.504392 0.230472
vt -0.500031 0.222165
vt -0.489474 0.222652
vt 0.561551 0.089341
vt 0.561551 0.062503
vt 0.575704 0.089341
vt 0.575704 0.062503
vt 0.574710 0.057604
vt 0.562469 0.057604
vt 0.574710 0.050787
vt 0.562469 0.050787
vt 0.932599 0.939655
vt 0.888686 0.941389
vt 0.948742 0.917837
vt 0.931146 0.874749
vt 0.856936 0.873045
vt 0.843777 0.926692
vt 0.819372 0.872558
vt 0.786169 0.925718
vt 0.788541 0.873167
vt 0.761688 0.900036
vt 0.746616 0.873045
vt 0.699183 0.870246
vt 0.742179 0.845689
vt 0.698724 0.845446
vt 0.740725 0.831905
vt 0.698724 0.832027
vt 0.739731 0.817512
vt 0.699183 0.818121
vt 0.699183 0.806771
vt 0.588404 0.817269
vt 0.586950 0.808109
vt 0.779819 0.845933
vt 0.776835 0.831783
vt 0.773469 0.817025
vt 0.740266 0.805188
vt 0.699183 0.792956
vt 0.585420 0.795055
vt 0.741184 0.788817
vt 0.773469 0.803575
vt 0.817383 0.803697
vt 0.817383 0.817512
vt 0.855483 0.818121
vt 0.817383 0.831905
vt 0.855483 0.832027
vt 0.817842 0.845933
vt 0.855483 0.845811
vt 1.096702 0.248060
vt 1.095708 0.240727
vt 1.113304 0.252442
vt 1.121107 0.263670
vt 1.097620 0.272464
vt 1.128911 0.282232
vt 1.132813 0.297355
vt 1.097620 0.392081
vt 1.132813 0.403797
vt 1.093719 0.396494
vt 1.056614 0.403797
vt 1.056614 0.396494
vt 1.056614 0.414051
vt 1.132813 0.414051
vt 1.056614 0.423819
vt 1.132813 0.423819
vt 1.056614 0.507560
vt 1.132813 0.507560
vt 1.127916 0.513676
vt 1.093719 0.221191
vt 1.105500 0.240240
vt 0.866729 0.972853
vt 0.859384 0.969810
vt 0.870631 0.967771
vt -0.404783 0.211423
vt -0.404553 0.231446
vt -0.449691 0.210936
vt -0.484348 0.228038
vt -0.471954 0.210449
vt -0.484654 0.202629
vt -0.489474 0.202629
vt -0.510742 0.226060
vt -0.493911 0.202142
vt -0.497277 0.202142
vt -0.509288 0.236314
vt -0.404783 0.237318
vt 0.917452 0.844472
vt 0.917452 0.832270
vt 0.916992 0.819703
vt 0.856477 0.803089
vt 0.923801 0.803941
vt 0.857395 0.782701
vt 0.930687 0.786261
vt 0.896948 0.735110
vt 0.932599 0.731215
vt 0.817383 0.782944
vt 0.846225 0.743904
vt 0.888150 0.731215
vt 0.773469 0.754402
vt 0.772934 0.786870
vt 1.100604 0.568114
vt 1.100604 0.580803
vt 1.111315 0.572253
vt 1.111315 0.576421
vt 0.859843 0.144053
vt 0.876980 0.143566
vt 0.859843 0.131851
vt 0.886238 0.131851
vt 0.918446 0.125004
vt 0.845231 0.125004
vt 0.918446 0.108390
vt 0.845231 0.108390
vt 0.879429 0.101574
vt 0.845231 0.097162
vt 0.879429 0.097162
vt 0.879429 0.091806
vt 0.884248 0.101574
vt 0.918446 0.097162
vt 0.884248 0.097162
vt 0.884248 0.091806
vt 0.918446 0.091806
vt 0.187518 0.865955
vt 0.150413 0.882083
vt 0.134883 0.882083
vt 0.096860 0.883726
vt 0.077198 0.881231
vt 0.060750 0.868055
vt 0.057613 0.883178
vt 0.040170 0.885369
vt 0.045296 0.889112
vt 0.040552 0.895137
vt 0.050115 0.893981
vt 0.043306 0.902592
vt 0.054170 0.900705
vt 0.047973 0.906609
vt 0.056006 0.909378
vt 0.042006 0.917594
vt 0.056924 0.939472
vt 0.044072 0.941115
vt 0.049809 0.955843
vt 0.037033 0.942454
vt 0.043919 0.959525
vt 0.096936 0.896476
vt 0.080794 0.892033
vt 0.066640 0.888686
vt 0.080947 0.896293
vt 0.075745 0.902470
vt 0.119505 0.922493
vt 0.080105 0.926875
vt 0.117363 0.944828
vt 0.088521 0.950579
vt 0.090969 0.956391
vt 0.074827 0.960438
vt 0.091887 0.960316
vt 0.076280 0.965002
vt 0.091275 0.975166
vt 0.075286 0.974162
vt 0.070083 0.980734
vt 0.067100 0.972884
vt 0.057613 0.978969
vt 0.064422 0.971271
vt 0.057307 0.975987
vt 0.059755 0.967224
vt 0.050804 0.970358
vt 0.066411 0.896841
vt 0.073296 0.955934
vt 0.126238 0.900523
vt 0.499276 0.127926
vt 0.483133 0.127926
vt 0.499276 0.083986
vt 0.483133 0.083986
vt 0.619618 0.065424
vt 0.628416 0.089859
vt 0.584502 0.065424
vt 0.584502 0.089859
vt 0.039252 0.903809
vt 0.033973 0.901983
vt 0.035350 0.889781
vt 0.023951 0.902470
vt 0.024257 0.886160
vt 0.033437 0.879101
vt 0.337391 0.149409
vt 0.500959 0.149409
vt 0.337391 0.168457
vt 0.500959 0.168457
vt 0.337391 0.192375
vt 0.500959 0.192375
vt 0.633312 0.065424
vt 0.645477 0.065424
vt 0.633312 0.089859
vt 0.645477 0.089859
vt 0.624514 0.060555
vt 0.624514 0.048840
vt 0.648919 0.060555
vt 0.648919 0.048840
vt 0.030224 0.921580
vt 0.619618 0.048840
vt 0.619618 0.060555
vt 0.584502 0.048840
vt 0.584502 0.060555
vt 0.550763 0.036607
vt 0.550763 0.043941
vt 0.617705 0.036607
vt 0.617705 0.043941
vt 0.626503 0.036607
vt 0.626503 0.043941
vt 0.635760 0.036607
vt 0.635760 0.043941
vt 0.576163 0.050787
vt 0.576163 0.058090
vt 0.110095 0.554695
vt 0.102904 0.551257
vt 0.106041 0.561998
vt 0.098849 0.558833
vt 0.020738 0.515137
vt 0.015918 0.522470
vt 0.014923 0.510755
vt 0.008420 0.516598
vt 0.012169 0.506100
vt 0.004136 0.507804
vt 0.004059 0.418950
vt 0.011710 0.417977
vt 0.011710 0.403310
vt 0.004059 0.404284
vt 0.011710 0.384292
vt 0.004059 0.385265
vt 0.011710 0.371572
vt 0.004059 0.372546
vt 0.011710 0.358883
vt 0.004059 0.358883
vt 0.004059 0.337400
vt 0.011710 0.337400
vt 0.011710 0.332531
vt 0.004059 0.332531
vt 0.011710 0.327145
vt 0.004059 0.327632
vt 0.011710 0.264157
vt 0.004059 0.264157
vt 0.011710 0.256337
vt 0.004059 0.256824
vt 0.011710 0.248547
vt 0.004059 0.249034
vt 0.011710 0.240727
vt 0.004059 0.240727
vt 0.011710 0.231446
vt 0.004059 0.231933
vt 0.011710 0.217296
vt 0.004059 0.217783
vt 0.223629 0.996892
vt 0.241837 0.988037
vt 0.296844 0.996892
vt 0.269072 0.984203
vt 0.296155 0.984751
vt 0.478237 0.085933
vt 0.478237 0.140614
vt 0.463395 0.085933
vt 0.463395 0.140614
vt 0.448476 0.140614
vt 0.448476 0.085933
vt 0.433558 0.085933
vt 0.561551 0.002922
vt 0.561551 0.034173
vt 0.631323 0.002922
vt 0.631323 0.034173
vt 0.639662 0.006848
vt 0.639662 0.030765
vt 0.645018 0.014638
vt 0.645018 0.022458
vt 0.029536 0.073731
vt 0.741184 0.970388
vt 0.725118 0.958947
vt 0.723665 0.961746
vt 0.740725 0.971697
vt 0.721216 0.967498
vt 0.721675 0.972001
vt 0.690461 0.973827
vt 0.690461 0.961442
vt 0.692833 0.948358
vt 0.694822 0.941937
vt 0.657717 0.933904
vt 0.660165 0.956969
vt 0.661619 0.976687
vt 0.659630 0.923284
vt 0.627957 0.924075
vt 0.626962 0.947445
vt 0.588404 0.944493
vt 0.627421 0.962264
vt 0.651367 0.976778
vt 0.849592 0.991293
vt 0.846684 0.982590
vt 0.833985 0.990898
vt 0.843242 0.971849
vt 0.821744 0.978696
vt 0.728484 0.173843
vt 0.565911 0.173843
vt 0.728484 0.154308
vt 0.565911 0.154308
vt 0.629411 0.911447
vt 0.595672 0.918750
vt 0.561015 0.932261
vt 0.597202 0.906122
vt 0.560556 0.906122
vt 0.560556 0.918872
vt 0.024180 0.531995
vt 0.002606 0.531995
vt 0.026093 0.533699
vt 0.002606 0.562759
vt 0.026093 0.562759
vt 0.026093 0.565193
vt 0.002606 0.565193
vt 0.026093 0.566897
vt 0.002606 0.566897
vt 0.026093 0.595470
vt 0.002606 0.609376
vt 0.024792 0.600095
vt 0.022191 0.605968
vt 0.019972 0.609133
vt 0.017601 0.612784
vt 0.002606 0.612784
vt 0.014005 0.618657
vt 0.002606 0.618414
vt 0.013317 0.620118
vt 0.551299 0.034173
vt 0.551299 0.003409
vt 0.558567 0.034173
vt 0.558567 0.003409
vt 0.643028 0.043941
vt 0.643028 0.036607
vt 0.764136 0.106442
vt 0.764136 0.139641
vt 0.728025 0.106442
vt 0.728025 0.139641
vt 0.564917 0.148922
vt 0.728025 0.148922
vt 0.564917 0.097162
vt 0.728025 0.097162
vt 0.018978 0.248060
vt 0.020049 0.253902
vt 0.094947 0.253902
vt 0.020049 0.274412
vt 0.095024 0.274412
vt 0.020126 0.298816
vt 0.095024 0.298816
vt 0.095024 0.312022
vt 0.096477 0.298816
vt 0.096477 0.312996
vt 0.018595 0.273438
vt 0.018595 0.298816
vt 0.020126 0.312022
vt 0.095024 0.319812
vt 0.096477 0.320299
vt 0.018595 0.312996
vt 0.020126 0.319812
vt 0.020126 0.326659
vt 0.095024 0.326659
vt 0.020126 0.336913
vt 0.095024 0.336913
vt 0.020661 0.347168
vt 0.094488 0.347168
vt 0.022344 0.354501
vt 0.092805 0.354501
vt 0.025328 0.362291
vt 0.089821 0.362291
vt 0.029306 0.369138
vt 0.085843 0.369138
vt 0.035120 0.376958
vt 0.080105 0.376958
vt 0.041853 0.381827
vt 0.073373 0.381827
vt 0.053252 0.386239
vt 0.061974 0.386239
vt 0.057613 0.386726
vt 0.057613 0.388186
vt 0.049656 0.386726
vt 0.039711 0.382800
vt 0.033590 0.377932
vt 0.027852 0.370111
vt 0.023951 0.362778
vt 0.091275 0.362778
vt 0.094259 0.355475
vt 0.095865 0.348142
vt 0.096477 0.337400
vt 0.096477 0.327145
vt 0.087373 0.370111
vt 0.081635 0.377932
vt 0.075515 0.382800
vt 0.065569 0.386726
vt 0.018595 0.253902
vt 0.096477 0.253902
vt 0.096477 0.273438
vt 0.729020 0.587406
vt 0.729020 0.572983
vt 0.741184 0.587406
vt 0.741184 0.572983
vt 0.778825 0.599852
vt 0.747075 0.599852
vt 0.778825 0.588867
vt 0.747075 0.588867
vt 0.919900 0.715087
vt 0.917987 0.712410
vt 0.959453 0.715087
vt 0.958458 0.712896
vt 0.915539 0.709215
vt 0.906741 0.691900
vt 0.958458 0.691657
vt 0.020967 0.355475
vt 0.019284 0.348142
vt 0.018595 0.337400
vt 0.018595 0.327145
vt 0.018595 0.320299
vt 0.996558 0.647474
vt 0.996558 0.681159
vt 0.986841 0.647230
vt 0.986841 0.666005
vt 0.982404 0.673095
vt 0.980951 0.672608
vt 0.975136 0.666005
vt 0.965803 0.681159
vt 0.975136 0.647230
vt 0.965803 0.647474
vt 0.974601 0.681159
vt 0.968251 0.686027
vt 0.973147 0.687488
vt 0.972152 0.689223
vt 0.987300 0.681159
vt 0.993650 0.686027
vt 0.988754 0.687488
vt 0.989749 0.689223
vt 1.011706 0.217296
vt 1.011706 0.231446
vt 1.003902 0.217783
vt 1.003902 0.231933
vt 1.003902 0.240727
vt 1.011706 0.240727
vt 1.003902 0.249034
vt 1.011706 0.248547
vt 1.003902 0.256824
vt 1.011706 0.256337
vt 1.003902 0.264157
vt 1.011706 0.264157
vt 1.003902 0.327632
vt 1.011706 0.327145
vt 1.011706 0.332531
vt 1.003902 0.332531
vt 1.011706 0.337400
vt 1.003902 0.337400
vt 1.011706 0.358883
vt 1.003902 0.358883
vt 1.003902 0.372546
vt 1.011706 0.371572
vt 1.003902 0.385265
vt 1.011706 0.384292
vt 1.011706 0.403310
vt 1.003902 0.404284
vt 1.003902 0.418950
vt 1.011706 0.417977
vt 1.011706 0.506100
vt 1.003902 0.507804
vt 1.007804 0.516598
vt 1.014613 0.510755
vt 1.015607 0.522470
vt 1.020504 0.515137
vt 1.098615 0.558833
vt 1.102517 0.551257
vt 1.105500 0.561998
vt 0.891593 0.713870
vt 0.890598 0.692631
vt 0.893582 0.710706
vt 0.896948 0.705563
vt 0.904752 0.692631
vt 0.898402 0.705563
vt 0.901845 0.710706
vt 0.957540 0.134772
vt 0.923801 0.134772
vt 0.957540 0.131334
vt 0.923801 0.108877
vt 0.996558 0.108877
vt 0.962436 0.131334
vt 0.996558 0.134772
vt 0.962436 0.134772
vt 0.801241 0.601799
vt 0.792978 0.609863
vt 0.791983 0.602773
vt 0.779819 0.606212
vt 0.779819 0.616953
vt 0.729479 0.617197
vt 0.741720 0.603747
vt 0.741184 0.591058
vt 1.603547 0.347168
vt 1.603547 0.388673
vt 1.640652 0.347168
vt 1.640652 0.409669
vt 1.606455 0.396494
vt 1.610356 0.403310
vt 1.617165 0.409669
vt 1.648456 0.349602
vt 1.648456 0.401849
vt 1.666052 0.349602
vt 1.666052 0.401849
vt 1.352535 0.471197
vt 1.565448 0.471197
vt 1.352535 0.450201
vt 1.565448 0.450201
vt 1.575164 0.450201
vt 1.575164 0.471197
vt 1.584957 0.450201
vt 1.584957 0.471197
vt 1.685561 0.471197
vt 1.694359 0.450201
vt 1.700173 0.471197
vt 1.704075 0.450201
vt 1.718764 0.471197
vt 1.718764 0.450201
vt 0.796421 0.073731
vt 0.815929 0.082038
vt 0.776376 0.082038
vt 0.768037 0.102061
vt 0.824192 0.102061
vt 0.815929 0.122083
vt 0.776376 0.122083
vt 0.796421 0.129873
vt 0.383065 0.132825
vt 0.384289 0.124031
vt 0.399896 0.134285
vt 0.401120 0.125978
vt 0.886238 0.136720
vt 0.648919 0.349602
vt 0.666515 0.349602
vt 0.648919 0.401849
vt 0.666515 0.401849
vt 0.352998 0.471197
vt 0.352998 0.450201
vt 0.565452 0.471197
vt 0.565452 0.450201
vt 0.575704 0.450201
vt 0.575704 0.471197
vt 0.585420 0.450201
vt 0.585420 0.471197
vt 0.686024 0.471197
vt 0.694363 0.450201
vt 0.700178 0.471197
vt 0.704615 0.450201
vt 0.718768 0.471197
vt 1.660161 0.438973
vt 1.660161 0.417490
vt 1.644554 0.438973
vt 1.643559 0.417490
vt 1.619154 0.438973
vt 1.620149 0.417490
vt 1.595667 0.417490
vt 1.595667 0.438973
vt 1.572257 0.417490
vt 1.575164 0.438973
vt 1.352535 0.438973
vt 0.583967 0.772446
vt 0.699183 0.766604
vt 0.583508 0.767943
vt 0.699183 0.761461
vt 0.773469 0.748772
vt 0.844695 0.738031
vt 0.876445 0.711679
vt 0.582513 0.752576
vt 0.698724 0.743904
vt 0.773928 0.724368
vt 0.840794 0.716548
vt 0.873997 0.707024
vt 0.582054 0.747312
vt 0.698724 0.738274
vt 0.773928 0.718739
vt 0.839876 0.711192
vt 0.863286 0.684080
vt 0.582054 0.728507
vt 0.698265 0.718739
vt 0.773928 0.698230
vt 0.833526 0.687001
vt 0.859843 0.676747
vt 0.582054 0.723395
vt 0.697729 0.712653
vt 0.774387 0.691900
vt 0.831536 0.679211
vt 0.838881 0.641114
vt 0.697729 0.670417
vt 0.757327 0.649421
vt 0.785634 0.637462
vt 0.761688 0.628668
vt 0.784180 0.623526
vt 0.808585 0.620118
vt 0.811033 0.635485
vt 0.826181 0.625473
vt 0.105428 0.777711
vt 0.120270 0.761948
vt 0.090969 0.764656
vt 0.074750 0.745364
vt 0.060367 0.734379
vt 0.040552 0.723638
vt 0.030989 0.716061
vt 0.660165 0.438973
vt 0.644558 0.438973
vt 0.660165 0.417490
vt 0.643564 0.417490
vt 0.619618 0.438973
vt 0.620153 0.417490
vt 0.596207 0.417490
vt 0.595672 0.438973
vt 0.572261 0.417490
vt 0.575169 0.438973
vt 0.352998 0.438973
vt 0.578152 0.679698
vt 0.578152 0.801628
vt 0.569813 0.681159
vt 0.569813 0.801628
vt 0.578152 0.818364
vt 0.569813 0.818607
vt 0.569813 0.856066
vt 0.578152 0.858044
vt 0.569813 0.889355
vt 0.578152 0.889538
vt 1.119118 0.544197
vt 1.137709 0.517571
vt 1.117206 0.543710
vt 1.110320 0.537107
vt 1.097620 0.517815
vt 1.106419 0.541763
vt 1.104506 0.541489
vt 1.098615 0.534673
vt 1.094713 0.539541
vt 1.092801 0.539054
vt 1.085915 0.532482
vt 1.060516 0.518058
vt 1.083008 0.536864
vt 1.081019 0.536620
vt 1.064417 0.578856
vt 1.096702 0.578856
vt 1.064417 0.567141
vt 1.096702 0.567141
vt 0.065034 0.582751
vt 0.065034 0.578856
vt 0.097319 0.582751
vt 0.097319 0.578856
vt 0.097319 0.567141
vt 0.065034 0.567141
vt 0.101374 0.580803
vt 0.101374 0.568114
vt 0.112161 0.576421
vt 0.112161 0.572253
vt 0.196775 0.184585
vt 0.196775 0.174817
vt 0.098314 0.184585
vt 0.098314 0.174817
vt 0.196775 0.165049
vt 0.098314 0.165049
vt 0.098314 0.155281
vt 0.196775 0.155281
vt 0.197770 0.146000
vt 1.954093 0.470710
vt 1.958989 0.465324
vt 1.935579 0.470710
vt 1.931677 0.465324
vt 1.930682 0.459969
vt 1.959984 0.459969
vt 1.959984 0.455070
vt 1.930682 0.455070
vt 1.930682 0.451175
vt 1.959984 0.451175
vt 1.931677 0.419437
vt 1.929688 0.409183
vt 1.916988 0.405288
vt 1.932595 0.405288
vt 1.916988 0.394029
vt 1.959984 0.394029
vt 1.952180 0.405288
vt 1.952180 0.419437
vt 0.584502 0.900036
vt 0.585420 0.865347
vt 0.588404 0.845689
vt 0.588404 0.832027
vt 1.946289 0.476553
vt 1.957995 0.476553
vt 1.946289 0.484373
vt 1.957995 0.484373
vt 1.955087 0.523688
vt 1.957995 0.523688
vt 1.957000 0.527096
vt 1.959984 0.526609
vt 1.960902 0.530504
vt 1.957995 0.530504
vt 1.959984 0.535159
vt 1.957995 0.533699
vt 1.956082 0.537107
vt 1.948279 0.536864
vt 1.947284 0.538324
vt 1.947284 0.533699
vt 1.945295 0.535159
vt 1.944300 0.530504
vt 1.946289 0.530504
vt 1.947284 0.527096
vt 1.944300 0.526609
vt 1.950191 0.523688
vt 1.946289 0.523688
vt 1.919895 0.715087
vt 1.958989 0.715087
vt 1.917983 0.712410
vt 1.957995 0.712896
vt 1.915075 0.709215
vt 1.906277 0.691657
vt 1.906277 0.708971
vt 0.986306 0.649421
vt 1.846680 0.646987
vt 1.868178 0.646226
vt 1.845685 0.606455
vt 1.948279 0.603260
vt 1.942388 0.593005
vt 1.954093 0.603260
vt 1.934584 0.548335
vt 1.945295 0.547362
vt 1.917983 0.507804
vt 1.927699 0.503909
vt 1.891588 0.462403
vt 1.902376 0.458508
vt 1.869172 0.415512
vt 1.861292 0.421872
vt 1.885774 0.465811
vt 1.912092 0.510025
vt 1.819368 0.500014
vt 1.838876 0.532969
vt 1.833980 0.536133
vt 1.852571 0.566167
vt 1.846680 0.568601
vt 1.854483 0.595714
vt 1.855478 0.424793
vt 1.794886 0.469250
vt 1.814471 0.503909
vt 1.825182 0.541489
vt 1.836887 0.572740
vt 1.817379 0.385265
vt 1.821280 0.380366
vt 1.828089 0.373033
vt 1.791979 0.342299
vt 1.785170 0.349602
vt 1.781268 0.355475
vt 1.766579 0.440433
vt 1.735365 0.415512
vt 1.760765 0.445302
vt 1.731464 0.420898
vt 1.754874 0.452149
vt 1.724578 0.428718
vt 1.696271 0.407235
vt 1.709966 0.404284
vt 1.751967 0.313970
vt 1.756863 0.330067
vt 1.757781 0.338374
vt 1.718764 0.402336
vt 1.876976 0.658702
vt 1.950191 0.656481
vt 1.873992 0.652829
vt 1.950191 0.650395
vt 1.950191 0.643792
vt 1.806668 0.509508
vt 1.782263 0.479504
vt 1.790066 0.473632
vt 1.928693 0.550770
vt 1.859380 0.589841
vt 1.936497 0.587893
vt 0.946294 0.406748
vt 0.951649 0.406748
vt 0.946294 0.412104
vt 0.951649 0.412104
vt 0.937955 0.412104
vt 0.937955 0.406748
vt 1.942388 0.478531
vt 1.940398 0.478531
vt 1.942388 0.493167
vt 1.940398 0.493167
vt 1.938486 0.478531
vt 1.938486 0.493167
vt 1.935579 0.492680
vt 1.935579 0.478531
vt 1.932595 0.480478
vt 0.855942 0.169431
vt 0.866729 0.169431
vt 0.855942 0.180172
vt 0.866729 0.180172
vt 0.490248 0.818973
vt 0.503407 0.827888
vt 0.478007 0.842525
vt 0.512205 0.852779
vt 0.488795 0.854362
vt 0.499735 0.866199
vt 0.474106 0.876210
vt 0.478543 0.883969
vt 0.450925 0.893494
vt 0.454367 0.900827
vt 0.426520 0.908678
vt 0.426979 0.913273
vt 0.397677 0.921823
vt 0.427514 0.917898
vt 0.397983 0.929674
vt 0.427208 0.922128
vt 0.397218 0.935486
vt 0.426979 0.926327
vt 0.426520 0.930861
vt 0.455821 0.924623
vt 0.455285 0.929613
vt 0.485352 0.925475
vt 0.483363 0.939381
vt 0.520009 0.937373
vt 0.515648 0.956117
vt 0.533703 0.957851
vt 0.523910 0.975196
vt 0.522916 0.842768
vt 0.520544 0.864130
vt 0.505855 0.874871
vt 0.482904 0.891668
vt 0.484357 0.897328
vt 0.455285 0.905696
vt 0.485811 0.903018
vt 0.456050 0.910534
vt 0.486117 0.908069
vt 0.456280 0.915098
vt 0.486346 0.913394
vt 0.456280 0.919663
vt 0.485811 0.919359
vt 0.489713 0.831540
vt 0.502412 0.835070
vt 0.536151 0.854362
vt 0.524905 0.871706
vt 0.548851 0.871585
vt 0.529266 0.879222
vt 0.533703 0.891972
vt 0.515648 0.895624
vt 0.534697 0.900888
vt 0.516566 0.904235
vt 0.524905 0.916924
vt 0.485581 0.922432
vt 0.482445 0.946471
vt 0.502412 0.972397
vt 0.511210 0.997562
vt 0.511746 0.883483
vt 0.513659 0.889599
vt 0.486117 0.910717
vt 0.456280 0.917411
vt 0.455591 0.927118
vt 0.426979 0.924197
vt 0.426290 0.933113
vt 0.396453 0.943398
vt 0.381841 0.941237
vt 0.380846 0.948631
vt 0.379163 0.941572
vt 0.377939 0.948905
vt 0.375950 0.942272
vt 0.375261 0.949544
vt 0.363020 0.945619
vt 0.362791 0.952435
vt 0.360113 0.945619
vt 0.359884 0.952466
vt 0.357206 0.946441
vt 0.357206 0.953226
vt 0.346419 0.948601
vt 0.345960 0.954717
vt 0.343282 0.954352
vt 0.345424 0.961442
vt 0.342747 0.961564
vt 0.345195 0.968106
vt 0.342058 0.968532
vt 0.342288 0.974588
vt 0.339610 0.974162
vt 0.339610 0.979426
vt 0.327140 0.974344
vt 0.327140 0.979000
vt 0.324003 0.974557
vt 0.323697 0.978969
vt 0.320560 0.978330
vt 0.323467 0.983564
vt 0.318877 0.984873
vt 0.357436 0.960377
vt 0.360113 0.959982
vt 0.363020 0.959586
vt 0.375261 0.957060
vt 0.377403 0.956573
vt 0.380617 0.959738
vt 0.396989 0.955782
vt 0.425525 0.951127
vt 0.453602 0.947719
vt 0.378168 0.964150
vt 0.375950 0.964546
vt 0.363786 0.966493
vt 0.360572 0.967315
vt 0.357895 0.967467
vt 0.362332 0.973736
vt 0.359348 0.976718
vt 0.363786 0.978878
vt 0.365698 0.985025
vt 0.366693 0.975409
vt 0.370824 0.985785
vt 0.378168 0.974618
vt 0.382606 0.986425
vt 0.382606 0.976535
vt 0.385742 0.983077
vt 0.384748 0.972610
vt 0.390868 0.983503
vt 0.402344 0.970784
vt 0.408235 0.983808
vt 0.428432 0.970114
vt 0.433328 0.986181
vt 0.453832 0.970662
vt 0.456815 0.989498
vt 0.480226 0.970388
vt 0.480455 0.991293
vt 0.499964 0.996101
vt 0.379852 0.970997
vt 0.327675 0.985785
vt 0.339610 0.987064
vt 0.343512 0.984690
vt 0.342517 0.979395
vt 0.346189 0.976535
vt 0.348179 0.986090
vt 0.307860 0.981830
vt 0.308855 0.975896
vt 0.305183 0.979152
vt 0.305871 0.975440
vt 0.303194 0.974527
vt 0.306866 0.971758
vt 0.304188 0.970784
vt 0.307631 0.967072
vt 0.305183 0.966220
vt 0.308855 0.961442
vt 0.306177 0.961107
vt 0.306866 0.955782
vt 0.293707 0.954352
vt 0.295161 0.950518
vt 0.291259 0.953409
vt 0.292253 0.949727
vt 0.288581 0.948205
vt 0.292483 0.947019
vt 0.289270 0.943824
vt 0.292483 0.944645
vt 0.292024 0.938377
vt 0.295161 0.943732
vt 0.294472 0.937768
vt 0.306866 0.936460
vt 0.303959 0.926692
vt 0.307095 0.927787
vt 0.305412 0.922736
vt 0.308855 0.925231
vt 0.321019 0.973766
vt 0.324692 0.969110
vt 0.327675 0.968867
vt 0.339610 0.968197
vt 0.340069 0.961746
vt 0.340299 0.955082
vt 0.340834 0.949057
vt 0.343741 0.948266
vt 0.340834 0.943945
vt 0.343971 0.943611
vt 0.343512 0.939138
vt 0.346419 0.943276
vt 0.345730 0.937799
vt 0.356900 0.940263
vt 0.356671 0.934269
vt 0.360343 0.939777
vt 0.360113 0.934208
vt 0.363020 0.939290
vt 0.362332 0.932869
vt 0.376256 0.935121
vt 0.375491 0.928031
vt 0.379852 0.934512
vt 0.379622 0.927361
vt 0.382300 0.933843
vt 0.381382 0.926266
vt 0.361337 0.987611
vt 0.293248 0.930861
vt 0.290494 0.931469
vt 0.289270 0.938377
vt 0.271215 0.942028
vt 0.270756 0.945254
vt 0.288352 0.953226
vt 0.269761 0.949088
vt 0.287357 0.957395
vt 0.268078 0.953774
vt 0.285904 0.961473
vt 0.284450 0.965033
vt 0.288352 0.962781
vt 0.287128 0.966463
vt 0.290035 0.966919
vt 0.289040 0.970054
vt 0.291029 0.963116
vt 0.289805 0.958034
vt 0.292253 0.958673
vt 0.291029 0.927240
vt 0.287587 0.930222
vt 0.270985 0.937586
vt 0.260733 0.940416
vt 0.260274 0.943063
vt 0.249640 0.939837
vt 0.259050 0.945923
vt 0.248875 0.942059
vt 0.257291 0.949149
vt 0.247804 0.943854
vt 0.254919 0.952679
vt 0.246350 0.945832
vt 0.252700 0.955600
vt 0.244897 0.947232
vt 0.263641 0.962690
vt 0.265859 0.958734
vt 0.283226 0.967863
vt 0.286133 0.969354
vt 0.284909 0.972336
vt 0.288122 0.974709
vt 0.280778 0.971819
vt 0.554665 0.887621
vt 0.555660 0.904114
vt 0.552217 0.922249
vt 0.542960 0.941298
vt 0.301051 0.979791
vt 0.270756 0.931165
vt 0.260274 0.937068
vt 0.259280 0.932382
vt 0.249640 0.937373
vt 0.241225 0.936095
vt 0.241301 0.937799
vt 0.238164 0.937068
vt 0.240077 0.939685
vt 0.249411 0.934634
vt 0.524446 0.920850
vt 0.524905 0.913029
vt 0.535156 0.904114
vt 0.534162 0.897693
vt 0.516107 0.901192
vt 0.516566 0.907217
vt 0.309314 0.971910
vt 0.310309 0.967102
vt 0.311303 0.961838
vt 0.312221 0.956239
vt 0.322473 0.962629
vt 0.322779 0.956482
vt 0.325457 0.962781
vt 0.325916 0.955934
vt 0.328823 0.956665
vt 0.329588 0.950731
vt 0.329588 0.945497
vt 0.326451 0.950122
vt 0.323008 0.950853
vt 0.312986 0.951157
vt 0.309850 0.955478
vt 0.323008 0.946075
vt 0.326451 0.945802
vt 0.326145 0.941876
vt 0.328823 0.940416
vt 0.340069 0.938894
vt 0.340605 0.929978
vt 0.342517 0.929065
vt 0.354222 0.924927
vt 0.357436 0.923953
vt 0.352310 0.914064
vt 0.359348 0.922980
vt 0.353534 0.910412
vt 0.363556 0.907035
vt 0.371819 0.917959
vt 0.375261 0.916437
vt 0.368376 0.907400
vt 0.377174 0.915524
vt 0.369141 0.903444
vt 0.389185 0.901740
vt 0.384059 0.895563
vt 0.409153 0.881413
vt 0.395994 0.914855
vt 0.423842 0.902531
vt 0.447788 0.886160
vt 0.466532 0.865468
vt 0.328134 0.962964
vt 0.321784 0.968380
vt 0.603552 0.347168
vt 0.641116 0.347168
vt 0.603552 0.388673
vt 0.641116 0.409669
vt 0.606459 0.396494
vt 0.610820 0.403310
vt 0.363556 0.902288
vt 0.458958 0.854727
vt 0.440902 0.876940
vt 0.421164 0.896354
vt 0.394311 0.907887
vt 0.415044 0.888929
vt 0.434323 0.867812
vt 0.348408 0.908191
vt 0.347643 0.913212
vt 0.337621 0.917107
vt 0.336167 0.920363
vt 0.337621 0.930556
vt 0.333031 0.914672
vt 0.332265 0.919359
vt 0.326451 0.932443
vt 0.324003 0.933417
vt 0.322779 0.941481
vt 0.312986 0.942698
vt 0.313216 0.946867
vt 0.310538 0.943702
vt 0.310768 0.946988
vt 0.307860 0.947080
vt 0.310538 0.950518
vt 0.307631 0.950974
vt 0.309314 0.936338
vt 0.307631 0.943245
vt 0.295620 0.947262
vt 0.311533 0.935669
vt 0.317653 0.922858
vt 0.321325 0.933782
vt 0.321019 0.923892
vt 0.318877 0.918141
vt 0.323008 0.920850
vt 0.119888 0.544197
vt 0.117975 0.543710
vt 0.138173 0.517571
vt 0.111013 0.537107
vt 0.097778 0.517815
vt 0.107265 0.541763
vt 0.104893 0.541489
vt 0.098773 0.534673
vt 0.095253 0.539541
vt 0.093035 0.539054
vt 0.086761 0.532482
vt 0.061285 0.518058
vt 0.083013 0.536864
vt 0.081635 0.536620
vt 0.717774 0.478531
vt 0.719227 0.487781
vt 0.709970 0.475092
vt 0.708517 0.484373
vt 0.483669 0.479018
vt 0.483898 0.487781
vt 0.392857 0.480965
vt 0.393087 0.489759
vt 0.708517 0.497062
vt 0.483363 0.497549
vt 0.393546 0.498036
vt 0.482674 0.507560
vt 0.395765 0.507560
vt 0.709511 0.508047
vt 0.722134 0.511242
vt 0.706068 0.589597
vt 0.716779 0.592032
vt 0.701172 0.598148
vt 0.710429 0.602530
vt 0.705533 0.609376
vt 0.476324 0.566897
vt 0.407011 0.558347
vt 0.098314 0.145514
vt 0.706527 0.662354
vt 0.695817 0.661867
vt 0.703620 0.650638
vt 0.693369 0.652099
vt 0.700713 0.642575
vt 0.689926 0.642575
vt 0.695281 0.632077
vt 0.686560 0.632320
vt 0.685565 0.623526
vt 0.493155 0.595470
vt 0.492926 0.587650
vt 0.490707 0.603260
vt 0.486346 0.608889
vt 0.478772 0.614975
vt 0.468750 0.618170
vt 0.561015 0.682376
vt 0.523451 0.681402
vt 0.571267 0.655994
vt 0.524905 0.649178
vt 0.526358 0.644035
vt 0.404792 0.625473
vt 0.525899 0.638436
vt 0.405787 0.618657
vt 0.526358 0.633781
vt 0.405787 0.613758
vt 0.574710 0.642088
vt 0.574251 0.646469
vt 0.573256 0.651125
vt 0.721675 0.499010
vt 0.692833 0.624500
vt 0.697729 0.618170
vt 0.688931 0.615219
vt 0.490478 0.580803
vt 0.695281 0.606455
vt 0.484893 0.572983
vt 0.392857 0.675773
vt 0.396224 0.632077
vt 0.398672 0.675286
vt 0.403339 0.631346
vt 0.397677 0.625473
vt 0.399896 0.619631
vt 0.401120 0.614732
vt 0.377174 0.606212
vt 0.381382 0.561511
vt 0.453602 0.613515
vt 0.458040 0.568845
vt 0.465078 0.612054
vt 0.468980 0.572253
vt 0.474871 0.607672
vt 0.477778 0.578612
vt 0.481221 0.602530
vt 0.482904 0.584729
vt 0.484893 0.593979
vt 0.942851 0.478531
vt 0.942851 0.493167
vt 0.939944 0.478531
vt 0.939944 0.493167
vt 0.937037 0.478531
vt 0.937037 0.493167
vt 0.935048 0.478531
vt 0.935048 0.493167
vt 0.933135 0.478531
vt 0.933135 0.492680
vt 0.931146 0.479504
vt 0.931146 0.491707
vt 0.929692 0.480965
vt 0.929692 0.490246
vt 0.937955 0.417977
vt 0.945299 0.417977
vt 0.946753 0.417977
vt 0.950655 0.417977
vt 0.680669 0.026353
vt 0.680669 0.048840
vt 0.672865 0.026353
vt 0.672865 0.048840
vt 0.566370 0.717522
vt 0.563463 0.722421
vt 0.563004 0.712896
vt 0.557113 0.726803
vt 0.557113 0.708484
vt 0.552217 0.728507
vt 0.552217 0.706780
vt 0.544949 0.705563
vt 0.544949 0.729724
vt 0.497593 0.707267
vt 0.497593 0.728263
vt 0.490937 0.725829
vt 0.490937 0.709732
vt 0.485352 0.713140
vt 0.485352 0.722421
vt 0.482445 0.717765
vt 0.396989 0.043454
vt 0.390868 0.038585
vt 0.407929 0.043941
vt 0.414049 0.038585
vt 0.419405 0.000488
vt 0.413361 0.136720
vt 0.413361 0.140614
vt 0.342058 0.136720
vt 0.342058 0.140614
vt 0.433558 0.140614
vt 0.251706 0.970601
vt 0.247804 0.975379
vt 0.241837 0.966098
vt 0.239848 0.971240
vt 0.227913 0.961016
vt 0.225847 0.972092
vt 0.213989 0.972853
vt 0.227989 0.989407
vt 0.214830 0.992480
vt 0.413361 0.128412
vt 0.342058 0.128412
vt 0.342517 0.765874
vt 0.330353 0.769403
vt 0.315434 0.768308
vt 0.017295 0.480478
vt 0.017295 0.458508
vt 0.052028 0.480478
vt 0.052028 0.458508
vt 0.017295 0.457017
vt 0.052028 0.457017
vt 0.017295 0.450688
vt 0.052028 0.450688
vt 0.017295 0.446763
vt 0.052028 0.446763
vt 0.052028 0.445302
vt 0.017295 0.445302
vt 0.017295 0.438973
vt 0.052028 0.438973
vt 0.052028 0.435047
vt 0.017295 0.435047
vt 0.017295 0.433587
vt 0.052028 0.433587
vt 0.017295 0.427258
vt 0.052028 0.427258
vt 0.017295 0.422845
vt 0.052028 0.422845
vt 0.017295 0.404284
vt 0.052028 0.404284
vt 0.184535 0.990715
vt 0.183081 0.971819
vt 0.187136 0.956300
vt 0.159670 0.958278
vt 0.158217 0.952100
vt 0.156151 0.964637
vt 0.151943 0.950853
vt 0.154698 0.964698
vt 0.145594 0.953531
vt 0.146206 0.959556
vt 0.118358 0.958856
vt 0.118205 0.973370
vt 0.153550 0.969536
vt 0.157681 0.969080
vt 0.146359 0.985755
vt 0.163572 0.987155
vt 0.122795 0.985146
vt 0.095177 0.984873
vt 0.170687 0.504152
vt 0.155386 0.480965
vt 0.193868 0.489759
vt 0.173441 0.473145
vt 0.209246 0.464838
vt 0.164643 0.449227
vt 0.186141 0.424793
vt 0.153474 0.420898
vt 0.156763 0.414051
vt 0.139320 0.415025
vt 0.142839 0.406748
vt 0.167015 0.391108
vt 0.175048 0.399902
vt 0.188742 0.390134
vt 0.187518 0.420411
vt 0.206032 0.405774
vt 0.209322 0.410156
vt 0.222557 0.390621
vt 0.279324 0.407722
vt 0.231432 0.287588
vt 0.299827 0.331558
vt 0.300286 0.304689
vt 0.304188 0.330554
vt 0.307095 0.306636
vt 0.326145 0.294921
vt 0.322243 0.284666
vt 0.334943 0.291513
vt 0.329129 0.279311
vt 0.321555 0.271490
vt 0.314975 0.278824
vt 0.278330 0.266591
vt 0.270756 0.287588
vt 0.222175 0.258801
vt 0.237093 0.281745
vt 0.213224 0.263183
vt 0.230361 0.282719
vt 0.226842 0.286127
vt 0.217661 0.388186
vt 0.193486 0.423332
vt 0.277564 0.421872
vt 0.279783 0.436508
vt 0.286898 0.439460
vt 0.282231 0.441894
vt 0.303959 0.470224
vt 0.297150 0.470710
vt 0.315893 0.500014
vt 0.211770 0.514650
vt 0.234263 0.543223
vt 0.283914 0.408209
vt 0.146588 0.454096
vt 0.282690 0.421385
vt 0.302735 0.407722
vt 0.324232 0.330554
vt 0.333949 0.332045
vt 0.305642 0.299303
vt 0.301051 0.295895
vt 0.301970 0.420898
vt 0.305871 0.439947
vt 0.315205 0.436508
vt 0.319566 0.460943
vt 0.327905 0.456044
vt 0.339839 0.490246
vt 0.350856 0.482426
vt 0.383753 0.528556
vt 0.374037 0.535646
vt 0.358124 0.542493
vt 0.323697 0.499527
vt 0.348867 0.543467
vt 0.312757 0.408209
vt 0.311992 0.420411
vt 0.203278 0.487781
vt 0.213147 0.514650
vt 0.212535 0.460456
vt 0.195704 0.489759
vt 0.213836 0.465811
vt 0.280548 0.257828
vt 0.218273 0.250494
vt 0.207256 0.256824
vt 0.207256 0.271490
vt 0.199453 0.267078
vt 0.198152 0.376471
vt 0.187748 0.372059
vt 0.179409 0.382314
vt 0.311303 0.143079
vt 0.299598 0.143079
vt 0.311303 0.112802
vt 0.299598 0.112802
vt 0.289576 0.112802
vt 0.289576 0.143079
vt 0.279554 0.143079
vt 0.279554 0.112802
vt 0.269531 0.143079
vt 0.269531 0.112802
vt 0.251476 0.112802
vt 0.251476 0.143079
vt 0.225924 0.112802
vt 0.956545 0.537350
vt 0.959988 0.535159
vt 0.957999 0.533942
vt 0.960906 0.530504
vt 0.958458 0.530504
vt 0.960447 0.526609
vt 0.957540 0.527096
vt 0.955092 0.523444
vt 0.958458 0.523444
vt 0.958458 0.476553
vt 0.946294 0.476553
vt 0.950196 0.523444
vt 0.946294 0.523444
vt 0.947747 0.527096
vt 0.944840 0.526609
vt 0.946753 0.530504
vt 0.943846 0.530504
vt 0.947288 0.533942
vt 0.944840 0.535159
vt 0.947747 0.538324
vt 0.703161 0.090345
vt 0.936042 0.470710
vt 0.932140 0.465324
vt 0.954556 0.470710
vt 0.958994 0.465324
vt 0.959988 0.459969
vt 0.931146 0.459969
vt 0.959988 0.455070
vt 0.931146 0.455070
vt 0.931146 0.451175
vt 0.959988 0.451175
vt 0.932140 0.419437
vt 0.952644 0.419437
vt 0.959988 0.394029
vt 0.952644 0.405288
vt 0.916992 0.394029
vt 0.933135 0.405288
vt 0.916992 0.405288
vt 0.930151 0.409183
vt 0.488029 0.807136
vt 0.491931 0.804062
vt 0.496828 0.813465
vt 0.499505 0.810057
vt 0.512205 0.821407
vt 0.516107 0.816903
vt 0.527353 0.831783
vt 0.529266 0.828254
vt 0.550304 0.841916
vt 0.532249 0.824572
vt 0.535616 0.821772
vt 0.521003 0.811639
vt 0.525364 0.807623
vt 0.508762 0.797490
vt 0.515648 0.791495
vt 0.502948 0.790765
vt 0.503942 0.783827
vt 0.497822 0.798828
vt 0.504402 0.803819
vt 0.049503 0.975287
vt 0.037186 0.992602
vt 0.038181 0.971088
vt 0.030071 0.989163
vt 0.024257 0.984294
vt 0.019896 0.978269
vt 0.030989 0.956208
vt 0.015076 0.970297
vt 0.014082 0.962872
vt 0.019972 0.948662
vt 0.010562 0.958064
vt 0.008191 0.951705
vt 0.022497 0.939929
vt 0.013317 0.938590
vt 0.024792 0.933965
vt 0.010945 0.933965
vt 0.012934 0.928092
vt 0.006278 0.926935
vt 0.008497 0.920119
vt 0.006737 0.945589
vt 0.005743 0.939624
vt 0.005360 0.933478
vt 0.238394 0.865712
vt 0.026475 0.926509
vt 0.015382 0.921823
vt 0.376944 0.883969
vt 0.379393 0.869394
vt 0.398442 0.875784
vt 0.375720 0.860600
vt 0.795426 0.554452
vt 0.802235 0.554452
vt 0.795426 0.567384
vt 0.802235 0.567384
vt 0.508762 0.826306
vt 0.525364 0.835191
vt 0.506314 0.775276
vt 0.522457 0.786748
vt 0.530796 0.803819
vt 0.531255 0.783949
vt 0.537605 0.800898
vt 0.537605 0.782458
vt 0.545867 0.799194
vt 0.544414 0.781484
vt 0.549310 0.780875
vt 0.545867 0.756836
vt 0.555660 0.762466
vt 0.540053 0.819459
vt 0.544414 0.817877
vt 0.548315 0.817269
vt 0.553212 0.817269
vt 0.552753 0.798342
vt 0.555201 0.780632
vt 0.564917 0.769647
vt 0.735370 0.450688
vt 0.757786 0.462403
vt 0.729020 0.460456
vt 0.741720 0.472171
vt 0.750518 0.486807
vt 0.770486 0.480478
vt 0.752430 0.502448
vt 0.779819 0.503178
vt 0.746616 0.514894
vt 0.793973 0.514163
vt 0.802235 0.526365
vt 0.731468 0.526365
vt 0.802235 0.537107
vt 0.731468 0.537107
vt 0.563999 0.781240
vt 0.559103 0.798707
vt 0.557649 0.817755
vt 0.804683 0.552504
vt 0.797874 0.552504
vt 0.804683 0.539541
vt 0.797874 0.539541
vt 0.788541 0.539541
vt 0.788541 0.552504
vt 0.777830 0.552504
vt 0.777830 0.539541
vt 0.762223 0.552504
vt 0.762223 0.539541
vt 0.748529 0.552504
vt 0.748529 0.539541
vt 0.732922 0.539541
vt 0.509757 0.765995
vt 0.514653 0.759271
vt 0.521003 0.754524
vt 0.529266 0.752941
vt 0.538064 0.755010
vt 0.996558 0.354014
vt 0.996558 0.361317
vt 0.921889 0.354014
vt 0.866193 0.361317
vt 0.866193 0.354014
vt 0.907735 0.347655
vt 0.870631 0.347655
vt 0.902380 0.341295
vt 0.870631 0.319325
vt 0.900850 0.330554
vt 0.874532 0.314943
vt 0.896948 0.302254
vt 0.903834 0.320786
vt 0.912096 0.313970
vt 0.900850 0.300794
vt 0.920435 0.310044
vt 0.918446 0.300794
vt 0.972688 0.310044
vt 0.142916 0.229011
vt 0.137943 0.232419
vt 0.129528 0.226060
vt 0.136107 0.238292
vt 0.125702 0.238292
vt 0.129528 0.250007
vt 0.137943 0.244135
vt 0.142916 0.247573
vt 0.139779 0.257828
vt 0.149189 0.247573
vt 0.152326 0.257828
vt 0.154086 0.244135
vt 0.162501 0.250007
vt 0.155998 0.238292
vt 0.166403 0.238292
vt 0.154086 0.232419
vt 0.162501 0.226060
vt 0.149189 0.229011
vt 0.152326 0.218757
vt 0.139779 0.218757
vt 0.451690 0.785166
vt 0.460717 0.790400
vt 0.445034 0.801871
vt 0.451384 0.806284
vt 0.437001 0.820068
vt 0.441897 0.823354
vt 0.432410 0.838752
vt 0.436006 0.840821
vt 0.418180 0.859017
vt 0.438684 0.843255
vt 0.441132 0.846176
vt 0.450695 0.831296
vt 0.454138 0.835678
vt 0.467526 0.824450
vt 0.457274 0.840699
vt 0.471657 0.831053
vt 0.467526 0.797003
vt 0.457045 0.811152
vt 0.446793 0.827036
vt 0.471198 0.805919
vt 0.462859 0.817755
vt 0.474641 0.816051
vt 0.477089 0.829471
vt 0.443121 0.849980
vt 0.146129 0.246082
vt 0.141615 0.244621
vt 0.146512 0.237805
vt 0.138785 0.240727
vt 0.138785 0.235827
vt 0.141615 0.231933
vt 0.146129 0.230472
vt 0.150643 0.231933
vt 0.153474 0.235827
vt 0.153474 0.240727
vt 0.150643 0.244621
vt 0.381076 0.963390
vt 0.397677 0.959799
vt 0.425525 0.956482
vt 0.453143 0.953987
vt 0.481450 0.953591
vt 0.380387 0.956117
vt 0.396453 0.951735
vt 0.425295 0.945802
vt 0.425754 0.935364
vt 0.454138 0.941481
vt 0.521462 0.994001
vt 1.691375 0.928944
vt 1.714862 0.945376
vt 1.701168 0.925292
vt 1.723660 0.938985
vt 1.717769 0.927544
vt 1.764667 0.962629
vt 1.777367 0.962142
vt 1.783181 0.972397
vt 1.793968 0.968593
vt 1.804679 0.985512
vt 1.737278 0.959190
vt 1.759770 0.971240
vt 1.781268 0.981343
vt 1.680664 0.915464
vt 1.704075 0.916316
vt 1.723660 0.918933
vt 1.732458 0.928335
vt 1.774383 0.952222
vt 1.784176 0.953287
vt 1.780274 0.942120
vt 1.771476 0.941815
vt 1.746076 0.928335
vt 1.739267 0.920119
vt 1.758776 0.927727
vt 1.753880 0.920424
vt 1.770481 0.931652
vt 1.779279 0.931348
vt 0.993191 0.154308
vt 0.848597 0.160150
vt 0.735829 0.154308
vt 0.848597 0.188966
vt 0.735829 0.195326
vt 0.930151 0.188966
vt 0.993191 0.195326
vt 0.930151 0.160150
vt 0.788541 0.066885
vt 0.765589 0.057117
vt 0.788541 0.034660
vt 0.756332 0.034660
vt 0.765589 0.011716
vt 0.788541 0.002435
vt 0.811033 0.011716
vt 0.820826 0.034660
vt 0.811033 0.057117
vt 0.118052 0.953957
vt 0.142457 0.943458
vt 0.151867 0.940568
vt 0.158446 0.943428
vt 0.168239 0.922493
vt 0.187748 0.946927
vt 0.219268 0.922493
vt 0.221104 0.933234
vt 0.227913 0.922493
vt 0.227913 0.944402
vt 0.187977 0.951096
vt 0.214830 0.947719
vt 0.214601 0.951827
vt 0.227913 0.950944
vt 0.227913 0.955661
vt 0.214448 0.956482
vt 0.155004 0.217783
vt 0.166632 0.229985
vt 0.166479 0.246569
vt 0.154545 0.258315
vt 0.137943 0.257828
vt 0.126314 0.246082
vt 0.126467 0.229498
vt 0.138326 0.217783
vt 0.227530 0.735110
vt 0.227760 0.727289
vt 0.235716 0.730454
vt 0.245815 0.732432
vt 0.243137 0.725829
vt 0.257061 0.725342
vt 0.256373 0.719713
vt 0.241607 0.719956
vt 0.088597 0.783827
vt 0.100073 0.780875
vt 0.092805 0.793077
vt 0.104510 0.792712
vt 0.094412 0.800533
vt 0.104128 0.809570
vt 0.092423 0.811031
vt 0.096860 0.820677
vt 0.083931 0.826306
vt 0.083013 0.818607
vt 0.070236 0.827767
vt 0.070772 0.818121
vt 0.055853 0.827280
vt 0.060826 0.813465
vt 0.048968 0.810057
vt 0.056236 0.803941
vt 0.047820 0.793686
vt 0.057919 0.791982
vt 0.051952 0.781240
vt 0.069242 0.781484
vt 0.062739 0.773572
vt 0.075745 0.769160
vt 0.079493 0.780510
vt 0.087985 0.770499
vt 0.424301 0.746095
vt 0.428203 0.729967
vt 0.432640 0.746095
vt 0.436542 0.734623
vt 0.456509 0.746095
vt 0.445034 0.726316
vt 0.456509 0.722908
vt 0.440443 0.718009
vt 0.456509 0.714600
vt 0.427973 0.762466
vt 0.436312 0.757688
vt 0.445034 0.766482
vt 0.456509 0.770377
vt 0.467985 0.766482
vt 0.456509 0.778684
vt 0.472881 0.774668
vt 0.440214 0.774789
vt 0.484893 0.762192
vt 0.476554 0.757567
vt 0.480226 0.746095
vt 0.476554 0.734866
vt 0.467985 0.726316
vt 0.484587 0.730211
vt 0.472652 0.718252
vt 0.488259 0.746095
vt 1.708971 0.245108
vt 1.693364 0.246569
vt 1.708971 0.250981
vt 1.693364 0.260262
vt 1.708971 0.263183
vt 1.693364 0.269056
vt 1.708971 0.272464
vt 1.708971 0.341295
vt 1.666970 0.265131
vt 1.666970 0.256337
vt 1.666970 0.243648
vt 1.693364 0.238292
vt 1.666052 0.236314
vt 1.639658 0.239753
vt 1.640652 0.247573
vt 1.641570 0.260262
vt 1.641570 0.269056
vt 1.597656 0.341295
vt 1.618160 0.250981
vt 1.617165 0.258315
vt 1.618160 0.271977
vt 1.618160 0.281745
vt 1.363245 0.282232
vt 1.364240 0.381827
vt 1.348633 0.386726
vt 1.364240 0.389647
vt 1.355442 0.396494
vt 1.365235 0.402336
vt 1.362327 0.408209
vt 1.597656 0.408209
vt 1.369136 0.272951
vt 1.379847 0.258315
vt 1.377934 0.250981
vt 1.361333 0.261723
vt 1.348633 0.274899
vt 1.343737 0.386239
vt 1.349628 0.401849
vt 1.343737 0.274412
vt 1.356437 0.255850
vt 1.597656 0.402336
vt 1.597656 0.390134
vt 1.597656 0.381827
vt 0.709511 0.341295
vt 0.597661 0.341295
vt 0.641575 0.269056
vt 0.618623 0.281745
vt 0.618164 0.271977
vt 0.369600 0.272951
vt 0.380617 0.258315
vt 0.361796 0.261723
vt 0.378627 0.250981
vt 0.356441 0.255850
vt 0.618164 0.250981
vt 0.617705 0.258315
vt 0.641575 0.260262
vt 0.667510 0.265131
vt 0.693369 0.269056
vt 0.709511 0.272464
vt 0.709511 0.263183
vt 0.693369 0.260262
vt 0.667510 0.256337
vt 0.640657 0.247573
vt 0.640121 0.239753
vt 0.666974 0.243648
vt 0.693828 0.246569
vt 0.709511 0.250981
vt 0.666515 0.236314
vt 0.693828 0.238292
vt 0.709511 0.245108
vt 0.847143 0.568601
vt 0.837427 0.572740
vt 0.833985 0.536133
vt 0.825722 0.541489
vt 0.814476 0.503909
vt 0.806672 0.509508
vt 0.782191 0.479504
vt 0.839340 0.532969
vt 0.819372 0.500014
vt 0.790071 0.473632
vt 0.795426 0.469250
vt 0.766584 0.440433
vt 0.817383 0.385265
vt 0.781732 0.355475
vt 0.785634 0.349602
vt 0.758321 0.338374
vt 0.756868 0.330067
vt 0.710429 0.404284
vt 0.752430 0.313970
vt 0.696811 0.407235
vt 0.754879 0.451662
vt 0.761228 0.445302
vt 0.724583 0.428718
vt 0.731468 0.420898
vt 0.718768 0.402336
vt 0.735829 0.415512
vt 0.791983 0.342299
vt 0.828629 0.373033
vt 0.821285 0.380366
vt 0.861297 0.421872
vt 0.855483 0.424793
vt 0.892128 0.462403
vt 0.886697 0.465811
vt 0.912096 0.510025
vt 0.853034 0.566167
vt 0.869636 0.415512
vt 0.428968 0.837048
vt 0.425754 0.835557
vt 0.421164 0.833244
vt 0.432104 0.817634
vt 0.425295 0.814926
vt 0.429962 0.795420
vt 0.419940 0.793960
vt 0.426749 0.786870
vt 0.418946 0.787722
vt 0.432869 0.785044
vt 0.439219 0.798707
vt 0.411601 0.788939
vt 0.411601 0.794325
vt 0.403798 0.789426
vt 0.403339 0.795299
vt 0.417721 0.813465
vt 0.416497 0.831662
vt 0.412366 0.831175
vt 0.410913 0.813222
vt 0.408235 0.831540
vt 0.404333 0.813830
vt 0.441897 0.781971
vt 0.819372 0.146000
vt 0.814935 0.136233
vt 0.829088 0.136233
vt 0.819372 0.125978
vt 0.829088 0.122083
vt 0.839340 0.125978
vt 0.843242 0.136233
vt 0.839340 0.146000
vt 0.829088 0.150382
vt 0.627957 0.916863
vt 0.656723 0.928761
vt 0.627421 0.931348
vt 0.658176 0.939046
vt 0.659630 0.950761
vt 0.660165 0.963207
vt 0.627421 0.973218
vt 0.626503 0.981343
vt 0.592306 0.968563
vt 0.594218 0.959221
vt 0.594218 0.943732
vt 0.595213 0.926083
vt 0.596666 0.911508
vt 0.555201 0.956908
vt 0.558108 0.951218
vt 0.561015 0.938772
vt 0.561015 0.924379
vt 0.560556 0.913455
vt 0.550763 0.967558
vt 0.589858 0.980521
vt 0.349097 0.274899
vt 0.364015 0.282232
vt 0.364474 0.381827
vt 0.349403 0.386726
vt 0.344506 0.386239
vt 0.344506 0.274412
vt 0.597661 0.381827
vt 0.364780 0.389647
vt 0.356212 0.396494
vt 0.349632 0.401849
vt 0.363020 0.408209
vt 0.597661 0.390134
vt 0.597661 0.402336
vt 0.365698 0.402336
vt 0.597661 0.408209
vt 0.690920 0.957821
vt 0.689926 0.965094
vt 0.692374 0.951522
vt 0.693369 0.945223
vt 0.724583 0.960286
vt 0.722670 0.963237
vt 0.051569 0.836926
vt 0.049503 0.828984
vt 0.040476 0.821042
vt 0.035579 0.810787
vt 0.030683 0.821529
vt 0.025481 0.812735
vt 0.024639 0.821894
vt 0.015229 0.818364
vt 0.014770 0.830444
vt 0.009721 0.827523
vt 0.005896 0.836561
vt 0.011098 0.842890
vt 0.004825 0.846176
vt 0.014158 0.851806
vt 0.006049 0.856948
vt 0.019666 0.860478
vt 0.013240 0.866929
vt 0.025634 0.872680
vt 0.028618 0.865225
vt 0.036115 0.873167
vt 0.037722 0.864008
vt 0.046596 0.868785
vt 0.046137 0.858409
vt 0.053099 0.860478
vt 0.050727 0.847424
vt 0.058990 0.850467
vt 0.059602 0.838021
vt 0.691915 0.928944
vt 0.701172 0.925292
vt 0.715326 0.945376
vt 0.724124 0.938985
vt 0.737818 0.959190
vt 0.765130 0.962629
vt 0.760234 0.971240
vt 0.783185 0.972397
vt 0.781273 0.981343
vt 0.804683 0.985512
vt 0.718233 0.927544
vt 0.777830 0.962142
vt 0.794432 0.968593
vt 0.704615 0.916316
vt 0.724124 0.918933
vt 0.680669 0.915464
vt 0.784639 0.953287
vt 0.774923 0.952222
vt 0.780737 0.942120
vt 0.771939 0.941815
vt 0.779284 0.931348
vt 0.771021 0.931652
vt 0.732922 0.928335
vt 0.746081 0.928335
vt 0.759239 0.927727
vt 0.739272 0.920119
vt 0.754420 0.920424
vt 0.555660 0.701912
vt 0.518096 0.701912
vt 0.555660 0.711923
vt 0.845231 0.091806
vt 0.649914 0.037094
vt 0.225924 0.143079
vt 0.323467 0.142592
vt 1.056614 0.513676
vt 0.057536 0.396494
vt 0.057536 0.513676
vt 1.109402 0.554695
vt 0.254919 0.910412
vt 0.241072 0.916133
vt 0.817383 0.971271
vt 0.840335 0.963694
vt 0.827176 0.987550
vt 0.815929 0.954291
vt 0.819372 0.946532
vt 0.834979 0.946623
vt 0.948206 0.752576
vt 0.831995 0.938012
vt 0.903834 0.713870
vt 0.906741 0.708971
vt 0.729020 0.591058
vt 1.352535 0.417490
vt 0.840335 0.994245
vt 0.352998 0.417490
vt 0.718768 0.450201
vt 1.957995 0.691657
vt 1.957000 0.538324
vt 1.932595 0.490246
vt 0.617705 0.409669
vt 0.948742 0.536864
vt 0.732922 0.552504
vt 0.972688 0.300794
vt 0.919441 0.350576
vt 0.995640 0.365243
vt 1.972684 0.310044
vt 0.534162 0.725585
vt 0.114839 0.197274
vt 0.582972 0.652829
vt 0.507309 0.688979
vt 0.393546 0.221191
vt 0.226536 0.546388
vt 0.323238 0.191401
vt 0.535616 0.069836
vt 0.986841 0.645252
vt 0.633312 0.662110
vt 0.995640 0.994549
vt 0.033361 0.546388
s 1
f 1/1/1 2/2/1 3/3/1
f 2/2/1 4/4/1 3/3/1
f 5/5/2 6/6/2 7/7/2
f 6/6/2 8/8/2 7/7/2
f 9/9/1 10/10/3 11/11/1
f 10/10/3 12/12/4 11/11/1
f 10/10/3 13/13/5 12/12/4
f 13/13/5 14/14/5 12/12/4
f 14/14/5 13/13/5 15/15/6
f 13/13/5 16/16/7 15/15/6
f 15/15/6 16/16/7 17/17/8
f 16/16/7 18/18/8 17/17/8
f 17/17/8 18/18/8 19/19/9
f 17/17/8 19/19/9 20/20/10
f 19/19/9 21/21/11 20/20/10
f 20/20/10 21/21/11 22/22/12
f 23/23/13 24/24/14 25/25/13
f 24/24/14 26/26/15 25/25/13
f 26/26/15 24/24/14 27/27/16
f 24/24/14 28/28/17 27/27/16
f 27/27/16 28/28/17 29/29/18
f 28/28/17 30/30/19 29/29/18
f 29/29/18 30/30/19 31/31/20
f 30/30/19 32/32/20 31/31/20
f 31/31/20 32/32/20 33/33/21
f 31/31/20 33/33/21 34/34/21
f 33/33/21 35/35/22 34/34/21
f 36/36/2 37/37/2 38/38/2
f 37/37/2 39/39/2 38/38/2
f 39/39/2 37/37/2 40/40/2
f 37/37/2 41/41/2 40/40/2
f 40/40/2 41/41/2 42/42/2
f 40/40/2 42/42/2 43/43/2
f 42/42/2 44/44/2 43/43/2
f 43/43/2 44/44/2 45/45/2
f 44/44/2 46/46/2 45/45/2
f 44/44/2 47/47/2 46/46/2
f 47/47/2 48/48/2 46/46/2
f 46/46/2 48/48/2 49/49/2
f 50/50/23 51/51/23 52/52/23
f 51/51/23 53/53/23 52/52/23
f 54/54/1 55/55/24 56/56/1
f 55/55/24 57/57/24 56/56/1
f 57/57/24 55/55/24 58/58/24
f 55/55/24 59/59/25 58/58/24
f 58/58/24 59/59/25 60/60/26
f 58/58/24 60/60/26 61/61/27
f 60/60/26 62/62/28 61/61/27
f 61/61/27 62/62/28 63/63/28
f 62/62/28 64/64/29 63/63/28
f 62/62/28 65/65/30 64/64/29
f 65/65/30 66/66/31 64/64/29
f 64/64/29 66/66/31 67/67/32
f 66/66/31 68/68/23 67/67/32
f 67/67/32 68/68/23 69/69/23
f 68/68/23 70/70/23 69/69/23
f 71/71/2 72/72/2 73/73/2
f 72/72/2 74/74/2 73/73/2
f 73/73/2 74/74/2 75/75/2
f 74/74/2 76/76/2 75/75/2
f 75/75/2 76/76/2 77/77/2
f 76/76/2 78/78/2 77/77/2
f 77/77/2 78/78/2 79/79/2
f 76/76/2 80/80/2 78/78/2
f 80/80/2 81/81/2 78/78/2
f 78/78/2 81/81/2 82/82/2
f 78/78/2 82/82/2 83/83/2
f 82/82/2 84/84/2 83/83/2
f 83/83/2 84/84/2 85/85/2
f 85/85/2 86/86/2 83/83/2
f 86/86/2 87/87/2 83/83/2
f 88/88/2 89/89/2 90/90/2
f 89/89/2 91/91/2 90/90/2
f 91/91/2 89/89/2 92/92/2
f 89/89/2 93/93/2 92/92/2
f 89/89/2 94/94/2 93/93/2
f 94/94/2 95/95/2 93/93/2
f 93/93/2 95/95/2 96/96/2
f 95/95/2 97/97/2 96/96/2
f 96/96/2 97/97/2 98/98/2
f 97/97/2 99/99/2 98/98/2
f 97/97/2 100/100/2 99/99/2
f 100/100/2 101/101/2 99/99/2
f 100/100/2 102/102/2 101/101/2
f 102/102/2 103/103/2 101/101/2
f 101/101/2 103/103/2 104/104/2
f 103/103/2 105/105/2 104/104/2
f 106/106/33 107/107/33 108/108/34
f 107/107/33 109/109/35 108/108/34
f 108/108/34 109/109/35 110/110/36
f 108/108/34 110/110/36 111/111/36
f 110/110/36 112/112/37 111/111/36
f 110/110/36 113/113/38 112/112/37
f 113/113/38 114/114/39 112/112/37
f 113/113/38 115/115/40 114/114/39
f 115/115/40 116/116/41 114/114/39
f 117/117/42 118/118/42 119/119/43
f 118/118/42 120/120/43 119/119/43
f 119/119/43 120/120/43 121/121/29
f 122/122/44 123/123/45 124/124/46
f 123/123/45 125/125/47 124/124/46
f 124/124/46 125/125/47 126/126/48
f 125/125/47 127/127/49 126/126/48
f 126/126/48 127/127/49 128/128/50
f 127/127/49 129/129/51 128/128/50
f 128/128/50 129/129/51 130/130/52
f 129/129/51 131/131/53 130/130/52
f 130/130/52 131/131/53 132/132/54
f 131/131/53 133/133/55 132/132/54
f 132/132/54 133/133/55 134/134/56
f 133/133/55 135/135/57 134/134/56
f 134/134/56 135/135/57 136/136/58
f 135/135/57 137/137/59 136/136/58
f 125/125/47 138/138/60 127/127/49
f 138/138/60 139/139/61 127/127/49
f 127/127/49 139/139/61 140/140/62
f 139/139/61 141/141/63 140/140/62
f 140/140/62 141/141/63 129/129/51
f 141/141/63 142/142/64 129/129/51
f 129/129/51 142/142/64 133/133/55
f 142/142/64 143/143/65 133/133/55
f 133/133/55 143/143/65 135/135/57
f 143/143/65 142/142/64 144/144/66
f 142/142/64 141/141/63 144/144/66
f 144/144/66 141/141/63 145/145/67
f 141/141/63 146/146/68 145/145/67
f 145/145/67 146/146/68 147/147/69
f 124/124/46 126/126/48 148/148/70
f 126/126/48 149/149/71 148/148/70
f 148/148/70 149/149/71 150/150/72
f 149/149/71 151/151/73 150/150/72
f 149/149/71 126/126/48 130/130/52
f 126/126/48 128/128/50 130/130/52
f 149/149/71 130/130/52 152/152/74
f 130/130/52 132/132/54 152/152/74
f 152/152/74 132/132/54 153/153/75
f 132/132/54 136/136/76 153/153/75
f 153/153/75 154/154/77 152/152/74
f 154/154/77 155/155/78 152/152/74
f 152/152/74 155/155/78 156/156/79
f 155/155/78 157/157/59 156/156/79
f 156/156/79 157/157/59 151/151/73
f 151/151/73 149/149/71 156/156/79
f 149/149/71 152/152/74 156/156/79
f 158/158/2 159/159/2 160/160/2
f 159/159/2 161/161/2 160/160/2
f 160/160/2 161/161/2 162/162/2
f 161/161/2 163/163/2 162/162/2
f 162/162/2 163/163/2 164/164/2
f 163/163/2 165/165/2 164/164/2
f 163/163/2 166/166/2 165/165/2
f 166/166/2 167/167/2 165/165/2
f 166/166/2 168/168/2 167/167/2
f 168/168/2 169/169/2 167/167/2
f 170/170/19 171/171/19 172/172/80
f 171/171/19 173/173/81 172/172/80
f 172/172/80 173/173/81 174/174/82
f 172/172/80 174/174/82 175/175/83
f 174/174/82 176/176/84 175/175/83
f 175/175/83 176/176/84 177/177/84
f 176/176/84 178/178/85 177/177/84
f 176/176/84 179/179/86 178/178/85
f 179/179/86 180/180/87 178/178/85
f 181/106/88 182/107/88 183/108/89
f 182/107/88 184/109/89 183/108/89
f 183/108/89 184/109/89 185/110/90
f 183/108/89 185/110/90 186/111/90
f 185/110/90 187/112/91 186/111/90
f 185/110/90 188/113/92 187/112/91
f 188/113/92 189/114/93 187/112/91
f 188/113/92 190/115/94 189/114/93
f 190/115/94 191/116/95 189/114/93
f 192/137/96 193/135/97 194/136/98
f 193/135/97 195/134/99 194/136/98
f 194/136/98 195/134/99 196/132/99
f 195/134/99 197/133/100 196/132/99
f 196/132/99 197/133/100 198/131/101
f 197/133/100 199/129/102 198/131/101
f 198/131/101 199/129/102 200/128/103
f 199/129/102 201/140/104 200/128/103
f 200/128/103 201/140/104 202/127/105
f 201/140/104 203/138/106 202/127/105
f 202/127/105 203/138/106 204/125/107
f 203/138/106 205/123/108 204/125/107
f 204/125/107 205/123/108 206/124/109
f 205/123/108 207/122/110 206/124/109
f 201/140/104 199/129/102 208/141/111
f 199/129/102 209/142/112 208/141/111
f 208/141/111 209/142/112 210/144/113
f 209/142/112 197/133/100 210/144/113
f 210/144/113 197/133/100 211/143/114
f 197/133/100 193/135/115 211/143/114
f 208/141/111 212/139/116 201/140/104
f 212/139/116 203/138/106 201/140/104
f 212/139/116 208/141/111 213/146/117
f 208/141/111 214/145/118 213/146/117
f 213/146/117 214/145/118 215/147/110
f 216/181/2 217/182/2 218/183/119
f 217/182/2 219/184/120 218/183/119
f 218/183/119 219/184/120 220/185/121
f 219/184/120 221/186/122 220/185/121
f 220/185/121 221/186/122 222/187/123
f 221/186/122 223/188/123 222/187/123
f 224/189/2 225/190/124 226/191/2
f 225/190/124 227/192/125 226/191/2
f 227/192/125 225/190/124 228/193/126
f 225/190/124 229/194/126 228/193/126
f 228/193/126 229/194/126 230/195/127
f 228/193/126 230/195/127 231/196/128
f 230/195/127 232/197/129 231/196/128
f 230/195/127 233/198/130 232/197/129
f 233/198/130 234/199/131 232/197/129
f 232/197/129 234/199/131 235/200/131
f 234/199/131 236/201/132 235/200/131
f 194/136/98 196/132/99 237/153/98
f 196/132/99 238/154/133 237/153/98
f 238/154/133 196/132/99 239/152/134
f 196/132/99 240/130/135 239/152/134
f 239/152/134 240/130/135 241/149/136
f 240/130/135 200/128/103 241/149/136
f 241/149/136 200/128/103 242/126/137
f 200/128/103 202/127/105 242/126/137
f 242/126/137 202/127/105 204/125/107
f 200/128/103 240/130/135 198/131/101
f 240/130/135 196/132/99 198/131/101
f 206/124/109 243/148/138 204/125/107
f 243/148/138 242/126/137 204/125/107
f 243/148/138 244/150/139 242/126/137
f 244/150/139 241/149/136 242/126/137
f 244/150/139 245/151/140 241/149/136
f 245/151/140 246/156/141 241/149/136
f 241/149/136 246/156/141 239/152/134
f 246/156/141 238/154/133 239/152/134
f 238/154/133 246/156/141 247/155/142
f 246/156/141 245/151/140 247/155/142
f 247/155/142 245/151/140 248/157/143
f 249/202/144 250/203/144 251/202/144
f 250/203/144 252/204/144 251/202/144
f 253/117/145 254/205/146 255/118/147
f 254/205/146 256/206/148 255/118/147
f 254/205/146 257/207/149 256/206/148
f 257/207/149 258/208/150 256/206/148
f 259/209/1 260/210/1 261/211/1
f 260/210/1 262/212/1 261/211/1
f 263/213/151 264/214/152 265/215/152
f 264/214/152 266/216/153 265/215/152
f 267/217/23 268/218/23 269/219/23
f 268/218/23 270/220/23 269/219/23
f 271/221/2 272/222/2 273/223/2
f 272/222/2 274/224/2 273/223/2
f 275/225/154 276/226/154 277/227/154
f 276/226/154 278/228/154 277/227/154
f 279/229/1 280/230/1 281/231/1
f 280/230/1 282/232/1 281/231/1
f 283/233/2 284/230/2 285/234/2
f 284/230/2 286/232/2 285/234/2
f 287/230/154 288/233/154 289/232/154
f 288/233/154 290/234/154 289/232/154
f 291/235/155 292/236/156 293/237/157
f 292/236/156 294/238/158 293/237/157
f 292/236/156 295/239/159 294/238/158
f 295/239/159 296/240/160 294/238/158
f 294/238/158 296/240/160 297/241/161
f 296/240/160 298/242/162 297/241/161
f 297/241/161 298/242/162 299/243/162
f 298/242/162 300/244/163 299/243/162
f 295/239/159 292/236/156 301/245/164
f 292/236/156 302/246/2 301/245/164
f 292/236/156 303/247/2 302/246/2
f 303/247/2 304/248/2 302/246/2
f 302/246/2 304/248/2 305/249/2
f 306/250/1 307/251/1 308/252/1
f 307/251/1 309/253/1 308/252/1
f 308/252/1 309/253/1 310/254/1
f 311/249/154 312/248/154 313/246/154
f 312/248/154 314/247/154 313/246/154
f 313/246/154 314/247/154 315/245/165
f 314/247/154 316/236/166 315/245/165
f 315/245/165 316/236/166 317/239/167
f 316/236/166 318/238/168 317/239/167
f 317/239/167 318/238/168 319/241/169
f 317/239/167 319/241/169 320/240/170
f 319/241/169 321/243/171 320/240/170
f 320/240/170 321/243/171 322/242/172
f 321/243/171 323/244/173 322/242/172
f 322/242/172 323/244/173 324/255/173
f 325/235/174 326/237/175 316/236/166
f 326/237/175 318/238/168 316/236/166
f 327/256/19 328/257/19 329/258/19
f 328/257/19 330/259/19 329/258/19
f 330/259/19 328/257/19 331/260/19
f 328/257/19 332/261/19 331/260/19
f 333/262/176 334/263/177 335/264/178
f 334/263/177 336/265/179 335/264/178
f 335/264/178 336/265/179 337/266/180
f 336/265/179 338/267/180 337/266/180
f 339/268/181 340/269/182 341/270/183
f 340/269/182 342/271/184 341/270/183
f 341/270/183 342/271/184 343/272/184
f 342/271/184 344/273/185 343/272/184
f 342/271/184 345/274/186 344/273/185
f 345/274/186 346/275/187 344/273/185
f 345/274/186 347/276/188 346/275/187
f 347/276/188 348/277/189 346/275/187
f 346/275/187 348/277/189 349/278/190
f 348/277/189 350/279/191 349/278/190
f 348/277/189 351/280/192 350/279/191
f 351/280/192 352/281/193 350/279/191
f 353/282/194 354/283/128 355/284/195
f 354/283/128 356/285/196 355/284/195
f 355/284/195 356/285/196 357/286/197
f 356/285/196 358/287/198 357/286/197
f 357/286/197 358/287/198 359/288/199
f 358/287/198 360/289/200 359/288/199
f 359/288/199 360/289/200 361/290/201
f 360/289/200 362/291/202 361/290/201
f 362/291/202 360/289/200 363/292/203
f 360/289/200 358/287/198 363/292/203
f 363/292/203 358/287/198 364/293/204
f 358/287/198 356/285/196 364/293/204
f 364/293/204 356/285/196 354/283/128
f 354/283/128 365/294/205 364/293/204
f 365/294/205 366/295/206 364/293/204
f 364/293/204 366/295/206 367/296/207
f 368/282/208 369/283/209 370/284/195
f 369/283/209 371/285/196 370/284/195
f 370/284/195 371/285/196 372/286/197
f 371/285/196 373/287/198 372/286/197
f 372/286/197 373/287/198 374/288/210
f 373/287/198 375/289/211 374/288/210
f 374/288/210 375/289/211 376/290/201
f 375/289/211 377/291/202 376/290/201
f 377/291/202 375/289/211 378/292/212
f 375/289/211 373/287/198 378/292/212
f 378/292/212 373/287/198 379/293/213
f 373/287/198 371/285/196 379/293/213
f 379/293/213 371/285/196 369/283/209
f 369/283/209 380/294/205 379/293/213
f 380/294/205 381/295/214 379/293/213
f 379/293/213 381/295/214 382/296/203
f 383/282/215 384/284/216 385/283/125
f 384/284/216 386/285/217 385/283/125
f 385/283/125 386/285/217 387/293/218
f 386/285/217 388/287/219 387/293/218
f 387/293/218 388/287/219 389/296/220
f 388/287/219 390/292/221 389/296/220
f 390/292/221 388/287/219 391/291/222
f 388/287/219 392/289/223 391/291/222
f 391/291/222 392/289/223 393/290/224
f 392/289/223 394/288/225 393/290/224
f 393/290/224 394/288/225 395/297/226
f 394/288/225 396/286/227 395/297/226
f 395/297/226 396/286/227 397/298/228
f 396/286/227 384/284/229 397/298/228
f 394/288/225 392/289/223 396/286/227
f 392/289/223 388/287/219 396/286/227
f 396/286/227 388/287/219 386/285/217
f 398/299/230 399/300/230 400/301/230
f 399/300/230 401/302/230 400/301/230
f 402/256/19 403/257/19 404/258/19
f 403/257/19 405/259/19 404/258/19
f 405/259/19 403/257/19 406/260/19
f 403/257/19 407/261/19 406/260/19
f 355/284/195 357/286/197 408/298/231
f 357/286/197 359/288/199 408/298/231
f 408/298/231 359/288/199 409/297/232
f 359/288/199 361/290/201 409/297/232
f 389/296/220 410/295/233 387/293/218
f 410/295/233 411/294/234 387/293/218
f 387/293/218 411/294/234 385/283/125
f 412/282/235 413/284/228 414/283/125
f 413/284/228 415/285/236 414/283/125
f 414/283/125 415/285/236 416/293/237
f 415/285/236 417/287/219 416/293/237
f 416/293/237 417/287/219 418/296/220
f 417/287/219 419/292/221 418/296/220
f 419/292/221 417/287/219 420/291/238
f 417/287/219 421/289/223 420/291/238
f 420/291/238 421/289/223 422/290/239
f 421/289/223 423/288/225 422/290/239
f 422/290/239 423/288/225 424/297/226
f 423/288/225 425/286/227 424/297/226
f 424/297/226 425/286/227 426/298/228
f 425/286/227 413/284/229 426/298/228
f 423/288/225 421/289/223 425/286/227
f 421/289/223 417/287/219 425/286/227
f 425/286/227 417/287/219 415/285/236
f 370/284/195 372/286/197 427/298/240
f 372/286/197 374/288/210 427/298/240
f 427/298/240 374/288/210 428/297/232
f 374/288/210 376/290/201 428/297/232
f 429/303/154 430/304/154 431/305/154
f 430/304/154 432/306/154 431/305/154
f 431/305/154 432/306/154 433/307/154
f 432/306/154 430/304/154 434/308/154
f 430/304/154 435/309/154 434/308/154
f 434/308/154 435/309/154 436/310/154
f 434/308/154 436/310/154 437/311/154
f 436/310/154 438/312/154 437/311/154
f 436/310/154 439/313/154 438/312/154
f 439/313/154 440/314/154 438/312/154
f 441/315/241 442/316/242 443/317/241
f 442/316/242 444/318/243 443/317/241
f 444/318/243 442/316/242 445/319/130
f 442/316/242 446/320/205 445/319/130
f 445/319/130 446/320/205 447/321/206
f 448/322/230 449/323/230 450/324/230
f 449/323/230 451/325/230 450/324/230
f 449/323/230 452/322/230 451/325/230
f 452/322/230 453/324/230 451/325/230
f 454/1/1 455/3/1 456/2/1
f 455/3/1 457/4/1 456/2/1
f 414/283/125 416/293/237 458/294/244
f 416/293/237 459/295/245 458/294/244
f 460/326/230 461/327/246 462/328/230
f 461/327/246 463/329/247 462/328/230
f 463/329/247 461/327/246 464/330/246
f 461/327/246 465/331/246 464/330/246
f 464/330/246 465/331/246 466/332/230
f 467/333/19 468/334/19 469/335/248
f 468/334/19 470/336/249 469/335/248
f 469/335/248 470/336/249 471/337/250
f 470/336/249 472/338/251 471/337/250
f 471/337/250 472/338/251 473/339/252
f 472/338/251 474/340/253 473/339/252
f 473/339/252 474/340/253 475/341/230
f 474/340/253 476/342/230 475/341/230
f 475/341/230 476/342/230 477/343/254
f 475/341/230 477/343/254 478/344/255
f 477/343/254 479/345/256 478/344/255
f 478/344/255 479/345/256 480/346/257
f 479/345/256 481/347/258 480/346/257
f 479/345/256 482/348/258 481/347/258
f 482/348/258 483/349/1 481/347/258
f 481/347/258 483/349/1 484/350/1
f 483/349/1 485/351/1 484/350/1
f 484/350/1 485/351/1 486/352/1
f 485/351/1 487/349/1 486/352/1
f 486/352/1 487/349/1 488/350/1
f 487/349/1 489/347/258 488/350/1
f 487/349/1 490/348/258 489/347/258
f 490/348/258 491/345/259 489/347/258
f 489/347/258 491/345/259 492/346/260
f 491/345/259 493/343/255 492/346/260
f 492/346/260 493/343/255 494/344/254
f 493/343/255 495/342/230 494/344/254
f 494/344/254 495/342/230 496/341/230
f 495/342/230 497/339/261 496/341/230
f 495/342/230 498/340/261 497/339/261
f 498/340/261 499/338/262 497/339/261
f 497/339/261 499/338/262 500/337/262
f 499/338/262 501/335/263 500/337/262
f 499/338/262 502/336/263 501/335/263
f 502/336/263 503/334/19 501/335/263
f 501/335/263 503/334/19 504/333/19
f 505/353/264 506/354/264 507/355/264
f 506/354/264 508/356/265 507/355/264
f 506/354/264 509/357/264 508/356/265
f 509/357/264 510/358/265 508/356/265
f 509/357/264 511/359/264 510/358/265
f 511/359/264 512/360/265 510/358/265
f 511/359/264 513/361/265 512/360/265
f 513/361/265 514/362/265 512/360/265
f 512/360/265 514/362/265 515/363/264
f 514/362/265 516/364/265 515/363/264
f 514/362/265 517/365/266 516/364/265
f 517/365/266 518/366/266 516/364/265
f 516/364/265 518/366/266 519/367/265
f 518/366/266 520/368/267 519/367/265
f 517/365/266 521/366/268 518/366/266
f 521/366/268 522/369/266 518/366/266
f 518/366/266 522/369/266 520/368/267
f 522/369/266 523/370/269 520/368/267
f 520/368/267 523/370/269 524/371/270
f 523/370/269 525/372/271 524/371/270
f 524/371/270 525/372/271 526/373/272
f 526/373/272 527/374/273 524/371/270
f 527/374/273 528/375/274 524/371/270
f 524/371/270 528/375/274 520/368/267
f 527/374/273 526/373/272 529/376/275
f 526/373/272 530/377/230 529/376/275
f 529/376/275 530/377/230 531/378/230
f 530/377/230 532/379/230 531/378/230
f 530/377/230 533/380/230 532/379/230
f 533/380/230 534/381/276 532/379/230
f 533/380/230 535/382/230 534/381/276
f 535/382/230 536/383/277 534/381/276
f 534/381/276 536/383/277 537/384/278
f 536/383/277 538/385/278 537/384/278
f 537/384/278 538/385/278 539/386/279
f 537/384/278 539/386/279 540/387/9
f 539/386/279 541/388/280 540/387/9
f 540/387/9 541/388/280 542/389/281
f 541/388/280 543/390/282 542/389/281
f 544/391/283 545/392/283 546/393/283
f 545/392/283 547/394/283 546/393/283
f 547/394/283 545/392/283 548/395/283
f 545/392/283 549/396/283 548/395/283
f 550/397/230 551/398/230 552/399/230
f 551/398/230 553/400/230 552/399/230
f 552/399/230 553/400/230 554/401/230
f 553/400/230 555/402/230 554/401/230
f 554/401/230 555/402/230 556/403/230
f 557/404/284 558/405/285 559/406/286
f 558/405/285 560/407/287 559/406/286
f 558/405/285 561/408/288 560/407/287
f 561/408/288 562/409/289 560/407/287
f 561/408/288 563/410/289 562/409/289
f 563/410/289 564/411/290 562/409/289
f 562/409/289 564/411/290 565/412/291
f 564/411/290 566/413/292 565/412/291
f 565/412/291 566/413/292 567/414/293
f 566/413/292 568/415/294 567/414/293
f 567/414/293 568/415/294 569/416/23
f 569/416/23 570/417/295 567/414/293
f 570/417/295 571/418/296 567/414/293
f 567/414/293 571/418/296 572/419/297
f 571/418/296 573/420/298 572/419/297
f 572/419/297 573/420/298 574/421/299
f 573/420/298 575/422/300 574/421/299
f 576/423/2 577/424/2 578/305/2
f 577/424/2 579/425/2 578/305/2
f 578/305/2 579/425/2 580/303/2
f 579/425/2 581/304/2 580/303/2
f 581/304/2 579/425/2 582/309/2
f 579/425/2 583/308/2 582/309/2
f 582/309/2 583/308/2 584/311/2
f 582/309/2 584/311/2 585/310/2
f 584/311/2 586/312/2 585/310/2
f 585/310/2 586/312/2 587/313/2
f 586/312/2 588/314/2 587/313/2
f 589/426/19 590/427/19 591/428/19
f 590/427/19 592/429/19 591/428/19
f 591/428/19 592/429/19 593/430/19
f 592/429/19 594/431/19 593/430/19
f 593/430/19 594/431/19 595/428/19
f 594/431/19 596/429/19 595/428/19
f 595/428/19 596/429/19 597/427/19
f 598/423/2 599/307/2 600/305/2
f 599/307/2 601/306/2 600/305/2
f 600/305/2 601/306/2 602/304/2
f 601/306/2 603/308/2 602/304/2
f 602/304/2 603/308/2 604/309/2
f 603/308/2 605/310/2 604/309/2
f 603/308/2 606/311/2 605/310/2
f 606/311/2 607/313/2 605/310/2
f 606/311/2 608/312/2 607/313/2
f 608/312/2 609/314/2 607/313/2
f 610/432/19 611/433/301 612/434/19
f 611/433/301 613/435/302 612/434/19
f 611/433/301 614/436/303 613/435/302
f 614/436/303 615/437/304 613/435/302
f 616/438/19 617/439/305 618/440/306
f 617/439/305 619/441/307 618/440/306
f 618/440/306 619/441/307 620/442/308
f 618/440/306 620/442/308 621/443/309
f 620/442/308 622/444/310 621/443/309
f 621/443/309 622/444/310 623/445/19
f 624/446/2 625/447/311 626/448/2
f 625/447/311 627/449/2 626/448/2
f 628/450/29 629/451/29 630/452/312
f 629/451/29 631/453/313 630/452/312
f 630/452/312 631/453/313 632/454/42
f 631/453/313 633/455/1 632/454/42
f 632/454/42 633/455/1 634/456/1
f 633/455/1 635/457/145 634/456/1
f 633/455/1 636/458/314 635/457/145
f 636/458/314 637/459/315 635/457/145
f 635/457/145 637/459/315 638/460/145
f 637/459/315 636/458/314 639/461/316
f 636/458/314 640/462/316 639/461/316
f 641/463/317 642/464/317 643/465/317
f 642/464/317 644/466/318 643/465/317
f 632/454/42 645/467/42 630/452/312
f 645/467/42 646/468/1 630/452/312
f 645/467/42 647/469/1 646/468/1
f 647/469/1 648/470/145 646/468/1
f 646/468/1 648/470/145 649/471/319
f 648/470/145 650/472/145 649/471/319
f 649/471/319 650/472/145 651/473/320
f 649/471/319 651/473/320 652/474/316
f 651/473/320 653/475/316 652/474/316
f 654/476/154 655/477/154 656/478/321
f 655/477/154 657/479/322 656/478/321
f 656/478/321 657/479/322 658/480/323
f 657/479/322 659/481/324 658/480/323
f 658/480/323 659/481/324 660/482/325
f 659/481/324 661/483/326 660/482/325
f 657/479/322 655/477/154 662/484/154
f 655/477/154 663/485/327 662/484/154
f 662/484/154 663/485/327 664/486/328
f 663/485/327 665/487/329 664/486/328
f 664/486/328 665/487/329 666/488/330
f 665/487/329 667/489/331 666/488/330
f 666/488/330 667/489/331 668/490/332
f 667/489/331 669/491/333 668/490/332
f 668/490/332 669/491/333 670/492/154
f 669/491/333 671/493/154 670/492/154
f 662/484/154 664/486/328 672/494/154
f 664/486/328 668/490/332 672/494/154
f 672/494/154 668/490/332 673/495/154
f 668/490/332 670/492/154 673/495/154
f 674/496/23 675/497/23 676/498/23
f 675/497/23 677/499/23 676/498/23
f 678/500/23 679/501/23 680/502/23
f 679/501/23 681/503/23 680/502/23
f 681/503/23 679/501/23 682/504/23
f 679/501/23 683/505/23 682/504/23
f 682/504/23 683/505/23 684/506/23
f 683/505/23 685/507/23 684/506/23
f 684/506/23 685/507/23 686/508/23
f 684/506/23 686/508/23 687/509/23
f 686/508/23 688/510/23 687/509/23
f 686/508/23 689/511/23 688/510/23
f 689/511/23 690/512/23 688/510/23
f 688/510/23 690/512/23 691/513/23
f 692/514/334 693/515/335 694/516/336
f 693/515/335 695/517/337 694/516/336
f 694/516/336 695/517/337 696/518/338
f 695/517/337 697/519/339 696/518/338
f 696/518/338 697/519/339 698/520/340
f 697/519/339 699/521/341 698/520/340
f 698/520/340 699/521/341 700/522/342
f 699/521/341 701/523/343 700/522/342
f 700/522/342 701/523/343 702/524/344
f 701/523/343 703/525/345 702/524/344
f 702/524/344 703/525/345 704/526/346
f 704/526/346 705/527/347 702/524/344
f 705/527/347 706/528/348 702/524/344
f 702/524/344 706/528/348 700/522/342
f 706/528/348 707/529/349 700/522/342
f 700/522/342 707/529/349 698/520/340
f 707/529/349 708/530/350 698/520/340
f 698/520/340 708/530/350 709/531/351
f 708/530/350 710/532/352 709/531/351
f 709/531/351 710/532/352 696/518/353
f 710/532/352 711/533/354 696/518/353
f 696/518/353 711/533/354 712/534/355
f 711/533/354 713/535/356 712/534/355
f 711/533/354 710/532/352 714/536/357
f 710/532/352 715/537/358 714/536/357
f 714/536/357 715/537/358 716/538/359
f 715/537/358 717/539/360 716/538/359
f 716/538/359 717/539/360 718/540/361
f 717/539/360 719/541/362 718/540/361
f 718/540/361 719/541/362 720/542/363
f 719/541/362 721/543/364 720/542/363
f 720/542/363 721/543/364 722/544/365
f 721/543/364 723/545/366 722/544/365
f 722/544/365 723/545/366 724/546/367
f 723/545/366 725/547/368 724/546/367
f 724/546/367 725/547/368 726/548/369
f 725/547/368 727/549/370 726/548/369
f 726/548/369 727/549/370 728/550/371
f 727/549/370 729/551/372 728/550/371
f 728/550/371 729/551/372 730/552/373
f 729/551/372 731/553/374 730/552/373
f 730/552/373 731/553/374 732/554/375
f 731/553/374 733/555/376 732/554/375
f 732/554/375 733/555/376 734/556/377
f 733/555/376 735/557/378 734/556/377
f 734/556/377 735/557/378 736/558/379
f 735/557/378 737/559/380 736/558/379
f 736/558/379 737/559/380 738/560/381
f 737/559/380 739/561/382 738/560/381
f 738/560/381 739/561/382 740/562/383
f 739/561/382 741/563/384 740/562/383
f 740/562/383 741/563/384 742/564/385
f 741/563/384 743/565/386 742/564/385
f 742/564/385 743/565/386 744/566/387
f 743/565/386 745/567/388 744/566/387
f 744/566/387 745/567/388 746/568/389
f 745/567/388 747/569/390 746/568/389
f 746/568/389 747/569/390 748/570/391
f 747/569/390 749/571/392 748/570/391
f 748/570/391 749/571/392 750/572/393
f 749/571/392 751/573/394 750/572/393
f 750/572/393 751/573/394 752/574/395
f 751/573/394 753/575/396 752/574/395
f 752/574/395 753/575/396 754/576/397
f 753/575/396 755/577/398 754/576/397
f 754/576/397 755/577/398 756/578/399
f 755/577/398 757/579/400 756/578/399
f 756/578/399 757/579/400 758/580/401
f 757/579/400 759/581/402 758/580/401
f 758/580/401 759/581/402 760/582/403
f 759/581/402 761/583/404 760/582/403
f 760/582/403 761/583/404 762/584/405
f 761/583/404 763/585/406 762/584/405
f 762/584/405 763/585/406 764/586/407
f 763/585/406 765/587/408 764/586/407
f 764/586/407 765/587/408 748/570/391
f 765/587/408 746/568/389 748/570/391
f 727/549/370 725/547/368 766/588/409
f 725/547/368 723/545/366 766/588/409
f 766/588/409 723/545/366 767/589/410
f 723/545/366 721/543/364 767/589/410
f 767/589/410 721/543/364 768/590/411
f 721/543/364 719/541/362 768/590/411
f 768/590/411 719/541/362 769/591/412
f 719/541/362 770/592/413 769/591/412
f 769/591/412 770/592/413 771/593/414
f 770/592/413 772/594/415 771/593/414
f 771/593/414 772/594/415 773/595/416
f 772/594/415 774/596/417 773/595/416
f 773/595/416 774/596/417 775/597/418
f 774/596/417 707/529/349 775/597/418
f 775/597/418 707/529/349 755/577/398
f 707/529/349 706/528/348 755/577/398
f 755/577/398 706/528/348 757/579/400
f 706/528/348 776/598/419 757/579/400
f 757/579/400 776/598/419 759/581/402
f 707/529/349 774/596/417 777/599/420
f 774/596/417 770/592/413 777/599/420
f 777/599/420 770/592/413 708/530/350
f 770/592/413 778/600/421 708/530/350
f 708/530/350 778/600/421 710/532/352
f 778/600/421 717/539/360 710/532/352
f 710/532/352 717/539/360 715/537/358
f 717/539/360 778/600/421 719/541/362
f 778/600/421 770/592/413 719/541/362
f 779/601/422 780/602/423 781/603/424
f 780/602/423 782/604/425 781/603/424
f 781/603/424 782/604/425 783/605/426
f 782/604/425 784/606/427 783/605/426
f 782/604/425 785/607/428 784/606/427
f 785/607/428 786/608/429 784/606/427
f 784/606/427 786/608/429 787/609/430
f 786/608/429 788/610/431 787/609/430
f 787/609/430 788/610/431 789/611/432
f 788/610/431 790/612/433 789/611/432
f 789/611/432 790/612/433 791/613/434
f 790/612/433 792/614/435 791/613/434
f 791/613/434 792/614/435 793/615/436
f 792/614/435 794/616/437 793/615/436
f 795/434/154 796/435/154 797/434/154
f 796/435/154 798/437/154 797/434/154
f 746/568/389 765/587/408 744/566/387
f 765/587/408 799/617/438 744/566/387
f 744/566/387 799/617/438 800/618/439
f 799/617/438 801/619/440 800/618/439
f 800/618/439 801/619/440 802/620/441
f 801/619/440 803/621/442 802/620/441
f 802/620/441 803/621/442 804/622/443
f 803/621/442 805/623/444 804/622/443
f 804/622/443 806/624/445 802/620/441
f 806/624/445 807/625/446 802/620/441
f 802/620/441 807/625/446 800/618/439
f 807/625/446 808/626/447 800/618/439
f 800/618/439 808/626/447 742/564/385
f 808/626/447 740/562/383 742/564/385
f 806/624/445 809/627/448 807/625/446
f 809/627/448 740/562/383 807/625/446
f 807/625/446 740/562/383 808/626/447
f 809/627/448 810/628/449 740/562/383
f 810/628/449 738/560/381 740/562/383
f 738/560/381 810/628/449 811/629/450
f 810/628/449 812/630/451 811/629/450
f 811/629/450 812/630/451 813/631/452
f 812/630/451 814/632/453 813/631/452
f 813/631/452 814/632/453 815/633/454
f 814/632/453 816/634/455 815/633/454
f 815/633/454 816/634/455 817/635/456
f 816/634/455 818/636/457 817/635/456
f 817/635/456 818/636/457 819/637/458
f 818/636/457 820/638/459 819/637/458
f 819/637/458 820/638/459 821/639/460
f 820/638/459 822/640/461 821/639/460
f 821/639/460 822/640/461 823/641/462
f 822/640/461 824/642/463 823/641/462
f 823/641/462 824/642/463 825/643/464
f 824/642/463 826/644/465 825/643/464
f 825/643/464 826/644/465 827/645/466
f 826/644/465 828/646/467 827/645/466
f 827/645/466 828/646/467 829/647/468
f 828/646/467 830/648/469 829/647/468
f 829/647/468 830/648/469 831/649/470
f 830/648/469 832/650/471 831/649/470
f 831/649/470 832/650/471 833/651/472
f 832/650/471 834/652/473 833/651/472
f 833/651/472 834/652/473 835/653/474
f 834/652/473 836/654/475 835/653/474
f 835/653/474 836/654/475 837/655/476
f 836/654/475 838/656/477 837/655/476
f 837/655/476 838/656/477 839/657/478
f 838/656/477 840/658/479 839/657/478
f 839/657/478 840/658/479 841/659/480
f 819/637/458 821/639/460 815/633/454
f 821/639/460 842/660/481 815/633/454
f 815/633/454 842/660/481 813/631/452
f 842/660/481 843/661/482 813/631/452
f 813/631/452 843/661/482 811/629/450
f 843/661/482 844/662/483 811/629/450
f 811/629/450 844/662/483 738/560/381
f 844/662/483 845/663/484 738/560/381
f 738/560/381 845/663/484 736/558/379
f 845/663/484 734/556/377 736/558/379
f 842/660/481 846/664/485 843/661/482
f 846/664/485 847/665/486 843/661/482
f 843/661/482 847/665/486 844/662/483
f 847/665/486 848/666/487 844/662/483
f 844/662/483 848/666/487 845/663/484
f 848/666/487 849/667/488 845/663/484
f 845/663/484 849/667/488 850/668/489
f 849/667/488 851/669/490 850/668/489
f 850/668/489 851/669/490 852/670/491
f 851/669/490 853/671/492 852/670/491
f 852/670/491 853/671/492 854/672/493
f 853/671/492 855/673/494 854/672/493
f 854/672/493 855/673/494 856/674/495
f 855/673/494 857/675/496 856/674/495
f 856/674/495 857/675/496 858/676/497
f 857/675/496 859/677/498 858/676/497
f 858/676/497 859/677/498 860/678/499
f 859/677/498 861/679/500 860/678/499
f 860/678/499 861/679/500 862/680/501
f 861/679/500 863/681/502 862/680/501
f 862/680/501 863/681/502 864/682/503
f 863/681/502 865/683/504 864/682/503
f 864/682/503 865/683/504 866/684/505
f 865/683/504 848/666/487 866/684/505
f 866/684/505 848/666/487 847/665/486
f 854/672/493 856/674/495 867/685/506
f 856/674/495 858/676/497 867/685/506
f 867/685/506 858/676/497 868/686/507
f 858/676/497 860/678/499 868/686/507
f 868/686/507 860/678/499 869/687/508
f 860/678/499 862/680/501 869/687/508
f 869/687/508 862/680/501 870/688/509
f 862/680/501 864/682/503 870/688/509
f 870/688/509 864/682/503 871/689/510
f 864/682/503 866/684/505 871/689/510
f 871/689/510 866/684/505 872/690/511
f 866/684/505 847/665/486 872/690/511
f 872/690/511 847/665/486 873/691/512
f 847/665/486 846/664/485 873/691/512
f 873/691/512 846/664/485 874/692/513
f 846/664/485 875/693/514 874/692/513
f 874/692/513 875/693/514 876/694/515
f 875/693/514 877/695/516 876/694/515
f 876/694/515 877/695/516 878/696/517
f 877/695/516 879/697/518 878/696/517
f 878/696/517 879/697/518 880/698/519
f 879/697/518 881/699/520 880/698/519
f 880/698/519 881/699/520 882/700/521
f 881/699/520 883/701/522 882/700/521
f 882/700/521 883/701/522 884/702/523
f 883/701/522 839/657/478 884/702/523
f 884/702/523 839/657/478 841/659/480
f 872/690/511 873/691/512 871/689/510
f 873/691/512 885/703/524 871/689/510
f 871/689/510 885/703/524 870/688/509
f 885/703/524 886/704/525 870/688/509
f 870/688/509 886/704/525 887/705/526
f 886/704/525 888/706/527 887/705/526
f 887/705/526 888/706/527 889/707/528
f 888/706/527 890/708/529 889/707/528
f 889/707/528 890/708/529 868/686/507
f 890/708/529 891/709/530 868/686/507
f 868/686/507 891/709/530 867/685/506
f 891/709/530 892/710/531 867/685/506
f 867/685/506 892/710/531 854/672/493
f 892/710/531 852/670/491 854/672/493
f 892/710/531 891/709/530 730/552/373
f 891/709/530 893/711/532 730/552/373
f 730/552/373 893/711/532 728/550/371
f 893/711/532 894/712/533 728/550/371
f 728/550/371 894/712/533 726/548/369
f 894/712/533 895/713/534 726/548/369
f 726/548/369 895/713/534 724/546/367
f 895/713/534 896/714/535 724/546/367
f 724/546/367 896/714/535 722/544/365
f 896/714/535 720/542/363 722/544/365
f 892/710/531 730/552/373 852/670/491
f 730/552/373 732/554/375 852/670/491
f 852/670/491 732/554/375 850/668/489
f 732/554/375 734/556/377 850/668/489
f 850/668/489 734/556/377 845/663/484
f 755/577/398 753/575/396 775/597/418
f 753/575/396 897/715/536 775/597/418
f 775/597/418 897/715/536 773/595/416
f 897/715/536 898/716/537 773/595/416
f 773/595/416 898/716/537 771/593/414
f 898/716/537 769/591/412 771/593/414
f 753/575/396 751/573/394 897/715/536
f 751/573/394 749/571/392 897/715/536
f 897/715/536 749/571/392 899/717/538
f 749/571/392 747/569/390 899/717/538
f 899/717/538 747/569/390 900/718/539
f 747/569/390 901/719/540 900/718/539
f 900/718/539 901/719/540 902/720/541
f 901/719/540 903/721/542 902/720/541
f 902/720/541 903/721/542 904/722/543
f 903/721/542 741/563/384 904/722/543
f 904/722/543 741/563/384 737/559/380
f 741/563/384 739/561/382 737/559/380
f 902/720/541 766/588/409 900/718/539
f 766/588/409 905/723/544 900/718/539
f 900/718/539 905/723/544 899/717/538
f 905/723/544 767/589/545 899/717/538
f 899/717/538 767/589/545 898/716/537
f 767/589/545 769/591/412 898/716/537
f 766/588/409 902/720/541 906/724/546
f 902/720/541 907/725/547 906/724/546
f 906/724/546 907/725/547 729/551/372
f 907/725/547 731/553/374 729/551/372
f 731/553/374 907/725/547 733/555/376
f 907/725/547 908/726/548 733/555/376
f 733/555/376 908/726/548 735/557/378
f 908/726/548 904/722/543 735/557/378
f 735/557/378 904/722/543 737/559/380
f 904/722/543 908/726/548 902/720/541
f 908/726/548 907/725/547 902/720/541
f 868/686/507 869/687/508 889/707/528
f 869/687/508 887/705/526 889/707/528
f 891/709/530 890/708/529 893/711/532
f 890/708/529 909/727/549 893/711/532
f 893/711/532 909/727/549 910/728/550
f 909/727/549 911/729/551 910/728/550
f 910/728/550 911/729/551 912/730/552
f 911/729/551 913/731/553 912/730/552
f 912/730/552 913/731/553 914/732/554
f 913/731/553 915/733/205 914/732/554
f 914/732/554 915/733/205 916/734/555
f 916/734/555 917/735/556 914/732/554
f 917/735/556 918/736/557 914/732/554
f 914/732/554 918/736/557 919/737/558
f 918/736/557 920/738/559 919/737/558
f 919/737/558 920/738/559 921/739/560
f 920/738/559 922/740/561 921/739/560
f 921/739/560 922/740/561 716/538/359
f 922/740/561 923/741/562 716/538/359
f 716/538/359 923/741/562 714/536/357
f 923/741/562 713/535/356 714/536/357
f 714/536/357 713/535/356 711/533/354
f 917/735/556 924/742/563 918/736/557
f 924/742/563 925/743/564 918/736/557
f 918/736/557 925/743/564 920/738/559
f 925/743/564 922/740/561 920/738/559
f 925/743/564 926/744/565 922/740/561
f 926/744/565 927/745/566 922/740/561
f 922/740/561 927/745/566 923/741/562
f 927/745/566 713/535/356 923/741/562
f 926/744/565 925/743/564 928/746/567
f 925/743/564 929/747/568 928/746/567
f 928/746/567 929/747/568 930/748/569
f 929/747/568 925/743/564 931/749/570
f 925/743/564 924/742/563 931/749/570
f 932/750/187 933/751/571 934/752/187
f 933/751/571 935/753/572 934/752/187
f 933/751/571 936/754/573 935/753/572
f 936/754/573 937/755/574 935/753/572
f 936/754/573 938/756/256 937/755/574
f 938/756/256 939/757/256 937/755/574
f 939/757/256 938/756/256 940/758/575
f 938/756/256 941/759/576 940/758/575
f 940/758/575 941/759/576 942/760/577
f 940/758/575 942/760/577 943/761/578
f 942/760/577 944/762/579 943/761/578
f 943/761/578 944/762/579 945/763/580
f 944/762/579 946/764/581 945/763/580
f 945/763/580 946/764/581 947/765/582
f 946/764/581 948/766/1 947/765/582
f 947/765/582 948/766/1 949/767/1
f 948/766/1 950/768/1 949/767/1
f 948/766/1 946/764/581 951/769/1
f 946/764/581 952/770/1 951/769/1
f 951/769/1 952/770/1 953/771/1
f 954/772/583 955/773/583 956/774/583
f 955/773/583 957/775/584 956/774/583
f 958/202/585 959/203/586 960/776/286
f 959/203/586 961/777/286 960/776/286
f 962/778/587 963/779/588 964/780/588
f 963/779/588 965/781/588 964/780/588
f 966/782/23 967/783/23 968/784/23
f 967/783/23 969/785/23 968/784/23
f 970/786/1 971/787/1 972/788/1
f 971/787/1 973/789/1 972/788/1
f 974/790/589 975/791/590 976/792/591
f 975/791/590 977/793/2 976/792/591
f 978/794/154 979/795/592 980/796/593
f 979/795/592 981/797/594 980/796/593
f 982/798/595 983/799/595 984/800/596
f 983/799/595 985/801/596 984/800/596
f 984/800/596 985/801/596 986/802/597
f 987/803/598 988/804/598 989/805/598
f 988/804/598 990/806/598 989/805/598
f 991/326/230 992/328/230 993/327/599
f 992/328/230 994/329/599 993/327/599
f 993/327/599 994/329/599 995/330/246
f 993/327/599 995/330/246 996/331/246
f 995/330/246 997/332/230 996/331/246
f 998/807/600 999/808/601 1000/809/600
f 999/808/601 1001/810/601 1000/809/600
f 1001/810/601 999/808/601 1002/811/602
f 999/808/601 1003/812/603 1002/811/602
f 1002/811/602 1003/812/603 1004/813/604
f 1002/811/602 1004/813/604 1005/814/605
f 1004/813/604 1006/815/606 1005/814/605
f 1004/813/604 1007/816/607 1006/815/606
f 1007/816/607 1008/817/608 1006/815/606
f 1007/816/607 1009/818/608 1008/817/608
f 1009/818/608 1010/819/609 1008/817/608
f 1008/817/608 1010/819/609 1011/820/609
f 1010/819/609 1012/821/610 1011/820/609
f 1013/822/611 1014/823/612 1015/824/612
f 1014/823/612 1016/825/612 1015/824/612
f 1017/826/19 1018/827/19 1019/828/19
f 1018/827/19 1020/829/613 1019/828/19
f 1019/828/19 1020/829/613 1021/830/19
f 1022/831/614 1023/832/615 1024/833/616
f 1023/832/615 1025/834/617 1024/833/616
f 1024/833/616 1025/834/617 1026/835/618
f 1025/834/617 1027/836/619 1026/835/618
f 1025/834/617 1028/837/230 1027/836/619
f 1028/837/230 1029/838/230 1027/836/619
f 1027/836/619 1029/838/230 1030/839/230
f 1031/840/284 1032/841/620 1033/842/621
f 1032/841/620 1034/843/622 1033/842/621
f 1033/842/621 1034/843/622 1035/844/623
f 1033/842/621 1035/844/623 1036/845/623
f 1035/844/623 1037/846/624 1036/845/623
f 1035/844/623 1038/847/625 1037/846/624
f 1038/847/625 1039/848/626 1037/846/624
f 1038/847/625 1040/849/627 1039/848/626
f 1040/849/627 1041/850/628 1039/848/626
f 1039/848/626 1041/850/628 1042/851/628
f 1043/79/154 1044/78/154 1045/77/154
f 1044/78/154 1046/76/154 1045/77/154
f 1045/77/154 1046/76/154 1047/74/154
f 1045/77/154 1047/74/154 1048/75/154
f 1047/74/154 1049/73/154 1048/75/154
f 1047/74/154 1050/72/154 1049/73/154
f 1050/72/154 1051/71/154 1049/73/154
f 1052/852/230 1053/853/230 1054/854/230
f 1053/853/230 1055/855/230 1054/854/230
f 1056/856/629 1057/857/630 1058/858/629
f 1057/857/630 1059/859/630 1058/858/629
f 1059/859/630 1057/857/630 1060/860/631
f 1057/857/630 1061/861/632 1060/860/631
f 1060/860/631 1061/861/632 1062/862/633
f 1060/860/631 1062/862/633 1063/863/230
f 1062/862/633 1064/864/634 1063/863/230
f 1062/862/633 1065/865/634 1064/864/634
f 1065/865/634 1066/866/635 1064/864/634
f 1064/864/634 1066/866/635 1067/867/636
f 1066/866/635 1068/868/637 1067/867/636
f 1069/314/154 1070/312/154 1071/313/154
f 1070/312/154 1072/311/154 1071/313/154
f 1071/313/154 1072/311/154 1073/310/154
f 1072/311/154 1074/308/154 1073/310/154
f 1073/310/154 1074/308/154 1075/309/154
f 1074/308/154 1076/304/154 1075/309/154
f 1074/308/154 1077/425/154 1076/304/154
f 1077/425/154 1078/303/154 1076/304/154
f 1078/303/154 1077/425/154 1079/305/154
f 1077/425/154 1080/424/154 1079/305/154
f 1079/305/154 1080/424/154 1081/423/154
f 1082/7/23 1083/869/23 1084/5/23
f 1083/869/23 1085/870/23 1084/5/23
f 1086/871/2 1087/872/2 1088/873/2
f 1087/872/2 1089/874/2 1088/873/2
f 1087/872/2 1090/875/2 1089/874/2
f 1090/875/2 1091/876/2 1089/874/2
f 1092/877/86 1093/878/86 1094/879/86
f 1093/878/86 1095/880/86 1094/879/86
f 1096/881/19 1097/882/19 1098/883/19
f 1097/882/19 1099/884/19 1098/883/19
f 1100/823/19 1101/822/19 1102/885/19
f 1101/822/19 1103/886/19 1102/885/19
f 1104/887/638 1105/888/639 1106/889/640
f 1105/888/639 1107/890/641 1106/889/640
f 1105/888/639 1108/891/642 1107/890/641
f 1108/891/642 1109/892/643 1107/890/641
f 1108/891/642 1110/893/644 1109/892/643
f 1110/893/644 1111/894/644 1109/892/643
f 1110/893/644 1112/895/645 1111/894/644
f 1112/895/645 1113/896/645 1111/894/644
f 1112/895/645 1114/897/645 1113/896/645
f 1114/897/645 1115/898/645 1113/896/645
f 1114/897/645 1116/899/646 1115/898/645
f 1116/899/646 1117/900/647 1115/898/645
f 1116/899/646 1118/901/648 1117/900/647
f 1118/901/648 1119/902/648 1117/900/647
f 1119/902/648 1118/901/648 1120/903/649
f 1118/901/648 1121/904/650 1120/903/649
f 1120/903/649 1121/904/650 1122/905/651
f 1121/904/650 1123/906/652 1122/905/651
f 1122/905/651 1123/906/652 1124/907/653
f 1123/906/652 1125/908/653 1124/907/653
f 1124/907/653 1125/908/653 1126/909/654
f 1124/907/653 1126/909/654 1127/910/654
f 1126/909/654 1128/911/190 1127/910/654
f 1129/912/154 1046/76/154 1130/80/154
f 1046/76/154 1044/78/154 1130/80/154
f 1130/80/154 1044/78/154 1131/81/154
f 1044/78/154 1132/82/154 1131/81/154
f 1044/78/154 1133/83/154 1132/82/154
f 1133/83/154 1134/84/154 1132/82/154
f 1134/84/154 1133/83/154 1135/85/154
f 1133/83/154 1136/86/154 1135/85/154
f 1137/913/655 1138/914/656 1139/915/657
f 1138/914/656 1140/916/641 1139/915/657
f 1139/915/657 1140/916/641 1141/917/642
f 1140/916/641 1142/918/658 1141/917/642
f 1141/917/642 1142/918/658 1143/919/644
f 1142/918/658 1144/920/659 1143/919/644
f 1143/919/644 1144/920/659 1145/921/645
f 1144/920/659 1146/922/645 1145/921/645
f 1145/921/645 1146/922/645 1147/923/645
f 1146/922/645 1148/924/645 1147/923/645
f 1147/923/645 1148/924/645 1149/925/646
f 1148/924/645 1150/926/660 1149/925/646
f 1149/925/646 1150/926/660 1151/927/648
f 1150/926/660 1152/928/648 1151/927/648
f 1151/927/648 1152/928/648 1153/929/661
f 1151/927/648 1153/929/661 1154/930/662
f 1153/929/661 1155/931/651 1154/930/662
f 1153/929/661 1156/932/663 1155/931/651
f 1156/932/663 1157/933/664 1155/931/651
f 1156/932/663 1158/934/665 1157/933/664
f 1158/934/665 1159/935/654 1157/933/664
f 1158/934/665 1160/936/654 1159/935/654
f 1160/936/654 1161/937/190 1159/935/654
f 1159/935/654 1161/937/190 1162/938/190
f 1163/939/666 1164/940/667 1165/941/668
f 1164/940/667 1166/942/669 1165/941/668
f 1165/941/668 1166/942/669 1167/943/670
f 1166/942/669 1168/944/671 1167/943/670
f 1164/940/667 1169/945/672 1166/942/669
f 1169/945/672 1170/946/673 1166/942/669
f 1166/942/669 1170/946/673 1168/944/671
f 1170/946/673 1171/947/674 1168/944/671
f 1169/945/672 1172/948/675 1170/946/673
f 1172/948/675 1173/949/676 1170/946/673
f 1170/946/673 1173/949/676 1171/947/674
f 1173/949/676 1174/950/677 1171/947/674
f 1174/950/677 1173/949/676 1175/951/678
f 1173/949/676 1172/948/675 1175/951/678
f 1175/951/678 1172/948/675 1176/952/679
f 1176/952/679 1177/953/680 1175/951/678
f 1177/953/680 1178/954/681 1175/951/678
f 1175/951/678 1178/954/681 1174/950/677
f 1178/954/681 1177/953/680 1179/955/682
f 1177/953/680 1180/956/683 1179/955/682
f 1179/955/682 1180/956/683 1181/957/684
f 1180/956/683 1182/958/685 1181/957/684
f 1181/957/684 1182/958/685 1183/959/686
f 1182/958/685 1184/960/687 1183/959/686
f 1183/959/686 1184/960/687 1185/961/688
f 1184/960/687 1186/962/689 1185/961/688
f 1185/961/688 1186/962/689 1187/963/690
f 1186/962/689 1188/964/691 1187/963/690
f 1187/963/690 1188/964/691 1189/965/692
f 1188/964/691 1190/966/693 1189/965/692
f 1189/965/692 1190/966/693 1191/967/694
f 1190/966/693 1192/968/695 1191/967/694
f 1191/967/694 1192/968/695 1193/969/696
f 1192/968/695 1194/970/697 1193/969/696
f 1177/953/680 1195/971/698 1180/956/683
f 1195/971/698 1196/972/699 1180/956/683
f 1180/956/683 1196/972/699 1182/958/685
f 1196/972/699 1197/973/700 1182/958/685
f 1182/958/685 1197/973/700 1184/960/687
f 1197/973/700 1198/974/701 1184/960/687
f 1184/960/687 1198/974/701 1186/962/689
f 1198/974/701 1199/975/702 1186/962/689
f 1186/962/689 1199/975/702 1188/964/691
f 1199/975/702 1200/976/703 1188/964/691
f 1188/964/691 1200/976/703 1190/966/693
f 1200/976/703 1201/977/704 1190/966/693
f 1190/966/693 1201/977/704 1192/968/695
f 1201/977/704 1202/978/705 1192/968/695
f 1192/968/695 1202/978/705 1194/970/697
f 1202/978/705 1203/979/706 1194/970/697
f 1204/980/2 1205/981/2 1206/982/2
f 1205/981/2 1207/983/2 1206/982/2
f 1208/984/230 1209/985/230 1210/986/707
f 1209/985/230 1211/987/708 1210/986/707
f 1210/986/707 1211/987/708 1212/988/709
f 1211/987/708 1213/989/710 1212/988/709
f 1214/990/230 1215/991/230 1216/992/711
f 1215/991/230 1217/993/712 1216/992/711
f 1216/992/711 1217/993/712 1218/994/261
f 1216/992/711 1218/994/261 1219/995/261
f 1218/994/261 1220/996/230 1219/995/261
f 1218/994/261 1221/997/230 1220/996/230
f 1221/997/230 1222/998/713 1220/996/230
f 1220/996/230 1222/998/713 1223/999/713
f 1222/998/713 1224/1000/190 1223/999/713
f 1222/998/713 1225/1001/714 1224/1000/190
f 1225/1001/714 1226/1002/230 1224/1000/190
f 1227/1003/2 1228/1004/2 1229/1005/2
f 1228/1004/2 1230/1006/2 1229/1005/2
f 1230/1006/2 1228/1004/2 1167/943/670
f 1228/1004/2 1165/941/668 1167/943/670
f 1231/79/2 1232/77/2 1233/78/2
f 1232/77/2 1234/76/2 1233/78/2
f 1233/78/2 1234/76/2 1235/80/2
f 1234/76/2 1236/912/2 1235/80/2
f 1235/80/2 1237/81/2 1233/78/2
f 1237/81/2 1238/82/2 1233/78/2
f 1233/78/2 1238/82/2 1239/83/2
f 1238/82/2 1240/84/2 1239/83/2
f 1239/83/2 1240/84/2 1241/85/2
f 1241/85/2 1242/86/2 1239/83/2
f 1242/86/2 1243/87/2 1239/83/2
f 1244/71/2 1245/72/2 1246/73/2
f 1245/72/2 1247/74/2 1246/73/2
f 1246/73/2 1247/74/2 1248/75/2
f 1247/74/2 1232/77/2 1248/75/2
f 1249/469/715 1250/467/715 1251/468/715
f 1250/467/715 1252/452/715 1251/468/715
f 1252/452/715 1250/467/715 1253/453/715
f 1250/467/715 1254/454/715 1253/453/715
f 1253/453/715 1254/454/715 1255/455/716
f 1254/454/715 1256/1007/715 1255/455/716
f 1257/982/154 1258/983/154 1259/980/154
f 1258/983/154 1260/981/154 1259/980/154
f 1261/939/717 1262/941/718 1263/940/719
f 1262/941/718 1264/942/720 1263/940/719
f 1263/940/719 1264/942/720 1265/945/721
f 1264/942/720 1266/946/722 1265/945/721
f 1265/945/721 1266/946/722 1267/948/723
f 1266/946/722 1268/949/724 1267/948/723
f 1267/948/723 1268/949/724 1269/951/725
f 1268/949/724 1270/950/726 1269/951/725
f 1269/951/725 1270/950/726 1271/954/727
f 1270/950/726 1268/949/724 1272/947/728
f 1268/949/724 1266/946/722 1272/947/728
f 1272/947/728 1266/946/722 1273/944/729
f 1266/946/722 1264/942/720 1273/944/729
f 1273/944/729 1264/942/720 1274/943/730
f 1264/942/720 1262/941/718 1274/943/730
f 1274/943/730 1262/941/718 1275/1004/154
f 1274/943/730 1275/1004/154 1276/1006/154
f 1275/1004/154 1277/1005/154 1276/1006/154
f 1278/1008/731 1279/1009/731 1280/1010/732
f 1279/1009/731 1281/1011/733 1280/1010/732
f 1280/1010/732 1281/1011/733 1282/1012/734
f 1281/1011/733 1283/1013/735 1282/1012/734
f 1282/1012/734 1283/1013/735 1284/1014/736
f 1283/1013/735 1285/1015/737 1284/1014/736
f 1284/1014/736 1285/1015/737 1286/1016/738
f 1285/1015/737 1287/1017/739 1286/1016/738
f 1286/1016/738 1287/1017/739 1288/1018/171
f 1287/1017/739 1289/1019/740 1288/1018/171
f 1288/1018/171 1289/1019/740 1290/1020/741
f 1289/1019/740 1291/1021/742 1290/1020/741
f 1290/1020/741 1291/1021/742 1292/1022/743
f 1291/1021/742 1293/1023/744 1292/1022/743
f 1292/1022/743 1293/1023/744 1294/1024/745
f 1293/1023/744 1295/1025/745 1294/1024/745
f 1296/979/746 1297/978/747 1298/970/748
f 1297/978/747 1299/968/749 1298/970/748
f 1298/970/748 1299/968/749 1300/969/750
f 1299/968/749 1301/967/751 1300/969/750
f 1297/978/747 1302/977/752 1299/968/749
f 1302/977/752 1303/966/753 1299/968/749
f 1299/968/749 1303/966/753 1301/967/751
f 1303/966/753 1304/965/754 1301/967/751
f 1302/977/752 1305/976/755 1303/966/753
f 1305/976/755 1306/964/756 1303/966/753
f 1303/966/753 1306/964/756 1304/965/754
f 1306/964/756 1307/963/757 1304/965/754
f 1305/976/755 1308/975/758 1306/964/756
f 1308/975/758 1309/962/759 1306/964/756
f 1306/964/756 1309/962/759 1307/963/757
f 1309/962/759 1310/961/760 1307/963/757
f 1308/975/758 1311/974/761 1309/962/759
f 1311/974/761 1312/960/762 1309/962/759
f 1309/962/759 1312/960/762 1310/961/760
f 1312/960/762 1313/959/763 1310/961/760
f 1311/974/761 1314/973/764 1312/960/762
f 1314/973/764 1315/958/765 1312/960/762
f 1312/960/762 1315/958/765 1313/959/763
f 1315/958/765 1316/957/766 1313/959/763
f 1314/973/764 1317/972/767 1315/958/765
f 1317/972/767 1318/956/768 1315/958/765
f 1315/958/765 1318/956/768 1316/957/766
f 1318/956/768 1319/955/769 1316/957/766
f 1317/972/767 1320/971/770 1318/956/768
f 1320/971/770 1321/953/771 1318/956/768
f 1318/956/768 1321/953/771 1319/955/769
f 1321/953/771 1271/954/727 1319/955/769
f 1271/954/727 1321/953/771 1269/951/725
f 1321/953/771 1322/952/772 1269/951/725
f 1269/951/725 1322/952/772 1267/948/723
f 1323/71/154 1324/73/154 1325/72/154
f 1324/73/154 1326/74/154 1325/72/154
f 1324/73/154 1327/75/154 1326/74/154
f 1327/75/154 1328/76/154 1326/74/154
f 1327/75/154 1329/77/154 1328/76/154
f 1329/77/154 1330/78/154 1328/76/154
f 1328/76/154 1330/78/154 1331/80/154
f 1330/78/154 1332/81/154 1331/80/154
f 1332/81/154 1330/78/154 1333/82/154
f 1330/78/154 1334/83/154 1333/82/154
f 1333/82/154 1334/83/154 1335/84/154
f 1334/83/154 1336/85/154 1335/84/154
f 1336/85/154 1334/83/154 1337/86/154
f 1334/83/154 1338/87/154 1337/86/154
f 1339/1026/773 1340/1027/774 1341/1028/775
f 1340/1027/774 1342/1029/776 1341/1028/775
f 1341/1028/775 1342/1029/776 1343/1030/777
f 1342/1029/776 1344/1031/778 1343/1030/777
f 1343/1030/777 1344/1031/778 1345/1032/779
f 1344/1031/778 1346/1033/780 1345/1032/779
f 1345/1032/779 1346/1033/780 1347/1034/781
f 1346/1033/780 1348/1035/782 1347/1034/781
f 1347/1034/781 1348/1035/782 1349/1036/783
f 1348/1035/782 1350/1037/784 1349/1036/783
f 1349/1036/783 1350/1037/784 1351/1038/785
f 1350/1037/784 1352/1039/786 1351/1038/785
f 1351/1038/785 1352/1039/786 1353/1040/787
f 1352/1039/786 1354/1041/788 1353/1040/787
f 1353/1040/787 1354/1041/788 1355/1042/789
f 1354/1041/788 1356/1043/790 1355/1042/789
f 1355/1042/789 1356/1043/790 1357/1044/791
f 1356/1043/790 1358/1045/792 1357/1044/791
f 1357/1044/791 1358/1045/792 1359/1046/793
f 1358/1045/792 1360/1047/794 1359/1046/793
f 1342/1029/776 1361/1048/795 1344/1031/778
f 1361/1048/795 1362/1049/796 1344/1031/778
f 1344/1031/778 1362/1049/796 1346/1033/780
f 1362/1049/796 1363/1050/797 1346/1033/780
f 1346/1033/780 1363/1050/797 1348/1035/782
f 1363/1050/797 1364/1051/798 1348/1035/782
f 1348/1035/782 1364/1051/798 1350/1037/784
f 1364/1051/798 1365/1052/799 1350/1037/784
f 1350/1037/784 1365/1052/799 1352/1039/786
f 1365/1052/799 1366/1053/800 1352/1039/786
f 1352/1039/786 1366/1053/800 1354/1041/788
f 1366/1053/800 1367/1054/801 1354/1041/788
f 1354/1041/788 1367/1054/801 1368/1055/802
f 1367/1054/801 1369/1056/803 1368/1055/802
f 1368/1055/802 1369/1056/803 1370/1057/804
f 1369/1056/803 1371/1058/805 1370/1057/804
f 1370/1057/804 1371/1058/805 1372/1059/806
f 1371/1058/805 1373/1060/807 1372/1059/806
f 1372/1059/806 1373/1060/807 1360/1047/794
f 1373/1060/807 1374/1061/808 1360/1047/794
f 1373/1060/807 1371/1058/805 1375/1062/809
f 1371/1058/805 1376/1063/810 1375/1062/809
f 1375/1062/809 1376/1063/810 878/696/517
f 1376/1063/810 1377/1064/811 878/696/517
f 878/696/517 1377/1064/811 876/694/515
f 1377/1064/811 1378/1065/812 876/694/515
f 876/694/515 1378/1065/812 874/692/513
f 1378/1065/812 1379/1066/813 874/692/513
f 874/692/513 1379/1066/813 1380/1067/814
f 1379/1066/813 1381/1068/815 1380/1067/814
f 1380/1067/814 1381/1068/815 1382/1069/816
f 1381/1068/815 1383/1070/817 1382/1069/816
f 1382/1069/816 1383/1070/817 1365/1052/799
f 1383/1070/817 1384/1071/818 1365/1052/799
f 1365/1052/799 1384/1071/818 1366/1053/800
f 1384/1071/818 1385/1072/819 1366/1053/800
f 1366/1053/800 1385/1072/819 1367/1054/801
f 1385/1072/819 1369/1056/803 1367/1054/801
f 1375/1062/809 878/696/517 1386/1073/820
f 878/696/517 880/698/519 1386/1073/820
f 1386/1073/820 880/698/519 1387/1074/821
f 880/698/519 882/700/521 1387/1074/821
f 1387/1074/821 882/700/521 1388/1075/822
f 882/700/521 884/702/523 1388/1075/822
f 1388/1075/822 884/702/523 1374/1061/808
f 884/702/523 841/659/480 1374/1061/808
f 1374/1061/808 1373/1060/807 1388/1075/822
f 1373/1060/807 1389/1076/823 1388/1075/822
f 1388/1075/822 1389/1076/823 1387/1074/821
f 1389/1076/823 1386/1073/820 1387/1074/821
f 1386/1073/820 1389/1076/823 1375/1062/809
f 1389/1076/823 1373/1060/807 1375/1062/809
f 1390/1077/824 1391/1078/825 1392/1079/826
f 1391/1078/825 1393/1080/827 1392/1079/826
f 1392/1079/826 1393/1080/827 1394/1081/828
f 1393/1080/827 1395/1082/829 1394/1081/828
f 1394/1081/828 1395/1082/829 1396/1083/830
f 1395/1082/829 1397/1084/831 1396/1083/830
f 1396/1083/830 1397/1084/831 886/704/525
f 1397/1084/831 888/706/527 886/704/525
f 886/704/525 1380/1067/814 1396/1083/830
f 1380/1067/814 1382/1069/816 1396/1083/830
f 1396/1083/830 1382/1069/816 1398/1085/832
f 1382/1069/816 1364/1051/798 1398/1085/832
f 1398/1085/832 1364/1051/798 1363/1050/797
f 1396/1083/830 1398/1085/832 1394/1081/828
f 1398/1085/832 1362/1049/796 1394/1081/828
f 1394/1081/828 1362/1049/796 1399/1086/833
f 1362/1049/796 1361/1048/795 1399/1086/833
f 1343/1030/777 1345/1032/779 1400/1087/834
f 1345/1032/779 1401/1088/835 1400/1087/834
f 1400/1087/834 1401/1088/835 1402/1089/836
f 1401/1088/835 1403/1090/837 1402/1089/836
f 1402/1089/836 1403/1090/837 1404/1091/838
f 1403/1090/837 1405/1092/839 1404/1091/838
f 1404/1091/838 1405/1092/839 1406/1093/840
f 1405/1092/839 1407/1094/841 1406/1093/840
f 1406/1093/840 1407/1094/841 1408/1095/842
f 1407/1094/841 1409/1096/843 1408/1095/842
f 1408/1095/842 1409/1096/843 1410/1097/844
f 1409/1096/843 1411/1098/845 1410/1097/844
f 1410/1097/844 1411/1098/845 1412/1099/846
f 1411/1098/845 1413/1100/847 1412/1099/846
f 1412/1099/846 1413/1100/847 1414/1101/848
f 1413/1100/847 1357/1044/791 1414/1101/848
f 1414/1101/848 1357/1044/791 1359/1046/793
f 1345/1032/779 1347/1034/781 1401/1088/835
f 1347/1034/781 1415/1102/849 1401/1088/835
f 1401/1088/835 1415/1102/849 1403/1090/837
f 1415/1102/849 1416/1103/850 1403/1090/837
f 1403/1090/837 1416/1103/850 1405/1092/839
f 1416/1103/850 1417/1104/851 1405/1092/839
f 1405/1092/839 1417/1104/851 1407/1094/841
f 1417/1104/851 1409/1096/843 1407/1094/841
f 1409/1096/843 1417/1104/851 1411/1098/845
f 1417/1104/851 1418/1105/852 1411/1098/845
f 1411/1098/845 1418/1105/852 1413/1100/847
f 1418/1105/852 1419/1106/853 1413/1100/847
f 1413/1100/847 1419/1106/853 1357/1044/791
f 1419/1106/853 1355/1042/789 1357/1044/791
f 1355/1042/789 1419/1106/853 1353/1040/787
f 1419/1106/853 1420/1107/854 1353/1040/787
f 1353/1040/787 1420/1107/854 1351/1038/785
f 1420/1107/854 1421/1108/855 1351/1038/785
f 1351/1038/785 1421/1108/855 1349/1036/783
f 1421/1108/855 1415/1102/849 1349/1036/783
f 1349/1036/783 1415/1102/849 1347/1034/781
f 1420/1107/854 1418/1105/852 1421/1108/855
f 1418/1105/852 1417/1104/851 1421/1108/855
f 1421/1108/855 1417/1104/851 1416/1103/850
f 886/704/525 885/703/524 1380/1067/814
f 885/703/524 873/691/512 1380/1067/814
f 1380/1067/814 873/691/512 874/692/513
f 1422/1109/230 1423/1110/230 1424/1111/856
f 1423/1110/230 1425/1112/857 1424/1111/856
f 1424/1111/856 1425/1112/857 1426/1113/858
f 1425/1112/857 1427/1114/859 1426/1113/858
f 1426/1113/858 1427/1114/859 1428/1115/860
f 1427/1114/859 1429/1116/637 1428/1115/860
f 1428/1115/860 1429/1116/637 1430/1117/861
f 1428/1115/860 1430/1117/861 1431/1118/612
f 1430/1117/861 1432/1119/862 1431/1118/612
f 1431/1118/612 1432/1119/862 1433/1120/863
f 1432/1119/862 1434/1121/864 1433/1120/863
f 1433/1120/863 1434/1121/864 1435/1122/865
f 1434/1121/864 1436/1123/866 1435/1122/865
f 1437/861/629 1438/860/629 1439/1124/630
f 1438/860/629 1440/1125/630 1439/1124/630
f 1439/1124/630 1440/1125/630 1441/1126/631
f 1439/1124/630 1441/1126/631 1442/1127/632
f 1441/1126/631 1443/1128/619 1442/1127/632
f 1441/1126/631 1444/1129/230 1443/1128/619
f 1444/1129/230 1445/868/634 1443/1128/619
f 1443/1128/619 1445/868/634 1446/1130/634
f 1445/868/634 1447/1131/867 1446/1130/634
f 1445/868/634 1448/1132/636 1447/1131/867
f 1448/1132/636 1449/1133/637 1447/1131/867
f 1447/1131/867 1449/1133/637 1450/1134/868
f 1451/990/230 1452/992/869 1453/991/230
f 1452/992/869 1454/993/870 1453/991/230
f 1452/992/869 1455/995/360 1454/993/870
f 1455/995/360 1456/994/871 1454/993/870
f 1455/995/360 1457/996/230 1456/994/871
f 1457/996/230 1458/997/230 1456/994/871
f 1458/997/230 1457/996/230 1459/998/713
f 1457/996/230 1460/999/713 1459/998/713
f 1459/998/713 1460/999/713 1461/1000/190
f 1459/998/713 1461/1000/190 1462/1001/872
f 1461/1000/190 1463/1002/230 1462/1001/872
f 1462/1001/872 1463/1002/230 1464/1135/230
f 1465/513/230 1466/512/230 1467/510/230
f 1466/512/230 1468/511/230 1467/510/230
f 1467/510/230 1468/511/230 1469/509/230
f 1468/511/230 1470/508/230 1469/509/230
f 1469/509/230 1470/508/230 1471/506/230
f 1470/508/230 1472/507/230 1471/506/230
f 1471/506/230 1472/507/230 1473/504/230
f 1472/507/230 1474/505/230 1473/504/230
f 1473/504/230 1474/505/230 1475/503/230
f 1474/505/230 1476/501/230 1475/503/230
f 1475/503/230 1476/501/230 1477/502/230
f 1476/501/230 1478/500/230 1477/502/230
f 1479/1136/230 1480/1137/873 1481/1138/874
f 1480/1137/873 1482/1139/23 1481/1138/874
f 1483/1140/875 1484/1141/876 1485/1142/877
f 1484/1141/876 1486/1143/878 1485/1142/877
f 1484/1141/876 1487/1144/879 1486/1143/878
f 1487/1144/879 1488/1145/880 1486/1143/878
f 1486/1143/878 1488/1145/880 1489/1146/881
f 1490/1147/647 1491/1148/659 1492/1149/660
f 1491/1148/659 1493/1150/882 1492/1149/660
f 1491/1148/659 1494/1151/883 1493/1150/882
f 1494/1151/883 1495/1152/884 1493/1150/882
f 1495/1152/884 1494/1151/883 1496/1153/23
f 1494/1151/883 1497/1154/126 1496/1153/23
f 1494/1151/883 1498/1155/23 1497/1154/126
f 1498/1155/23 1499/1156/23 1497/1154/126
f 1500/1157/885 836/654/475 1501/1158/886
f 836/654/475 834/652/473 1501/1158/886
f 1501/1158/886 834/652/473 832/650/471
f 1501/1158/886 832/650/471 1502/1159/887
f 832/650/471 830/648/469 1502/1159/887
f 1502/1159/887 830/648/469 1503/1160/888
f 830/648/469 1504/1161/889 1503/1160/888
f 830/648/469 828/646/467 1504/1161/889
f 828/646/467 826/644/465 1504/1161/889
f 1504/1161/889 826/644/465 1505/1162/890
f 826/644/465 1506/1163/891 1505/1162/890
f 1505/1162/890 1506/1163/891 1507/1164/892
f 1506/1163/891 1508/1165/893 1507/1164/892
f 1507/1164/892 1508/1165/893 1509/1166/894
f 1508/1165/893 1510/1167/895 1509/1166/894
f 1509/1166/894 1510/1167/895 1511/1168/896
f 1510/1167/895 1512/1169/897 1511/1168/896
f 1508/1165/893 1506/1163/891 1513/1170/898
f 1506/1163/891 1514/1171/899 1513/1170/898
f 1513/1170/898 1514/1171/899 1515/1172/900
f 1514/1171/899 1516/1173/901 1515/1172/900
f 1515/1172/900 1516/1173/901 1517/1174/902
f 1516/1173/901 1518/1175/903 1517/1174/902
f 1517/1174/902 1518/1175/903 1519/1176/904
f 1518/1175/903 1520/1177/905 1519/1176/904
f 1519/1176/904 1520/1177/905 1521/1178/906
f 1520/1177/905 1512/1169/897 1521/1178/906
f 1521/1178/906 1512/1169/897 1510/1167/895
f 1513/1170/898 1515/1172/900 1508/1165/893
f 1515/1172/900 1522/1179/907 1508/1165/893
f 1508/1165/893 1522/1179/907 1510/1167/895
f 1522/1179/907 1521/1178/906 1510/1167/895
f 1521/1178/906 1522/1179/907 1519/1176/904
f 1522/1179/907 1515/1172/900 1519/1176/904
f 1519/1176/904 1515/1172/900 1517/1174/902
f 839/657/478 883/701/522 837/655/476
f 883/701/522 835/653/474 837/655/476
f 835/653/474 883/701/522 1523/1180/908
f 883/701/522 881/699/520 1523/1180/908
f 1523/1180/908 881/699/520 1524/1181/909
f 881/699/520 879/697/518 1524/1181/909
f 1524/1181/909 879/697/518 1525/1182/910
f 879/697/518 875/693/514 1525/1182/910
f 1525/1182/910 875/693/514 842/660/481
f 875/693/514 846/664/485 842/660/481
f 1523/1180/908 1524/1181/909 1526/1183/911
f 1524/1181/909 1525/1182/910 1526/1183/911
f 1526/1183/911 1525/1182/910 1527/1184/912
f 1525/1182/910 823/641/462 1527/1184/912
f 1527/1184/912 823/641/462 825/643/464
f 825/643/464 827/645/466 1527/1184/912
f 827/645/466 829/647/468 1527/1184/912
f 1527/1184/912 829/647/468 1526/1183/911
f 829/647/468 831/649/470 1526/1183/911
f 1526/1183/911 831/649/470 833/651/472
f 1526/1183/911 833/651/472 1523/1180/908
f 833/651/472 835/653/474 1523/1180/908
f 1528/461/913 1529/462/913 1530/459/914
f 1529/462/913 1531/458/915 1530/459/914
f 1530/459/914 1531/458/915 1532/460/916
f 1531/458/915 1533/457/916 1532/460/916
f 1531/458/915 1534/455/917 1533/457/916
f 1534/455/917 1535/1007/916 1533/457/916
f 1536/1185/918 1537/1186/919 1538/1187/920
f 1537/1186/919 913/731/553 1538/1187/920
f 1538/1187/920 913/731/553 1539/1188/921
f 913/731/553 1540/1189/922 1539/1188/921
f 1539/1188/921 1540/1189/922 1541/1190/923
f 1540/1189/922 1542/1191/924 1541/1190/923
f 913/731/553 911/729/551 1540/1189/922
f 911/729/551 1543/1192/925 1540/1189/922
f 1540/1189/922 1543/1192/925 1544/1193/926
f 1543/1192/925 1395/1082/829 1544/1193/926
f 1544/1193/926 1395/1082/829 1545/1194/927
f 1395/1082/829 1393/1080/827 1545/1194/927
f 1545/1194/927 1393/1080/827 1391/1078/825
f 1395/1082/829 1543/1192/925 1397/1084/831
f 1543/1192/925 1546/1195/928 1397/1084/831
f 1397/1084/831 1546/1195/928 888/706/527
f 1546/1195/928 890/708/529 888/706/527
f 1543/1192/925 911/729/551 1546/1195/928
f 911/729/551 909/727/549 1546/1195/928
f 1546/1195/928 909/727/549 890/708/529
f 1547/1196/23 1548/1197/23 1549/1198/23
f 1548/1197/23 1550/1199/23 1549/1198/23
f 1551/1200/19 1552/1201/19 1553/1202/19
f 1552/1201/19 1554/1203/19 1553/1202/19
f 1552/1201/19 1555/1204/19 1554/1203/19
f 1555/1204/19 1556/1205/19 1554/1203/19
f 1540/1189/922 1544/1193/926 1542/1191/924
f 1544/1193/926 1545/1194/927 1542/1191/924
f 1557/881/19 1558/883/19 1559/882/19
f 1558/883/19 1560/884/19 1559/882/19
f 1561/1206/230 1562/1207/230 1563/1208/230
f 1562/1207/230 1564/1209/230 1563/1208/230
f 1565/1210/929 1566/1211/930 1567/1212/931
f 1566/1211/930 1568/1213/932 1567/1212/931
f 1567/1212/931 1568/1213/932 1569/1214/933
f 1567/1212/931 1569/1214/933 1570/1215/934
f 1569/1214/933 1571/1216/935 1570/1215/934
f 1570/1215/934 1571/1216/935 1572/1217/936
f 1573/1218/230 1574/1219/230 1575/1220/230
f 1574/1219/230 1576/1221/230 1575/1220/230
f 1575/1220/230 1576/1221/230 1577/1222/230
f 1576/1221/230 1578/1223/230 1577/1222/230
f 1579/878/86 1580/877/86 1581/880/86
f 1580/877/86 1582/879/86 1581/880/86
f 1583/1224/937 1568/1213/938 1584/1225/939
f 1568/1213/938 1585/1226/940 1584/1225/939
f 1586/1227/154 1587/1228/154 1588/1229/154
f 1587/1228/154 1589/1230/154 1588/1229/154
f 1590/1231/1 1591/1232/1 1592/1233/1
f 1591/1232/1 1593/1234/1 1592/1233/1
f 1594/1235/941 1595/1236/942 1596/1237/943
f 1595/1236/942 1597/1238/944 1596/1237/943
f 1597/1238/944 1595/1236/942 1598/1239/945
f 1595/1236/942 1599/1240/946 1598/1239/945
f 1598/1239/945 1599/1240/946 1600/1241/947
f 1599/1240/946 1601/1242/948 1600/1241/947
f 1600/1241/947 1601/1242/948 1602/1243/949
f 1601/1242/948 1603/1244/950 1602/1243/949
f 1602/1243/949 1603/1244/950 1604/1245/951
f 1603/1244/950 1605/1246/952 1604/1245/951
f 1604/1245/951 1605/1246/952 1606/1247/953
f 1605/1246/952 1607/1248/954 1606/1247/953
f 1606/1247/953 1607/1248/954 1608/1249/955
f 1607/1248/954 1609/1250/956 1608/1249/955
f 1608/1249/955 1609/1250/956 1610/1251/957
f 1609/1250/956 1611/1252/958 1610/1251/957
f 1610/1251/957 1611/1252/958 1612/1253/959
f 1611/1252/958 1613/1254/960 1612/1253/959
f 1612/1253/959 1613/1254/960 1614/1255/961
f 1602/1243/949 1604/1245/951 1615/1256/962
f 1604/1245/951 1606/1247/953 1615/1256/962
f 1615/1256/962 1606/1247/953 1616/1257/963
f 1606/1247/953 1608/1249/955 1616/1257/963
f 1616/1257/963 1608/1249/955 1617/1258/964
f 1608/1249/955 1610/1251/957 1617/1258/964
f 1617/1258/964 1610/1251/957 1618/1259/965
f 1610/1251/957 1612/1253/959 1618/1259/965
f 1618/1259/965 1612/1253/959 1619/1260/966
f 1612/1253/959 1614/1255/961 1619/1260/966
f 1619/1260/966 1614/1255/961 1620/1261/967
f 1619/1260/966 1621/1262/968 1618/1259/965
f 1621/1262/968 1622/1263/969 1618/1259/965
f 1618/1259/965 1622/1263/969 1617/1258/964
f 1622/1263/969 1623/1264/970 1617/1258/964
f 1617/1258/964 1623/1264/970 1624/1265/971
f 1623/1264/970 1625/1266/972 1624/1265/971
f 1624/1265/971 1625/1266/972 1626/1267/973
f 1625/1266/972 1627/1268/974 1626/1267/973
f 1626/1267/973 1627/1268/974 1628/1269/975
f 1627/1268/974 1629/1270/976 1628/1269/975
f 1628/1269/975 1629/1270/976 1600/1241/947
f 1629/1270/976 1598/1239/945 1600/1241/947
f 1600/1241/947 1602/1243/949 1628/1269/975
f 1602/1243/949 1615/1256/962 1628/1269/975
f 1628/1269/975 1615/1256/962 1626/1267/973
f 1615/1256/962 1616/1257/963 1626/1267/973
f 1626/1267/973 1616/1257/963 1624/1265/971
f 1616/1257/963 1617/1258/964 1624/1265/971
f 1630/1271/977 1631/1272/978 1632/1271/979
f 1631/1272/978 1633/1273/980 1632/1271/979
f 1632/1271/979 1633/1273/980 1634/1274/981
f 1632/1271/979 1634/1274/981 1635/1275/230
f 1634/1274/981 1636/1276/230 1635/1275/230
f 1635/1275/230 1636/1276/230 1637/1277/230
f 1635/1275/230 1637/1277/230 1638/1278/230
f 1637/1277/230 1639/1279/982 1638/1278/230
f 1638/1278/230 1639/1279/982 1640/1280/230
f 1639/1279/982 1641/1281/983 1640/1280/230
f 1640/1280/230 1641/1281/983 1642/1282/230
f 1641/1281/983 1639/1279/982 1643/1283/984
f 1639/1279/982 1644/1284/985 1643/1283/984
f 1643/1283/984 1644/1284/985 1645/1285/279
f 1644/1284/985 1646/1286/9 1645/1285/279
f 1645/1285/279 1646/1286/9 1647/1287/280
f 1646/1286/9 1648/1288/281 1647/1287/280
f 1647/1287/280 1648/1288/281 1649/1289/282
f 1650/1290/267 1651/1291/274 1631/1272/978
f 1651/1291/274 1633/1273/980 1631/1272/978
f 1652/1292/986 1653/1293/987 1654/1294/988
f 1653/1293/987 1595/1236/989 1654/1294/988
f 1655/1227/2 1656/1229/2 1657/1228/2
f 1656/1229/2 1658/1230/2 1657/1228/2
f 1659/1295/990 1660/1296/991 1661/1297/992
f 1660/1296/991 1662/1298/993 1661/1297/992
f 1661/1297/992 1662/1298/993 1663/1299/994
f 1662/1298/993 1664/1300/995 1663/1299/994
f 1664/1300/995 1662/1298/993 1665/1301/996
f 1662/1298/993 1666/1302/997 1665/1301/996
f 1665/1301/996 1666/1302/997 1667/1303/998
f 1666/1302/997 1668/1304/999 1667/1303/998
f 1666/1302/997 1662/1298/993 1669/1305/1000
f 1662/1298/993 1670/1306/1001 1669/1305/1000
f 1597/1238/944 1598/1239/945 1671/1307/1002
f 1598/1239/945 1629/1270/976 1671/1307/1002
f 1671/1307/1002 1629/1270/976 1627/1268/974
f 1671/1307/1002 1627/1268/974 1672/1308/1003
f 1627/1268/974 1673/1309/1004 1672/1308/1003
f 1627/1268/974 1625/1266/972 1673/1309/1004
f 1625/1266/972 1674/1310/1005 1673/1309/1004
f 1673/1309/1004 1674/1310/1005 1675/1311/1006
f 1674/1310/1005 1676/1312/1007 1675/1311/1006
f 1675/1311/1006 1676/1312/1007 1677/1313/1008
f 1676/1312/1007 1678/1314/1009 1677/1313/1008
f 1677/1313/1008 1678/1314/1009 1679/1315/1010
f 1625/1266/972 1623/1264/970 1674/1310/1005
f 1623/1264/970 1680/1316/1011 1674/1310/1005
f 1674/1310/1005 1680/1316/1011 1676/1312/1007
f 1680/1316/1011 1681/1317/1012 1676/1312/1007
f 1676/1312/1007 1681/1317/1012 1678/1314/1009
f 1681/1317/1012 1682/1318/1013 1678/1314/1009
f 1681/1317/1012 1680/1316/1011 1683/1319/1014
f 1680/1316/1011 1684/1320/1015 1683/1319/1014
f 1683/1319/1014 1684/1320/1015 1621/1262/968
f 1684/1320/1015 1622/1263/969 1621/1262/968
f 1680/1316/1011 1623/1264/970 1684/1320/1015
f 1623/1264/970 1622/1263/969 1684/1320/1015
f 1685/1321/154 1686/1322/154 1687/1323/154
f 1686/1322/154 1688/1324/154 1687/1323/154
f 1689/1325/2 1690/1326/2 1691/1327/2
f 1690/1326/2 1692/1328/2 1691/1327/2
f 1693/1329/1016 1694/1330/1016 1695/1331/1017
f 1694/1330/1016 1696/1332/1018 1695/1331/1017
f 1695/1331/1017 1696/1332/1018 1697/1333/1019
f 1696/1332/1018 1698/1334/1020 1697/1333/1019
f 1697/1333/1019 1698/1334/1020 1699/1335/1021
f 1698/1334/1020 1700/1336/230 1699/1335/1021
f 1697/1333/1019 1701/1337/1019 1695/1331/1017
f 1701/1337/1019 1702/1338/1021 1695/1331/1017
f 1701/1337/1019 1703/1339/1021 1702/1338/1021
f 1703/1339/1021 1704/1340/230 1702/1338/1021
f 1702/1338/1021 1704/1340/230 1705/1341/230
f 1706/302/230 1707/302/230 1708/300/230
f 1707/302/230 1709/300/230 1708/300/230
f 1710/300/2 1711/300/2 1712/302/2
f 1711/300/2 1713/302/2 1712/302/2
f 765/587/408 763/585/406 799/617/438
f 763/585/406 1714/1342/1022 799/617/438
f 799/617/438 1714/1342/1022 1715/1343/1023
f 1714/1342/1022 761/583/404 1715/1343/1023
f 799/617/438 1715/1343/1023 801/619/440
f 1715/1343/1023 1716/1344/1024 801/619/440
f 801/619/440 1716/1344/1024 803/621/442
f 1716/1344/1024 1717/1345/1025 803/621/442
f 803/621/442 1717/1345/1025 805/623/444
f 1717/1345/1025 1718/1346/1026 805/623/444
f 805/623/444 1718/1346/1026 1719/1347/1027
f 1718/1346/1026 1720/1348/1028 1719/1347/1027
f 1719/1347/1027 1720/1348/1028 1721/1349/1029
f 1720/1348/1028 1722/1350/1030 1721/1349/1029
f 1721/1349/1029 1722/1350/1030 1723/1351/1031
f 1722/1350/1030 1724/1352/1032 1723/1351/1031
f 1723/1351/1031 1724/1352/1032 1725/1353/1033
f 1724/1352/1032 1726/1354/1034 1725/1353/1033
f 1725/1353/1033 1726/1354/1034 1727/1355/1035
f 1726/1354/1034 1728/1356/1036 1727/1355/1035
f 1727/1355/1035 1728/1356/1036 1729/1357/1037
f 1728/1356/1036 1730/1358/1038 1729/1357/1037
f 1729/1357/1037 1730/1358/1038 1731/1359/1039
f 1730/1358/1038 1732/1360/1040 1731/1359/1039
f 1731/1359/1039 1732/1360/1040 1733/1361/1041
f 1732/1360/1040 1734/1362/1042 1733/1361/1041
f 1716/1344/1024 1735/1363/1043 1717/1345/1025
f 1735/1363/1043 1736/1364/1044 1717/1345/1025
f 1717/1345/1025 1736/1364/1044 1718/1346/1026
f 1736/1364/1044 1737/1365/1045 1718/1346/1026
f 1718/1346/1026 1737/1365/1045 1720/1348/1028
f 1737/1365/1045 1724/1352/1032 1720/1348/1028
f 1720/1348/1028 1724/1352/1032 1722/1350/1030
f 1737/1365/1045 1736/1364/1044 1738/1366/1046
f 1736/1364/1044 1735/1363/1043 1738/1366/1046
f 1738/1366/1046 1735/1363/1043 1739/1367/1047
f 1735/1363/1043 1740/1368/1048 1739/1367/1047
f 1739/1367/1047 1740/1368/1048 1741/1369/1049
f 1740/1368/1048 1742/1370/1050 1741/1369/1049
f 1741/1369/1049 1742/1370/1050 1743/1371/1051
f 1742/1370/1050 1744/1372/1052 1743/1371/1051
f 1743/1371/1051 1744/1372/1052 1745/1373/1053
f 1744/1372/1052 1746/1374/1054 1745/1373/1053
f 1745/1373/1053 1746/1374/1054 1747/1375/1055
f 1746/1374/1054 1748/1376/1056 1747/1375/1055
f 1747/1375/1055 1748/1376/1056 1749/1377/1057
f 1748/1376/1056 1750/1378/1058 1749/1377/1057
f 1749/1377/1057 1750/1378/1058 1751/1379/1059
f 1750/1378/1058 1752/1380/1060 1751/1379/1059
f 1751/1379/1059 1752/1380/1060 1753/1381/1061
f 1752/1380/1060 1754/1382/1062 1753/1381/1061
f 1753/1381/1061 1754/1382/1062 1755/1383/1063
f 1754/1382/1062 1756/1384/1064 1755/1383/1063
f 1755/1383/1063 1756/1384/1064 1732/1360/1040
f 1756/1384/1064 1734/1362/1042 1732/1360/1040
f 1737/1365/1045 1738/1366/1046 1757/1385/1065
f 1738/1366/1046 1739/1367/1047 1757/1385/1065
f 1757/1385/1065 1739/1367/1047 1728/1356/1036
f 1739/1367/1047 1741/1369/1049 1728/1356/1036
f 1728/1356/1036 1741/1369/1049 1730/1358/1038
f 1741/1369/1049 1758/1386/1066 1730/1358/1038
f 1730/1358/1038 1758/1386/1066 1732/1360/1040
f 1758/1386/1066 1755/1383/1063 1732/1360/1040
f 1741/1369/1049 1743/1371/1051 1758/1386/1066
f 1743/1371/1051 1745/1373/1053 1758/1386/1066
f 1758/1386/1066 1745/1373/1053 1755/1383/1063
f 1745/1373/1053 1753/1381/1061 1755/1383/1063
f 1745/1373/1053 1747/1375/1055 1753/1381/1061
f 1747/1375/1055 1751/1379/1059 1753/1381/1061
f 1759/302/230 1760/302/230 1761/300/230
f 1760/302/230 1762/300/230 1761/300/230
f 1763/302/154 1764/302/154 1765/300/154
f 1764/302/154 1766/300/154 1765/300/154
f 1716/1344/1024 1767/1387/1067 1735/1363/1043
f 1767/1387/1067 1740/1368/1048 1735/1363/1043
f 1728/1356/1036 1726/1354/1034 1757/1385/1065
f 1726/1354/1034 1724/1352/1032 1757/1385/1065
f 1757/1385/1065 1724/1352/1032 1737/1365/1045
f 1768/1388/19 1769/1389/19 1770/1390/19
f 1769/1389/19 1771/1391/19 1770/1390/19
f 1772/1392/1068 1773/1393/1068 1774/1394/1068
f 1773/1393/1068 1775/1395/1068 1774/1394/1068
f 1776/1394/1069 1777/1395/859 1778/1392/859
f 1777/1395/859 1779/1393/859 1778/1392/859
f 1727/1355/1035 1729/1357/1037 1725/1353/1033
f 1729/1357/1037 1780/1396/1070 1725/1353/1033
f 1725/1353/1033 1780/1396/1070 1723/1351/1031
f 1780/1396/1070 1781/1397/1071 1723/1351/1031
f 1723/1351/1031 1781/1397/1071 1782/1398/1072
f 1781/1397/1071 1783/1399/1073 1782/1398/1072
f 1782/1398/1072 1783/1399/1073 1784/1400/1074
f 1784/1400/1074 1785/1401/1075 1782/1398/1072
f 1785/1401/1075 1721/1349/1029 1782/1398/1072
f 1782/1398/1072 1721/1349/1029 1723/1351/1031
f 1786/1402/1076 1787/1403/1076 1788/1404/1077
f 1787/1403/1076 1789/1405/122 1788/1404/1077
f 1788/1404/1077 1789/1405/122 1790/1406/1078
f 1789/1405/122 1791/1407/1079 1790/1406/1078
f 1792/1408/1080 1793/1409/1080 1794/1410/1080
f 1793/1409/1080 1795/1411/1080 1794/1410/1080
f 1796/1412/1081 1797/1413/1081 1798/1414/1081
f 1797/1413/1081 1799/1415/1081 1798/1414/1081
f 1783/1399/1073 1781/1397/1071 1800/1416/1082
f 1781/1397/1071 1729/1357/1037 1800/1416/1082
f 1800/1416/1082 1729/1357/1037 1731/1359/1039
f 1801/1417/154 1802/1418/154 1803/1419/154
f 1802/1418/154 1804/1420/154 1803/1419/154
f 1805/1421/1068 1806/1422/1068 1807/1423/1083
f 1806/1422/1068 1808/1424/5 1807/1423/1083
f 1807/1423/1083 1808/1424/5 1809/1425/1084
f 1808/1424/5 1810/1426/1085 1809/1425/1084
f 1809/1425/1084 1810/1426/1085 1811/1427/1086
f 1810/1426/1085 1812/1428/651 1811/1427/1086
f 1813/1234/1 1814/1429/1 1815/1232/1
f 1814/1429/1 1816/1430/1 1815/1232/1
f 1817/1431/1087 1818/1432/1088 1819/1433/1087
f 1818/1432/1088 1820/1434/1089 1819/1433/1087
f 1818/1432/1088 1821/1435/154 1820/1434/1089
f 1821/1435/154 1822/1436/154 1820/1434/1089
f 1821/1435/154 1823/1437/154 1822/1436/154
f 1823/1437/154 1824/1438/154 1822/1436/154
f 1823/1437/154 1825/1439/154 1824/1438/154
f 1825/1439/154 1826/1440/154 1824/1438/154
f 1826/1440/154 1825/1439/154 1827/1441/1090
f 1825/1439/154 1828/1442/1090 1827/1441/1090
f 1827/1441/1090 1828/1442/1090 1829/1443/1091
f 1827/1441/1090 1829/1443/1091 1830/1444/1092
f 1829/1443/1091 1831/1445/1093 1830/1444/1092
f 1830/1444/1092 1831/1445/1093 1832/1446/1094
f 1831/1445/1093 1833/1447/1095 1832/1446/1094
f 1832/1446/1094 1833/1447/1095 1834/1448/1096
f 1833/1447/1095 1835/1449/1097 1834/1448/1096
f 1834/1448/1096 1835/1449/1097 1836/1450/1098
f 1835/1449/1097 1837/1451/1099 1836/1450/1098
f 1835/1449/1097 1838/1452/1099 1837/1451/1099
f 1838/1452/1099 1839/1453/1100 1837/1451/1099
f 1837/1451/1099 1839/1453/1100 1840/1454/1101
f 1839/1453/1100 1841/1455/1102 1840/1454/1101
f 1840/1454/1101 1841/1455/1102 1842/1456/1103
f 1841/1455/1102 1843/1457/1104 1842/1456/1103
f 1842/1456/1103 1843/1457/1104 1844/1458/1105
f 1843/1457/1104 1845/1459/1106 1844/1458/1105
f 1844/1458/1105 1845/1459/1106 1846/1460/1107
f 1845/1459/1106 1847/1461/1108 1846/1460/1107
f 1846/1460/1107 1847/1461/1108 1848/1462/1109
f 1847/1461/1108 1849/1463/1110 1848/1462/1109
f 1848/1462/1109 1849/1463/1110 1850/1464/1111
f 1849/1463/1110 1851/1465/1112 1850/1464/1111
f 1850/1464/1111 1851/1465/1112 1852/1466/1113
f 1851/1465/1112 1853/1467/1114 1852/1466/1113
f 1852/1466/1113 1853/1467/1114 1854/1468/1114
f 1855/207/1115 1856/205/914 1857/208/1116
f 1856/205/914 1858/206/1117 1857/208/1116
f 1856/205/914 1859/117/916 1858/206/1117
f 1859/117/916 1860/118/916 1858/206/1117
f 1861/1469/230 1862/1470/230 1863/1471/619
f 1862/1470/230 1864/1472/230 1863/1471/619
f 1863/1471/619 1864/1472/230 1865/1473/230
f 1866/1474/1118 1867/1475/1119 1868/1476/1120
f 1867/1475/1119 1869/1477/1121 1868/1476/1120
f 1868/1476/1120 1869/1477/1121 1870/1478/1122
f 1868/1476/1120 1870/1478/1122 1871/1479/1123
f 1870/1478/1122 1872/1480/1124 1871/1479/1123
f 1873/1430/1 1874/1429/1 1875/1232/1
f 1874/1429/1 1876/1234/1 1875/1232/1
f 1877/1481/2 1878/1482/2 1879/1483/2
f 1878/1482/2 1880/1484/2 1879/1483/2
f 1879/1483/2 1880/1484/2 1881/1485/2
f 1880/1484/2 1882/1486/2 1881/1485/2
f 1881/1485/2 1882/1486/2 1883/1487/2
f 1882/1486/2 1884/1488/2 1883/1487/2
f 1885/1489/1125 1886/321/1125 1887/319/234
f 1886/321/1125 1888/320/234 1887/319/234
f 1887/319/234 1888/320/234 1889/316/125
f 1887/319/234 1889/316/125 1890/318/1126
f 1889/316/125 1891/317/215 1890/318/1126
f 1892/1490/1127 1893/1491/1128 1894/1490/1129
f 1893/1491/1128 1895/1492/1130 1894/1490/1129
f 1894/1490/1129 1895/1492/1130 1896/1493/1131
f 1895/1492/1130 1897/1494/1132 1896/1493/1131
f 1896/1493/1131 1897/1494/1132 1898/1495/1133
f 1897/1494/1132 1899/1496/1134 1898/1495/1133
f 1899/1496/1134 1897/1494/1132 1900/1497/1135
f 1897/1494/1132 1895/1492/1130 1900/1497/1135
f 1900/1497/1135 1895/1492/1130 1901/1498/1136
f 1895/1492/1130 1893/1491/1128 1901/1498/1136
f 1901/1498/1136 1893/1491/1128 1902/1499/1137
f 1902/1499/1137 1903/1500/1138 1901/1498/1136
f 1903/1500/1138 1904/1501/1139 1901/1498/1136
f 1901/1498/1136 1904/1501/1139 1900/1497/1135
f 1904/1501/1139 1905/1502/1140 1900/1497/1135
f 1900/1497/1135 1905/1502/1140 1899/1496/1134
f 1902/1499/1137 1906/1503/1141 1903/1500/1138
f 1906/1503/1141 1907/1504/1142 1903/1500/1138
f 1903/1500/1138 1907/1504/1142 1908/1505/1143
f 1907/1504/1142 1909/1506/1144 1908/1505/1143
f 1908/1505/1143 1909/1506/1144 1910/1507/1145
f 1903/1500/1138 1908/1505/1143 1904/1501/1139
f 1908/1505/1143 1910/1507/1145 1904/1501/1139
f 1904/1501/1139 1910/1507/1145 1911/1508/1146
f 1912/1509/1147 1913/1510/1148 1914/1511/1149
f 1913/1510/1148 1915/1512/1150 1914/1511/1149
f 1914/1511/1149 1915/1512/1150 1916/1513/1151
f 1917/1514/2 1918/1515/2 1919/1516/2
f 1918/1515/2 1920/1517/2 1919/1516/2
f 1906/1503/1141 1921/1518/1152 1907/1504/1142
f 1921/1518/1152 1922/1519/1153 1907/1504/1142
f 1907/1504/1142 1922/1519/1153 1909/1506/1144
f 1922/1519/1153 1923/1520/1154 1909/1506/1144
f 1921/1518/1152 1924/1521/1155 1922/1519/1153
f 1924/1521/1155 1925/1522/1156 1922/1519/1153
f 1922/1519/1153 1925/1522/1156 1926/1523/1157
f 1927/1524/284 1928/1525/286 1929/1526/1158
f 1928/1525/286 1930/1527/1159 1929/1526/1158
f 1929/1526/1158 1930/1527/1159 1931/1528/1160
f 1930/1527/1159 1932/1529/1161 1931/1528/1160
f 1930/1527/1159 1933/1530/1162 1932/1529/1161
f 1933/1530/1162 1934/1531/290 1932/1529/1161
f 1933/1530/1162 1935/1532/1163 1934/1531/290
f 1935/1532/1163 1936/1533/23 1934/1531/290
f 1935/1532/1163 1937/1534/1164 1936/1533/23
f 1937/1534/1164 1938/1535/1165 1936/1533/23
f 1938/1535/1165 1937/1534/1164 1939/1536/23
f 1937/1534/1164 1940/1537/295 1939/1536/23
f 1940/1537/295 1937/1534/1164 1941/1538/296
f 1937/1534/1164 1942/1539/1166 1941/1538/296
f 1941/1538/296 1942/1539/1166 1943/1540/298
f 1942/1539/1166 1944/1541/299 1943/1540/298
f 1943/1540/298 1944/1541/299 1945/1542/300
f 1946/1543/1080 1947/1544/1080 1948/1545/1080
f 1947/1544/1080 1949/1546/1167 1948/1545/1080
f 1950/1547/1168 1951/1428/1169 1952/1548/1168
f 1951/1428/1169 1953/1427/1170 1952/1548/1168
f 1953/1427/1170 1951/1428/1169 1954/1425/1171
f 1951/1428/1169 1955/1426/1172 1954/1425/1171
f 1954/1425/1171 1955/1426/1172 1956/1423/1173
f 1955/1426/1172 1957/1424/1174 1956/1423/1173
f 1956/1423/1173 1957/1424/1174 1958/1421/1069
f 1957/1424/1174 1959/1422/1069 1958/1421/1069
f 1960/1549/23 1961/1550/23 1962/1551/23
f 1961/1550/23 1963/1552/23 1962/1551/23
f 1962/1551/23 1963/1552/23 1964/1553/23
f 1963/1552/23 1965/1554/23 1964/1553/23
f 1964/1553/23 1966/1555/23 1962/1551/23
f 1966/1555/23 1967/1556/23 1962/1551/23
f 1968/1514/154 1969/1515/154 1970/1516/154
f 1969/1515/154 1971/1517/154 1970/1516/154
f 523/370/269 1972/1557/1175 525/372/271
f 1972/1557/1175 1973/1558/1176 525/372/271
f 525/372/271 1973/1558/1176 1974/1559/1177
f 1973/1558/1176 1975/1560/1178 1974/1559/1177
f 1974/1559/1177 1975/1560/1178 1976/1561/1179
f 1975/1560/1178 1977/1562/1180 1976/1561/1179
f 1976/1561/1179 1977/1562/1180 1978/1563/1181
f 1977/1562/1180 1979/1564/1182 1978/1563/1181
f 1978/1563/1181 1979/1564/1182 1980/1565/1183
f 1979/1564/1182 1981/1566/1184 1980/1565/1183
f 1973/1558/1176 1982/1567/1185 1975/1560/1178
f 1982/1567/1185 1983/1568/1186 1975/1560/1178
f 1975/1560/1178 1983/1568/1186 1977/1562/1180
f 1983/1568/1186 1984/1569/1187 1977/1562/1180
f 1977/1562/1180 1984/1569/1187 1979/1564/1182
f 1984/1569/1187 1985/1570/1188 1979/1564/1182
f 1979/1564/1182 1985/1570/1188 1981/1566/1184
f 1985/1570/1188 1986/1571/1189 1981/1566/1184
f 1983/1568/1186 1987/1572/1190 1984/1569/1187
f 1987/1572/1190 1988/1573/1191 1984/1569/1187
f 1984/1569/1187 1988/1573/1191 1985/1570/1188
f 1988/1573/1191 1989/1574/1192 1985/1570/1188
f 1985/1570/1188 1989/1574/1192 1990/1575/1193
f 1989/1574/1192 1991/1576/1194 1990/1575/1193
f 1990/1575/1193 1991/1576/1194 1992/1577/1195
f 1991/1576/1194 1993/1578/1196 1992/1577/1195
f 1992/1577/1195 1993/1578/1196 1994/1579/1197
f 1993/1578/1196 1995/1580/1198 1994/1579/1197
f 1994/1579/1197 1995/1580/1198 1996/1581/1199
f 1995/1580/1198 1997/1582/1200 1996/1581/1199
f 1996/1581/1199 1997/1582/1200 1998/1583/1201
f 1997/1582/1200 1999/1584/1202 1998/1583/1201
f 1998/1583/1201 1999/1584/1202 2000/1585/1203
f 1999/1584/1202 2001/1586/1204 2000/1585/1203
f 2000/1585/1203 2001/1586/1204 2002/1587/1205
f 2001/1586/1204 2003/1588/1206 2002/1587/1205
f 2002/1587/1205 2003/1588/1206 2004/1589/1207
f 2003/1588/1206 2005/1590/1208 2004/1589/1207
f 2004/1589/1207 2005/1590/1208 2006/1591/1209
f 2005/1590/1208 2007/1592/1210 2006/1591/1209
f 2006/1591/1209 2007/1592/1210 2008/1593/1211
f 2007/1592/1210 2005/1590/1208 2008/1593/1211
f 2008/1593/1211 2005/1590/1208 2009/1594/1212
f 2005/1590/1208 2003/1588/1206 2009/1594/1212
f 2009/1594/1212 2003/1588/1206 2010/1595/1213
f 2003/1588/1206 2001/1586/1204 2010/1595/1213
f 2010/1595/1213 2001/1586/1204 2011/1596/1214
f 2001/1586/1204 1999/1584/1202 2011/1596/1214
f 2011/1596/1214 1999/1584/1202 2012/1597/1215
f 1999/1584/1202 2013/1598/1216 2012/1597/1215
f 2000/1585/1203 2014/1599/1217 1998/1583/1201
f 2014/1599/1217 2015/1600/1218 1998/1583/1201
f 1998/1583/1201 2015/1600/1218 1996/1581/1199
f 2015/1600/1218 2016/1601/1219 1996/1581/1199
f 1996/1581/1199 2016/1601/1219 1994/1579/1197
f 2016/1601/1219 2017/1602/1220 1994/1579/1197
f 1994/1579/1197 2017/1602/1220 1992/1577/1195
f 2017/1602/1220 2018/1603/1221 1992/1577/1195
f 1992/1577/1195 2018/1603/1221 1990/1575/1193
f 2018/1603/1221 1986/1571/1189 1990/1575/1193
f 1990/1575/1193 1986/1571/1189 1985/1570/1188
f 2014/1599/1217 2000/1585/1203 2019/1604/1222
f 2000/1585/1203 2020/1605/1223 2019/1604/1222
f 2000/1585/1203 2002/1587/1205 2020/1605/1223
f 2002/1587/1205 2021/1606/1224 2020/1605/1223
f 2002/1587/1205 2004/1589/1207 2021/1606/1224
f 2004/1589/1207 2022/1607/1225 2021/1606/1224
f 2004/1589/1207 2006/1591/1209 2022/1607/1225
f 2006/1591/1209 2008/1593/1211 2022/1607/1225
f 1972/1557/1175 2023/1557/1226 1973/1558/1176
f 2023/1557/1226 2024/1608/1227 1973/1558/1176
f 1973/1558/1176 2024/1608/1227 1982/1567/1185
f 525/372/271 1974/1559/1177 2025/372/1228
f 1974/1559/1177 2026/1609/1229 2025/372/1228
f 2026/1609/1229 1974/1559/1177 2027/1610/1230
f 1974/1559/1177 1976/1561/1179 2027/1610/1230
f 2027/1610/1230 1976/1561/1179 1980/1565/1183
f 1976/1561/1179 1978/1563/1181 1980/1565/1183
f 2028/1611/154 2029/1612/1231 2030/1613/154
f 2029/1612/1231 2031/1614/1231 2030/1613/154
f 2032/1615/230 2033/1616/230 2034/1617/230
f 2033/1616/230 2035/1618/230 2034/1617/230
f 2036/1619/1232 2037/1620/1233 2038/1621/938
f 2037/1620/1233 2039/1622/1234 2038/1621/938
f 2037/1620/1233 2040/1623/1235 2039/1622/1234
f 2040/1623/1235 2041/1624/1236 2039/1622/1234
f 2039/1622/1234 2041/1624/1236 2042/1625/1237
f 1999/1584/1202 1997/1582/1200 2013/1598/1216
f 1997/1582/1200 2043/1626/1238 2013/1598/1216
f 1997/1582/1200 1995/1580/1198 2043/1626/1238
f 1995/1580/1198 2044/1627/1239 2043/1626/1238
f 1995/1580/1198 1993/1578/1196 2044/1627/1239
f 1993/1578/1196 2045/1628/1240 2044/1627/1239
f 1993/1578/1196 1991/1576/1194 2045/1628/1240
f 1991/1576/1194 2046/1629/1241 2045/1628/1240
f 1991/1576/1194 1989/1574/1192 2046/1629/1241
f 1989/1574/1192 2047/1630/1242 2046/1629/1241
f 1989/1574/1192 1988/1573/1191 2047/1630/1242
f 1988/1573/1191 1987/1572/1190 2047/1630/1242
f 2048/1631/1243 2049/1632/1244 2050/1633/1245
f 2049/1632/1244 2051/1634/19 2050/1633/1245
f 2049/1632/1244 2052/1635/19 2051/1634/19
f 2052/1635/19 2053/1636/19 2051/1634/19
f 2051/1634/19 2053/1636/19 2054/1636/19
f 2051/1634/19 2054/1636/19 2055/1637/19
f 2054/1636/19 2056/1638/1246 2055/1637/19
f 2055/1637/19 2056/1638/1246 2057/1639/1247
f 2056/1638/1246 2058/1640/1248 2057/1639/1247
f 2054/1636/19 2059/1641/19 2056/1638/1246
f 2059/1641/19 2060/1642/19 2056/1638/1246
f 2059/1641/19 2061/1643/19 2060/1642/19
f 2061/1643/19 2062/1644/19 2060/1642/19
f 2052/1635/19 2049/1632/1244 2063/1645/19
f 2049/1632/1244 2064/1646/19 2063/1645/19
f 2063/1645/19 2064/1646/19 2065/1647/19
f 2064/1646/19 2066/1648/19 2065/1647/19
f 2067/188/1249 2068/187/1249 2069/186/1250
f 2068/187/1249 2070/185/578 2069/186/1250
f 2069/186/1250 2070/185/578 2071/184/1251
f 2070/185/578 2072/183/1252 2071/184/1251
f 2071/184/1251 2072/183/1252 2073/182/1
f 2072/183/1252 2074/181/1 2073/182/1
f 2075/1482/154 2076/1481/154 2077/1484/154
f 2076/1481/154 2078/1483/154 2077/1484/154
f 2077/1484/154 2078/1483/154 2079/1486/154
f 2078/1483/154 2080/1485/154 2079/1486/154
f 2079/1486/154 2080/1485/154 2081/1488/154
f 2080/1485/154 2082/1487/154 2081/1488/154
f 2083/1649/1253 2084/1650/1254 2085/1651/1255
f 2084/1650/1254 2086/1652/1254 2085/1651/1255
f 2086/1652/1254 2084/1650/1254 2087/1653/1256
f 2084/1650/1254 2088/1654/1257 2087/1653/1256
f 2087/1653/1256 2088/1654/1257 2089/1655/1258
f 2088/1654/1257 2090/1656/1259 2089/1655/1258
f 2089/1655/1258 2090/1656/1259 2091/1657/1260
f 2090/1656/1259 2092/1658/1261 2091/1657/1260
f 2091/1657/1260 2092/1658/1261 2093/1659/1262
f 2092/1658/1261 2094/1660/1263 2093/1659/1262
f 2093/1659/1262 2094/1660/1263 2095/1661/1264
f 2094/1660/1263 2096/1662/1265 2095/1661/1264
f 2095/1661/1264 2096/1662/1265 2097/1663/1266
f 2095/1661/1264 2097/1663/1266 2098/1664/1267
f 2097/1663/1266 2099/1665/1268 2098/1664/1267
f 2098/1664/1267 2099/1665/1268 2100/1666/1269
f 2099/1665/1268 2101/1667/1270 2100/1666/1269
f 2100/1666/1269 2101/1667/1270 2102/1668/1271
f 2101/1667/1270 2103/1669/1272 2102/1668/1271
f 2101/1667/1270 2104/1670/1273 2103/1669/1272
f 2104/1670/1273 2105/1671/1274 2103/1669/1272
f 2104/1670/1273 2106/1672/1275 2105/1671/1274
f 2106/1672/1275 2107/1673/1276 2105/1671/1274
f 2105/1671/1274 2107/1673/1276 2108/1674/1277
f 2107/1673/1276 2109/1675/1278 2108/1674/1277
f 2107/1673/1276 2110/1676/1278 2109/1675/1278
f 2110/1676/1278 2111/1677/2 2109/1675/1278
f 2109/1675/1278 2111/1677/2 2112/1678/2
f 2111/1677/2 2113/1679/2 2112/1678/2
f 2111/1677/2 2114/1680/2 2113/1679/2
f 2114/1680/2 2115/1681/2 2113/1679/2
f 2114/1680/2 2116/1682/2 2115/1681/2
f 2116/1682/2 2117/1683/1279 2115/1681/2
f 2116/1682/2 2118/1684/1280 2117/1683/1279
f 2118/1684/1280 2119/1685/1281 2117/1683/1279
f 2120/1686/1 2121/1687/1 2122/1688/1
f 2121/1687/1 2123/1689/1 2122/1688/1
f 2123/1689/1 2121/1687/1 2124/1689/1
f 2121/1687/1 2125/1690/1 2124/1689/1
f 2124/1689/1 2125/1690/1 2126/1691/1
f 2125/1690/1 2127/1692/1 2126/1691/1
f 2128/1693/19 2129/1694/19 2130/1695/19
f 2129/1694/19 2131/1696/19 2130/1695/19
f 2130/1695/19 2131/1696/19 2132/1697/19
f 2130/1695/19 2132/1697/19 2133/1698/19
f 2132/1697/19 2134/1699/19 2133/1698/19
f 2133/1698/19 2134/1699/19 2135/1700/19
f 1354/1041/788 1368/1055/802 1356/1043/790
f 1368/1055/802 1372/1059/806 1356/1043/790
f 1356/1043/790 1372/1059/806 1358/1045/792
f 1372/1059/806 1360/1047/794 1358/1045/792
f 2136/1701/1282 2137/1702/1283 2138/1703/1284
f 2137/1702/1283 2139/1704/1285 2138/1703/1284
f 2137/1702/1283 2140/1705/618 2139/1704/1285
f 2140/1705/618 2141/1706/230 2139/1704/1285
f 2139/1704/1285 2141/1706/230 2142/1707/230
f 2141/1706/230 2143/1708/230 2142/1707/230
f 747/569/390 745/567/388 901/719/540
f 745/567/388 743/565/386 901/719/540
f 901/719/540 743/565/386 903/721/542
f 743/565/386 741/563/384 903/721/542
f 2144/984/230 2145/986/707 2146/985/230
f 2145/986/707 2147/987/708 2146/985/230
f 2145/986/707 2148/988/709 2147/987/708
f 2148/988/709 2149/989/709 2147/987/708
f 2150/1709/19 2151/1710/19 2152/1711/19
f 2151/1710/19 2153/1712/19 2152/1711/19
f 2151/1710/19 2154/1713/19 2153/1712/19
f 2154/1713/19 2155/1714/19 2153/1712/19
f 2153/1712/19 2155/1714/19 2156/1715/19
f 2157/1716/230 2158/1717/230 2159/1718/230
f 2158/1717/230 2160/1719/230 2159/1718/230
f 1381/1068/815 1379/1066/813 1383/1070/817
f 1379/1066/813 1384/1071/818 1383/1070/817
f 1384/1071/818 1379/1066/813 1385/1072/819
f 1379/1066/813 1378/1065/812 1385/1072/819
f 1385/1072/819 1378/1065/812 1377/1064/811
f 1385/1072/819 1377/1064/811 1369/1056/803
f 1377/1064/811 1376/1063/810 1369/1056/803
f 1369/1056/803 1376/1063/810 1371/1058/805
f 2161/1720/230 2162/1721/1286 2163/1722/230
f 2162/1721/1286 2164/1723/1286 2163/1722/230
f 2164/1723/1286 2162/1721/1286 2165/1724/1287
f 2162/1721/1286 2166/1725/1288 2165/1724/1287
f 2165/1724/1287 2166/1725/1288 2167/1726/1289
f 2166/1725/1288 2168/1727/1289 2167/1726/1289
f 2167/1726/1289 2168/1727/1289 2169/1728/1290
f 2167/1726/1289 2169/1728/1290 2170/1729/1291
f 2169/1728/1290 2171/1730/1292 2170/1729/1291
f 2170/1729/1291 2171/1730/1292 2172/1731/1293
f 2171/1730/1292 2173/1732/1294 2172/1731/1293
f 2172/1731/1293 2173/1732/1294 2174/1733/1295
f 2175/1734/2 2176/1735/2 2177/1736/2
f 2176/1735/2 2178/1737/2 2177/1736/2
f 2176/1735/2 2179/1738/2 2178/1737/2
f 2179/1738/2 2180/1739/2 2178/1737/2
f 2178/1737/2 2180/1739/2 2181/1740/2
f 2180/1739/2 2182/1741/2 2181/1740/2
f 2183/1742/1 2184/1743/1 2185/1744/1
f 2184/1743/1 2186/1745/1 2185/1744/1
f 2185/1744/1 2186/1745/1 2187/885/1
f 2186/1745/1 2188/886/1 2187/885/1
f 2189/1554/230 2190/1553/230 2191/1552/230
f 2190/1553/230 2192/1551/230 2191/1552/230
f 2191/1552/230 2192/1551/230 2193/1549/230
f 2190/1553/230 2194/1555/230 2192/1551/230
f 2194/1555/230 2195/1556/230 2192/1551/230
f 2196/1746/154 2197/1326/154 2198/1328/154
f 2197/1326/154 2199/1327/154 2198/1328/154
f 2200/1747/230 2201/1748/230 2202/1749/230
f 2201/1748/230 2203/1750/230 2202/1749/230
f 2204/1751/230 2205/1752/230 2206/1753/1286
f 2205/1752/230 2207/1754/1286 2206/1753/1286
f 2206/1753/1286 2207/1754/1286 2208/1755/1287
f 2206/1753/1286 2208/1755/1287 2209/1756/282
f 2208/1755/1287 2210/1757/1289 2209/1756/282
f 2209/1756/282 2210/1757/1289 2211/1758/1289
f 2210/1757/1289 2212/1759/1296 2211/1758/1289
f 2210/1757/1289 2213/1760/1297 2212/1759/1296
f 2213/1760/1297 2214/1761/1298 2212/1759/1296
f 2213/1760/1297 2215/1762/1299 2214/1761/1298
f 2215/1762/1299 2216/1763/1300 2214/1761/1298
f 2217/1764/1301 2218/1765/1302 2219/1766/1303
f 2218/1765/1302 2220/1767/1304 2219/1766/1303
f 2219/1766/1303 2220/1767/1304 2221/1768/1305
f 2220/1767/1304 2222/1769/1306 2221/1768/1305
f 2221/1768/1305 2222/1769/1306 2223/1770/1307
f 2221/1768/1305 2223/1770/1307 2224/1771/1308
f 2223/1770/1307 2225/1772/1309 2224/1771/1308
f 2224/1771/1308 2225/1772/1309 2226/1773/1310
f 2225/1772/1309 2227/1774/1311 2226/1773/1310
f 1620/1261/967 2228/1775/1312 1619/1260/966
f 2228/1775/1312 2229/1776/1313 1619/1260/966
f 1619/1260/966 2229/1776/1313 1621/1262/968
f 2229/1776/1313 1683/1319/1014 1621/1262/968
f 2228/1775/1312 2230/1777/1314 2229/1776/1313
f 2230/1777/1314 2231/1778/1315 2229/1776/1313
f 2229/1776/1313 2231/1778/1315 1683/1319/1014
f 2231/1778/1315 2232/1779/1316 1683/1319/1014
f 1683/1319/1014 2232/1779/1316 1681/1317/1012
f 2232/1779/1316 2233/1780/1317 1681/1317/1012
f 1681/1317/1012 2233/1780/1317 1682/1318/1013
f 2233/1780/1317 2234/1781/1318 1682/1318/1013
f 2230/1777/1314 2235/1782/1319 2231/1778/1315
f 2235/1782/1319 2236/1783/1314 2231/1778/1315
f 2231/1778/1315 2236/1783/1314 2232/1779/1316
f 2236/1783/1314 2237/1784/1320 2232/1779/1316
f 2232/1779/1316 2237/1784/1320 2233/1780/1317
f 2237/1784/1320 2238/1785/1321 2233/1780/1317
f 2233/1780/1317 2238/1785/1321 2234/1781/1318
f 2238/1785/1321 2239/1786/1322 2234/1781/1318
f 2235/1782/1319 2240/1787/1323 2236/1783/1314
f 2240/1787/1323 2241/1788/1324 2236/1783/1314
f 2236/1783/1314 2241/1788/1324 2237/1784/1320
f 2241/1788/1324 2242/1789/1325 2237/1784/1320
f 2237/1784/1320 2242/1789/1325 2238/1785/1321
f 2242/1789/1325 2243/1790/1326 2238/1785/1321
f 2238/1785/1321 2243/1790/1326 2239/1786/1322
f 2243/1790/1326 2244/1791/1327 2239/1786/1322
f 2240/1787/1323 2245/1792/1328 2241/1788/1324
f 2245/1792/1328 2246/1793/1329 2241/1788/1324
f 2241/1788/1324 2246/1793/1329 2242/1789/1325
f 2246/1793/1329 2247/1794/1330 2242/1789/1325
f 2242/1789/1325 2247/1794/1330 2243/1790/1326
f 2247/1794/1330 2248/1795/1331 2243/1790/1326
f 2243/1790/1326 2248/1795/1331 2244/1791/1327
f 2248/1795/1331 2249/1796/1332 2244/1791/1327
f 2245/1792/1328 2250/1797/1333 2246/1793/1329
f 2250/1797/1333 2251/1798/1334 2246/1793/1329
f 2246/1793/1329 2251/1798/1334 2247/1794/1330
f 2251/1798/1334 2252/1799/1335 2247/1794/1330
f 2247/1794/1330 2252/1799/1335 2248/1795/1331
f 2252/1799/1335 2253/1800/1336 2248/1795/1331
f 2248/1795/1331 2253/1800/1336 2249/1796/1332
f 2253/1800/1336 2254/1801/1337 2249/1796/1332
f 2250/1797/1333 2255/845/1338 2251/1798/1334
f 2255/845/1338 2256/1802/1339 2251/1798/1334
f 2251/1798/1334 2256/1802/1339 2252/1799/1335
f 2256/1802/1339 2257/1803/1340 2252/1799/1335
f 2252/1799/1335 2257/1803/1340 2258/1804/1341
f 2257/1803/1340 2259/1805/1342 2258/1804/1341
f 2258/1804/1341 2259/1805/1342 2260/1806/1343
f 2260/1806/1343 2261/1807/1344 2258/1804/1341
f 2261/1807/1344 2262/1808/1345 2258/1804/1341
f 2258/1804/1341 2262/1808/1345 2253/1800/1336
f 2262/1808/1345 2254/1801/1337 2253/1800/1336
f 2254/1801/1337 2262/1808/1345 2263/1809/1346
f 2262/1808/1345 2261/1807/1344 2263/1809/1346
f 2264/452/1347 2265/453/1347 2266/450/1347
f 2265/453/1347 2267/451/1347 2266/450/1347
f 2268/181/19 2269/182/19 2270/183/1348
f 2269/182/19 2271/184/1349 2270/183/1348
f 2270/183/1348 2271/184/1349 2272/185/1350
f 2271/184/1349 2273/186/1351 2272/185/1350
f 2272/185/1350 2273/186/1351 2274/187/1352
f 2273/186/1351 2275/188/1353 2274/187/1352
f 806/624/445 2276/1810/1354 809/627/448
f 2276/1810/1354 2277/1811/1355 809/627/448
f 809/627/448 2277/1811/1355 810/628/449
f 2277/1811/1355 812/630/451 810/628/449
f 2276/1810/1354 2278/1812/1356 2277/1811/1355
f 2278/1812/1356 814/632/453 2277/1811/1355
f 2277/1811/1355 814/632/453 812/630/451
f 814/632/453 2278/1812/1356 2279/1813/1357
f 2278/1812/1356 1520/1177/905 2279/1813/1357
f 2279/1813/1357 1520/1177/905 1518/1175/903
f 1518/1175/903 2280/1814/1358 2279/1813/1357
f 2280/1814/1358 816/634/455 2279/1813/1357
f 2279/1813/1357 816/634/455 814/632/453
f 1518/1175/903 1516/1173/901 2280/1814/1358
f 1516/1173/901 818/636/457 2280/1814/1358
f 2280/1814/1358 818/636/457 816/634/455
f 818/636/457 1516/1173/901 2281/1815/1359
f 1516/1173/901 1514/1171/899 2281/1815/1359
f 2281/1815/1359 1514/1171/899 2282/1816/1360
f 1514/1171/899 1506/1163/891 2282/1816/1360
f 2282/1816/1360 1506/1163/891 820/638/459
f 1506/1163/891 822/640/461 820/638/459
f 2282/1816/1360 820/638/459 2281/1815/1359
f 820/638/459 818/636/457 2281/1815/1359
f 2283/1817/1361 2284/1818/1362 2285/1819/1363
f 2284/1818/1362 2286/1820/1364 2285/1819/1363
f 2284/1818/1362 2287/1821/1365 2286/1820/1364
f 2287/1821/1365 2288/1822/1366 2286/1820/1364
f 2288/1822/1366 2287/1821/1365 2289/1823/1367
f 2287/1821/1365 2290/1824/1368 2289/1823/1367
f 2289/1823/1367 2290/1824/1368 2291/1825/1369
f 2290/1824/1368 2292/1826/1370 2291/1825/1369
f 2291/1825/1369 2292/1826/1370 2293/1827/1371
f 2294/1741/154 2295/1740/154 2296/1739/154
f 2295/1740/154 2297/1737/154 2296/1739/154
f 2296/1739/154 2297/1737/154 2298/1738/154
f 2297/1737/154 2299/1736/154 2298/1738/154
f 2298/1738/154 2299/1736/154 2300/1735/154
f 2299/1736/154 2301/1734/154 2300/1735/154
f 2302/1828/1372 2303/1829/1373 2304/1830/1372
f 2303/1829/1373 2305/1831/1374 2304/1830/1372
f 2303/1829/1373 2306/1832/1375 2305/1831/1374
f 2306/1832/1375 2307/1833/884 2305/1831/1374
f 2307/1833/884 2306/1832/1375 2308/1834/1376
f 2306/1832/1375 2309/1835/1377 2308/1834/1376
f 2308/1834/1376 2309/1835/1377 2310/1836/1378
f 2309/1835/1377 2311/1837/1379 2310/1836/1378
f 2312/1838/154 2313/1839/154 2314/1840/154
f 2313/1839/154 2315/1841/154 2314/1840/154
f 2313/1839/154 2316/1842/154 2315/1841/154
f 2316/1842/154 2317/1843/154 2315/1841/154
f 2317/1843/154 2316/1842/154 2318/1844/154
f 2316/1842/154 2319/1845/154 2318/1844/154
f 2319/1845/154 2316/1842/154 2320/1846/154
f 2316/1842/154 2321/1847/154 2320/1846/154
f 2321/1847/154 2316/1842/154 2322/1848/154
f 2316/1842/154 2323/1849/154 2322/1848/154
f 2322/1848/154 2323/1849/154 2324/1850/154
f 2323/1849/154 2325/1851/154 2324/1850/154
f 2326/1852/1380 2327/1853/1380 2328/1854/1380
f 2327/1853/1380 2329/1855/1380 2328/1854/1380
f 2330/876/154 2331/875/154 2332/874/154
f 2331/875/154 2333/872/154 2332/874/154
f 2332/874/154 2333/872/154 2334/871/154
f 2335/1856/230 2336/1857/1381 2337/1858/230
f 2336/1857/1381 2338/1859/1382 2337/1858/230
f 2338/1859/1382 2336/1857/1381 2339/1860/1383
f 2336/1857/1381 2340/1861/1383 2339/1860/1383
f 2341/1862/2 2342/1863/2 2343/1864/2
f 2342/1863/2 2344/1865/2 2343/1864/2
f 2345/1866/1384 2346/1867/1385 2347/1868/1386
f 2346/1867/1385 2348/1869/1387 2347/1868/1386
f 2346/1867/1385 2349/1870/154 2348/1869/1387
f 2349/1870/154 2350/1871/154 2348/1869/1387
f 2350/1871/154 2349/1870/154 2351/1872/1388
f 2349/1870/154 2352/1873/1389 2351/1872/1388
f 2351/1872/1388 2352/1873/1389 2353/1874/1390
f 2354/1875/1391 2355/1876/1392 2356/1877/1391
f 2355/1876/1392 2357/1878/1392 2356/1877/1391
f 2357/1878/1392 2355/1876/1392 2358/1879/1393
f 2355/1876/1392 2359/1880/1393 2358/1879/1393
f 2358/1879/1393 2359/1880/1393 2360/1881/1394
f 2358/1879/1393 2360/1881/1394 2361/1882/1395
f 2360/1881/1394 2362/1883/1396 2361/1882/1395
f 2360/1881/1394 2363/1884/1397 2362/1883/1396
f 2363/1884/1397 2364/1885/154 2362/1883/1396
f 2362/1883/1396 2364/1885/154 2365/1886/154
f 2362/1883/1396 2365/1886/154 2366/1887/154
f 2365/1886/154 2367/1888/154 2366/1887/154
f 2366/1887/154 2367/1888/154 2368/1889/154
f 2367/1888/154 2369/1890/154 2368/1889/154
f 2367/1888/154 2370/1891/154 2369/1890/154
f 2370/1891/154 2363/1884/1397 2369/1890/154
f 2370/1891/154 2371/1892/154 2363/1884/1397
f 2371/1892/154 2364/1885/154 2363/1884/1397
f 1603/1244/950 2372/1893/1398 1605/1246/952
f 2372/1893/1398 2373/1894/952 1605/1246/952
f 1605/1246/952 2373/1894/952 2374/1895/1399
f 1605/1246/952 2374/1895/1399 1607/1248/954
f 2374/1895/1399 2375/1896/1400 1607/1248/954
f 1607/1248/954 2375/1896/1400 1609/1250/956
f 2375/1896/1400 1613/1254/960 1609/1250/956
f 1609/1250/956 1613/1254/960 1611/1252/958
f 2376/1897/19 2377/1898/19 2378/1899/1401
f 2377/1898/19 2379/1900/1402 2378/1899/1401
f 2378/1899/1401 2379/1900/1402 2380/1901/1403
f 2379/1900/1402 2381/1902/1404 2380/1901/1403
f 2380/1901/1403 2381/1902/1404 2382/1903/19
f 2381/1902/1404 2383/1904/19 2382/1903/19
f 2382/1903/19 2383/1904/19 2384/1905/1405
f 2382/1903/19 2384/1905/1405 2385/1906/1406
f 2384/1905/1405 2386/1907/1407 2385/1906/1406
f 2385/1906/1406 2386/1907/1407 2387/1908/1408
f 2386/1907/1407 2388/1909/1409 2387/1908/1408
f 2389/1910/1410 2390/1911/1411 2391/1912/1412
f 2390/1911/1411 2392/1913/1413 2391/1912/1412
f 2391/1912/1412 2392/1913/1413 2393/1914/1414
f 2391/1912/1412 2393/1914/1414 2394/1915/1415
f 2393/1914/1414 2395/1916/19 2394/1915/1415
f 2393/1914/1414 2396/1917/19 2395/1916/19
f 2396/1917/19 2397/1918/1416 2395/1916/19
f 2396/1917/19 2398/1919/1416 2397/1918/1416
f 2398/1919/1416 2378/1899/1401 2397/1918/1416
f 2397/1918/1416 2378/1899/1401 2380/1901/1403
f 2399/1920/1417 2400/1921/1418 2401/1922/1419
f 2400/1921/1418 2402/1923/1420 2401/1922/1419
f 2401/1922/1419 2402/1923/1420 2403/1924/1421
f 2402/1923/1420 2404/1925/1422 2403/1924/1421
f 2403/1924/1421 2404/1925/1422 2405/1926/1423
f 2406/436/2 2407/433/2 2408/1927/2
f 2407/433/2 2409/1927/2 2408/1927/2
f 2410/1928/2 2411/1929/1424 2412/1930/2
f 2411/1929/1424 2413/1931/2 2412/1930/2
f 2412/1930/2 2413/1931/2 2414/1932/1425
f 2413/1931/2 2415/1933/2 2414/1932/1425
f 2414/1932/1425 2415/1933/2 2416/1934/1426
f 2415/1933/2 2417/1935/2 2416/1934/1426
f 2416/1934/1426 2417/1935/2 2418/1936/1427
f 2417/1935/2 2419/1937/2 2418/1936/1427
f 2418/1936/1427 2419/1937/2 2420/1938/1428
f 2419/1937/2 2421/1939/2 2420/1938/1428
f 2420/1938/1428 2421/1939/2 2422/1940/2
f 2422/1940/2 2423/1941/1429 2420/1938/1428
f 2423/1941/1429 2424/1942/1430 2420/1938/1428
f 2420/1938/1428 2424/1942/1430 2425/1943/1431
f 2424/1942/1430 2426/1944/1432 2425/1943/1431
f 2425/1943/1431 2426/1944/1432 2427/1945/1433
f 2426/1944/1432 2428/1946/1434 2427/1945/1433
f 2427/1945/1433 2428/1946/1434 2429/1947/1435
f 2428/1946/1434 2430/1948/1436 2429/1947/1435
f 2429/1947/1435 2430/1948/1436 2431/1949/1437
f 2430/1948/1436 2412/1930/2 2431/1949/1437
f 2431/1949/1437 2412/1930/2 2414/1932/1425
f 2423/1941/1429 2432/1950/1438 2424/1942/1430
f 2432/1950/1438 2433/1951/1439 2424/1942/1430
f 2424/1942/1430 2433/1951/1439 2426/1944/1432
f 2433/1951/1439 2434/1952/1440 2426/1944/1432
f 2426/1944/1432 2434/1952/1440 2428/1946/1434
f 2434/1952/1440 2435/1953/2 2428/1946/1434
f 2428/1946/1434 2435/1953/2 2430/1948/1436
f 2435/1953/2 2436/1954/2 2430/1948/1436
f 2430/1948/1436 2436/1954/2 2412/1930/2
f 2433/1951/1439 2432/1950/1438 2437/1955/1441
f 2432/1950/1438 2423/1941/1429 2437/1955/1441
f 2437/1955/1441 2423/1941/1429 2438/1956/1442
f 2423/1941/1429 2422/1940/2 2438/1956/1442
f 2438/1956/1442 2422/1940/2 2439/1957/2
f 2439/1957/2 2440/1958/2 2438/1956/1442
f 2440/1958/2 2441/1959/1443 2438/1956/1442
f 2438/1956/1442 2441/1959/1443 2437/1955/1441
f 2441/1959/1443 2442/1960/1444 2437/1955/1441
f 2437/1955/1441 2442/1960/1444 2443/1961/1445
f 2442/1960/1444 2444/1962/1446 2443/1961/1445
f 2443/1961/1445 2444/1962/1446 2445/1963/1447
f 2444/1962/1446 2446/1964/1448 2445/1963/1447
f 2445/1963/1447 2446/1964/1448 2447/1965/2
f 2446/1964/1448 2448/1966/2 2447/1965/2
f 2448/1966/2 2446/1964/1448 2449/1967/2
f 2446/1964/1448 2450/1968/1449 2449/1967/2
f 2449/1967/2 2450/1968/1449 2451/1969/2
f 2450/1968/1449 2452/1970/1450 2451/1969/2
f 2451/1969/2 2452/1970/1450 2441/1959/1443
f 2452/1970/1450 2453/1971/1451 2441/1959/1443
f 2441/1959/1443 2453/1971/1451 2442/1960/1444
f 2453/1971/1451 2454/1972/1452 2442/1960/1444
f 2442/1960/1444 2454/1972/1452 2444/1962/1446
f 2454/1972/1452 2450/1968/1449 2444/1962/1446
f 2444/1962/1446 2450/1968/1449 2446/1964/1448
f 2454/1972/1452 2453/1971/1451 2450/1968/1449
f 2453/1971/1451 2452/1970/1450 2450/1968/1449
f 2455/1973/1453 2456/1974/1454 2457/1975/1455
f 2456/1974/1454 2458/1976/1455 2457/1975/1455
f 2457/1975/1455 2458/1976/1455 2459/1977/1456
f 2457/1975/1455 2459/1977/1456 2411/1929/1424
f 2459/1977/1456 2413/1931/2 2411/1929/1424
f 2435/1953/2 2434/1952/1440 2460/1978/2
f 2434/1952/1440 2461/1979/2 2460/1978/2
f 2461/1979/2 2434/1952/1440 2462/1980/1457
f 2434/1952/1440 2433/1951/1439 2462/1980/1457
f 2462/1980/1457 2433/1951/1439 2443/1961/1445
f 2433/1951/1439 2437/1955/1441 2443/1961/1445
f 2443/1961/1445 2445/1963/1447 2462/1980/1457
f 2445/1963/1447 2447/1965/2 2462/1980/1457
f 2462/1980/1457 2447/1965/2 2461/1979/2
f 2420/1938/1428 2425/1943/1431 2418/1936/1427
f 2425/1943/1431 2416/1934/1426 2418/1936/1427
f 2416/1934/1426 2425/1943/1431 2463/1981/1458
f 2425/1943/1431 2429/1947/1435 2463/1981/1458
f 2463/1981/1458 2429/1947/1435 2464/1982/1459
f 2429/1947/1435 2431/1949/1437 2464/1982/1459
f 2464/1982/1459 2431/1949/1437 2465/1983/1460
f 2431/1949/1437 2414/1932/1425 2465/1983/1460
f 2465/1983/1460 2414/1932/1425 2416/1934/1426
f 2416/1934/1426 2463/1981/1458 2465/1983/1460
f 2463/1981/1458 2464/1982/1459 2465/1983/1460
f 2466/1984/19 2467/1985/19 2468/1986/19
f 2467/1985/19 2469/1987/19 2468/1986/19
f 2470/1988/23 2471/1989/23 2472/1986/23
f 2471/1989/23 2473/1984/23 2472/1986/23
f 2474/1990/1461 2475/1991/1462 2476/1992/1463
f 2475/1991/1462 2477/1993/1464 2476/1992/1463
f 2475/1991/1462 2478/1994/1465 2477/1993/1464
f 2478/1994/1465 2479/1995/1320 2477/1993/1464
f 2479/1995/1320 2478/1994/1465 2480/1996/1466
f 2478/1994/1465 2481/1997/1467 2480/1996/1466
f 2480/1996/1466 2481/1997/1467 2482/1996/1468
f 2481/1997/1467 2483/1997/1468 2482/1996/1468
f 2482/1996/1468 2483/1997/1468 2484/1998/1469
f 2485/1999/230 2486/2000/230 2487/2001/230
f 2486/2000/230 2488/2002/230 2487/2001/230
f 2489/2003/1470 2490/2004/1471 2491/2005/1472
f 2490/2004/1471 2492/2006/1473 2491/2005/1472
f 2491/2005/1472 2492/2006/1473 2493/2007/1474
f 2492/2006/1473 2494/2008/1475 2493/2007/1474
f 2493/2007/1474 2494/2008/1475 2495/2009/1476
f 2494/2008/1475 2496/2010/1477 2495/2009/1476
f 2495/2009/1476 2496/2010/1477 2497/2011/1478
f 2496/2010/1477 2498/2012/1479 2497/2011/1478
f 2497/2011/1478 2498/2012/1479 2499/2013/1480
f 2498/2012/1479 2500/2014/1481 2499/2013/1480
f 2499/2013/1480 2500/2014/1481 2501/2015/1482
f 2500/2014/1481 2502/2016/84 2501/2015/1482
f 2501/2015/1482 2502/2016/84 2503/2017/1483
f 2502/2016/84 2504/2018/1484 2503/2017/1483
f 2503/2017/1483 2504/2018/1484 2505/2019/1485
f 2504/2018/1484 2506/2020/1486 2505/2019/1485
f 2505/2019/1485 2506/2020/1486 2507/2021/1487
f 2506/2020/1486 2508/2022/1488 2507/2021/1487
f 2507/2021/1487 2508/2022/1488 2509/2023/1489
f 2508/2022/1488 2510/2024/1490 2509/2023/1489
f 2509/2023/1489 2510/2024/1490 2511/2025/1491
f 2510/2024/1490 2512/2026/1492 2511/2025/1491
f 2511/2025/1491 2512/2026/1492 2513/2027/1493
f 2512/2026/1492 2514/2028/1494 2513/2027/1493
f 2513/2027/1493 2514/2028/1494 2515/2029/1495
f 2490/2004/1471 2516/2030/1496 2492/2006/1473
f 2516/2030/1496 2517/2031/1497 2492/2006/1473
f 2492/2006/1473 2517/2031/1497 2494/2008/1475
f 2517/2031/1497 2518/2032/1498 2494/2008/1475
f 2494/2008/1475 2518/2032/1498 2496/2010/1477
f 2518/2032/1498 2519/2033/1499 2496/2010/1477
f 2496/2010/1477 2519/2033/1499 2498/2012/1479
f 2519/2033/1499 2520/2034/1500 2498/2012/1479
f 2498/2012/1479 2520/2034/1500 2521/2035/1501
f 2520/2034/1500 2522/2036/1502 2521/2035/1501
f 2521/2035/1501 2522/2036/1502 2523/2037/1503
f 2522/2036/1502 2524/2038/1504 2523/2037/1503
f 2523/2037/1503 2524/2038/1504 2525/2039/1505
f 2524/2038/1504 2526/2040/1506 2525/2039/1505
f 2525/2039/1505 2526/2040/1506 2527/2041/1507
f 2526/2040/1506 2528/2042/1508 2527/2041/1507
f 2527/2041/1507 2528/2042/1508 2508/2022/1488
f 2528/2042/1508 2510/2024/1490 2508/2022/1488
f 2508/2022/1488 2506/2020/1486 2527/2041/1507
f 2506/2020/1486 2504/2018/1484 2527/2041/1507
f 2527/2041/1507 2504/2018/1484 2525/2039/1505
f 2504/2018/1484 2502/2016/84 2525/2039/1505
f 2525/2039/1505 2502/2016/84 2523/2037/1503
f 2502/2016/84 2521/2035/1501 2523/2037/1503
f 2502/2016/84 2500/2014/1481 2521/2035/1501
f 2500/2014/1481 2498/2012/1479 2521/2035/1501
f 2529/2043/1509 2530/2005/1510 2531/2044/1511
f 2530/2005/1510 2532/2006/1512 2531/2044/1511
f 2531/2044/1511 2532/2006/1512 2533/2030/1513
f 2532/2006/1512 2534/2031/1514 2533/2030/1513
f 2533/2030/1513 2534/2031/1514 2535/2045/1515
f 2534/2031/1514 2536/2046/1516 2535/2045/1515
f 2535/2045/1515 2536/2046/1516 2537/2047/1517
f 2536/2046/1516 2538/2048/1518 2537/2047/1517
f 2537/2047/1517 2538/2048/1518 2539/2049/1519
f 2538/2048/1518 2540/2050/1520 2539/2049/1519
f 2539/2049/1519 2540/2050/1520 2541/2051/1521
f 2540/2050/1520 2542/2052/1522 2541/2051/1521
f 2541/2051/1521 2542/2052/1522 2543/2053/1523
f 2542/2052/1522 2544/2054/1524 2543/2053/1523
f 2543/2053/1523 2544/2054/1524 2545/2026/1525
f 2544/2054/1524 2546/2055/1526 2545/2026/1525
f 2545/2026/1525 2546/2055/1526 2547/2027/1527
f 2546/2055/1526 2548/2056/1528 2547/2027/1527
f 2547/2027/1527 2548/2056/1528 2549/2029/1529
f 2548/2056/1528 2550/2057/1530 2549/2029/1529
f 2530/2005/1510 2551/2007/1531 2532/2006/1512
f 2551/2007/1531 2552/2008/1532 2532/2006/1512
f 2532/2006/1512 2552/2008/1532 2534/2031/1514
f 2552/2008/1532 2553/2032/1533 2534/2031/1514
f 2534/2031/1514 2553/2032/1533 2536/2046/1516
f 2553/2032/1533 2554/2058/1534 2536/2046/1516
f 2536/2046/1516 2554/2058/1534 2538/2048/1518
f 2554/2058/1534 2555/2059/1535 2538/2048/1518
f 2538/2048/1518 2555/2059/1535 2540/2050/1520
f 2555/2059/1535 2556/2036/1536 2540/2050/1520
f 2540/2050/1520 2556/2036/1536 2542/2052/1522
f 2556/2036/1536 2557/2060/1537 2542/2052/1522
f 2542/2052/1522 2557/2060/1537 2544/2054/1524
f 2557/2060/1537 2558/2061/1538 2544/2054/1524
f 2544/2054/1524 2558/2061/1538 2559/2062/1539
f 2558/2061/1538 2560/2063/1540 2559/2062/1539
f 2559/2062/1539 2560/2063/1540 2561/2064/1541
f 2560/2063/1540 2562/2019/1542 2561/2064/1541
f 2561/2064/1541 2562/2019/1542 2563/2065/1543
f 2562/2019/1542 2564/2066/1544 2563/2065/1543
f 2563/2065/1543 2564/2066/1544 2565/2067/1545
f 2564/2066/1544 2566/2068/1546 2565/2067/1545
f 2565/2067/1545 2566/2068/1546 2567/2069/1547
f 2566/2068/1546 2568/2070/1548 2567/2069/1547
f 2567/2069/1547 2568/2070/1548 2569/2071/1549
f 2568/2070/1548 2570/2072/1550 2569/2071/1549
f 2569/2071/1549 2570/2072/1550 2571/2073/1551
f 2570/2072/1550 2572/2074/1552 2571/2073/1551
f 2571/2073/1551 2572/2074/1552 2573/2075/1553
f 2572/2074/1552 2574/2076/1554 2573/2075/1553
f 2573/2075/1553 2574/2076/1554 2575/2077/1555
f 2574/2076/1554 2576/2078/1556 2575/2077/1555
f 2575/2077/1555 2576/2078/1556 2577/2079/1557
f 2576/2078/1556 2578/2080/1558 2577/2079/1557
f 2577/2079/1557 2578/2080/1558 2579/2081/1559
f 2578/2080/1558 2580/2082/1560 2579/2081/1559
f 2579/2081/1559 2580/2082/1560 2581/2083/1561
f 2580/2082/1560 2582/2084/1562 2581/2083/1561
f 2581/2083/1561 2582/2084/1562 2583/2085/1563
f 2582/2084/1562 2584/2086/1564 2583/2085/1563
f 2583/2085/1563 2584/2086/1564 2585/2087/1565
f 2584/2086/1564 2586/2088/1566 2585/2087/1565
f 2585/2087/1565 2586/2088/1566 2587/2089/1567
f 2586/2088/1566 2588/2090/1568 2587/2089/1567
f 2587/2089/1567 2588/2090/1568 2589/2091/1569
f 2588/2090/1568 2590/2092/1570 2589/2091/1569
f 2589/2091/1569 2590/2092/1570 2591/2093/1571
f 2590/2092/1570 2592/2094/1572 2591/2093/1571
f 2577/2079/1557 2593/2095/1573 2575/2077/1555
f 2593/2095/1573 2594/2096/1574 2575/2077/1555
f 2575/2077/1555 2594/2096/1574 2573/2075/1553
f 2594/2096/1574 2595/2097/1575 2573/2075/1553
f 2573/2075/1553 2595/2097/1575 2571/2073/1551
f 2595/2097/1575 2596/2098/1576 2571/2073/1551
f 2571/2073/1551 2596/2098/1576 2569/2071/1549
f 2596/2098/1576 2597/2099/1577 2569/2071/1549
f 2569/2071/1549 2597/2099/1577 2567/2069/1547
f 2597/2099/1577 2598/2100/1578 2567/2069/1547
f 2567/2069/1547 2598/2100/1578 2565/2067/1545
f 2598/2100/1578 2599/2101/1579 2565/2067/1545
f 2565/2067/1545 2599/2101/1579 2563/2065/1543
f 2599/2101/1579 2600/2102/1580 2563/2065/1543
f 2563/2065/1543 2600/2102/1580 2561/2064/1541
f 2600/2102/1580 2601/2103/1581 2561/2064/1541
f 2561/2064/1541 2601/2103/1581 2559/2062/1539
f 2601/2103/1581 2546/2055/1526 2559/2062/1539
f 2559/2062/1539 2546/2055/1526 2544/2054/1524
f 2598/2100/1578 2597/2099/1577 2602/2104/1582
f 2597/2099/1577 2596/2098/1576 2602/2104/1582
f 2602/2104/1582 2596/2098/1576 2603/2105/1583
f 2596/2098/1576 2595/2097/1575 2603/2105/1583
f 2603/2105/1583 2595/2097/1575 2604/2106/1584
f 2595/2097/1575 2594/2096/1574 2604/2106/1584
f 2604/2106/1584 2594/2096/1574 2605/2107/1585
f 2594/2096/1574 2606/2108/1586 2605/2107/1585
f 2605/2107/1585 2606/2108/1586 2607/2109/1587
f 2606/2108/1586 2608/2110/1588 2607/2109/1587
f 2607/2109/1587 2608/2110/1588 2609/2111/1589
f 2608/2110/1588 2610/2112/1590 2609/2111/1589
f 2609/2111/1589 2610/2112/1590 2611/2113/1591
f 2610/2112/1590 2612/2114/1592 2611/2113/1591
f 2611/2113/1591 2612/2114/1592 2613/2115/1593
f 2612/2114/1592 2614/2116/1594 2613/2115/1593
f 2613/2115/1593 2614/2116/1594 2615/2117/1595
f 2614/2116/1594 2616/2118/1596 2615/2117/1595
f 2615/2117/1595 2616/2118/1596 2617/2119/1597
f 2616/2118/1596 2618/2120/1598 2617/2119/1597
f 2617/2119/1597 2618/2120/1598 2619/2121/1599
f 2618/2120/1598 2620/2122/1600 2619/2121/1599
f 2619/2121/1599 2620/2122/1600 2621/2123/1601
f 2620/2122/1600 2622/2124/1602 2621/2123/1601
f 2621/2123/1601 2622/2124/1602 2623/2125/1603
f 2622/2124/1602 2624/2126/1604 2623/2125/1603
f 2623/2125/1603 2624/2126/1604 2625/2127/1605
f 2624/2126/1604 2626/2128/1606 2625/2127/1605
f 2625/2127/1605 2626/2128/1606 2548/2056/1528
f 2626/2128/1606 2627/2129/1607 2548/2056/1528
f 2548/2056/1528 2627/2129/1607 2550/2057/1530
f 2625/2127/1605 2546/2055/1526 2623/2125/1603
f 2546/2055/1526 2601/2103/1581 2623/2125/1603
f 2623/2125/1603 2601/2103/1581 2621/2123/1601
f 2601/2103/1581 2600/2102/1580 2621/2123/1601
f 2621/2123/1601 2600/2102/1580 2619/2121/1599
f 2600/2102/1580 2599/2101/1579 2619/2121/1599
f 2619/2121/1599 2599/2101/1579 2617/2119/1597
f 2599/2101/1579 2598/2100/1578 2617/2119/1597
f 2617/2119/1597 2598/2100/1578 2628/2130/1608
f 2598/2100/1578 2602/2104/1582 2628/2130/1608
f 2628/2130/1608 2602/2104/1582 2603/2105/1583
f 2603/2105/1583 2613/2115/1593 2628/2130/1608
f 2613/2115/1593 2615/2117/1595 2628/2130/1608
f 2628/2130/1608 2615/2117/1595 2617/2119/1597
f 2613/2115/1593 2603/2105/1583 2611/2113/1591
f 2603/2105/1583 2604/2106/1584 2611/2113/1591
f 2611/2113/1591 2604/2106/1584 2607/2109/1587
f 2604/2106/1584 2605/2107/1585 2607/2109/1587
f 2589/2091/1569 2591/2093/1571 2587/2089/1567
f 2591/2093/1571 2629/2131/1609 2587/2089/1567
f 2587/2089/1567 2629/2131/1609 2585/2087/1565
f 2629/2131/1609 2630/2132/1610 2585/2087/1565
f 2585/2087/1565 2630/2132/1610 2631/2133/1611
f 2585/2087/1565 2631/2133/1611 2632/2134/1612
f 2631/2133/1611 2633/2135/1613 2632/2134/1612
f 2632/2134/1612 2633/2135/1613 2583/2085/1563
f 2633/2135/1613 2581/2083/1561 2583/2085/1563
f 2631/2133/1611 2634/2136/1614 2633/2135/1613
f 2634/2136/1614 2608/2110/1588 2633/2135/1613
f 2633/2135/1613 2608/2110/1588 2606/2108/1586
f 2633/2135/1613 2606/2108/1586 2581/2083/1561
f 2606/2108/1586 2579/2081/1559 2581/2083/1561
f 2579/2081/1559 2606/2108/1586 2593/2095/1573
f 2606/2108/1586 2594/2096/1574 2593/2095/1573
f 2592/2094/1572 2590/2092/1570 2635/2137/1615
f 2590/2092/1570 2636/2138/1616 2635/2137/1615
f 2635/2137/1615 2636/2138/1616 2637/2139/1617
f 2636/2138/1616 2638/2140/600 2637/2139/1617
f 2637/2139/1617 2638/2140/600 2639/2141/1618
f 2638/2140/600 2640/2142/1619 2639/2141/1618
f 2639/2141/1618 2640/2142/1619 2641/2143/1620
f 2640/2142/1619 2642/2144/1621 2641/2143/1620
f 2641/2143/1620 2642/2144/1621 2643/2145/1622
f 2642/2144/1621 2644/2146/1623 2643/2145/1622
f 2643/2145/1622 2644/2146/1623 2645/2147/1624
f 2644/2146/1623 2646/2148/1625 2645/2147/1624
f 2645/2147/1624 2646/2148/1625 2647/2149/1626
f 2646/2148/1625 2648/2150/1627 2647/2149/1626
f 2647/2149/1626 2648/2150/1627 2649/2151/1628
f 2648/2150/1627 2650/2152/1629 2649/2151/1628
f 2649/2151/1628 2650/2152/1629 2651/2153/1630
f 2650/2152/1629 2652/2154/1631 2651/2153/1630
f 2651/2153/1630 2652/2154/1631 2653/2155/1632
f 2652/2154/1631 2654/2156/1633 2653/2155/1632
f 2653/2155/1632 2654/2156/1633 2655/2157/1634
f 2654/2156/1633 2656/2158/1635 2655/2157/1634
f 2655/2157/1634 2656/2158/1635 2657/2159/1636
f 2656/2158/1635 2658/2160/1637 2657/2159/1636
f 2657/2159/1636 2658/2160/1637 2659/2161/1638
f 2658/2160/1637 2660/2162/1639 2659/2161/1638
f 2659/2161/1638 2660/2162/1639 2661/2163/1640
f 2660/2162/1639 2662/2164/1641 2661/2163/1640
f 2636/2138/1616 2590/2092/1570 2663/2165/1642
f 2590/2092/1570 2588/2090/1568 2663/2165/1642
f 2663/2165/1642 2588/2090/1568 2664/2166/1643
f 2588/2090/1568 2586/2088/1566 2664/2166/1643
f 2664/2166/1643 2586/2088/1566 2665/2167/1644
f 2586/2088/1566 2584/2086/1564 2665/2167/1644
f 2665/2167/1644 2584/2086/1564 2666/2168/1645
f 2584/2086/1564 2582/2084/1562 2666/2168/1645
f 2666/2168/1645 2582/2084/1562 2667/2169/1646
f 2582/2084/1562 2580/2082/1560 2667/2169/1646
f 2667/2169/1646 2580/2082/1560 2668/2170/1647
f 2580/2082/1560 2578/2080/1558 2668/2170/1647
f 2668/2170/1647 2578/2080/1558 2669/2171/1648
f 2578/2080/1558 2670/2172/1649 2669/2171/1648
f 2669/2171/1648 2670/2172/1649 2671/2173/1650
f 2670/2172/1649 2672/2174/1651 2671/2173/1650
f 2671/2173/1650 2672/2174/1651 2673/2175/1652
f 2672/2174/1651 2674/2176/1653 2673/2175/1652
f 2673/2175/1652 2674/2176/1653 2675/2177/1654
f 2674/2176/1653 2676/2178/1655 2675/2177/1654
f 2675/2177/1654 2676/2178/1655 2677/2179/1656
f 2676/2178/1655 2678/2180/1657 2677/2179/1656
f 2677/2179/1656 2678/2180/1657 2679/2181/1658
f 2678/2180/1657 2680/2182/1659 2679/2181/1658
f 2679/2181/1658 2680/2182/1659 2681/2183/1660
f 2680/2182/1659 2682/2184/1661 2681/2183/1660
f 2681/2183/1660 2682/2184/1661 2683/2185/1662
f 2682/2184/1661 2684/2186/1663 2683/2185/1662
f 2683/2185/1662 2684/2186/1663 2685/2187/1664
f 2684/2186/1663 2686/2188/1665 2685/2187/1664
f 2685/2187/1664 2686/2188/1665 2687/2189/1666
f 2686/2188/1665 2688/2017/1667 2687/2189/1666
f 2687/2189/1666 2688/2017/1667 2689/2015/1668
f 2688/2017/1667 2690/2016/1669 2689/2015/1668
f 2689/2015/1668 2690/2016/1669 2691/2014/1670
f 2690/2016/1669 2692/2035/1671 2691/2014/1670
f 2691/2014/1670 2692/2035/1671 2693/2012/1672
f 2692/2035/1671 2694/2034/1673 2693/2012/1672
f 2693/2012/1672 2694/2034/1673 2695/2033/1674
f 2694/2034/1673 2554/2058/1534 2695/2033/1674
f 2695/2033/1674 2554/2058/1534 2553/2032/1533
f 2680/2182/1659 2568/2070/1548 2682/2184/1661
f 2568/2070/1548 2566/2068/1546 2682/2184/1661
f 2682/2184/1661 2566/2068/1546 2684/2186/1663
f 2566/2068/1546 2564/2066/1544 2684/2186/1663
f 2684/2186/1663 2564/2066/1544 2686/2188/1665
f 2564/2066/1544 2562/2019/1542 2686/2188/1665
f 2686/2188/1665 2562/2019/1542 2688/2017/1667
f 2562/2019/1542 2560/2063/1540 2688/2017/1667
f 2688/2017/1667 2560/2063/1540 2690/2016/1669
f 2560/2063/1540 2558/2061/1538 2690/2016/1669
f 2690/2016/1669 2558/2061/1538 2696/2037/1675
f 2558/2061/1538 2557/2060/1537 2696/2037/1675
f 2696/2037/1675 2557/2060/1537 2556/2036/1536
f 2690/2016/1669 2696/2037/1675 2692/2035/1671
f 2696/2037/1675 2556/2036/1536 2692/2035/1671
f 2692/2035/1671 2556/2036/1536 2694/2034/1673
f 2556/2036/1536 2555/2059/1535 2694/2034/1673
f 2694/2034/1673 2555/2059/1535 2554/2058/1534
f 2634/2136/1614 2697/2190/1676 2608/2110/1588
f 2697/2190/1676 2610/2112/1590 2608/2110/1588
f 2578/2080/1558 2576/2078/1556 2670/2172/1649
f 2576/2078/1556 2674/2176/1653 2670/2172/1649
f 2670/2172/1649 2674/2176/1653 2672/2174/1651
f 2576/2078/1556 2574/2076/1554 2674/2176/1653
f 2574/2076/1554 2676/2178/1655 2674/2176/1653
f 2574/2076/1554 2572/2074/1552 2676/2178/1655
f 2572/2074/1552 2678/2180/1657 2676/2178/1655
f 2678/2180/1657 2572/2074/1552 2680/2182/1659
f 2572/2074/1552 2570/2072/1550 2680/2182/1659
f 2680/2182/1659 2570/2072/1550 2568/2070/1548
f 2659/2161/1638 2698/2191/1677 2657/2159/1636
f 2698/2191/1677 2699/2192/1678 2657/2159/1636
f 2657/2159/1636 2699/2192/1678 2655/2157/1634
f 2699/2192/1678 2700/2193/1679 2655/2157/1634
f 2655/2157/1634 2700/2193/1679 2653/2155/1632
f 2700/2193/1679 2701/2194/1680 2653/2155/1632
f 2653/2155/1632 2701/2194/1680 2651/2153/1630
f 2701/2194/1680 2702/2195/1681 2651/2153/1630
f 2651/2153/1630 2702/2195/1681 2703/2196/1682
f 2702/2195/1681 2704/2197/1683 2703/2196/1682
f 2703/2196/1682 2704/2197/1683 2705/2198/1684
f 2704/2197/1683 2706/2199/1685 2705/2198/1684
f 2705/2198/1684 2706/2199/1685 2707/2200/1686
f 2706/2199/1685 2708/2201/1687 2707/2200/1686
f 2707/2200/1686 2708/2201/1687 2709/2202/1688
f 2708/2201/1687 2710/2203/1689 2709/2202/1688
f 2709/2202/1688 2710/2203/1689 2711/2204/1690
f 2710/2203/1689 2712/2205/1691 2711/2204/1690
f 2711/2204/1690 2712/2205/1691 2641/2143/1620
f 2712/2205/1691 2639/2141/1618 2641/2143/1620
f 2641/2143/1620 2643/2145/1622 2711/2204/1690
f 2643/2145/1622 2713/2206/1692 2711/2204/1690
f 2711/2204/1690 2713/2206/1692 2709/2202/1688
f 2713/2206/1692 2714/2207/1693 2709/2202/1688
f 2709/2202/1688 2714/2207/1693 2707/2200/1686
f 2714/2207/1693 2705/2198/1684 2707/2200/1686
f 2705/2198/1684 2714/2207/1693 2703/2196/1682
f 2714/2207/1693 2649/2151/1628 2703/2196/1682
f 2703/2196/1682 2649/2151/1628 2651/2153/1630
f 2649/2151/1628 2714/2207/1693 2647/2149/1626
f 2714/2207/1693 2715/2208/1694 2647/2149/1626
f 2647/2149/1626 2715/2208/1694 2645/2147/1624
f 2715/2208/1694 2643/2145/1622 2645/2147/1624
f 2643/2145/1622 2715/2208/1694 2713/2206/1692
f 2715/2208/1694 2714/2207/1693 2713/2206/1692
f 2698/2191/1677 2716/2209/1695 2699/2192/1678
f 2716/2209/1695 2717/2210/1696 2699/2192/1678
f 2699/2192/1678 2717/2210/1696 2700/2193/1679
f 2717/2210/1696 2718/2211/1697 2700/2193/1679
f 2700/2193/1679 2718/2211/1697 2701/2194/1680
f 2718/2211/1697 2719/2212/1698 2701/2194/1680
f 2701/2194/1680 2719/2212/1698 2720/2213/1699
f 2719/2212/1698 2721/2214/1700 2720/2213/1699
f 2720/2213/1699 2721/2214/1700 2722/2215/1701
f 2721/2214/1700 2723/2216/1702 2722/2215/1701
f 2722/2215/1701 2723/2216/1702 2724/2217/1703
f 2723/2216/1702 2725/2218/1704 2724/2217/1703
f 2724/2217/1703 2725/2218/1704 2726/2219/1705
f 2725/2218/1704 2727/2220/1706 2726/2219/1705
f 2726/2219/1705 2727/2220/1706 2728/2221/1707
f 2727/2220/1706 2729/2222/1708 2728/2221/1707
f 2728/2221/1707 2730/2223/1709 2726/2219/1705
f 2730/2223/1709 2731/2224/1710 2726/2219/1705
f 2726/2219/1705 2731/2224/1710 2724/2217/1703
f 2731/2224/1710 2706/2199/1685 2724/2217/1703
f 2724/2217/1703 2706/2199/1685 2722/2215/1701
f 2706/2199/1685 2704/2197/1683 2722/2215/1701
f 2722/2215/1701 2704/2197/1683 2720/2213/1699
f 2704/2197/1683 2702/2195/1681 2720/2213/1699
f 2720/2213/1699 2702/2195/1681 2701/2194/1680
f 2706/2199/1685 2731/2224/1710 2708/2201/1687
f 2731/2224/1710 2732/2225/1711 2708/2201/1687
f 2708/2201/1687 2732/2225/1711 2710/2203/1689
f 2732/2225/1711 2733/2226/1712 2710/2203/1689
f 2710/2203/1689 2733/2226/1712 2712/2205/1691
f 2733/2226/1712 2734/2227/1713 2712/2205/1691
f 2712/2205/1691 2734/2227/1713 2735/2228/1714
f 2731/2224/1710 2730/2223/1709 2732/2225/1711
f 2730/2223/1709 2736/2229/1715 2732/2225/1711
f 2732/2225/1711 2736/2229/1715 2734/2227/1716
f 2537/2047/1517 2539/2049/1519 2737/2230/1717
f 2539/2049/1519 2541/2051/1521 2737/2230/1717
f 2737/2230/1717 2541/2051/1521 2738/2231/1718
f 2541/2051/1521 2543/2053/1523 2738/2231/1718
f 2738/2231/1718 2543/2053/1523 2739/2232/1719
f 2543/2053/1523 2740/2233/1720 2739/2232/1719
f 2543/2053/1523 2545/2026/1525 2740/2233/1720
f 2545/2026/1525 2741/2028/1721 2740/2233/1720
f 2545/2026/1525 2547/2027/1527 2741/2028/1721
f 2547/2027/1527 2549/2029/1529 2741/2028/1721
f 2735/2228/1714 2742/2234/1722 2712/2205/1691
f 2742/2234/1722 2639/2141/1618 2712/2205/1691
f 2717/2210/1696 2743/2235/1723 2718/2211/1697
f 2743/2235/1723 2744/2236/1724 2718/2211/1697
f 2718/2211/1697 2744/2236/1724 2719/2212/1698
f 2744/2236/1724 2721/2214/1700 2719/2212/1698
f 2743/2235/1723 2745/2237/1725 2744/2236/1724
f 2745/2237/1725 2746/2238/1726 2744/2236/1724
f 2744/2236/1724 2746/2238/1726 2721/2214/1700
f 2746/2238/1726 2747/2239/1727 2721/2214/1700
f 2721/2214/1700 2747/2239/1727 2748/2240/1728
f 2747/2239/1727 2749/2241/1729 2748/2240/1728
f 2748/2240/1728 2749/2241/1729 2750/2240/1730
f 2749/2241/1729 2751/2242/1731 2750/2240/1730
f 2750/2240/1730 2751/2242/1731 2723/2216/1702
f 2751/2242/1731 2725/2218/1704 2723/2216/1702
f 2749/2241/1729 2747/2239/1727 2752/2239/1732
f 2747/2239/1727 2746/2238/1726 2752/2239/1732
f 2752/2239/1732 2746/2238/1726 2753/2243/1733
f 2746/2238/1726 2745/2237/1725 2753/2243/1733
f 2514/2028/1494 2512/2026/1492 2754/2233/1734
f 2512/2026/1492 2755/2244/1735 2754/2233/1734
f 2754/2233/1734 2755/2244/1735 2756/2232/1736
f 2755/2244/1735 2757/2245/1737 2756/2232/1736
f 2756/2232/1736 2757/2245/1737 2758/2231/1738
f 2757/2245/1737 2759/2246/1739 2758/2231/1738
f 2758/2231/1738 2759/2246/1739 2760/2247/1740
f 2759/2246/1739 2761/2248/1741 2760/2247/1740
f 2760/2247/1740 2761/2248/1741 2762/2050/1742
f 2761/2248/1741 2522/2036/1502 2762/2050/1742
f 2762/2050/1742 2522/2036/1502 2763/2059/1743
f 2522/2036/1502 2520/2034/1500 2763/2059/1743
f 2763/2059/1743 2520/2034/1500 2764/2058/1744
f 2520/2034/1500 2519/2033/1499 2764/2058/1744
f 2764/2058/1744 2519/2033/1499 2518/2032/1498
f 2755/2244/1735 2510/2024/1490 2757/2245/1737
f 2510/2024/1490 2528/2042/1508 2757/2245/1737
f 2757/2245/1737 2528/2042/1508 2765/2249/1745
f 2528/2042/1508 2526/2040/1506 2765/2249/1745
f 2765/2249/1745 2526/2040/1506 2524/2038/1504
f 2524/2038/1504 2761/2248/1741 2765/2249/1745
f 2761/2248/1741 2759/2246/1739 2765/2249/1745
f 2765/2249/1745 2759/2246/1739 2757/2245/1737
f 2723/2216/1702 2721/2214/1700 2750/2240/1730
f 2721/2214/1700 2748/2240/1728 2750/2240/1730
f 2516/2030/1496 2766/2045/1746 2517/2031/1497
f 2766/2045/1746 2767/2046/1747 2517/2031/1497
f 2517/2031/1497 2767/2046/1747 2518/2032/1498
f 2767/2046/1747 2764/2058/1744 2518/2032/1498
f 2766/2045/1746 2768/2047/1748 2767/2046/1747
f 2768/2047/1748 2769/2048/1749 2767/2046/1747
f 2767/2046/1747 2769/2048/1749 2764/2058/1744
f 2769/2048/1749 2763/2059/1743 2764/2058/1744
f 2763/2059/1743 2769/2048/1749 2762/2050/1742
f 2769/2048/1749 2770/2049/1750 2762/2050/1742
f 2762/2050/1742 2770/2049/1750 2760/2247/1740
f 2770/2049/1750 2771/2230/1751 2760/2247/1740
f 2760/2247/1740 2771/2230/1751 2758/2231/1738
f 2771/2230/1751 2770/2049/1750 2768/2047/1748
f 2770/2049/1750 2769/2048/1749 2768/2047/1748
f 2638/2140/600 2636/2138/1616 2640/2142/1619
f 2636/2138/1616 2772/2250/1752 2640/2142/1619
f 2640/2142/1619 2772/2250/1752 2642/2144/1621
f 2772/2250/1752 2773/2251/1753 2642/2144/1621
f 2642/2144/1621 2773/2251/1753 2644/2146/1623
f 2773/2251/1753 2774/2252/1754 2644/2146/1623
f 2644/2146/1623 2774/2252/1754 2775/2253/1755
f 2774/2252/1754 2776/2254/1756 2775/2253/1755
f 2775/2253/1755 2776/2254/1756 2777/2255/1757
f 2776/2254/1756 2778/2256/1758 2777/2255/1757
f 2777/2255/1757 2778/2256/1758 2779/2257/1759
f 2778/2256/1758 2780/2258/1760 2779/2257/1759
f 2779/2257/1759 2780/2258/1760 2781/2259/1761
f 2780/2258/1760 2668/2170/1647 2781/2259/1761
f 2781/2259/1761 2668/2170/1647 2669/2171/1648
f 2669/2171/1648 2782/2260/1762 2781/2259/1761
f 2782/2260/1762 2783/2261/1763 2781/2259/1761
f 2781/2259/1761 2783/2261/1763 2779/2257/1759
f 2783/2261/1763 2784/2262/1764 2779/2257/1759
f 2779/2257/1759 2784/2262/1764 2777/2255/1757
f 2784/2262/1764 2785/2263/1765 2777/2255/1757
f 2777/2255/1757 2785/2263/1765 2775/2253/1755
f 2785/2263/1765 2786/2264/1766 2775/2253/1755
f 2775/2253/1755 2786/2264/1766 2644/2146/1623
f 2786/2264/1766 2646/2148/1625 2644/2146/1623
f 2784/2262/1764 2783/2261/1763 2787/2265/1767
f 2783/2261/1763 2788/2266/1768 2787/2265/1767
f 2787/2265/1767 2788/2266/1768 2789/2267/1769
f 2788/2266/1768 2782/2260/1770 2789/2267/1769
f 2789/2267/1769 2782/2260/1770 2790/2268/1771
f 2782/2260/1770 2671/2173/1650 2790/2268/1771
f 2790/2268/1771 2671/2173/1650 2791/2269/1772
f 2671/2173/1650 2673/2175/1652 2791/2269/1772
f 2791/2269/1772 2673/2175/1652 2792/2270/1325
f 2673/2175/1652 2675/2177/1654 2792/2270/1325
f 2792/2270/1325 2675/2177/1654 2793/2271/1773
f 2675/2177/1654 2677/2179/1656 2793/2271/1773
f 2793/2271/1773 2677/2179/1656 2794/2272/1774
f 2677/2179/1656 2795/2273/1775 2794/2272/1774
f 2794/2272/1774 2795/2273/1775 2796/2274/1776
f 2795/2273/1775 2797/2275/1777 2796/2274/1776
f 2796/2274/1776 2797/2275/1777 2798/2276/1778
f 2797/2275/1777 2799/2277/1779 2798/2276/1778
f 2677/2179/1656 2679/2181/1658 2795/2273/1775
f 2679/2181/1658 2681/2183/1660 2795/2273/1775
f 2795/2273/1775 2681/2183/1660 2797/2275/1777
f 2681/2183/1660 2683/2185/1662 2797/2275/1777
f 2797/2275/1777 2683/2185/1662 2800/2278/1780
f 2683/2185/1662 2801/2279/1781 2800/2278/1780
f 2800/2278/1780 2801/2279/1781 2802/2280/1782
f 2801/2279/1781 2803/2281/1783 2802/2280/1782
f 2802/2280/1782 2803/2281/1783 2804/2282/1784
f 2803/2281/1783 2805/2283/1785 2804/2282/1784
f 2804/2282/1784 2805/2283/1785 2806/2284/1786
f 2805/2283/1785 2807/2285/1787 2806/2284/1786
f 2683/2185/1662 2685/2187/1664 2801/2279/1781
f 2685/2187/1664 2687/2189/1666 2801/2279/1781
f 2801/2279/1781 2687/2189/1666 2803/2281/1783
f 2687/2189/1666 2689/2015/1668 2803/2281/1783
f 2803/2281/1783 2689/2015/1668 2808/2286/1788
f 2689/2015/1668 2809/2013/1789 2808/2286/1788
f 2808/2286/1788 2809/2013/1789 2810/2287/1790
f 2809/2013/1789 2811/2011/1791 2810/2287/1790
f 2810/2287/1790 2811/2011/1791 2812/2288/1792
f 2811/2011/1791 2813/2009/1793 2812/2288/1792
f 2812/2288/1792 2813/2009/1793 2814/2289/1794
f 2813/2009/1793 2551/2007/1531 2814/2289/1794
f 2814/2289/1794 2551/2007/1531 2530/2005/1510
f 2689/2015/1668 2691/2014/1670 2809/2013/1789
f 2691/2014/1670 2693/2012/1672 2809/2013/1789
f 2809/2013/1789 2693/2012/1672 2811/2011/1791
f 2693/2012/1672 2815/2010/1795 2811/2011/1791
f 2811/2011/1791 2815/2010/1795 2813/2009/1793
f 2815/2010/1795 2552/2008/1532 2813/2009/1793
f 2813/2009/1793 2552/2008/1532 2551/2007/1531
f 2693/2012/1672 2695/2033/1674 2815/2010/1795
f 2695/2033/1674 2553/2032/1533 2815/2010/1795
f 2815/2010/1795 2553/2032/1533 2552/2008/1532
f 2668/2170/1647 2780/2258/1760 2667/2169/1646
f 2780/2258/1760 2816/2290/1796 2667/2169/1646
f 2667/2169/1646 2816/2290/1796 2666/2168/1645
f 2816/2290/1796 2665/2167/1644 2666/2168/1645
f 2780/2258/1760 2778/2256/1758 2816/2290/1796
f 2778/2256/1758 2665/2167/1644 2816/2290/1796
f 2665/2167/1644 2778/2256/1758 2664/2166/1643
f 2778/2256/1758 2817/2291/1797 2664/2166/1643
f 2664/2166/1643 2817/2291/1797 2663/2165/1642
f 2817/2291/1797 2773/2251/1753 2663/2165/1642
f 2663/2165/1642 2773/2251/1753 2772/2250/1752
f 2778/2256/1758 2776/2254/1756 2817/2291/1797
f 2776/2254/1756 2774/2252/1754 2817/2291/1797
f 2817/2291/1797 2774/2252/1754 2773/2251/1753
f 2818/188/1798 2819/187/1798 2820/186/1799
f 2819/187/1798 2821/185/1800 2820/186/1799
f 2820/186/1799 2821/185/1800 2822/184/1464
f 2821/185/1800 2823/183/1801 2822/184/1464
f 2822/184/1464 2823/183/1801 2824/182/154
f 2823/183/1801 2825/181/154 2824/182/154
f 2826/2292/19 2827/2293/19 2828/2294/19
f 2827/2293/19 2829/2295/19 2828/2294/19
f 2828/2294/19 2829/2295/19 2830/2296/19
f 2829/2295/19 2831/2297/19 2830/2296/19
f 2797/2275/1777 2800/2278/1780 2799/2277/1779
f 2800/2278/1780 2802/2280/1782 2799/2277/1779
f 2799/2277/1779 2802/2280/1782 2832/2298/1802
f 2802/2280/1782 2804/2282/1784 2832/2298/1802
f 2530/2005/1510 2833/2299/1803 2814/2289/1794
f 2833/2299/1803 2834/2300/1804 2814/2289/1794
f 2814/2289/1794 2834/2300/1804 2812/2288/1792
f 2834/2300/1804 2835/2301/1805 2812/2288/1792
f 2812/2288/1792 2835/2301/1805 2810/2287/1790
f 2835/2301/1805 2836/2302/1806 2810/2287/1790
f 2810/2287/1790 2836/2302/1806 2808/2286/1788
f 2836/2302/1806 2803/2281/1783 2808/2286/1788
f 2803/2281/1783 2836/2302/1806 2805/2283/1785
f 2836/2302/1806 2837/2303/1807 2805/2283/1785
f 2805/2283/1785 2837/2303/1807 2807/2285/1787
f 2837/2303/1807 2838/2304/1808 2807/2285/1787
f 2836/2302/1806 2835/2301/1805 2837/2303/1807
f 2835/2301/1805 2834/2300/1804 2837/2303/1807
f 2837/2303/1807 2834/2300/1804 2838/2304/1808
f 2834/2300/1804 2833/2299/1803 2838/2304/1808
f 2798/2276/1778 2839/2305/1809 2796/2274/1776
f 2839/2305/1809 2840/2306/1810 2796/2274/1776
f 2796/2274/1776 2840/2306/1810 2794/2272/1774
f 2840/2306/1810 2793/2271/1773 2794/2272/1774
f 2840/2306/1810 2841/2307/1811 2793/2271/1773
f 2841/2307/1811 2842/2308/1812 2793/2271/1773
f 2793/2271/1773 2842/2308/1812 2792/2270/1325
f 2842/2308/1812 2843/2309/1813 2792/2270/1325
f 2792/2270/1325 2843/2309/1813 2791/2269/1772
f 2843/2309/1813 2790/2268/1771 2791/2269/1772
f 2841/2307/1811 2844/2310/1814 2842/2308/1812
f 2844/2310/1814 2845/2311/1815 2842/2308/1812
f 2842/2308/1812 2845/2311/1815 2843/2309/1813
f 2845/2311/1815 2846/2312/1816 2843/2309/1813
f 2843/2309/1813 2846/2312/1816 2790/2268/1771
f 2846/2312/1816 2847/2313/1817 2790/2268/1771
f 2790/2268/1771 2847/2313/1817 2789/2267/1769
f 2847/2313/1817 2848/2314/1818 2789/2267/1769
f 2789/2267/1769 2848/2314/1818 2787/2265/1767
f 2848/2314/1818 2849/2315/1819 2787/2265/1767
f 2787/2265/1767 2849/2315/1819 2850/2316/1820
f 2849/2315/1819 2851/2317/1821 2850/2316/1820
f 2850/2316/1820 2851/2317/1821 2852/2318/1822
f 2851/2317/1821 2853/2319/276 2852/2318/1822
f 2852/2318/1822 2853/2319/276 2854/2320/1823
f 2853/2319/276 2855/2321/1824 2854/2320/1823
f 2854/2320/1823 2855/2321/1824 2786/2264/1766
f 2855/2321/1824 2646/2148/1625 2786/2264/1766
f 2849/2315/1819 2856/2322/1825 2851/2317/1821
f 2856/2322/1825 2857/2323/1826 2851/2317/1821
f 2851/2317/1821 2857/2323/1826 2853/2319/276
f 2857/2323/1826 2858/2324/145 2853/2319/276
f 2853/2319/276 2858/2324/145 2855/2321/1824
f 2858/2324/145 2648/2150/1627 2855/2321/1824
f 2855/2321/1824 2648/2150/1627 2646/2148/1625
f 2856/2322/1825 2658/2160/1637 2857/2323/1826
f 2658/2160/1637 2656/2158/1635 2857/2323/1826
f 2857/2323/1826 2656/2158/1635 2858/2324/145
f 2656/2158/1635 2654/2156/1633 2858/2324/145
f 2858/2324/145 2654/2156/1633 2652/2154/1631
f 2658/2160/1637 2856/2322/1825 2660/2162/1639
f 2856/2322/1825 2859/2325/1827 2660/2162/1639
f 2660/2162/1639 2859/2325/1827 2662/2164/1641
f 2859/2325/1827 2860/2326/1828 2662/2164/1641
f 2856/2322/1825 2849/2315/1819 2859/2325/1827
f 2849/2315/1819 2861/2327/1829 2859/2325/1827
f 2859/2325/1827 2861/2327/1829 2860/2326/1828
f 2861/2327/1829 2862/2328/1830 2860/2326/1828
f 2860/2326/1828 2862/2328/1830 2863/2329/1831
f 2862/2328/1830 2864/2330/1832 2863/2329/1831
f 2849/2315/1819 2848/2314/1818 2861/2327/1829
f 2848/2314/1818 2847/2313/1817 2861/2327/1829
f 2861/2327/1829 2847/2313/1817 2862/2328/1830
f 2847/2313/1817 2846/2312/1816 2862/2328/1830
f 2862/2328/1830 2846/2312/1816 2864/2330/1832
f 2846/2312/1816 2845/2311/1815 2864/2330/1832
f 2648/2150/1627 2858/2324/145 2650/2152/1629
f 2858/2324/145 2652/2154/1631 2650/2152/1629
f 2865/2331/2 2866/2332/2 2867/2333/2
f 2866/2332/2 2868/2334/2 2867/2333/2
f 2867/2333/2 2868/2334/2 2869/2335/2
f 2868/2334/2 2870/2336/2 2869/2335/2
f 2869/2335/2 2870/2336/2 2871/2337/2
f 2871/2337/2 2872/2338/2 2869/2335/2
f 2872/2338/2 2873/2339/2 2869/2335/2
f 2869/2335/2 2873/2339/2 2874/2340/2
f 2874/2340/2 2875/2341/2 2869/2335/2
f 2875/2341/2 2876/2342/2 2869/2335/2
f 2875/2341/2 2877/2343/2 2876/2342/2
f 2877/2343/2 2878/2344/2 2876/2342/2
f 2787/2265/1767 2850/2316/1820 2784/2262/1764
f 2850/2316/1820 2785/2263/1765 2784/2262/1764
f 2785/2263/1765 2850/2316/1820 2854/2320/1823
f 2850/2316/1820 2852/2318/1822 2854/2320/1823
f 2879/2345/1833 2880/2346/1834 2881/2347/1835
f 2880/2346/1834 2882/2348/1836 2881/2347/1835
f 2881/2347/1835 2882/2348/1836 2883/2349/1837
f 2882/2348/1836 2884/2350/1838 2883/2349/1837
f 2883/2349/1837 2884/2350/1838 2885/2351/1839
f 2884/2350/1838 2886/2352/1840 2885/2351/1839
f 2880/2346/1834 2887/2353/1841 2882/2348/1836
f 2887/2353/1841 2888/2354/1842 2882/2348/1836
f 2882/2348/1836 2888/2354/1842 2884/2350/1838
f 2888/2354/1842 2889/2355/1843 2884/2350/1838
f 2884/2350/1838 2889/2355/1843 2886/2352/1840
f 2887/2353/1841 2890/2356/1844 2888/2354/1842
f 2890/2356/1844 2891/2357/1845 2888/2354/1842
f 2888/2354/1842 2891/2357/1845 2889/2355/1843
f 2890/2356/1844 2887/2353/1841 2892/2358/1846
f 2887/2353/1841 2893/2359/1847 2892/2358/1846
f 2892/2358/1846 2893/2359/1847 2894/2360/1013
f 2893/2359/1847 2895/2361/1848 2894/2360/1013
f 2894/2360/1013 2895/2361/1848 2896/2362/1849
f 2895/2361/1848 2897/2363/1850 2896/2362/1849
f 2896/2362/1849 2897/2363/1850 2898/2364/1851
f 2890/2356/1844 2892/2358/1846 2899/2365/1852
f 2892/2358/1846 2894/2360/1013 2899/2365/1852
f 2899/2365/1852 2894/2360/1013 2896/2362/1849
f 2899/2365/1852 2900/2366/1853 2890/2356/1844
f 2900/2366/1853 2891/2357/1845 2890/2356/1844
f 2901/1868/1854 2902/1869/733 2903/1866/1855
f 2902/1869/733 2904/1867/732 2903/1866/1855
f 2902/1869/733 2905/1871/160 2904/1867/732
f 2905/1871/160 2906/1870/161 2904/1867/732
f 2905/1871/160 2907/1872/1856 2906/1870/161
f 2907/1872/1856 2908/1873/1857 2906/1870/161
f 2908/1873/1857 2907/1872/1856 2909/1874/1858
f 2907/1872/1856 2910/2367/1859 2909/1874/1858
f 2911/2368/1860 2912/2369/1861 2913/2370/1862
f 2912/2369/1861 2914/2371/1863 2913/2370/1862
f 2913/2370/1862 2914/2371/1863 2915/2372/1864
f 2914/2371/1863 2916/2373/1865 2915/2372/1864
f 2915/2372/1864 2916/2373/1865 2917/2374/1866
f 2916/2373/1865 2918/2375/1867 2917/2374/1866
f 2917/2374/1866 2918/2375/1867 2919/2376/1868
f 2918/2375/1867 2920/2377/1869 2919/2376/1868
f 2919/2376/1868 2920/2377/1869 2921/2378/1870
f 2920/2377/1869 2918/2375/1867 2922/2379/1871
f 2918/2375/1867 2916/2373/1865 2922/2379/1871
f 2922/2379/1871 2916/2373/1865 2923/2380/1872
f 2916/2373/1865 2914/2371/1863 2923/2380/1872
f 2923/2380/1872 2914/2371/1863 2924/2381/1873
f 2914/2371/1863 2912/2369/1861 2924/2381/1873
f 2924/2381/1873 2912/2369/1861 2925/2382/1874
f 2926/469/1875 2927/468/916 2928/470/916
f 2927/468/916 2929/471/1876 2928/470/916
f 2928/470/916 2929/471/1876 2930/472/916
f 2929/471/1876 2931/473/914 2930/472/916
f 2929/471/1876 2932/474/913 2931/473/914
f 2932/474/913 2933/475/913 2931/473/914
f 2934/2383/1877 2935/2384/1878 2936/2385/1879
f 2935/2384/1878 2937/2386/1880 2936/2385/1879
f 2936/2385/1879 2937/2386/1880 2938/2387/1881
f 2937/2386/1880 2939/2388/1882 2938/2387/1881
f 2938/2387/1881 2939/2388/1882 2940/2389/1883
f 2939/2388/1882 2941/2390/1884 2940/2389/1883
f 2940/2389/1883 2941/2390/1884 2942/2391/1885
f 2941/2390/1884 2943/2392/1886 2942/2391/1885
f 2942/2391/1885 2944/2393/1887 2940/2389/1883
f 2944/2393/1887 2945/2394/1888 2940/2389/1883
f 2940/2389/1883 2945/2394/1888 2938/2387/1881
f 2945/2394/1888 2946/2395/1889 2938/2387/1881
f 2938/2387/1881 2946/2395/1889 2936/2385/1879
f 2893/2359/1847 2887/2353/1841 2947/2396/1890
f 2887/2353/1841 2880/2346/1834 2947/2396/1890
f 2917/2374/1866 2919/2376/1868 2948/2397/190
f 2919/2376/1868 2949/2398/1891 2948/2397/190
f 2949/2398/1891 2919/2376/1868 2950/2399/1892
f 2919/2376/1868 2921/2378/1870 2950/2399/1892
f 2950/2399/1892 2921/2378/1870 2951/2400/1893
f 2949/2398/1891 2950/2399/1892 2898/2364/1851
f 2950/2399/1892 2952/2401/1894 2898/2364/1851
f 2898/2364/1851 2952/2401/1894 2896/2362/1849
f 2952/2401/1894 2953/2402/1895 2896/2362/1849
f 2896/2362/1849 2953/2402/1895 2899/2365/1852
f 2953/2402/1895 2952/2401/1894 2951/2400/1893
f 2952/2401/1894 2950/2399/1892 2951/2400/1893
f 2954/2403/1896 2955/2404/1897 2956/2405/1898
f 2955/2404/1897 2957/2406/1899 2956/2405/1898
f 2956/2405/1898 2957/2406/1899 2935/2384/1878
f 2957/2406/1899 2937/2386/1880 2935/2384/1878
f 2957/2406/1899 2955/2404/1897 2939/2388/1882
f 2955/2404/1897 2958/2407/1900 2939/2388/1882
f 2939/2388/1882 2958/2407/1900 2941/2390/1884
f 2958/2407/1900 2959/2408/1901 2941/2390/1884
f 2941/2390/1884 2959/2408/1901 2960/2409/1902
f 2961/2410/1903 2962/2411/1903 2963/2412/1904
f 2962/2411/1903 2964/2413/1651 2963/2412/1904
f 2963/2412/1904 2964/2413/1651 2965/2414/1905
f 2964/2413/1651 2966/2415/1906 2965/2414/1905
f 2965/2414/1905 2966/2415/1906 2967/2416/1907
f 2966/2415/1906 2968/2417/1170 2967/2416/1907
f 2967/2416/1907 2968/2417/1170 2969/2418/1908
f 2968/2417/1170 2970/2419/1909 2969/2418/1908
f 2969/2418/1908 2970/2419/1909 2971/2420/1910
f 2972/2421/230 2973/2422/230 2974/2423/1911
f 2973/2422/230 2975/2424/1912 2974/2423/1911
f 2974/2423/1911 2975/2424/1912 2976/2425/1913
f 2975/2424/1912 2977/2426/120 2976/2425/1913
f 2976/2425/1913 2977/2426/120 2978/2427/1914
f 2977/2426/120 2979/2428/1915 2978/2427/1914
f 2978/2427/1914 2979/2428/1915 2980/2429/1916
f 2979/2428/1915 2981/2430/1917 2980/2429/1916
f 2980/2429/1916 2981/2430/1917 2982/2431/1918
f 2981/2430/1917 2983/2432/1919 2982/2431/1918
f 2982/2431/1918 2983/2432/1919 2984/2433/1920
f 2983/2432/1919 2985/2434/1920 2984/2433/1920
f 2986/2435/230 2987/1988/230 2988/2436/190
f 2987/1988/230 2989/1986/190 2988/2436/190
f 2988/2436/190 2989/1986/190 2990/1986/1921
f 2988/2436/190 2990/1986/1921 2991/2437/1922
f 2990/1986/1921 2992/1987/650 2991/2437/1922
f 2991/2437/1922 2992/1987/650 2993/2438/1923
f 2994/2439/230 2995/2440/230 2996/2441/230
f 2995/2440/230 2997/2442/230 2996/2441/230
f 822/640/461 1506/1163/891 824/642/463
f 1506/1163/891 826/644/465 824/642/463
f 2998/2443/1924 2999/2444/1925 3000/2445/1926
f 2999/2444/1925 3001/2446/1927 3000/2445/1926
f 3000/2445/1926 3001/2446/1927 3002/2447/1928
f 3001/2446/1927 3003/2448/1929 3002/2447/1928
f 3002/2447/1928 3003/2448/1929 3004/2449/1930
f 3003/2448/1929 3005/2450/1931 3004/2449/1930
f 3003/2448/1929 3006/2451/1932 3005/2450/1931
f 3006/2451/1932 3007/2452/1933 3005/2450/1931
f 3006/2451/1932 3008/2453/1933 3007/2452/1933
f 3008/2453/1933 3009/2454/1934 3007/2452/1933
f 3007/2452/1933 3009/2454/1934 3010/2455/1934
f 3009/2454/1934 3011/2456/1935 3010/2455/1934
f 3009/2454/1934 3012/2457/1936 3011/2456/1935
f 3012/2457/1936 3013/2458/1937 3011/2456/1935
f 3014/2459/1938 3015/2460/1939 3016/2461/1940
f 3015/2460/1939 3017/2462/1938 3016/2461/1940
f 3017/2462/1938 3015/2460/1939 3018/2463/1941
f 3015/2460/1939 3019/830/1941 3018/2463/1941
f 3020/2464/23 3021/2465/23 3022/2466/23
f 3021/2465/23 3023/2467/23 3022/2466/23
f 3024/869/23 3025/7/23 3026/870/23
f 3025/7/23 3027/5/23 3026/870/23
f 3028/2468/647 3029/1478/1942 3030/1480/647
f 3029/1478/1942 3031/1479/1942 3030/1480/647
f 3031/1479/1942 3029/1478/1942 3032/1476/1943
f 3029/1478/1942 3033/1477/1944 3032/1476/1943
f 3032/1476/1943 3033/1477/1944 3034/1475/1945
f 3035/2469/1946 3036/2470/1947 3037/2471/1948
f 3036/2470/1947 3038/2472/1949 3037/2471/1948
f 3037/2471/1948 3038/2472/1949 3039/2473/1950
f 3038/2472/1949 3040/2474/1951 3039/2473/1950
f 3039/2473/1950 3040/2474/1951 3041/2475/1952
f 3040/2474/1951 3042/2476/1953 3041/2475/1952
f 3041/2475/1952 3042/2476/1953 3043/2477/1954
f 3040/2474/1951 3038/2472/1949 3042/2476/1953
f 3038/2472/1949 3036/2470/1947 3042/2476/1953
f 3044/2478/1955 3045/2479/1956 3046/853/1956
f 3045/2479/1956 3047/855/1956 3046/853/1956
f 914/732/554 919/737/558 912/730/552
f 919/737/558 910/728/550 912/730/552
f 919/737/558 3048/2480/1957 910/728/550
f 3048/2480/1957 3049/2481/1958 910/728/550
f 910/728/550 3049/2481/1958 3050/2482/1959
f 3049/2481/1958 720/542/363 3050/2482/1959
f 3050/2482/1959 720/542/363 896/714/535
f 896/714/535 895/713/534 3050/2482/1959
f 895/713/534 894/712/533 3050/2482/1959
f 3050/2482/1959 894/712/533 910/728/550
f 894/712/533 893/711/532 910/728/550
f 919/737/558 921/739/560 3048/2480/1957
f 921/739/560 716/538/359 3048/2480/1957
f 3048/2480/1957 716/538/359 718/540/361
f 718/540/361 720/542/363 3048/2480/1957
f 720/542/363 3049/2481/1958 3048/2480/1957
f 3051/2483/230 3052/2484/871 3053/2485/230
f 3052/2484/871 3054/2486/1960 3053/2485/230
f 3052/2484/871 3055/2487/1961 3054/2486/1960
f 3055/2487/1961 3056/2488/1962 3054/2486/1960
f 3055/2487/1961 3057/2489/1963 3056/2488/1962
f 3057/2489/1963 3058/2490/1964 3056/2488/1962
f 3057/2489/1963 3059/2491/1965 3058/2490/1964
f 3059/2491/1965 3060/2492/1965 3058/2490/1964
f 3060/2492/1965 3059/2491/1965 3061/2493/1966
f 3059/2491/1965 3062/2494/1966 3061/2493/1966
f 3061/2493/1966 3062/2494/1966 3063/2495/1967
f 3061/2493/1966 3063/2495/1967 3064/2496/1967
f 3063/2495/1967 3065/2497/1968 3064/2496/1967
f 3063/2495/1967 3066/2498/1968 3065/2497/1968
f 3066/2498/1968 3067/2499/1402 3065/2497/1968
f 3065/2497/1968 3067/2499/1402 3068/2500/1969
f 3067/2499/1402 3069/2501/1970 3068/2500/1969
f 3068/2500/1969 3069/2501/1970 3070/2502/1971
f 3069/2501/1970 3071/2503/1972 3070/2502/1971
f 3070/2502/1971 3071/2503/1972 3072/2504/1972
f 3071/2503/1972 3073/2504/303 3072/2504/1972
f 3071/2503/1972 3074/2503/303 3073/2504/303
f 3074/2503/303 3075/2505/1973 3073/2504/303
f 3073/2504/303 3075/2505/1973 3076/2506/1973
f 3043/2477/1954 3077/2507/1974 3041/2475/1952
f 3077/2507/1974 3078/2508/1975 3041/2475/1952
f 3041/2475/1952 3078/2508/1975 3079/2509/1976
f 3078/2508/1975 3080/2510/1977 3079/2509/1976
f 3079/2509/1976 3080/2510/1977 3081/2511/1978
f 3080/2510/1977 3082/2512/1979 3081/2511/1978
f 3081/2511/1978 3082/2512/1979 3083/2513/37
f 3082/2512/1979 3084/2514/1980 3083/2513/37
f 3083/2513/37 3084/2514/1980 3085/2515/1981
f 3084/2514/1980 3086/2516/1982 3085/2515/1981
f 3085/2515/1981 3086/2516/1982 3087/2517/1983
f 3086/2516/1982 3088/2518/1984 3087/2517/1983
f 3087/2517/1983 3088/2518/1984 1746/1374/1054
f 3088/2518/1984 1748/1376/1056 1746/1374/1054
f 3088/2518/1984 3086/2516/1982 3089/2519/1985
f 3086/2516/1982 3084/2514/1980 3089/2519/1985
f 3089/2519/1985 3084/2514/1980 3090/2520/1986
f 3084/2514/1980 3082/2512/1979 3090/2520/1986
f 3090/2520/1986 3082/2512/1979 3080/2510/1977
f 3088/2518/1984 3089/2519/1985 3091/2521/1987
f 3089/2519/1985 3090/2520/1986 3091/2521/1987
f 3091/2521/1987 3090/2520/1986 3092/2522/1988
f 3090/2520/1986 3078/2508/1975 3092/2522/1988
f 3092/2522/1988 3078/2508/1975 3077/2507/1974
f 3091/2521/1987 3093/2523/1989 3088/2518/1984
f 3093/2523/1989 3094/2524/1990 3088/2518/1984
f 3088/2518/1984 3094/2524/1990 1748/1376/1056
f 3094/2524/1990 1750/1378/1058 1748/1376/1056
f 729/551/372 727/549/370 906/724/546
f 727/549/370 766/588/409 906/724/546
f 3095/2525/1991 3096/2526/1992 3097/2527/1993
f 3096/2526/1992 3098/2528/1994 3097/2527/1993
f 3097/2527/1993 3098/2528/1994 3099/2529/1995
f 3098/2528/1994 3100/2530/1996 3099/2529/1995
f 3099/2529/1995 3100/2530/1996 3101/2531/1997
f 3100/2530/1996 3102/2532/1998 3101/2531/1997
f 3101/2531/1997 3102/2532/1998 3103/2533/1999
f 3102/2532/1998 3104/2534/2000 3103/2533/1999
f 3103/2533/1999 3104/2534/2000 3105/2535/2001
f 3104/2534/2000 3106/2533/2002 3105/2535/2001
f 3105/2535/2001 3106/2533/2002 3107/2536/2003
f 3106/2533/2002 3108/2537/2004 3107/2536/2003
f 3107/2536/2003 3108/2537/2004 3109/2538/2005
f 3108/2537/2004 3110/2539/2006 3109/2538/2005
f 3109/2538/2005 3110/2539/2006 3111/2540/2007
f 3110/2539/2006 3112/2541/2008 3111/2540/2007
f 3111/2540/2007 3112/2541/2008 3113/2542/2008
f 3112/2541/2008 3114/2543/2 3113/2542/2008
f 3113/2542/2008 3114/2543/2 3115/2544/2009
f 3114/2543/2 3116/2545/2 3115/2544/2009
f 3115/2544/2009 3116/2545/2 3117/2546/2
f 3116/2545/2 3118/2547/2010 3117/2546/2
f 3117/2546/2 3118/2547/2010 3119/2548/2011
f 3118/2547/2010 3120/2549/2012 3119/2548/2011
f 3119/2548/2011 3120/2549/2012 3121/2550/2013
f 3120/2549/2012 3122/2551/2014 3121/2550/2013
f 3121/2550/2013 3122/2551/2014 3123/2552/2015
f 3122/2551/2014 3124/2550/2016 3123/2552/2015
f 3123/2552/2015 3124/2550/2016 3125/2553/2017
f 3124/2550/2016 3126/2554/2018 3125/2553/2017
f 3125/2553/2017 3126/2554/2018 3127/2555/2019
f 3126/2554/2018 3128/2556/2020 3127/2555/2019
f 3127/2555/2019 3128/2556/2020 3129/2557/2021
f 3128/2556/2020 3130/2558/2022 3129/2557/2021
f 3129/2557/2021 3130/2558/2022 3131/2559/2023
f 3130/2558/2022 3132/2560/2024 3131/2559/2023
f 3131/2559/2023 3132/2560/2024 3133/2561/2025
f 3132/2560/2024 3134/2544/2026 3133/2561/2025
f 3133/2561/2025 3134/2544/2026 3135/2562/2027
f 3134/2544/2026 3136/2542/2028 3135/2562/2027
f 3135/2562/2027 3136/2542/2028 3137/2540/2029
f 3136/2542/2028 3138/2541/2028 3137/2540/2029
f 3137/2540/2029 3138/2541/2028 3139/2563/2028
f 3138/2541/2028 3140/2564/2030 3139/2563/2028
f 3139/2563/2028 3140/2564/2030 3141/2565/2031
f 3140/2564/2030 3142/2566/2032 3141/2565/2031
f 3141/2565/2031 3142/2566/2032 3143/2567/2033
f 3142/2566/2032 3144/2568/2034 3143/2567/2033
f 3143/2567/2033 3144/2568/2034 3145/2569/2035
f 3144/2568/2034 3146/2570/2036 3145/2569/2035
f 3145/2569/2035 3146/2570/2036 3147/2571/2037
f 3146/2570/2036 3148/2572/2038 3147/2571/2037
f 3118/2547/2010 3116/2545/2 3149/2573/2039
f 3116/2545/2 3114/2543/2 3149/2573/2039
f 3149/2573/2039 3114/2543/2 3150/2564/2
f 3114/2543/2 3112/2541/2008 3150/2564/2
f 3150/2564/2 3112/2541/2008 3151/2563/2008
f 3112/2541/2008 3110/2539/2006 3151/2563/2008
f 3151/2563/2008 3110/2539/2006 3152/2531/2040
f 3110/2539/2006 3153/2532/2041 3152/2531/2040
f 3152/2531/2040 3153/2532/2041 3154/2530/2042
f 3153/2532/2041 3104/2534/2000 3154/2530/2042
f 3154/2530/2042 3104/2534/2000 3155/2574/2043
f 3104/2534/2000 3100/2530/1996 3155/2574/2043
f 3155/2574/2043 3100/2530/1996 3098/2528/1994
f 3151/2563/2008 3156/2565/2044 3150/2564/2
f 3156/2565/2044 3157/2575/2045 3150/2564/2
f 3150/2564/2 3157/2575/2045 3149/2573/2039
f 3157/2575/2045 3158/2576/2046 3149/2573/2039
f 3149/2573/2039 3158/2576/2046 3159/2577/2047
f 3158/2576/2046 3160/2578/2048 3159/2577/2047
f 3159/2577/2047 3160/2578/2048 3122/2551/2014
f 3160/2578/2048 3161/2577/2049 3122/2551/2014
f 3122/2551/2014 3161/2577/2049 3162/2549/2050
f 3161/2577/2049 3163/2547/2051 3162/2549/2050
f 3162/2549/2050 3163/2547/2051 3164/2548/2052
f 3163/2547/2051 3165/2546/154 3164/2548/2052
f 3164/2548/2052 3165/2546/154 3166/2579/2053
f 3165/2546/154 3167/2580/2054 3166/2579/2053
f 3166/2579/2053 3167/2580/2054 3126/2554/2018
f 3167/2580/2054 3128/2556/2020 3126/2554/2018
f 3167/2580/2054 3165/2546/154 3128/2556/2020
f 3165/2546/154 3134/2544/2026 3128/2556/2020
f 3128/2556/2020 3134/2544/2026 3130/2558/2022
f 3134/2544/2026 3132/2560/2024 3130/2558/2022
f 3134/2544/2026 3165/2546/154 3168/2545/154
f 3165/2546/154 3163/2547/2051 3168/2545/154
f 3168/2545/154 3163/2547/2051 3169/2543/154
f 3163/2547/2051 3170/2573/2055 3169/2543/154
f 3169/2543/154 3170/2573/2055 3140/2564/2030
f 3170/2573/2055 3171/2575/2056 3140/2564/2030
f 3140/2564/2030 3171/2575/2056 3142/2566/2032
f 3171/2575/2056 3172/2581/2057 3142/2566/2032
f 3142/2566/2032 3172/2581/2057 3173/2582/2058
f 3172/2581/2057 3174/2583/2059 3173/2582/2058
f 3173/2582/2058 3174/2583/2059 3175/2584/2060
f 3174/2583/2059 3176/2585/2061 3175/2584/2060
f 3175/2584/2060 3176/2585/2061 3177/2586/2062
f 3176/2585/2061 3178/2587/1080 3177/2586/2062
f 3177/2586/2062 3178/2587/1080 3179/2588/2063
f 3178/2587/1080 3180/2586/2064 3179/2588/2063
f 3179/2588/2063 3180/2586/2064 3181/2589/2065
f 3180/2586/2064 3182/2590/2066 3181/2589/2065
f 3179/2588/2063 3183/2589/2067 3177/2586/2062
f 3183/2589/2067 3184/2591/2068 3177/2586/2062
f 3177/2586/2062 3184/2591/2068 3175/2584/2060
f 3184/2591/2068 3144/2568/2034 3175/2584/2060
f 3175/2584/2060 3144/2568/2034 3173/2582/2058
f 3144/2568/2034 3142/2566/2032 3173/2582/2058
f 3183/2589/2067 3185/2590/2069 3184/2591/2068
f 3185/2590/2069 3186/2592/2070 3184/2591/2068
f 3184/2591/2068 3186/2592/2070 3146/2570/2036
f 3186/2592/2070 3148/2572/2038 3146/2570/2036
f 3104/2534/2000 3153/2532/2041 3106/2533/2002
f 3153/2532/2041 3110/2539/2006 3106/2533/2002
f 3106/2533/2002 3110/2539/2006 3108/2537/2004
f 3171/2575/2056 3170/2573/2055 3172/2581/2057
f 3170/2573/2055 3187/2576/2071 3172/2581/2057
f 3172/2581/2057 3187/2576/2071 3188/2593/2072
f 3187/2576/2071 3160/2578/2048 3188/2593/2072
f 3170/2573/2055 3163/2547/2051 3187/2576/2071
f 3163/2547/2051 3161/2577/2049 3187/2576/2071
f 3187/2576/2071 3161/2577/2049 3160/2578/2048
f 3122/2551/2014 3120/2549/2012 3159/2577/2047
f 3120/2549/2012 3118/2547/2010 3159/2577/2047
f 3159/2577/2047 3118/2547/2010 3149/2573/2039
f 3168/2545/154 3169/2543/154 3134/2544/2026
f 3169/2543/154 3136/2542/2028 3134/2544/2026
f 3169/2543/154 3140/2564/2030 3136/2542/2028
f 3140/2564/2030 3138/2541/2028 3136/2542/2028
f 3189/7/154 3190/8/154 3191/5/154
f 3190/8/154 3192/6/154 3191/5/154
f 3160/2578/2048 3158/2576/2046 3193/2593/2073
f 3158/2576/2046 3194/2594/2074 3193/2593/2073
f 3194/2594/2074 3158/2576/2046 3195/2581/2075
f 3158/2576/2046 3157/2575/2045 3195/2581/2075
f 3195/2581/2075 3157/2575/2045 3196/2582/2076
f 3157/2575/2045 3197/2566/2077 3196/2582/2076
f 3196/2582/2076 3197/2566/2077 3198/2568/2078
f 3197/2566/2077 3199/2567/2079 3198/2568/2078
f 3198/2568/2078 3199/2567/2079 3200/2569/2080
f 3199/2567/2079 3201/2595/2081 3200/2569/2080
f 3200/2569/2080 3201/2595/2081 3202/2570/2082
f 3201/2595/2081 3203/2596/2083 3202/2570/2082
f 3202/2570/2082 3203/2596/2083 3204/2572/2084
f 3204/2572/2084 3205/2592/2085 3202/2570/2082
f 3205/2592/2085 3206/2591/2086 3202/2570/2082
f 3202/2570/2082 3206/2591/2086 3198/2568/2078
f 3206/2591/2086 3180/2586/2064 3198/2568/2078
f 3198/2568/2078 3180/2586/2064 3207/2584/2087
f 3180/2586/2064 3178/2587/1080 3207/2584/2087
f 3207/2584/2087 3178/2587/1080 3208/2585/2088
f 3208/2585/2088 3209/2583/2089 3207/2584/2087
f 3209/2583/2089 3196/2582/2076 3207/2584/2087
f 3207/2584/2087 3196/2582/2076 3198/2568/2078
f 3209/2583/2089 3194/2594/2074 3196/2582/2076
f 3194/2594/2074 3195/2581/2075 3196/2582/2076
f 3180/2586/2064 3206/2591/2086 3182/2590/2066
f 3206/2591/2086 3205/2592/2085 3182/2590/2066
f 3157/2575/2045 3156/2565/2044 3197/2566/2077
f 3156/2565/2044 3199/2567/2079 3197/2566/2077
f 3199/2567/2079 3156/2565/2044 3210/2597/2090
f 3156/2565/2044 3151/2563/2008 3210/2597/2090
f 3210/2597/2090 3151/2563/2008 3211/2529/2091
f 3151/2563/2008 3152/2531/2040 3211/2529/2091
f 3211/2529/2091 3152/2531/2040 3154/2530/2042
f 3154/2530/2042 3212/2528/2092 3211/2529/2091
f 3212/2528/2092 3213/2598/2093 3211/2529/2091
f 3211/2529/2091 3213/2598/2093 3214/2599/1422
f 3213/2598/2093 3201/2595/2081 3214/2599/1422
f 3214/2599/1422 3201/2595/2081 3199/2567/2079
f 3199/2567/2079 3210/2597/2090 3214/2599/1422
f 3210/2597/2090 3211/2529/2091 3214/2599/1422
f 3154/2530/2042 3155/2574/2043 3212/2528/2092
f 3155/2574/2043 3215/2526/664 3212/2528/2092
f 3212/2528/2092 3215/2526/664 3216/2525/2094
f 3126/2554/2018 3124/2550/2016 3166/2579/2053
f 3124/2550/2016 3164/2548/2052 3166/2579/2053
f 3164/2548/2052 3124/2550/2016 3162/2549/2050
f 3124/2550/2016 3122/2551/2014 3162/2549/2050
f 3174/2583/2059 3172/2581/2057 3194/2594/2074
f 3172/2581/2057 3188/2593/2072 3194/2594/2074
f 3125/2553/2017 3127/2555/2019 3217/2600/2095
f 3127/2555/2019 3129/2557/2021 3217/2600/2095
f 3217/2600/2095 3129/2557/2021 3218/2601/2096
f 3129/2557/2021 3131/2559/2023 3218/2601/2096
f 3218/2601/2096 3131/2559/2023 3219/2602/2097
f 3131/2559/2023 3220/2603/2098 3219/2602/2097
f 3219/2602/2097 3220/2603/2098 3221/2604/2099
f 3220/2603/2098 3222/2605/2100 3221/2604/2099
f 3221/2604/2099 3222/2605/2100 3223/2606/2101
f 3222/2605/2100 3224/2538/2102 3223/2606/2101
f 3223/2606/2101 3224/2538/2102 3225/2607/2103
f 3224/2538/2102 3226/2537/2104 3225/2607/2103
f 3225/2607/2103 3226/2537/2104 3227/2536/2105
f 3226/2537/2104 3103/2533/1999 3227/2536/2105
f 3227/2536/2105 3103/2533/1999 3105/2535/2001
f 3131/2559/2023 3133/2561/2025 3220/2603/2098
f 3133/2561/2025 3135/2562/2027 3220/2603/2098
f 3220/2603/2098 3135/2562/2027 3222/2605/2100
f 3135/2562/2027 3137/2540/2029 3222/2605/2100
f 3222/2605/2100 3137/2540/2029 3224/2538/2102
f 3137/2540/2029 3228/2539/2106 3224/2538/2102
f 3224/2538/2102 3228/2539/2106 3226/2537/2104
f 3228/2539/2106 3103/2533/1999 3226/2537/2104
f 3103/2533/1999 3228/2539/2106 3101/2531/1997
f 3228/2539/2106 3139/2563/2028 3101/2531/1997
f 3101/2531/1997 3139/2563/2028 3229/2597/154
f 3139/2563/2028 3141/2565/2031 3229/2597/154
f 3229/2597/154 3141/2565/2031 3143/2567/2033
f 3101/2531/1997 3229/2597/154 3099/2529/1995
f 3229/2597/154 3230/2599/1853 3099/2529/1995
f 3099/2529/1995 3230/2599/1853 3097/2527/1993
f 3230/2599/1853 3231/2595/2107 3097/2527/1993
f 3097/2527/1993 3231/2595/2107 3147/2571/2037
f 3231/2595/2107 3145/2569/2035 3147/2571/2037
f 3229/2597/154 3143/2567/2033 3230/2599/1853
f 3143/2567/2033 3145/2569/2035 3230/2599/1853
f 3230/2599/1853 3145/2569/2035 3231/2595/2107
f 3232/2608/2108 3233/2609/2109 3234/2610/2108
f 3233/2609/2109 3235/2611/2110 3234/2610/2108
f 3235/2611/2110 3233/2609/2109 3236/2612/2111
f 3233/2609/2109 3237/2613/2111 3236/2612/2111
f 3236/2612/2111 3237/2613/2111 3238/2614/2112
f 3236/2612/2111 3238/2614/2112 3239/2615/2113
f 3238/2614/2112 3240/2616/2114 3239/2615/2113
f 3239/2615/2113 3240/2616/2114 3241/2617/2114
f 3240/2616/2114 3242/2618/2115 3241/2617/2114
f 3240/2616/2114 3243/2619/2116 3242/2618/2115
f 3243/2619/2116 3244/2620/2117 3242/2618/2115
f 3245/2621/2118 3246/2621/2119 3247/2622/2120
f 3246/2621/2119 3248/2623/2121 3247/2622/2120
f 3247/2622/2120 3248/2623/2121 3249/2624/2122
f 3248/2623/2121 3250/2625/651 3249/2624/2122
f 3249/2624/2122 3250/2625/651 3251/2626/1
f 3250/2625/651 3252/2627/1 3251/2626/1
f 3251/2626/1 3252/2627/1 3253/2628/1
f 3251/2626/1 3253/2628/1 3254/2629/1
f 3253/2628/1 3255/2630/1 3254/2629/1
f 3255/2630/1 3253/2628/1 3256/2631/1
f 3253/2628/1 3257/2632/1 3256/2631/1
f 3256/2631/1 3257/2632/1 3258/2633/1
f 3257/2632/1 3259/2634/1 3258/2633/1
f 3258/2633/1 3259/2634/1 3260/2635/1
f 3259/2634/1 3261/2636/651 3260/2635/1
f 3260/2635/1 3261/2636/651 3262/2637/2123
f 3261/2636/651 3263/2638/2124 3262/2637/2123
f 3262/2637/2123 3263/2638/2124 3264/2639/2125
f 3263/2638/2124 3265/2640/2126 3264/2639/2125
f 3266/2479/154 3267/2478/154 3268/2466/154
f 3267/2478/154 3269/2464/154 3268/2466/154
f 3270/2641/2127 3271/121/1347 3272/119/2128
f 3271/121/1347 3273/120/2129 3272/119/2128
f 3272/119/2128 3273/120/2129 3274/118/715
f 3275/2642/2130 3276/2643/2131 3277/2644/2130
f 3276/2643/2131 3278/2645/2131 3277/2644/2130
f 3278/2645/2131 3276/2643/2131 3279/2646/2132
f 3276/2643/2131 3280/2647/2133 3279/2646/2132
f 3279/2646/2132 3280/2647/2133 3281/2648/2134
f 3280/2647/2133 3282/2649/2135 3281/2648/2134
f 3281/2648/2134 3282/2649/2135 3283/2650/2136
f 3281/2648/2134 3283/2650/2136 3284/2651/2137
f 3283/2650/2136 3285/2652/2 3284/2651/2137
f 3284/2651/2137 3285/2652/2 3286/2653/2
f 3284/2651/2137 3286/2653/2 3287/2654/2
f 3286/2653/2 3288/2655/2 3287/2654/2
f 3287/2654/2 3288/2655/2 3289/2656/2
f 3288/2655/2 3290/2657/2 3289/2656/2
f 3289/2656/2 3290/2657/2 3291/2658/2
f 3290/2657/2 3292/2659/2 3291/2658/2
f 3291/2658/2 3292/2659/2 3285/2652/2
f 3107/2536/2003 3109/2538/2005 3293/2607/2138
f 3109/2538/2005 3294/2605/2139 3293/2607/2138
f 3293/2607/2138 3294/2605/2139 3295/2606/24
f 3294/2605/2139 3296/2603/2140 3295/2606/24
f 3295/2606/24 3296/2603/2140 3297/2604/2141
f 3296/2603/2140 3219/2602/2097 3297/2604/2141
f 3219/2602/2097 3296/2603/2140 3298/2559/2142
f 3296/2603/2140 3299/2560/2143 3298/2559/2142
f 3298/2559/2142 3299/2560/2143 3300/2558/2144
f 3299/2560/2143 3115/2544/2009 3300/2558/2144
f 3300/2558/2144 3115/2544/2009 3301/2556/2145
f 3115/2544/2009 3117/2546/2 3301/2556/2145
f 3301/2556/2145 3117/2546/2 3302/2580/2146
f 3117/2546/2 3303/2579/2147 3302/2580/2146
f 3302/2580/2146 3303/2579/2147 3121/2550/2013
f 3303/2579/2147 3119/2548/2011 3121/2550/2013
f 3219/2602/2097 3298/2559/2142 3304/2601/2148
f 3298/2559/2142 3305/2557/2149 3304/2601/2148
f 3304/2601/2148 3305/2557/2149 3306/2555/2150
f 3305/2557/2149 3301/2556/2145 3306/2555/2150
f 3306/2555/2150 3301/2556/2145 3307/2554/2151
f 3301/2556/2145 3302/2580/2146 3307/2554/2151
f 3307/2554/2151 3302/2580/2146 3121/2550/2013
f 3304/2601/2148 3306/2555/2150 3308/2600/2152
f 3306/2555/2150 3307/2554/2151 3308/2600/2152
f 3308/2600/2152 3307/2554/2151 3309/2553/2153
f 3307/2554/2151 3121/2550/2013 3309/2553/2153
f 3309/2553/2153 3121/2550/2013 3123/2552/2015
f 3298/2559/2142 3300/2558/2144 3305/2557/2149
f 3300/2558/2144 3301/2556/2145 3305/2557/2149
f 3310/2660/2154 3311/2661/2155 3312/2662/2156
f 3311/2661/2155 3313/2663/2157 3312/2662/2156
f 3312/2662/2156 3313/2663/2157 3314/2664/2158
f 3313/2663/2157 3315/2665/2159 3314/2664/2158
f 3314/2664/2158 3315/2665/2159 3316/2666/2160
f 3315/2665/2159 3317/2667/2161 3316/2666/2160
f 3316/2666/2160 3317/2667/2161 3318/2668/2162
f 3317/2667/2161 3319/2669/2163 3318/2668/2162
f 3318/2668/2162 3319/2669/2163 3320/2670/2164
f 3319/2669/2163 3321/2671/2165 3320/2670/2164
f 3320/2670/2164 3321/2671/2165 3322/2672/2166
f 3321/2671/2165 3323/2673/2167 3322/2672/2166
f 3322/2672/2166 3323/2673/2167 3324/2674/2168
f 3323/2673/2167 3325/2675/2169 3324/2674/2168
f 3324/2674/2168 3325/2675/2169 3326/2676/2170
f 3311/2661/2155 3327/2677/2171 3313/2663/2157
f 3327/2677/2171 3328/2678/2172 3313/2663/2157
f 3313/2663/2157 3328/2678/2172 3315/2665/2159
f 3328/2678/2172 3321/2671/2165 3315/2665/2159
f 3315/2665/2159 3321/2671/2165 3319/2669/2163
f 3321/2671/2165 3328/2678/2172 3323/2673/2167
f 3328/2678/2172 3327/2677/2171 3323/2673/2167
f 3323/2673/2167 3327/2677/2171 3325/2675/2169
f 3329/2679/2173 3330/2680/2174 3331/2681/2175
f 3330/2680/2174 3332/2682/2176 3331/2681/2175
f 3331/2681/2175 3332/2682/2176 3333/2683/2177
f 3333/2683/2177 3334/2684/2178 3331/2681/2175
f 3334/2684/2178 3335/2685/2179 3331/2681/2175
f 3334/2684/2178 3336/2686/2180 3335/2685/2179
f 3336/2686/2180 3337/2687/2181 3335/2685/2179
f 3335/2685/2179 3337/2687/2181 3338/2688/2182
f 3337/2687/2181 3339/2689/2183 3338/2688/2182
f 3338/2688/2182 3339/2689/2183 3340/2690/2184
f 3335/2685/2179 3338/2688/2182 3341/2691/2185
f 3338/2688/2182 3342/2692/2186 3341/2691/2185
f 3341/2691/2185 3342/2692/2186 3343/2693/2187
f 3342/2692/2186 3344/2694/2188 3343/2693/2187
f 3343/2693/2187 3344/2694/2188 3345/2695/2189
f 3344/2694/2188 3346/2696/2190 3345/2695/2189
f 3345/2695/2189 3346/2696/2190 3347/2697/2191
f 3338/2688/2182 3348/2698/2192 3342/2692/2186
f 3348/2698/2192 3349/2699/2193 3342/2692/2186
f 3342/2692/2186 3349/2699/2193 3344/2694/2188
f 3349/2699/2193 3350/2700/2194 3344/2694/2188
f 3344/2694/2188 3350/2700/2194 3346/2696/2190
f 750/572/393 752/574/395 748/570/391
f 752/574/395 764/586/407 748/570/391
f 752/574/395 754/576/397 764/586/407
f 754/576/397 3351/2701/2195 764/586/407
f 764/586/407 3351/2701/2195 762/584/405
f 3351/2701/2195 760/582/403 762/584/405
f 754/576/397 756/578/399 3351/2701/2195
f 756/578/399 758/580/401 3351/2701/2195
f 3351/2701/2195 758/580/401 760/582/403
f 3343/2693/2187 3345/2695/2189 3352/2702/2196
f 3345/2695/2189 3353/2703/2197 3352/2702/2196
f 703/525/345 701/523/343 3354/2704/2198
f 701/523/343 3355/2705/2199 3354/2704/2198
f 3354/2704/2198 3355/2705/2199 3356/2706/2200
f 3355/2705/2199 693/515/335 3356/2706/2200
f 693/515/335 3355/2705/2199 3357/2707/2201
f 3355/2705/2199 701/523/343 3357/2707/2201
f 3357/2707/2201 701/523/343 699/521/341
f 699/521/341 697/519/339 3357/2707/2201
f 697/519/339 695/517/337 3357/2707/2201
f 3357/2707/2201 695/517/337 693/515/335
f 3358/2708/317 3359/2709/317 3360/2710/317
f 3359/2709/317 3361/2711/317 3360/2710/317
f 3312/2662/2156 3314/2664/2158 3362/2712/2202
f 3314/2664/2158 3363/2713/2203 3362/2712/2202
f 3314/2664/2158 3316/2666/2160 3363/2713/2203
f 3316/2666/2160 3318/2668/2162 3363/2713/2203
f 3326/2676/2170 3364/2714/2204 3324/2674/2168
f 3364/2714/2204 3365/2715/2205 3324/2674/2168
f 3324/2674/2168 3365/2715/2205 3366/2716/2206
f 3365/2715/2205 3367/2717/2207 3366/2716/2206
f 3366/2716/2206 3367/2717/2207 3368/2718/2208
f 3367/2717/2207 3369/2719/2209 3368/2718/2208
f 3368/2718/2208 3369/2719/2209 3370/2720/2210
f 3369/2719/2209 3371/2721/2211 3370/2720/2210
f 3370/2720/2210 3371/2721/2211 3372/2722/2212
f 3371/2721/2211 3373/2723/2213 3372/2722/2212
f 3372/2722/2212 3373/2723/2213 3374/2724/2214
f 3366/2716/2206 3368/2718/2208 3375/2725/2215
f 3368/2718/2208 3376/2726/2216 3375/2725/2215
f 3375/2725/2215 3376/2726/2216 3318/2668/2217
f 3376/2726/2216 3377/2727/2218 3318/2668/2217
f 3318/2668/2217 3377/2727/2218 3378/2728/2219
f 3377/2727/2218 3370/2720/2210 3378/2728/2219
f 3378/2728/2219 3370/2720/2210 3379/2729/2220
f 3370/2720/2210 3372/2722/2212 3379/2729/2220
f 3379/2729/2220 3372/2722/2212 3380/2730/2221
f 3372/2722/2212 3374/2724/2214 3380/2730/2221
f 3380/2730/2221 3374/2724/2214 3381/2731/2222
f 3375/2725/2215 3320/2670/2164 3366/2716/2206
f 3320/2670/2164 3322/2672/2166 3366/2716/2206
f 3366/2716/2206 3322/2672/2166 3324/2674/2168
f 3368/2718/2208 3370/2720/2210 3376/2726/2216
f 3370/2720/2210 3377/2727/2218 3376/2726/2216
f 3382/2732/154 3383/2733/154 3384/2734/154
f 3383/2733/154 3385/2735/154 3384/2734/154
f 3385/2735/154 3383/2733/154 3386/2736/154
f 3383/2733/154 3387/2737/154 3386/2736/154
f 3386/2736/154 3387/2737/154 3388/2738/154
f 3387/2737/154 3389/2739/154 3388/2738/154
f 3388/2738/154 3389/2739/154 3390/2740/154
f 3389/2739/154 3391/2741/154 3390/2740/154
f 3390/2740/154 3391/2741/154 3392/2742/154
f 3390/2740/154 3392/2742/154 3393/2743/154
f 3392/2742/154 3394/2744/154 3393/2743/154
f 3393/2743/154 3394/2744/154 3395/2745/154
f 821/639/460 823/641/462 842/660/481
f 823/641/462 1525/1182/910 842/660/481
f 3381/2731/2222 3396/2746/2223 3380/2730/2221
f 3396/2746/2223 3397/2747/2224 3380/2730/2221
f 3380/2730/2221 3397/2747/2224 3379/2729/2220
f 3397/2747/2224 3378/2728/2219 3379/2729/2220
f 3397/2747/2224 3398/2748/2225 3378/2728/2219
f 3398/2748/2225 3318/2668/2217 3378/2728/2219
f 3399/2749/19 3400/2750/2226 3401/2751/19
f 3400/2750/2226 3402/2752/2226 3401/2751/19
f 3402/2752/2226 3400/2750/2226 3403/2753/2227
f 3400/2750/2226 3404/2754/2227 3403/2753/2227
f 3403/2753/2227 3404/2754/2227 3405/2755/2228
f 3403/2753/2227 3405/2755/2228 3406/2756/2229
f 3405/2755/2228 3407/2757/2230 3406/2756/2229
f 3406/2756/2229 3407/2757/2230 3408/2758/586
f 3407/2757/2230 3409/2759/2231 3408/2758/586
f 3408/2758/586 3409/2759/2231 3410/2760/2232
f 3409/2759/2231 3411/2761/2017 3410/2760/2232
f 3364/2714/2204 3412/2762/2233 3365/2715/2205
f 3412/2762/2233 3413/2763/2234 3365/2715/2205
f 3365/2715/2205 3413/2763/2234 3367/2717/2207
f 3413/2763/2234 3414/2764/2235 3367/2717/2207
f 3367/2717/2207 3414/2764/2235 3415/2765/2236
f 3367/2717/2207 3415/2765/2236 3369/2719/2209
f 3415/2765/2236 3416/2766/2237 3369/2719/2209
f 3369/2719/2209 3416/2766/2237 3371/2721/2211
f 3416/2766/2237 3373/2723/2213 3371/2721/2211
f 3417/2767/154 3418/2768/154 3419/2769/154
f 3418/2768/154 3420/2770/154 3419/2769/154
f 3419/2769/154 3420/2770/154 3421/2771/154
f 3419/2769/154 3421/2771/154 3422/2772/154
f 3421/2771/154 3423/2773/154 3422/2772/154
f 3422/2772/154 3423/2773/154 3424/2774/154
f 3423/2773/154 3425/2775/154 3424/2774/154
f 3424/2774/154 3425/2775/154 3426/2776/154
f 3425/2775/154 3427/2777/154 3426/2776/154
f 3426/2776/154 3427/2777/154 3428/2778/154
f 3426/2776/154 3428/2778/154 3429/2779/154
f 3428/2778/154 3430/2780/154 3429/2779/154
f 3428/2778/154 3431/2781/154 3430/2780/154
f 3431/2781/154 3432/2782/154 3430/2780/154
f 3431/2781/154 3433/2783/154 3432/2782/154
f 3433/2783/154 3434/2784/154 3432/2782/154
f 3435/2785/1 3436/2786/1 3437/2787/1
f 3436/2786/1 3438/2788/1 3437/2787/1
f 3437/2787/1 3438/2788/1 3439/2789/1
f 3438/2788/1 3440/2790/1 3439/2789/1
f 3438/2788/1 3441/2791/1 3440/2790/1
f 3441/2791/1 3442/2792/1 3440/2790/1
f 3440/2790/1 3442/2792/1 3443/2793/1
f 3442/2792/1 3444/2794/1 3443/2793/1
f 3443/2793/1 3444/2794/1 3445/2795/1
f 3444/2794/1 3446/2796/1 3445/2795/1
f 3445/2795/1 3446/2796/1 3447/2797/1
f 3446/2796/1 3448/2798/1 3447/2797/1
f 3447/2797/1 3448/2798/1 3449/2799/1
f 3448/2798/1 3450/2800/1 3449/2799/1
f 3449/2799/1 3450/2800/1 3451/2801/1
f 3450/2800/1 3452/2802/1 3451/2801/1
f 3451/2801/1 3452/2802/1 3453/2803/1
f 3452/2802/1 3435/2785/1 3453/2803/1
f 3453/2803/1 3435/2785/1 3454/2804/1
f 3435/2785/1 3437/2787/1 3454/2804/1
f 3455/2805/2238 3456/2806/2239 3457/2807/2240
f 3456/2806/2239 3458/2808/2241 3457/2807/2240
f 3457/2807/2240 3458/2808/2241 3459/2809/2242
f 3458/2808/2241 3460/2810/2243 3459/2809/2242
f 3459/2809/2242 3460/2810/2243 3461/2811/2244
f 3460/2810/2243 3462/2812/2245 3461/2811/2244
f 3461/2811/2244 3462/2812/2245 3463/2813/2246
f 3462/2812/2245 3464/2814/2247 3463/2813/2246
f 3463/2813/2246 3464/2814/2247 3465/2815/2248
f 3464/2814/2247 3466/2816/2249 3465/2815/2248
f 3465/2815/2248 3466/2816/2249 3467/2817/2250
f 3466/2816/2249 3468/2818/2251 3467/2817/2250
f 3467/2817/2250 3468/2818/2251 3469/2819/2252
f 3468/2818/2251 3470/2820/2253 3469/2819/2252
f 3456/2806/2239 3471/2821/2254 3458/2808/2241
f 3471/2821/2254 3472/2822/2255 3458/2808/2241
f 3458/2808/2241 3472/2822/2255 3460/2810/2243
f 3472/2822/2255 3473/2823/2256 3460/2810/2243
f 3460/2810/2243 3473/2823/2256 3462/2812/2245
f 3473/2823/2256 3464/2814/2247 3462/2812/2245
f 3471/2821/2254 3474/2824/2257 3472/2822/2255
f 3474/2824/2257 3475/2825/2258 3472/2822/2255
f 3472/2822/2255 3475/2825/2258 3473/2823/2256
f 3475/2825/2258 3466/2816/2249 3473/2823/2256
f 3473/2823/2256 3466/2816/2249 3464/2814/2247
f 3474/2824/2257 3476/2826/2259 3475/2825/2258
f 3476/2826/2259 3468/2818/2251 3475/2825/2258
f 3475/2825/2258 3468/2818/2251 3466/2816/2249
f 3476/2826/2259 3477/2827/2260 3468/2818/2251
f 3477/2827/2260 3470/2820/2253 3468/2818/2251
f 3463/2813/2246 3465/2815/2248 3478/2828/2261
f 3465/2815/2248 3469/2819/2262 3478/2828/2261
f 3479/2829/1 3480/2830/1 3481/2831/1
f 3480/2830/1 3482/2832/1 3481/2831/1
f 3481/2831/1 3482/2832/1 3483/2833/1
f 3483/2833/1 3484/2834/1 3481/2831/1
f 3484/2834/1 3485/2835/1 3481/2831/1
f 3481/2831/1 3485/2835/1 3486/2836/1
f 3486/2836/1 3487/2837/1 3481/2831/1
f 3487/2837/1 3488/2838/1 3481/2831/1
f 3481/2831/1 3488/2838/1 3489/2839/1
f 3490/2120/2263 3491/2118/2264 3492/2119/2265
f 3491/2118/2264 3493/2117/2266 3492/2119/2265
f 3492/2119/2265 3493/2117/2266 3494/2130/2267
f 3493/2117/2266 3495/2115/2268 3494/2130/2267
f 3494/2130/2267 3495/2115/2268 3496/2105/2269
f 3495/2115/2268 3497/2113/2270 3496/2105/2269
f 3496/2105/2269 3497/2113/2270 3498/2106/2271
f 3497/2113/2270 3499/2109/46 3498/2106/2271
f 3498/2106/2271 3499/2109/46 3500/2107/2272
f 3499/2109/46 3501/2108/2273 3500/2107/2272
f 3500/2107/2272 3501/2108/2273 3502/2096/2274
f 3501/2108/2273 3503/2095/2275 3502/2096/2274
f 3502/2096/2274 3503/2095/2275 3504/2077/2276
f 3503/2095/2275 3505/2079/2277 3504/2077/2276
f 3504/2077/2276 3505/2079/2277 3506/2078/2278
f 3505/2079/2277 3507/2080/2279 3506/2078/2278
f 3506/2078/2278 3507/2080/2279 3508/2172/2280
f 3507/2080/2279 3509/2171/2281 3508/2172/2280
f 3508/2172/2280 3509/2171/2281 3510/2173/2282
f 3509/2171/2281 3511/2260/2283 3510/2173/2282
f 3510/2173/2282 3511/2260/2283 3512/2268/2284
f 3511/2260/2283 3513/2267/2285 3512/2268/2284
f 3512/2268/2284 3513/2267/2285 3514/2313/2286
f 3513/2267/2285 3515/2314/2287 3514/2313/2286
f 3514/2313/2286 3515/2314/2287 3516/2327/2288
f 3515/2314/2287 3517/2315/2289 3516/2327/2288
f 3516/2327/2288 3517/2315/2289 3518/2325/2290
f 3517/2315/2289 3519/2322/2291 3518/2325/2290
f 3518/2325/2290 3519/2322/2291 3520/2162/2292
f 3519/2322/2291 3521/2160/2293 3520/2162/2292
f 3520/2162/2292 3521/2160/2293 3522/2161/2294
f 3521/2160/2293 3523/2159/2295 3522/2161/2294
f 3522/2161/2294 3523/2159/2295 3524/2191/2296
f 3523/2159/2295 3525/2192/2297 3524/2191/2296
f 3524/2191/2296 3525/2192/2297 3526/2209/2298
f 3525/2192/2297 3527/2210/2299 3526/2209/2298
f 3522/2161/2294 3528/2163/2300 3520/2162/2292
f 3528/2163/2300 3529/2164/2301 3520/2162/2292
f 3520/2162/2292 3529/2164/2301 3518/2325/2290
f 3529/2164/2301 3530/2326/2302 3518/2325/2290
f 3518/2325/2290 3530/2326/2302 3516/2327/2288
f 3530/2326/2302 3531/2328/2303 3516/2327/2288
f 3516/2327/2288 3531/2328/2303 3514/2313/2286
f 3531/2328/2303 3532/2312/2304 3514/2313/2286
f 3514/2313/2286 3532/2312/2304 3512/2268/2284
f 3532/2312/2304 3533/2309/2305 3512/2268/2284
f 3512/2268/2284 3533/2309/2305 3534/2269/2306
f 3533/2309/2305 3535/2270/2307 3534/2269/2306
f 3534/2269/2306 3535/2270/2307 3536/2175/2308
f 3535/2270/2307 3537/2177/2309 3536/2175/2308
f 3536/2175/2308 3537/2177/2309 3538/2176/2310
f 3537/2177/2309 3539/2178/2311 3538/2176/2310
f 3538/2176/2310 3539/2178/2311 3540/2076/2312
f 3539/2178/2311 3541/2074/2313 3540/2076/2312
f 3540/2076/2312 3541/2074/2313 3542/2075/2314
f 3541/2074/2313 3543/2073/2315 3542/2075/2314
f 3542/2075/2314 3543/2073/2315 3544/2097/2316
f 3543/2073/2315 3545/2098/2317 3544/2097/2316
f 3544/2097/2316 3545/2098/2317 3496/2105/2269
f 3545/2098/2317 3546/2104/2318 3496/2105/2269
f 3496/2105/2269 3546/2104/2318 3494/2130/2267
f 3546/2104/2318 3547/2840/2319 3494/2130/2267
f 3494/2130/2267 3547/2840/2319 3492/2119/2265
f 3547/2840/2319 3548/2841/2320 3492/2119/2265
f 3492/2119/2265 3548/2841/2320 3549/2121/2321
f 3548/2841/2320 3550/2842/2322 3549/2121/2321
f 3549/2121/2321 3550/2842/2322 3551/2123/2323
f 3550/2842/2322 3552/2843/2324 3551/2123/2323
f 3551/2123/2323 3552/2843/2324 3553/2125/2325
f 3552/2843/2324 3554/2844/2326 3553/2125/2325
f 3553/2125/2325 3554/2844/2326 3555/2127/2327
f 3554/2844/2326 3556/2056/2328 3555/2127/2327
f 3555/2127/2327 3556/2056/2328 3557/2128/2329
f 3556/2056/2328 3558/2129/2330 3557/2128/2329
f 3496/2105/2269 3498/2106/2271 3544/2097/2316
f 3498/2106/2271 3502/2096/2274 3544/2097/2316
f 3544/2097/2316 3502/2096/2274 3542/2075/2314
f 3502/2096/2274 3504/2077/2276 3542/2075/2314
f 3542/2075/2314 3504/2077/2276 3540/2076/2312
f 3504/2077/2276 3506/2078/2278 3540/2076/2312
f 3540/2076/2312 3506/2078/2278 3538/2176/2310
f 3506/2078/2278 3508/2172/2280 3538/2176/2310
f 3538/2176/2310 3508/2172/2280 3559/2174/2331
f 3508/2172/2280 3510/2173/2282 3559/2174/2331
f 3559/2174/2331 3510/2173/2282 3536/2175/2308
f 3510/2173/2282 3534/2269/2306 3536/2175/2308
f 3530/2326/2302 3560/2329/2332 3531/2328/2303
f 3560/2329/2332 3561/2330/2333 3531/2328/2303
f 3531/2328/2303 3561/2330/2333 3532/2312/2304
f 3561/2330/2333 3562/2311/2334 3532/2312/2304
f 3532/2312/2304 3562/2311/2334 3533/2309/2305
f 3562/2311/2334 3563/2308/2335 3533/2309/2305
f 3533/2309/2305 3563/2308/2335 3535/2270/2307
f 3563/2308/2335 3564/2271/2336 3535/2270/2307
f 3535/2270/2307 3564/2271/2336 3537/2177/2309
f 3564/2271/2336 3565/2179/2337 3537/2177/2309
f 3537/2177/2309 3565/2179/2337 3539/2178/2311
f 3565/2179/2337 3566/2180/2338 3539/2178/2311
f 3539/2178/2311 3566/2180/2338 3541/2074/2313
f 3566/2180/2338 3567/2182/2339 3541/2074/2313
f 3541/2074/2313 3567/2182/2339 3568/2072/2340
f 3567/2182/2339 3569/2070/2341 3568/2072/2340
f 3568/2072/2340 3569/2070/2341 3570/2071/2342
f 3569/2070/2341 3571/2069/2343 3570/2071/2342
f 3570/2071/2342 3571/2069/2343 3572/2099/2344
f 3571/2069/2343 3573/2845/2345 3572/2099/2344
f 3572/2099/2344 3573/2845/2345 3547/2840/2319
f 3573/2845/2345 3548/2841/2320 3547/2840/2319
f 3564/2271/2336 3574/2272/2346 3565/2179/2337
f 3574/2272/2346 3575/2273/2347 3565/2179/2337
f 3565/2179/2337 3575/2273/2347 3576/2181/2348
f 3575/2273/2347 3577/2183/2349 3576/2181/2348
f 3576/2181/2348 3577/2183/2349 3567/2182/2339
f 3577/2183/2349 3578/2184/2350 3567/2182/2339
f 3567/2182/2339 3578/2184/2350 3569/2070/2341
f 3578/2184/2350 3579/2068/2351 3569/2070/2341
f 3569/2070/2341 3579/2068/2351 3571/2069/2343
f 3579/2068/2351 3580/2067/2352 3571/2069/2343
f 3571/2069/2343 3580/2067/2352 3573/2845/2345
f 3580/2067/2352 3581/2846/2353 3573/2845/2345
f 3573/2845/2345 3581/2846/2353 3548/2841/2320
f 3581/2846/2353 3550/2842/2322 3548/2841/2320
f 3564/2271/2336 3582/2306/2354 3574/2272/2346
f 3582/2306/2354 3583/2274/2355 3574/2272/2346
f 3574/2272/2346 3583/2274/2355 3575/2273/2347
f 3583/2274/2355 3584/2275/2356 3575/2273/2347
f 3575/2273/2347 3584/2275/2356 3577/2183/2349
f 3584/2275/2356 3585/2185/2357 3577/2183/2349
f 3577/2183/2349 3585/2185/2357 3578/2184/2350
f 3585/2185/2357 3586/2186/2358 3578/2184/2350
f 3578/2184/2350 3586/2186/2358 3579/2068/2351
f 3586/2186/2358 3587/2066/2359 3579/2068/2351
f 3579/2068/2351 3587/2066/2359 3580/2067/2352
f 3587/2066/2359 3588/2065/2360 3580/2067/2352
f 3580/2067/2352 3588/2065/2360 3581/2846/2353
f 3588/2065/2360 3589/2847/2361 3581/2846/2353
f 3581/2846/2353 3589/2847/2361 3550/2842/2322
f 3589/2847/2361 3552/2843/2324 3550/2842/2322
f 3585/2185/2357 3590/2187/2362 3586/2186/2358
f 3590/2187/2362 3591/2188/2363 3586/2186/2358
f 3586/2186/2358 3591/2188/2363 3587/2066/2359
f 3591/2188/2363 2505/2019/1485 3587/2066/2359
f 3587/2066/2359 2505/2019/1485 3588/2065/2360
f 2505/2019/1485 2507/2021/1487 3588/2065/2360
f 3588/2065/2360 2507/2021/1487 3592/2848/2364
f 2507/2021/1487 2509/2023/1489 3592/2848/2364
f 3592/2848/2364 2509/2023/1489 3593/2849/2365
f 2509/2023/1489 2511/2025/1491 3593/2849/2365
f 3593/2849/2365 2511/2025/1491 3554/2844/2326
f 2511/2025/1491 2513/2027/1493 3554/2844/2326
f 3554/2844/2326 2513/2027/1493 3556/2056/2328
f 2513/2027/1493 2515/2029/1495 3556/2056/2328
f 3556/2056/2328 2515/2029/1495 3594/2850/2366
f 3554/2844/2326 3552/2843/2324 3593/2849/2365
f 3552/2843/2324 3589/2847/2361 3593/2849/2365
f 3593/2849/2365 3589/2847/2361 3592/2848/2364
f 3589/2847/2361 3588/2065/2360 3592/2848/2364
f 3562/2311/2334 3595/2310/2367 3563/2308/2335
f 3595/2310/2367 3596/2307/2368 3563/2308/2335
f 3563/2308/2335 3596/2307/2368 3564/2271/2336
f 3596/2307/2368 3582/2306/2354 3564/2271/2336
f 3547/2840/2319 3546/2104/2318 3572/2099/2344
f 3546/2104/2318 3545/2098/2317 3572/2099/2344
f 3572/2099/2344 3545/2098/2317 3570/2071/2342
f 3545/2098/2317 3543/2073/2315 3570/2071/2342
f 3570/2071/2342 3543/2073/2315 3568/2072/2340
f 3543/2073/2315 3541/2074/2313 3568/2072/2340
f 3582/2306/2354 3597/2305/2369 3583/2274/2355
f 3597/2305/2369 3598/2276/2370 3583/2274/2355
f 3583/2274/2355 3598/2276/2370 3584/2275/2356
f 3598/2276/2370 3599/2277/2371 3584/2275/2356
f 3584/2275/2356 3599/2277/2371 3600/2278/2372
f 3599/2277/2371 3601/2280/2373 3600/2278/2372
f 3600/2278/2372 3601/2280/2373 3602/2279/2374
f 3601/2280/2373 3603/2281/2375 3602/2279/2374
f 3602/2279/2374 3603/2281/2375 3604/2189/2376
f 3603/2281/2375 2501/2015/1482 3604/2189/2376
f 3604/2189/2376 2501/2015/1482 2503/2017/1483
f 3584/2275/2356 3600/2278/2372 3585/2185/2357
f 3600/2278/2372 3602/2279/2374 3585/2185/2357
f 3585/2185/2357 3602/2279/2374 3590/2187/2362
f 3602/2279/2374 3604/2189/2376 3590/2187/2362
f 3590/2187/2362 3604/2189/2376 3591/2188/2363
f 3604/2189/2376 2503/2017/1483 3591/2188/2363
f 3591/2188/2363 2503/2017/1483 2505/2019/1485
f 3567/2182/2339 3566/2180/2338 3576/2181/2348
f 3566/2180/2338 3565/2179/2337 3576/2181/2348
f 3491/2118/2264 3605/2116/2377 3493/2117/2266
f 3605/2116/2377 3495/2115/2268 3493/2117/2266
f 3605/2116/2377 3606/2114/2378 3495/2115/2268
f 3606/2114/2378 3497/2113/2270 3495/2115/2268
f 3606/2114/2378 3607/2112/2379 3497/2113/2270
f 3607/2112/2379 3608/2111/2380 3497/2113/2270
f 3497/2113/2270 3608/2111/2380 3499/2109/46
f 3608/2111/2380 3609/2110/2381 3499/2109/46
f 3499/2109/46 3609/2110/2381 3501/2108/2273
f 3609/2110/2381 3610/2135/2382 3501/2108/2273
f 3501/2108/2273 3610/2135/2382 3611/2083/2383
f 3610/2135/2382 3612/2085/2384 3611/2083/2383
f 3611/2083/2383 3612/2085/2384 3613/2084/2385
f 3612/2085/2384 3614/2086/2386 3613/2084/2385
f 3613/2084/2385 3614/2086/2386 3615/2168/2387
f 3614/2086/2386 3616/2167/2388 3615/2168/2387
f 3615/2168/2387 3616/2167/2388 3617/2290/2389
f 3616/2167/2388 3618/2256/2390 3617/2290/2389
f 3617/2290/2389 3618/2256/2390 3619/2258/2391
f 3618/2256/2390 3620/2257/2392 3619/2258/2391
f 3619/2258/2391 3620/2257/2392 3621/2259/2393
f 3620/2257/2392 3622/2261/2394 3621/2259/2393
f 3621/2259/2393 3622/2261/2394 3511/2260/2283
f 3622/2261/2394 3623/2266/2395 3511/2260/2283
f 3511/2260/2283 3623/2266/2395 3513/2267/2285
f 3623/2266/2395 3624/2265/2396 3513/2267/2285
f 3513/2267/2285 3624/2265/2396 3515/2314/2287
f 3624/2265/2396 3517/2315/2289 3515/2314/2287
f 3624/2265/2396 3625/2316/2397 3517/2315/2289
f 3625/2316/2397 3626/2317/2398 3517/2315/2289
f 3517/2315/2289 3626/2317/2398 3519/2322/2291
f 3626/2317/2398 3627/2323/2399 3519/2322/2291
f 3519/2322/2291 3627/2323/2399 3521/2160/2293
f 3627/2323/2399 3628/2158/2400 3521/2160/2293
f 3521/2160/2293 3628/2158/2400 3523/2159/2295
f 3628/2158/2400 3629/2157/2401 3523/2159/2295
f 3523/2159/2295 3629/2157/2401 3525/2192/2297
f 3629/2157/2401 3630/2193/2402 3525/2192/2297
f 3525/2192/2297 3630/2193/2402 3527/2210/2299
f 3630/2193/2402 3631/2211/2403 3527/2210/2299
f 3527/2210/2299 3631/2211/2403 3632/2235/2404
f 3631/2211/2403 3633/2236/2405 3632/2235/2404
f 3632/2235/2404 3633/2236/2405 3634/2237/2406
f 3633/2236/2405 3635/2238/2407 3634/2237/2406
f 3634/2237/2406 3635/2238/2407 3636/2243/2408
f 3635/2238/2407 3637/2239/2409 3636/2243/2408
f 3625/2316/2397 3638/2318/2410 3626/2317/2398
f 3638/2318/2410 3639/2319/2411 3626/2317/2398
f 3626/2317/2398 3639/2319/2411 3627/2323/2399
f 3639/2319/2411 3640/2324/2412 3627/2323/2399
f 3627/2323/2399 3640/2324/2412 3628/2158/2400
f 3640/2324/2412 3641/2156/2413 3628/2158/2400
f 3628/2158/2400 3641/2156/2413 3629/2157/2401
f 3641/2156/2413 3642/2155/2414 3629/2157/2401
f 3629/2157/2401 3642/2155/2414 3630/2193/2402
f 3642/2155/2414 3643/2194/2415 3630/2193/2402
f 3630/2193/2402 3643/2194/2415 3631/2211/2403
f 3643/2194/2415 3644/2212/2416 3631/2211/2403
f 3631/2211/2403 3644/2212/2416 3633/2236/2405
f 3644/2212/2416 3645/2214/2417 3633/2236/2405
f 3633/2236/2405 3645/2214/2417 3635/2238/2407
f 3645/2214/2417 3646/2239/2418 3635/2238/2407
f 3635/2238/2407 3646/2239/2418 3637/2239/2409
f 3646/2239/2418 3647/2241/2419 3637/2239/2409
f 3643/2194/2415 3642/2155/2414 3648/2153/2420
f 3642/2155/2414 3649/2154/2421 3648/2153/2420
f 3648/2153/2420 3649/2154/2421 3650/2152/2422
f 3649/2154/2421 3640/2324/2412 3650/2152/2422
f 3650/2152/2422 3640/2324/2412 3651/2150/2423
f 3640/2324/2412 3652/2321/2424 3651/2150/2423
f 3651/2150/2423 3652/2321/2424 3653/2148/2425
f 3652/2321/2424 3654/2264/2426 3653/2148/2425
f 3653/2148/2425 3654/2264/2426 3655/2146/2427
f 3654/2264/2426 3656/2253/2428 3655/2146/2427
f 3655/2146/2427 3656/2253/2428 3657/2252/2429
f 3656/2253/2428 3658/2254/2430 3657/2252/2429
f 3657/2252/2429 3658/2254/2430 3659/2291/2431
f 3658/2254/2430 3618/2256/2390 3659/2291/2431
f 3659/2291/2431 3618/2256/2390 3660/2166/2432
f 3618/2256/2390 3616/2167/2388 3660/2166/2432
f 3660/2166/2432 3616/2167/2388 3661/2088/2433
f 3616/2167/2388 3614/2086/2386 3661/2088/2433
f 3661/2088/2433 3614/2086/2386 3662/2087/2434
f 3614/2086/2386 3612/2085/2384 3662/2087/2434
f 3662/2087/2434 3612/2085/2384 3663/2134/2435
f 3612/2085/2384 3610/2135/2382 3663/2134/2435
f 3663/2134/2435 3610/2135/2382 3664/2133/2436
f 3610/2135/2382 3665/2136/2437 3664/2133/2436
f 3640/2324/2412 3639/2319/2411 3652/2321/2424
f 3639/2319/2411 3666/2320/2438 3652/2321/2424
f 3652/2321/2424 3666/2320/2438 3654/2264/2426
f 3666/2320/2438 3667/2263/2439 3654/2264/2426
f 3654/2264/2426 3667/2263/2439 3656/2253/2428
f 3667/2263/2439 3668/2255/2440 3656/2253/2428
f 3656/2253/2428 3668/2255/2440 3658/2254/2430
f 3668/2255/2440 3618/2256/2390 3658/2254/2430
f 3639/2319/2411 3638/2318/2410 3666/2320/2438
f 3638/2318/2410 3625/2316/2397 3666/2320/2438
f 3666/2320/2438 3625/2316/2397 3667/2263/2439
f 3625/2316/2397 3669/2262/2441 3667/2263/2439
f 3667/2263/2439 3669/2262/2441 3668/2255/2440
f 3669/2262/2441 3620/2257/2392 3668/2255/2440
f 3668/2255/2440 3620/2257/2392 3618/2256/2390
f 3620/2257/2392 3669/2262/2441 3622/2261/2394
f 3669/2262/2441 3624/2265/2396 3622/2261/2394
f 3622/2261/2394 3624/2265/2396 3623/2266/2395
f 3511/2260/2283 3509/2171/2281 3621/2259/2393
f 3509/2171/2281 3670/2170/2442 3621/2259/2393
f 3621/2259/2393 3670/2170/2442 3619/2258/2391
f 3670/2170/2442 3671/2169/2443 3619/2258/2391
f 3619/2258/2391 3671/2169/2443 3617/2290/2389
f 3671/2169/2443 3615/2168/2387 3617/2290/2389
f 3615/2168/2387 3671/2169/2443 3613/2084/2385
f 3671/2169/2443 3672/2082/2444 3613/2084/2385
f 3613/2084/2385 3672/2082/2444 3611/2083/2383
f 3672/2082/2444 3673/2081/2445 3611/2083/2383
f 3611/2083/2383 3673/2081/2445 3501/2108/2273
f 3673/2081/2445 3503/2095/2275 3501/2108/2273
f 3671/2169/2443 3670/2170/2442 3672/2082/2444
f 3670/2170/2442 3507/2080/2279 3672/2082/2444
f 3672/2082/2444 3507/2080/2279 3673/2081/2445
f 3507/2080/2279 3505/2079/2277 3673/2081/2445
f 3673/2081/2445 3505/2079/2277 3503/2095/2275
f 3610/2135/2382 3609/2110/2381 3665/2136/2437
f 3609/2110/2381 3674/2190/2446 3665/2136/2437
f 3674/2190/2446 3609/2110/2381 3607/2112/2379
f 3609/2110/2381 3608/2111/2380 3607/2112/2379
f 3492/2119/2265 3549/2121/2321 3490/2120/2263
f 3549/2121/2321 3675/2122/2447 3490/2120/2263
f 3549/2121/2321 3551/2123/2323 3675/2122/2447
f 3551/2123/2323 3676/2124/2448 3675/2122/2447
f 3551/2123/2323 3553/2125/2325 3676/2124/2448
f 3553/2125/2325 3677/2126/2449 3676/2124/2448
f 3553/2125/2325 3555/2127/2327 3677/2126/2449
f 3555/2127/2327 3557/2128/2329 3677/2126/2449
f 3642/2155/2414 3641/2156/2413 3649/2154/2421
f 3641/2156/2413 3640/2324/2412 3649/2154/2421
f 3599/2277/2371 3678/2298/2450 3601/2280/2373
f 3678/2298/2450 3679/2282/2451 3601/2280/2373
f 3601/2280/2373 3679/2282/2451 3603/2281/2375
f 3679/2282/2451 3680/2283/2452 3603/2281/2375
f 3603/2281/2375 3680/2283/2452 3681/2302/2453
f 3680/2283/2452 3682/2303/2454 3681/2302/2453
f 3681/2302/2453 3682/2303/2454 3683/2301/2455
f 3682/2303/2454 3684/2300/2456 3683/2301/2455
f 3683/2301/2455 3684/2300/2456 3685/2288/2457
f 3684/2300/2456 3686/2289/2458 3685/2288/2457
f 3685/2288/2457 3686/2289/2458 2495/2009/1476
f 3686/2289/2458 2493/2007/1474 2495/2009/1476
f 3679/2282/2451 3687/2284/2459 3680/2283/2452
f 3687/2284/2459 3688/2285/2460 3680/2283/2452
f 3680/2283/2452 3688/2285/2460 3682/2303/2454
f 3688/2285/2460 3689/2304/2461 3682/2303/2454
f 3682/2303/2454 3689/2304/2461 3684/2300/2456
f 3689/2304/2461 3690/2299/2462 3684/2300/2456
f 3684/2300/2456 3690/2299/2462 3686/2289/2458
f 3690/2299/2462 2491/2005/1472 3686/2289/2458
f 3686/2289/2458 2491/2005/1472 2493/2007/1474
f 3663/2134/2435 3664/2133/2436 3662/2087/2434
f 3664/2133/2436 3691/2132/2463 3662/2087/2434
f 3662/2087/2434 3691/2132/2463 3692/2131/2464
f 3662/2087/2434 3692/2131/2464 3693/2089/2465
f 3692/2131/2464 3694/2093/2466 3693/2089/2465
f 3693/2089/2465 3694/2093/2466 3695/2091/1569
f 3694/2093/2466 3696/2092/2467 3695/2091/1569
f 3695/2091/1569 3696/2092/2467 3697/2090/2468
f 3696/2092/2467 3698/2165/2469 3697/2090/2468
f 3697/2090/2468 3698/2165/2469 3660/2166/2432
f 3698/2165/2469 3659/2291/2431 3660/2166/2432
f 3694/2093/2466 3699/2094/2470 3696/2092/2467
f 3699/2094/2470 3700/2137/2471 3696/2092/2467
f 3696/2092/2467 3700/2137/2471 3701/2138/2472
f 3700/2137/2471 3702/2139/2473 3701/2138/2472
f 3701/2138/2472 3702/2139/2473 3703/2140/2474
f 3702/2139/2473 3704/2141/2475 3703/2140/2474
f 3703/2140/2474 3704/2141/2475 3705/2142/2476
f 3704/2141/2475 3706/2143/2477 3705/2142/2476
f 3705/2142/2476 3706/2143/2477 3707/2144/2478
f 3706/2143/2477 3708/2145/2479 3707/2144/2478
f 3707/2144/2478 3708/2145/2479 3655/2146/2427
f 3708/2145/2479 3709/2147/2480 3655/2146/2427
f 3655/2146/2427 3709/2147/2480 3653/2148/2425
f 3709/2147/2480 3710/2149/2481 3653/2148/2425
f 3653/2148/2425 3710/2149/2481 3651/2150/2423
f 3710/2149/2481 3711/2151/2482 3651/2150/2423
f 3651/2150/2423 3711/2151/2482 3650/2152/2422
f 3711/2151/2482 3648/2153/2420 3650/2152/2422
f 3709/2147/2480 3712/2208/2483 3710/2149/2481
f 3712/2208/2483 3713/2207/2484 3710/2149/2481
f 3710/2149/2481 3713/2207/2484 3711/2151/2482
f 3713/2207/2484 3714/2196/2485 3711/2151/2482
f 3711/2151/2482 3714/2196/2485 3648/2153/2420
f 3714/2196/2485 3715/2195/2486 3648/2153/2420
f 3648/2153/2420 3715/2195/2486 3643/2194/2415
f 3715/2195/2486 3716/2213/2487 3643/2194/2415
f 3643/2194/2415 3716/2213/2487 3644/2212/2416
f 3716/2213/2487 3645/2214/2417 3644/2212/2416
f 3713/2207/2484 3712/2208/2483 3717/2206/2488
f 3712/2208/2483 3708/2145/2479 3717/2206/2488
f 3717/2206/2488 3708/2145/2479 3718/2204/2489
f 3708/2145/2479 3706/2143/2477 3718/2204/2489
f 3718/2204/2489 3706/2143/2477 3719/2205/2490
f 3706/2143/2477 3704/2141/2475 3719/2205/2490
f 3719/2205/2490 3704/2141/2475 3720/2234/2491
f 3704/2141/2475 3702/2139/2473 3720/2234/2491
f 3720/2234/2491 3721/2228/2492 3719/2205/2490
f 3721/2228/2492 3722/2227/2493 3719/2205/2490
f 3719/2205/2490 3722/2227/2493 3723/2226/2494
f 3722/2227/2493 3724/2225/2495 3723/2226/2494
f 3723/2226/2494 3724/2225/2495 3725/2203/2496
f 3724/2225/2495 3726/2201/2497 3725/2203/2496
f 3725/2203/2496 3726/2201/2497 3727/2202/2498
f 3726/2201/2497 3728/2200/2499 3727/2202/2498
f 3727/2202/2498 3728/2200/2499 3713/2207/2484
f 3728/2200/2499 3729/2198/2500 3713/2207/2484
f 3713/2207/2484 3729/2198/2500 3714/2196/2485
f 3729/2198/2500 3730/2197/2501 3714/2196/2485
f 3714/2196/2485 3730/2197/2501 3715/2195/2486
f 3730/2197/2501 3716/2213/2487 3715/2195/2486
f 3713/2207/2484 3717/2206/2488 3727/2202/2498
f 3717/2206/2488 3718/2204/2489 3727/2202/2498
f 3727/2202/2498 3718/2204/2489 3725/2203/2496
f 3718/2204/2489 3719/2205/2490 3725/2203/2496
f 3725/2203/2496 3719/2205/2490 3723/2226/2494
f 3662/2087/2434 3693/2089/2465 3661/2088/2433
f 3693/2089/2465 3697/2090/2468 3661/2088/2433
f 3661/2088/2433 3697/2090/2468 3660/2166/2432
f 3703/2140/2474 3705/2142/2476 3701/2138/2472
f 3705/2142/2476 3731/2250/2502 3701/2138/2472
f 3701/2138/2472 3731/2250/2502 3698/2165/2469
f 3731/2250/2502 3732/2251/2503 3698/2165/2469
f 3698/2165/2469 3732/2251/2503 3659/2291/2431
f 3732/2251/2503 3657/2252/2429 3659/2291/2431
f 3731/2250/2502 3707/2144/2478 3732/2251/2503
f 3707/2144/2478 3655/2146/2427 3732/2251/2503
f 3732/2251/2503 3655/2146/2427 3657/2252/2429
f 3722/2227/2493 3733/2229/2504 3724/2225/2495
f 3733/2229/2504 3734/2223/2505 3724/2225/2495
f 3724/2225/2495 3734/2223/2505 3735/2224/2506
f 3734/2223/2505 3736/2219/2507 3735/2224/2506
f 3735/2224/2506 3736/2219/2507 3737/2217/2508
f 3736/2219/2507 3738/2218/2509 3737/2217/2508
f 3737/2217/2508 3738/2218/2509 3739/2216/2510
f 3738/2218/2509 3740/2242/2511 3739/2216/2510
f 3739/2216/2510 3740/2242/2511 3741/2240/2512
f 3740/2242/2511 3647/2241/2419 3741/2240/2512
f 3741/2240/2512 3647/2241/2419 3742/2240/2513
f 3647/2241/2419 3646/2239/2418 3742/2240/2513
f 3742/2240/2513 3646/2239/2418 3645/2214/2417
f 3741/2240/2512 3645/2214/2417 3739/2216/2510
f 3645/2214/2417 3743/2215/2514 3739/2216/2510
f 3739/2216/2510 3743/2215/2514 3737/2217/2508
f 3743/2215/2514 3744/2199/332 3737/2217/2508
f 3737/2217/2508 3744/2199/332 3735/2224/2506
f 3744/2199/332 3726/2201/2497 3735/2224/2506
f 3735/2224/2506 3726/2201/2497 3724/2225/2495
f 3645/2214/2417 3716/2213/2487 3743/2215/2514
f 3716/2213/2487 3730/2197/2501 3743/2215/2514
f 3743/2215/2514 3730/2197/2501 3744/2199/332
f 3730/2197/2501 3729/2198/2500 3744/2199/332
f 3744/2199/332 3729/2198/2500 3728/2200/2499
f 2495/2009/1476 2497/2011/1478 3685/2288/2457
f 2497/2011/1478 3745/2287/2515 3685/2288/2457
f 3685/2288/2457 3745/2287/2515 3683/2301/2455
f 3745/2287/2515 3681/2302/2453 3683/2301/2455
f 2497/2011/1478 2499/2013/1480 3745/2287/2515
f 2499/2013/1480 3746/2286/2516 3745/2287/2515
f 3745/2287/2515 3746/2286/2516 3681/2302/2453
f 3746/2286/2516 3603/2281/2375 3681/2302/2453
f 3603/2281/2375 3746/2286/2516 2501/2015/1482
f 3746/2286/2516 2499/2013/1480 2501/2015/1482
f 3734/2223/2505 3747/2221/2517 3736/2219/2507
f 3747/2221/2517 3748/2220/2518 3736/2219/2507
f 3736/2219/2507 3748/2220/2518 3738/2218/2509
f 3748/2220/2518 3749/2242/2519 3738/2218/2509
f 3738/2218/2509 3749/2242/2519 3740/2242/2511
f 3749/2242/2519 3647/2241/2419 3740/2242/2511
f 3747/2221/2517 3750/2222/2520 3748/2220/2518
f 3750/2222/2520 3749/2242/2519 3748/2220/2518
f 3750/2222/2520 3751/2242/2521 3749/2242/2519
f 3751/2242/2521 3647/2241/2419 3749/2242/2519
f 3752/2851/2522 3753/2852/2523 3754/2853/2524
f 3753/2852/2523 3755/2854/2525 3754/2853/2524
f 3754/2853/2524 3755/2854/2525 3756/2855/2526
f 3755/2854/2525 3757/2856/2527 3756/2855/2526
f 3756/2855/2526 3757/2856/2527 3758/2857/2528
f 3757/2856/2527 3759/2858/2529 3758/2857/2528
f 3758/2857/2528 3759/2858/2529 3760/2859/2530
f 3759/2858/2529 3761/2860/2531 3760/2859/2530
f 3755/2854/2525 3762/2861/2532 3757/2856/2527
f 3762/2861/2532 3763/2862/2533 3757/2856/2527
f 3757/2856/2527 3763/2862/2533 3759/2858/2529
f 3763/2862/2533 3764/2863/2534 3759/2858/2529
f 3759/2858/2529 3764/2863/2534 3761/2860/2531
f 3752/2851/2522 3754/2853/2524 3765/2864/2535
f 3754/2853/2524 3766/2865/2536 3765/2864/2535
f 3754/2853/2524 3756/2855/2526 3766/2865/2536
f 3756/2855/2526 3767/2866/2537 3766/2865/2536
f 3767/2866/2537 3756/2855/2526 3768/2867/2538
f 3756/2855/2526 3758/2857/2528 3768/2867/2538
f 3768/2867/2538 3758/2857/2528 3769/2868/2539
f 3758/2857/2528 3770/2869/2540 3769/2868/2539
f 3769/2868/2539 3770/2869/2540 3771/2870/2541
f 3771/2870/2541 3772/2871/2542 3769/2868/2539
f 3772/2871/2542 3773/2872/2543 3769/2868/2539
f 3769/2868/2539 3773/2872/2543 3768/2867/2538
f 3773/2872/2543 3774/2873/2544 3768/2867/2538
f 3768/2867/2538 3774/2873/2544 3767/2866/2537
f 3772/2871/2542 3775/2874/2545 3773/2872/2543
f 3775/2874/2545 3776/2875/2546 3773/2872/2543
f 3773/2872/2543 3776/2875/2546 3774/2873/2544
f 3775/2874/2545 3772/2871/2542 3777/2876/2547
f 3772/2871/2542 3778/2877/2548 3777/2876/2547
f 3779/2878/23 3780/2879/23 3781/2880/23
f 3780/2879/23 3782/2881/23 3781/2880/23
f 3781/2880/23 3782/2881/23 3783/2882/23
f 3782/2881/23 3784/2883/23 3783/2882/23
f 3783/2882/23 3784/2883/23 3785/2884/23
f 3784/2883/23 3786/2885/23 3785/2884/23
f 3785/2884/23 3786/2885/23 3779/2878/23
f 3786/2885/23 3780/2879/23 3779/2878/23
f 3787/2875/2549 3788/2874/2550 3789/2872/2551
f 3788/2874/2550 3790/2871/2552 3789/2872/2551
f 3789/2872/2551 3790/2871/2552 3791/2868/2553
f 3790/2871/2552 3792/2870/2554 3791/2868/2553
f 3791/2868/2553 3792/2870/2554 3793/2869/2555
f 3793/2869/2555 3794/2857/2556 3791/2868/2553
f 3794/2857/2556 3795/2867/2557 3791/2868/2553
f 3791/2868/2553 3795/2867/2557 3789/2872/2551
f 3795/2867/2557 3796/2873/2558 3789/2872/2551
f 3789/2872/2551 3796/2873/2558 3787/2875/2549
f 3794/2857/2556 3797/2855/1461 3795/2867/2557
f 3797/2855/1461 3798/2866/2559 3795/2867/2557
f 3795/2867/2557 3798/2866/2559 3796/2873/2558
f 3794/2857/2556 3799/2856/2560 3797/2855/1461
f 3799/2856/2560 3800/2854/2561 3797/2855/1461
f 3797/2855/1461 3800/2854/2561 3801/2853/2562
f 3800/2854/2561 3802/2852/2563 3801/2853/2562
f 3801/2853/2562 3802/2852/2563 3803/2851/2564
f 3803/2851/2564 3804/2864/2565 3801/2853/2562
f 3804/2864/2565 3805/2865/2566 3801/2853/2562
f 3801/2853/2562 3805/2865/2566 3797/2855/1461
f 3805/2865/2566 3798/2866/2559 3797/2855/1461
f 3792/2870/2554 3790/2871/2552 3806/2877/2567
f 3790/2871/2552 3807/2876/2568 3806/2877/2567
f 3793/2869/2555 3808/2859/2569 3794/2857/2556
f 3808/2859/2569 3809/2858/2570 3794/2857/2556
f 3794/2857/2556 3809/2858/2570 3799/2856/2560
f 3809/2858/2570 3810/2862/2571 3799/2856/2560
f 3799/2856/2560 3810/2862/2571 3811/2861/2572
f 3799/2856/2560 3811/2861/2572 3800/2854/2561
f 3811/2861/2572 3802/2852/2563 3800/2854/2561
f 3808/2859/2569 3812/2860/2573 3809/2858/2570
f 3812/2860/2573 3813/2863/2574 3809/2858/2570
f 3809/2858/2570 3813/2863/2574 3810/2862/2571
f 3814/2886/154 3815/2887/154 3816/2888/154
f 3815/2887/154 3817/2889/154 3816/2888/154
f 3816/2888/154 3817/2889/154 3818/2890/154
f 3818/2890/154 3819/2891/154 3816/2888/154
f 3819/2891/154 3820/2892/154 3816/2888/154
f 3816/2888/154 3820/2892/154 3821/2893/154
f 3821/2893/154 3822/2894/154 3816/2888/154
f 3822/2894/154 3814/2886/154 3816/2888/154
f 3296/2603/2140 3294/2605/2139 3823/2561/2575
f 3294/2605/2139 3824/2562/2576 3823/2561/2575
f 3823/2561/2575 3824/2562/2576 3115/2544/2009
f 3824/2562/2576 3113/2542/2008 3115/2544/2009
f 3294/2605/2139 3109/2538/2005 3824/2562/2576
f 3109/2538/2005 3111/2540/2007 3824/2562/2576
f 3824/2562/2576 3111/2540/2007 3113/2542/2008
f 3296/2603/2140 3823/2561/2575 3299/2560/2143
f 3823/2561/2575 3115/2544/2009 3299/2560/2143
f 3087/2517/1983 3825/2895/2577 3085/2515/1981
f 3825/2895/2577 3826/2896/2578 3085/2515/1981
f 3085/2515/1981 3826/2896/2578 3083/2513/37
f 3826/2896/2578 3827/2897/2579 3083/2513/37
f 3083/2513/37 3827/2897/2579 3828/2898/2580
f 3827/2897/2579 3829/2899/2581 3828/2898/2580
f 3828/2898/2580 3829/2899/2581 3830/2900/2582
f 3829/2899/2581 3831/2901/2583 3830/2900/2582
f 3830/2900/2582 3831/2901/2583 3832/2902/2584
f 3831/2901/2583 3833/2903/2585 3832/2902/2584
f 3832/2902/2584 3833/2903/2585 3834/2904/2586
f 3083/2513/37 3828/2898/2580 3081/2511/1978
f 3828/2898/2580 3830/2900/2582 3081/2511/1978
f 3081/2511/1978 3830/2900/2582 3835/2905/2587
f 3830/2900/2582 3836/2906/2588 3835/2905/2587
f 3835/2905/2587 3836/2906/2588 3837/2907/2589
f 3836/2906/2588 3838/2908/2590 3837/2907/2589
f 3837/2907/2589 3838/2908/2590 3839/2909/2591
f 3830/2900/2582 3832/2902/2584 3836/2906/2588
f 3832/2902/2584 3834/2904/2586 3836/2906/2588
f 3836/2906/2588 3834/2904/2586 3838/2908/2590
f 3087/2517/1983 1746/1374/1054 3825/2895/2577
f 1746/1374/1054 1744/1372/1052 3825/2895/2577
f 3825/2895/2577 1744/1372/1052 1742/1370/1050
f 3825/2895/2577 1742/1370/1050 3826/2896/2578
f 1742/1370/1050 1740/1368/1048 3826/2896/2578
f 3826/2896/2578 1740/1368/1048 3829/2899/2592
f 3081/2511/1978 3835/2905/2587 3079/2509/1976
f 3835/2905/2587 3840/2910/2593 3079/2509/1976
f 3079/2509/1976 3840/2910/2593 3041/2475/1952
f 3840/2910/2593 3039/2473/1950 3041/2475/1952
f 3835/2905/2587 3837/2907/2589 3840/2910/2593
f 3837/2907/2589 3839/2909/2591 3840/2910/2593
f 3840/2910/2593 3839/2909/2591 3039/2473/1950
f 3841/2911/19 3842/2912/19 3843/2831/19
f 3842/2912/19 3844/2913/19 3843/2831/19
f 3843/2831/19 3844/2913/19 3845/2914/19
f 3845/2914/19 3846/2915/19 3843/2831/19
f 3846/2915/19 3847/2916/19 3843/2831/19
f 3843/2831/19 3847/2916/19 3848/2917/19
f 3848/2917/19 3849/2918/19 3843/2831/19
f 3849/2918/19 3841/2911/19 3843/2831/19
f 849/667/488 848/666/487 3850/2919/2594
f 848/666/487 3851/2920/2595 3850/2919/2594
f 3850/2919/2594 3851/2920/2595 851/669/490
f 3851/2920/2595 3852/2921/2596 851/669/490
f 851/669/490 3852/2921/2596 3853/2922/2597
f 3852/2921/2596 3854/2923/2598 3853/2922/2597
f 3853/2922/2597 3854/2923/2598 3855/2924/2599
f 3854/2923/2598 3856/2925/2600 3855/2924/2599
f 3855/2924/2599 3856/2925/2600 857/675/496
f 3856/2925/2600 859/677/498 857/675/496
f 3852/2921/2596 3851/2920/2595 3854/2923/2598
f 3851/2920/2595 3857/2926/2601 3854/2923/2598
f 3854/2923/2598 3857/2926/2601 3856/2925/2600
f 3857/2926/2601 863/681/502 3856/2925/2600
f 3856/2925/2600 863/681/502 861/679/500
f 863/681/502 3857/2926/2601 865/683/504
f 3857/2926/2601 3851/2920/2595 865/683/504
f 865/683/504 3851/2920/2595 848/666/487
f 851/669/490 3853/2922/2597 853/671/492
f 3853/2922/2597 855/673/494 853/671/492
f 3853/2922/2597 3855/2924/2599 855/673/494
f 3855/2924/2599 857/675/496 855/673/494
f 3858/2852/2602 3859/2861/2603 3860/2854/2604
f 3859/2861/2603 3861/2856/2605 3860/2854/2604
f 3860/2854/2604 3861/2856/2605 3862/2855/2606
f 3861/2856/2605 3863/2857/2607 3862/2855/2606
f 3862/2855/2606 3863/2857/2607 3864/2867/2608
f 3863/2857/2607 3865/2868/2609 3864/2867/2608
f 3864/2867/2608 3865/2868/2609 3866/2872/2610
f 3865/2868/2609 3867/2871/2611 3866/2872/2610
f 3866/2872/2610 3867/2871/2611 3868/2874/2612
f 3867/2871/2611 3869/2876/2613 3868/2874/2612
f 3868/2874/2612 3870/2875/2614 3866/2872/2610
f 3870/2875/2614 3871/2873/2615 3866/2872/2610
f 3866/2872/2610 3871/2873/2615 3864/2867/2608
f 3871/2873/2615 3872/2866/2616 3864/2867/2608
f 3864/2867/2608 3872/2866/2616 3862/2855/2606
f 3872/2866/2616 3873/2865/2617 3862/2855/2606
f 3862/2855/2606 3873/2865/2617 3874/2853/2618
f 3873/2865/2617 3875/2864/2619 3874/2853/2618
f 3874/2853/2618 3875/2864/2619 3876/2851/2620
f 3876/2851/2620 3858/2852/2602 3874/2853/2618
f 3858/2852/2602 3860/2854/2604 3874/2853/2618
f 3874/2853/2618 3860/2854/2604 3862/2855/2606
f 3859/2861/2603 3877/2862/2621 3861/2856/2605
f 3877/2862/2621 3878/2858/2622 3861/2856/2605
f 3861/2856/2605 3878/2858/2622 3863/2857/2607
f 3878/2858/2622 3879/2859/2623 3863/2857/2607
f 3863/2857/2607 3879/2859/2623 3880/2869/2624
f 3863/2857/2607 3880/2869/2624 3865/2868/2609
f 3880/2869/2624 3881/2870/2625 3865/2868/2609
f 3865/2868/2609 3881/2870/2625 3867/2871/2611
f 3881/2870/2625 3882/2877/2626 3867/2871/2611
f 3867/2871/2611 3882/2877/2626 3869/2876/2613
f 3877/2862/2621 3883/2863/2627 3878/2858/2622
f 3883/2863/2627 3884/2860/2628 3878/2858/2622
f 3878/2858/2622 3884/2860/2628 3879/2859/2623
f 3885/2927/2629 3886/2928/2630 3887/2929/2631
f 3886/2928/2630 3888/2930/2632 3887/2929/2631
f 3887/2929/2631 3888/2930/2632 3889/2931/2633
f 3888/2930/2632 3890/2932/2634 3889/2931/2633
f 3889/2931/2633 3890/2932/2634 3891/2933/2635
f 3890/2932/2634 3892/2934/2636 3891/2933/2635
f 3891/2933/2635 3892/2934/2636 3893/2935/2637
f 3891/2933/2635 3893/2935/2637 3894/2936/2638
f 3893/2935/2637 3895/2937/2639 3894/2936/2638
f 3894/2936/2638 3895/2937/2639 3896/2938/2640
f 3895/2937/2639 3897/2939/2641 3896/2938/2640
f 3896/2938/2640 3897/2939/2641 3898/2940/2642
f 3897/2939/2641 3899/2941/2643 3898/2940/2642
f 3898/2940/2642 3899/2941/2643 3900/2942/2644
f 3899/2941/2643 3901/2943/2645 3900/2942/2644
f 3900/2942/2644 3901/2943/2645 3902/2944/2646
f 3901/2943/2645 3903/2945/2647 3902/2944/2646
f 3902/2944/2646 3903/2945/2647 3904/2946/2648
f 3903/2945/2647 3905/2947/2649 3904/2946/2648
f 3904/2946/2648 3905/2947/2649 3906/2948/2650
f 3904/2946/2648 3906/2948/2650 3907/2949/2651
f 3906/2948/2650 3908/2950/2652 3907/2949/2651
f 3907/2949/2651 3908/2950/2652 3885/2927/2629
f 3908/2950/2652 3886/2928/2630 3885/2927/2629
f 3909/2951/2653 3910/2952/2654 3911/2953/2655
f 3910/2952/2654 3912/2954/2656 3911/2953/2655
f 3911/2953/2655 3912/2954/2656 3913/2955/265
f 3912/2954/2656 3914/2956/2657 3913/2955/265
f 3913/2955/265 3914/2956/2657 3915/2957/2658
f 3914/2956/2657 3916/2958/2659 3915/2957/2658
f 3915/2957/2658 3916/2958/2659 3917/2959/2660
f 3916/2958/2659 3914/2956/2657 3910/2952/2654
f 3914/2956/2657 3912/2954/2656 3910/2952/2654
f 3909/2951/2653 3911/2953/2655 3918/2960/2661
f 3911/2953/2655 3919/2961/2662 3918/2960/2661
f 3918/2960/2661 3919/2961/2662 3920/2962/2663
f 3919/2961/2662 3913/2955/264 3920/2962/2663
f 3920/2962/2663 3913/2955/264 3921/2963/2664
f 3913/2955/264 3922/2964/2665 3921/2963/2664
f 3921/2963/2664 3922/2964/2665 3923/2965/183
f 3922/2964/2665 3924/2966/2666 3923/2965/183
f 3921/2963/2664 3923/2965/183 3920/2962/2663
f 3923/2965/183 3925/2967/2667 3920/2962/2663
f 3920/2962/2663 3925/2967/2667 3918/2960/2661
f 3924/2966/2666 3922/2964/2665 3926/2968/2668
f 3922/2964/2665 3927/2969/2669 3926/2968/2668
f 3926/2968/2668 3927/2969/2669 3928/2970/2670
f 3927/2969/2669 3913/2955/265 3928/2970/2670
f 3928/2970/2670 3913/2955/265 3929/2971/2671
f 3913/2955/265 3930/2972/2672 3929/2971/2671
f 3929/2971/2671 3930/2972/2672 3931/2973/2673
f 3930/2972/2672 3932/2974/2674 3931/2973/2673
f 3913/2955/265 3915/2957/2658 3930/2972/2672
f 3915/2957/2658 3917/2959/2660 3930/2972/2672
f 3930/2972/2672 3917/2959/2660 3932/2974/2674
f 3931/2973/2673 3933/2975/2675 3929/2971/2671
f 3933/2975/2675 3928/2970/2670 3929/2971/2671
f 3934/2976/2 3935/2977/2676 3936/2978/2677
f 3935/2977/2676 3937/2979/2678 3936/2978/2677
f 3936/2978/2677 3937/2979/2678 3938/2980/2679
f 3937/2979/2678 3939/2981/2680 3938/2980/2679
f 3938/2980/2679 3939/2981/2680 3940/2982/2681
f 3939/2981/2680 3941/2983/2 3940/2982/2681
f 3941/2983/2 3939/2981/2680 3942/2984/2526
f 3939/2981/2680 3937/2979/2678 3942/2984/2526
f 3942/2984/2526 3937/2979/2678 3943/2985/2682
f 3937/2979/2678 3935/2977/2676 3943/2985/2682
f 3943/2985/2682 3935/2977/2676 3944/2986/2683
f 3935/2977/2676 3945/2987/2 3944/2986/2683
f 3944/2986/2683 3945/2987/2 3946/2988/2
f 3946/2988/2 3947/2989/2 3944/2986/2683
f 3947/2989/2 3948/2990/2684 3944/2986/2683
f 3944/2986/2683 3948/2990/2684 3943/2985/2682
f 3948/2990/2684 3949/2991/2685 3943/2985/2682
f 3943/2985/2682 3949/2991/2685 3942/2984/2526
f 3949/2991/2685 3950/2992/2686 3942/2984/2526
f 3942/2984/2526 3950/2992/2686 3941/2983/2
f 3950/2992/2686 3951/2993/2 3941/2983/2
f 3947/2989/2 3952/2994/2 3948/2990/2684
f 3952/2994/2 3953/2995/2687 3948/2990/2684
f 3948/2990/2684 3953/2995/2687 3949/2991/2685
f 3953/2995/2687 3954/2996/2688 3949/2991/2685
f 3949/2991/2685 3954/2996/2688 3950/2992/2686
f 3954/2996/2688 3955/2997/2689 3950/2992/2686
f 3950/2992/2686 3955/2997/2689 3951/2993/2
f 3955/2997/2689 3956/2998/2690 3951/2993/2
f 3951/2993/2 3956/2998/2690 3957/2999/2691
f 3956/2998/2690 3958/3000/2692 3957/2999/2691
f 3957/2999/2691 3958/3000/2692 3959/3001/2693
f 3958/3000/2692 3960/3002/2694 3959/3001/2693
f 3959/3001/2693 3960/3002/2694 3961/3003/2695
f 3960/3002/2694 3962/3004/2 3961/3003/2695
f 3961/3003/2695 3962/3004/2 3963/3005/2696
f 3956/2998/2690 3955/2997/2689 3964/3006/2697
f 3955/2997/2689 3954/2996/2688 3964/3006/2697
f 3964/3006/2697 3954/2996/2688 3965/3007/2698
f 3954/2996/2688 3953/2995/2687 3965/3007/2698
f 3965/3007/2698 3953/2995/2687 3952/2994/2
f 3952/2994/2 3966/3008/2 3965/3007/2698
f 3966/3008/2 3967/3009/2699 3965/3007/2698
f 3965/3007/2698 3967/3009/2699 3964/3006/2697
f 3967/3009/2699 3968/3010/2700 3964/3006/2697
f 3964/3006/2697 3968/3010/2700 3956/2998/2690
f 3968/3010/2700 3958/3000/2692 3956/2998/2690
f 3968/3010/2700 3969/3011/2 3958/3000/2692
f 3969/3011/2 3970/3012/2 3958/3000/2692
f 3958/3000/2692 3970/3012/2 3960/3002/2694
f 3970/3012/2 3962/3004/2 3960/3002/2694
f 3969/3011/2 3968/3010/2700 3971/3013/2701
f 3968/3010/2700 3972/3014/2701 3971/3013/2701
f 3968/3010/2700 3967/3009/2699 3972/3014/2701
f 3967/3009/2699 3966/3008/2 3972/3014/2701
f 3963/3005/2696 3973/3015/2702 3961/3003/2695
f 3973/3015/2702 3959/3001/2693 3961/3003/2695
f 3973/3015/2702 3974/3016/2703 3959/3001/2693
f 3974/3016/2703 3975/3017/2704 3959/3001/2693
f 3959/3001/2693 3975/3017/2704 3957/2999/2691
f 3975/3017/2704 3951/2993/2 3957/2999/2691
f 3976/3018/154 3977/3019/154 3978/3020/2705
f 3977/3019/154 3979/3021/2706 3978/3020/2705
f 3978/3020/2705 3979/3021/2706 3980/3022/2707
f 3979/3021/2706 3981/3023/2708 3980/3022/2707
f 3980/3022/2707 3981/3023/2708 3982/3024/2709
f 3981/3023/2708 3983/3025/2710 3982/3024/2709
f 3982/3024/2709 3983/3025/2710 3984/3026/154
f 3983/3025/2710 3985/3027/154 3984/3026/154
f 3984/3026/154 3986/3028/154 3982/3024/2709
f 3986/3028/154 3987/3029/2711 3982/3024/2709
f 3982/3024/2709 3987/3029/2711 3980/3022/2707
f 3987/3029/2711 3988/3030/2712 3980/3022/2707
f 3980/3022/2707 3988/3030/2712 3978/3020/2705
f 3988/3030/2712 3989/3031/2713 3978/3020/2705
f 3978/3020/2705 3989/3031/2713 3976/3018/154
f 3989/3031/2713 3990/3032/2714 3976/3018/154
f 3976/3018/154 3990/3032/2714 3991/3033/2715
f 3990/3032/2714 3992/3034/2716 3991/3033/2715
f 3992/3034/2716 3990/3032/2714 3993/3035/2717
f 3990/3032/2714 3989/3031/2713 3993/3035/2717
f 3993/3035/2717 3989/3031/2713 3994/3036/2718
f 3989/3031/2713 3988/3030/2712 3994/3036/2718
f 3994/3036/2718 3988/3030/2712 3995/3037/2719
f 3988/3030/2712 3987/3029/2711 3995/3037/2719
f 3995/3037/2719 3987/3029/2711 3986/3028/154
f 3986/3028/154 3996/3038/154 3995/3037/2719
f 3996/3038/154 3997/3039/2720 3995/3037/2719
f 3995/3037/2719 3997/3039/2720 3994/3036/2718
f 3997/3039/2720 3998/3040/2721 3994/3036/2718
f 3994/3036/2718 3998/3040/2721 3993/3035/2717
f 3998/3040/2721 3999/3041/2722 3993/3035/2717
f 3993/3035/2717 3999/3041/2722 3992/3034/2716
f 3996/3038/154 4000/3042/154 3997/3039/2720
f 4000/3042/154 4001/3043/154 3997/3039/2720
f 3997/3039/2720 4001/3043/154 3998/3040/2721
f 4001/3043/154 4002/3044/154 3998/3040/2721
f 3998/3040/2721 4002/3044/154 3999/3041/2722
f 663/485/327 655/477/154 4003/3045/2723
f 655/477/154 4004/3046/154 4003/3045/2723
f 4003/3045/2723 4004/3046/154 4005/3047/2724
f 4004/3046/154 4006/3048/154 4005/3047/2724
f 4005/3047/2724 4006/3048/154 4007/3049/2725
f 4006/3048/154 4008/3050/154 4007/3049/2725
f 4007/3049/2725 4008/3050/154 4009/3051/154
f 4003/3045/2723 4005/3047/2724 4010/3052/2726
f 4005/3047/2724 4007/3049/2725 4010/3052/2726
f 4010/3052/2726 4007/3049/2725 4011/3053/2727
f 4007/3049/2725 4012/3054/2728 4011/3053/2727
f 4011/3053/2727 4012/3054/2728 4013/3055/2729
f 4012/3054/2728 4014/3056/2730 4013/3055/2729
f 4013/3055/2729 4014/3056/2730 4015/3057/2731
f 4014/3056/2730 4016/3058/2732 4015/3057/2731
f 4015/3057/2731 4016/3058/2732 4017/3059/2733
f 4016/3058/2732 4018/3060/2734 4017/3059/2733
f 4017/3059/2733 4018/3060/2734 4019/3061/2735
f 4018/3060/2734 4020/3062/2736 4019/3061/2735
f 4019/3061/2735 4020/3062/2736 4021/3063/154
f 4020/3062/2736 4022/3064/154 4021/3063/154
f 4007/3049/2725 4009/3051/154 4012/3054/2728
f 4009/3051/154 4023/3065/154 4012/3054/2728
f 4012/3054/2728 4023/3065/154 4024/3066/2737
f 4023/3065/154 4025/3067/154 4024/3066/2737
f 4024/3066/2737 4025/3067/154 4026/3068/2738
f 4025/3067/154 4020/3062/2736 4026/3068/2738
f 4026/3068/2738 4020/3062/2736 4027/3069/2739
f 4020/3062/2736 4018/3060/2734 4027/3069/2739
f 4027/3069/2739 4018/3060/2734 4028/3070/2740
f 4018/3060/2734 4016/3058/2732 4028/3070/2740
f 4028/3070/2740 4016/3058/2732 4014/3056/2730
f 4014/3056/2730 4024/3066/2737 4028/3070/2740
f 4024/3066/2737 4026/3068/2738 4028/3070/2740
f 4028/3070/2740 4026/3068/2738 4027/3069/2739
f 4019/3061/2735 4021/3063/154 4017/3059/2733
f 4021/3063/154 4029/3071/154 4017/3059/2733
f 4017/3059/2733 4029/3071/154 4030/3072/154
f 4017/3059/2733 4030/3072/154 4031/3073/2741
f 4030/3072/154 4032/3074/2742 4031/3073/2741
f 4031/3073/2741 4032/3074/2742 4033/3075/2743
f 4032/3074/2742 4034/3076/2744 4033/3075/2743
f 4033/3075/2743 4034/3076/2744 4035/3077/2745
f 4034/3076/2744 669/491/333 4035/3077/2745
f 4035/3077/2745 669/491/333 4036/3078/2746
f 669/491/333 667/489/331 4036/3078/2746
f 4036/3078/2746 667/489/331 4037/3079/2747
f 667/489/331 665/487/329 4037/3079/2747
f 4037/3079/2747 665/487/329 663/485/327
f 4036/3078/2746 4010/3052/2726 4035/3077/2745
f 4010/3052/2726 4011/3053/2727 4035/3077/2745
f 4035/3077/2745 4011/3053/2727 4033/3075/2743
f 4011/3053/2727 4013/3055/2729 4033/3075/2743
f 4033/3075/2743 4013/3055/2729 4015/3057/2731
f 4033/3075/2743 4015/3057/2731 4031/3073/2741
f 4015/3057/2731 4017/3059/2733 4031/3073/2741
f 4030/3072/154 4038/3080/154 4032/3074/2742
f 4038/3080/154 671/493/154 4032/3074/2742
f 4032/3074/2742 671/493/154 4034/3076/2744
f 671/493/154 669/491/333 4034/3076/2744
f 663/485/327 4003/3045/2723 4037/3079/2747
f 4003/3045/2723 4010/3052/2726 4037/3079/2747
f 4037/3079/2747 4010/3052/2726 4036/3078/2746
f 3459/2809/2242 3461/2811/2244 4039/3081/2748
f 3461/2811/2244 3463/2813/2246 4039/3081/2748
f 4039/3081/2748 3463/2813/2246 4040/3082/2749
f 3463/2813/2246 4041/3083/2750 4040/3082/2749
f 4040/3082/2749 4041/3083/2750 4042/3084/2751
f 4041/3083/2750 4043/3085/2752 4042/3084/2751
f 4042/3084/2751 4043/3085/2752 4044/3086/2753
f 4043/3085/2752 4045/3087/2754 4044/3086/2753
f 4044/3086/2753 4045/3087/2754 4046/3088/2755
f 4045/3087/2754 4047/3089/2756 4046/3088/2755
f 4046/3088/2755 4048/3090/2757 4044/3086/2753
f 4048/3090/2757 4049/3091/2758 4044/3086/2753
f 4044/3086/2753 4049/3091/2758 4042/3084/2751
f 4049/3091/2758 3457/2807/2240 4042/3084/2751
f 4042/3084/2751 3457/2807/2240 3459/2809/2242
f 3459/2809/2242 4039/3081/2748 4042/3084/2751
f 4039/3081/2748 4040/3082/2749 4042/3084/2751
f 4047/3089/2756 4045/3087/2754 4050/3092/2759
f 4045/3087/2754 4051/3093/2760 4050/3092/2759
f 4050/3092/2759 4051/3093/2760 4052/3094/2761
f 4051/3093/2760 4053/3095/2762 4052/3094/2761
f 4051/3093/2760 4045/3087/2754 4054/3096/2763
f 4045/3087/2754 4043/3085/2752 4054/3096/2763
f 4054/3096/2763 4043/3085/2752 4055/3097/2764
f 4043/3085/2752 4041/3083/2750 4055/3097/2764
f 4055/3097/2764 4041/3083/2750 3463/2813/2246
f 4055/3097/2764 4056/3098/2765 4054/3096/2763
f 4056/3098/2765 4057/3099/2766 4054/3096/2763
f 4054/3096/2763 4057/3099/2766 4051/3093/2760
f 4057/3099/2766 4053/3095/2762 4051/3093/2760
f 4055/3097/2764 3463/2813/2246 4056/3098/2765
f 3463/2813/2246 4058/3100/2767 4056/3098/2765
f 4056/3098/2765 4058/3100/2767 4057/3099/2766
f 4058/3100/2767 4059/3101/2768 4057/3099/2766
f 4057/3099/2766 4059/3101/2768 4053/3095/2762
f 4048/3090/2757 4060/3102/2769 4049/3091/2758
f 4060/3102/2769 3455/2805/2238 4049/3091/2758
f 4049/3091/2758 3455/2805/2238 3457/2807/2240
f 4061/3103/2 4062/3104/2 4063/3105/2
f 4062/3104/2 4064/3106/2 4063/3105/2
f 4063/3105/2 4064/3106/2 4065/3107/2
f 4065/3107/2 4066/3108/2 4063/3105/2
f 4066/3108/2 4067/3109/2 4063/3105/2
f 4063/3105/2 4067/3109/2 4068/3110/2
f 4068/3110/2 4069/3111/2 4063/3105/2
f 4069/3111/2 4061/3103/2 4063/3105/2
f 4070/1518/2770 4071/1503/2771 4072/3112/2772
f 4071/1503/2771 4073/3113/2773 4072/3112/2772
f 4072/3112/2772 4073/3113/2773 4074/3114/2774
f 4073/3113/2773 4075/3115/2775 4074/3114/2774
f 4074/3114/2774 4075/3115/2775 4076/1505/2776
f 4075/3115/2775 4077/3116/2777 4076/1505/2776
f 4076/1505/2776 4077/3116/2777 4078/1507/2778
f 4077/3116/2777 4079/3117/2779 4078/1507/2778
f 4078/1507/2778 4079/3117/2779 4080/3118/2780
f 4079/3117/2779 4081/1502/2781 4080/3118/2780
f 4080/3118/2780 4081/1502/2781 4082/3119/2782
f 4080/3118/2780 4083/3120/2783 4078/1507/2778
f 4083/3120/2783 4084/3121/2784 4078/1507/2778
f 4078/1507/2778 4084/3121/2784 4076/1505/2776
f 4084/3121/2784 4085/3122/2785 4076/1505/2776
f 4076/1505/2776 4085/3122/2785 4074/3114/2774
f 4085/3122/2785 4086/3123/2786 4074/3114/2774
f 4074/3114/2774 4086/3123/2786 4072/3112/2772
f 4086/3123/2786 4087/3124/2787 4072/3112/2772
f 4072/3112/2772 4087/3124/2787 4070/1518/2770
f 4087/3124/2787 4088/1521/2788 4070/1518/2770
f 4083/3120/2783 4089/3125/2789 4084/3121/2784
f 4089/3125/2789 4090/3126/2790 4084/3121/2784
f 4084/3121/2784 4090/3126/2790 4085/3122/2785
f 4090/3126/2790 4091/3127/2791 4085/3122/2785
f 4085/3122/2785 4091/3127/2791 4086/3123/2786
f 4091/3127/2791 4092/3128/2792 4086/3123/2786
f 4086/3123/2786 4092/3128/2792 4093/3129/2793
f 4086/3123/2786 4093/3129/2793 4087/3124/2787
f 4093/3129/2793 4094/1522/2794 4087/3124/2787
f 4087/3124/2787 4094/1522/2794 4088/1521/2788
f 4089/3125/2789 4083/3120/2783 4095/3130/2795
f 4083/3120/2783 4096/3131/2796 4095/3130/2795
f 4096/3131/2796 4083/3120/2783 4082/3119/2782
f 4083/3120/2783 4080/3118/2780 4082/3119/2782
f 4097/2866/2797 4098/2873/2798 4099/2867/2799
f 4098/2873/2798 4100/2872/2800 4099/2867/2799
f 4099/2867/2799 4100/2872/2800 4101/2868/2801
f 4100/2872/2800 4102/2871/2802 4101/2868/2801
f 4101/2868/2801 4102/2871/2802 4103/2870/2803
f 4102/2871/2802 4104/2877/2804 4103/2870/2803
f 4103/2870/2803 4105/2869/2805 4101/2868/2801
f 4105/2869/2805 4106/2857/2806 4101/2868/2801
f 4101/2868/2801 4106/2857/2806 4099/2867/2799
f 4106/2857/2806 4107/2855/2807 4099/2867/2799
f 4099/2867/2799 4107/2855/2807 4097/2866/2797
f 4107/2855/2807 4108/2865/2808 4097/2866/2797
f 4105/2869/2805 4109/2859/2809 4106/2857/2806
f 4109/2859/2809 4110/2858/2810 4106/2857/2806
f 4106/2857/2806 4110/2858/2810 4111/2856/2811
f 4110/2858/2810 4112/2862/2812 4111/2856/2811
f 4111/2856/2811 4112/2862/2812 4113/2861/2813
f 4113/2861/2813 4114/2854/2814 4111/2856/2811
f 4114/2854/2814 4107/2855/2807 4111/2856/2811
f 4111/2856/2811 4107/2855/2807 4106/2857/2806
f 4113/2861/2813 4115/2852/2815 4114/2854/2814
f 4115/2852/2815 4116/2853/2816 4114/2854/2814
f 4114/2854/2814 4116/2853/2816 4107/2855/2807
f 4116/2853/2816 4108/2865/2808 4107/2855/2807
f 4115/2852/2815 4117/2851/2817 4116/2853/2816
f 4117/2851/2817 4118/2864/2818 4116/2853/2816
f 4116/2853/2816 4118/2864/2818 4108/2865/2808
f 4098/2873/2798 4119/2875/2819 4100/2872/2800
f 4119/2875/2819 4120/2874/2820 4100/2872/2800
f 4100/2872/2800 4120/2874/2820 4102/2871/2802
f 4120/2874/2820 4121/2876/2821 4102/2871/2802
f 4102/2871/2802 4121/2876/2821 4104/2877/2804
f 4112/2862/2812 4110/2858/2810 4122/2863/2822
f 4110/2858/2810 4123/2860/2823 4122/2863/2822
f 3985/3027/154 3983/3025/2710 4124/3132/2824
f 3983/3025/2710 3981/3023/2708 4124/3132/2824
f 4124/3132/2824 3981/3023/2708 4125/3133/2825
f 3981/3023/2708 3979/3021/2706 4125/3133/2825
f 4125/3133/2825 3979/3021/2706 3977/3019/154
f 3977/3019/154 4126/3134/2826 4125/3133/2825
f 4126/3134/2826 4127/3135/2827 4125/3133/2825
f 4125/3133/2825 4127/3135/2827 4124/3132/2824
f 4127/3135/2827 4128/3136/154 4124/3132/2824
f 4124/3132/2824 4128/3136/154 4129/3137/154
f 3977/3019/154 4130/3138/2828 4126/3134/2826
f 4130/3138/2828 4131/3139/2829 4126/3134/2826
f 4126/3134/2826 4131/3139/2829 4127/3135/2827
f 4131/3139/2829 4132/3140/2830 4127/3135/2827
f 4127/3135/2827 4132/3140/2830 4133/3141/154
f 4132/3140/2830 4134/3142/154 4133/3141/154
f 4130/3138/2828 4135/3143/2831 4131/3139/2829
f 4135/3143/2831 4136/3144/2832 4131/3139/2829
f 4131/3139/2829 4136/3144/2832 4137/3145/2833
f 4136/3144/2832 4138/3146/2834 4137/3145/2833
f 4137/3145/2833 4138/3146/2834 4134/3142/154
f 4134/3142/154 4132/3140/2830 4137/3145/2833
f 4132/3140/2830 4131/3139/2829 4137/3145/2833
f 4077/3116/2777 4139/3147/2742 4079/3117/2779
f 4139/3147/2742 4140/3148/2835 4079/3117/2779
f 4079/3117/2779 4140/3148/2835 4081/1502/2781
f 4140/3148/2835 4141/1496/2836 4081/1502/2781
f 4139/3147/2742 4077/3116/2777 4142/3149/2837
f 4077/3116/2777 4075/3115/2775 4142/3149/2837
f 4142/3149/2837 4075/3115/2775 4143/3150/2838
f 4075/3115/2775 4073/3113/2773 4143/3150/2838
f 4143/3150/2838 4073/3113/2773 4071/1503/2771
f 4143/3150/2838 4144/3151/2839 4142/3149/2837
f 4144/3151/2839 4145/3152/2840 4142/3149/2837
f 4142/3149/2837 4145/3152/2840 4139/3147/2742
f 4145/3152/2840 4146/1494/2841 4139/3147/2742
f 4139/3147/2742 4146/1494/2841 4140/3148/2835
f 4146/1494/2841 4141/1496/2836 4140/3148/2835
f 4145/3152/2840 4147/1493/2842 4146/1494/2841
f 4147/1493/2842 4148/1495/2843 4146/1494/2841
f 4146/1494/2841 4148/1495/2843 4141/1496/2836
f 4147/1493/2842 4145/3152/2840 4149/1490/2844
f 4145/3152/2840 4150/1490/2845 4149/1490/2844
f 4145/3152/2840 4144/3151/2839 4150/1490/2845
f 4144/3151/2839 4151/1490/2846 4150/1490/2845
f 4151/1490/2846 4144/3151/2839 4152/1491/2847
f 4144/3151/2839 4143/3150/2838 4152/1491/2847
f 4152/1491/2847 4143/3150/2838 4153/1499/2848
f 4143/3150/2838 4071/1503/2771 4153/1499/2848
f 4154/3153/2849 4155/3154/2850 3897/2939/2641
f 4155/3154/2850 4156/3155/2851 3897/2939/2641
f 3897/2939/2641 4156/3155/2851 3899/2941/2643
f 4156/3155/2851 4157/3156/2852 3899/2941/2643
f 4156/3155/2851 4158/3157/2853 4157/3156/2852
f 4158/3157/2853 4159/3158/2854 4157/3156/2852
f 4158/3157/2853 4160/3159/2855 4159/3158/2854
f 4160/3159/2855 4161/3160/2856 4159/3158/2854
f 4160/3159/2855 4162/3161/2857 4161/3160/2856
f 4162/3161/2857 4163/3162/2858 4161/3160/2856
f 4163/3162/2858 4162/3161/2857 4164/3163/2859
f 4162/3161/2857 4165/3164/2860 4164/3163/2859
f 4164/3163/2859 4165/3164/2860 4166/3165/2861
f 4165/3164/2860 4167/3166/2862 4166/3165/2861
f 4166/3165/2861 4167/3166/2862 4168/3167/2863
f 4167/3166/2862 4169/3168/2864 4168/3167/2863
f 4168/3167/2863 4169/3168/2864 4170/3169/2865
f 4169/3168/2864 4171/3170/2866 4170/3169/2865
f 4169/3168/2864 4172/3171/2867 4171/3170/2866
f 4172/3171/2867 4173/3172/2868 4171/3170/2866
f 4172/3171/2867 4174/3173/2869 4173/3172/2868
f 4174/3173/2869 4175/3174/2870 4173/3172/2868
f 4174/3173/2869 4176/3175/2871 4175/3174/2870
f 4176/3175/2871 4177/3176/2872 4175/3174/2870
f 4176/3175/2871 4178/3177/2873 4177/3176/2872
f 4178/3177/2873 4179/3178/2874 4177/3176/2872
f 4179/3178/2874 4178/3177/2873 4180/3179/2875
f 4178/3177/2873 4154/3153/2849 4180/3179/2875
f 4180/3179/2875 4154/3153/2849 3897/2939/2641
f 4181/2876/2876 4182/2874/2877 4183/2871/2878
f 4182/2874/2877 4184/2872/2879 4183/2871/2878
f 4183/2871/2878 4184/2872/2879 4185/2868/2880
f 4184/2872/2879 4186/2867/2881 4185/2868/2880
f 4185/2868/2880 4186/2867/2881 4187/2857/2882
f 4186/2867/2881 4188/2855/2883 4187/2857/2882
f 4187/2857/2882 4188/2855/2883 4189/2856/2884
f 4188/2855/2883 4190/2854/2885 4189/2856/2884
f 4189/2856/2884 4190/2854/2885 4191/2861/2886
f 4190/2854/2885 4192/2852/2887 4191/2861/2886
f 4182/2874/2877 4193/2875/2888 4184/2872/2879
f 4193/2875/2888 4194/2873/2889 4184/2872/2879
f 4184/2872/2879 4194/2873/2889 4186/2867/2881
f 4194/2873/2889 4195/2866/2890 4186/2867/2881
f 4186/2867/2881 4195/2866/2890 4188/2855/2883
f 4195/2866/2890 4196/2865/2891 4188/2855/2883
f 4188/2855/2883 4196/2865/2891 4197/2853/2892
f 4196/2865/2891 4198/2864/2893 4197/2853/2892
f 4197/2853/2892 4198/2864/2893 4199/2851/2894
f 4199/2851/2894 4192/2852/2887 4197/2853/2892
f 4192/2852/2887 4190/2854/2885 4197/2853/2892
f 4197/2853/2892 4190/2854/2885 4188/2855/2883
f 4181/2876/2876 4183/2871/2878 4200/2877/2895
f 4183/2871/2878 4201/2870/2896 4200/2877/2895
f 4183/2871/2878 4185/2868/2880 4201/2870/2896
f 4185/2868/2880 4202/2869/2897 4201/2870/2896
f 4185/2868/2880 4187/2857/2882 4202/2869/2897
f 4187/2857/2882 4203/2859/2898 4202/2869/2897
f 4203/2859/2898 4187/2857/2882 4204/2858/2899
f 4187/2857/2882 4189/2856/2884 4204/2858/2899
f 4204/2858/2899 4189/2856/2884 4205/2862/2900
f 4189/2856/2884 4191/2861/2886 4205/2862/2900
f 4205/2862/2900 4206/2863/2901 4204/2858/2899
f 4206/2863/2901 4207/2860/2902 4204/2858/2899
f 4204/2858/2899 4207/2860/2902 4203/2859/2898
f 4208/3180/2903 4209/3181/2904 4210/3182/2905
f 4209/3181/2904 4211/3183/2906 4210/3182/2905
f 4210/3182/2905 4211/3183/2906 4212/3184/2907
f 4211/3183/2906 4213/3185/2908 4212/3184/2907
f 4212/3184/2907 4213/3185/2908 4214/3186/2909
f 4213/3185/2908 4215/3187/2910 4214/3186/2909
f 4214/3186/2909 4215/3187/2910 4216/3188/2911
f 4215/3187/2910 4217/3189/2912 4216/3188/2911
f 4211/3183/2906 4218/3190/2713 4213/3185/2908
f 4218/3190/2713 4219/3191/2913 4213/3185/2908
f 4213/3185/2908 4219/3191/2913 4215/3187/2910
f 4219/3191/2913 4220/3192/2914 4215/3187/2910
f 4215/3187/2910 4220/3192/2914 4217/3189/2912
f 4211/3183/2906 4209/3181/2904 4218/3190/2713
f 4209/3181/2904 4221/3193/2915 4218/3190/2713
f 4218/3190/2713 4221/3193/2915 4222/3194/2916
f 4221/3193/2915 4209/3181/2904 4223/3195/2917
f 4209/3181/2904 4208/3180/2903 4223/3195/2917
f 4220/3192/2914 4219/3191/2913 4224/3196/2918
f 4219/3191/2913 4225/3197/2919 4224/3196/2918
f 4224/3196/2918 4225/3197/2919 4226/3198/2920
f 4225/3197/2919 4227/3199/2921 4226/3198/2920
f 4226/3198/2920 4227/3199/2921 4228/3200/2922
f 4227/3199/2921 4229/3201/2923 4228/3200/2922
f 4219/3191/2913 4230/3202/2924 4225/3197/2919
f 4230/3202/2924 4231/3203/2774 4225/3197/2919
f 4225/3197/2919 4231/3203/2774 4227/3199/2921
f 4231/3203/2774 4232/3204/2925 4227/3199/2921
f 4227/3199/2921 4232/3204/2925 4229/3201/2923
f 4219/3191/2913 4218/3190/2713 4230/3202/2924
f 4218/3190/2713 4222/3194/2916 4230/3202/2924
f 4230/3202/2924 4222/3194/2916 4233/3205/2926
f 4230/3202/2924 4233/3205/2926 4231/3203/2774
f 4233/3205/2926 4234/3206/2927 4231/3203/2774
f 4231/3203/2774 4234/3206/2927 4232/3204/2925
f 2729/2222/1708 2727/2220/1706 4235/2242/2928
f 2727/2220/1706 2725/2218/1704 4235/2242/2928
f 4235/2242/2928 2725/2218/1704 2751/2242/1731
f 2751/2242/1731 2749/2241/1729 4235/2242/2928
f 2749/2241/1729 4236/2242/2929 4235/2242/2928
f 4235/2242/2928 4236/2242/2929 2729/2222/1708
f 4679/3207/2930 4680/3208/2930 4681/3209/2930
f 4377/83/154 4682/87/154 4378/86/154
f 4683/912/2 4244/80/2 4243/76/2
f 4684/2468/2931 4447/1480/2931 4446/1478/1122
f 4685/1474/2932 4539/1476/2933 4540/1475/2932
f 4686/2641/2934 4249/119/43 4250/121/2934
f 4687/3210/230 4432/1336/230 4431/1334/1021
f 4558/6/154 4557/8/154 4688/3211/154
f 4689/117/715 4572/119/2129 4573/118/715
f 4690/1746/2 4430/1328/2 4429/1326/2
f 4691/1550/230 4464/1552/230 4465/1549/230
f 4467/1327/154 4466/1326/154 4692/1325/154
f 4693/873/154 4480/874/154 4481/871/154
f 4694/3212/2117 4569/2620/2117 4568/2619/2935
f 4238/8/2 4237/6/2 4695/3211/2
f 4696/3213/2936 4240/35/2936 4239/33/2937
f 4418/1226/940 4417/1213/932 4416/1211/930
f 4425/1298/2938 4424/1296/1419 4426/1306/1001
f 4697/315/215 4449/317/215 4448/316/2939
f 4529/2266/2395 4526/2261/1763 4525/2260/1762
f 4519/2226/2940 4518/2225/2941 4520/2227/1713
f 4521/2234/1722 4513/2139/2942 4514/2141/2943
f 4524/2250/2944 4512/2138/1616 4515/2165/2945
f 4511/2134/1612 4504/2085/1563 4505/2087/2946
f 4503/2081/1559 4506/2095/2947 4502/2079/2948
f 4509/2113/2949 4507/2109/1587 4508/2111/1589
f 4510/2127/2950 4501/2056/2951 4500/2055/2952
f 4499/2038/2953 4498/2036/2954 4523/2248/1741
f 4607/2269/2955 4605/2173/2282 4606/2268/2956
f 4618/2170/2957 4604/2171/2281 4603/2080/2958
f 4601/2107/2959 4602/2096/2960 4600/2106/2961
f 4612/2174/2962 4608/2175/2963 4609/2176/2964
f 4620/2091/2965 4622/2090/2966 4619/2089/2967
f 4698/2463/19 4371/828/19 4372/830/19
f 4634/2240/2968 4616/2214/2969 4633/2240/2970
f 4625/2142/2971 4626/2144/2972 4632/2250/2973
f 4621/2092/2974 4624/2138/2472 4623/2165/2975
f 4614/2265/2976 4617/2262/2977 4615/2316/2978
f 4628/2147/2979 4627/2145/2980 4629/2208/2981
f 4631/2200/2982 4630/2201/2983 4635/2199/2984
f 4699/3214/282 4421/1287/280 4422/1289/282
f 4700/3215/230 4309/383/2985 4308/382/230
f 4701/3216/282 4311/390/282 4310/388/280
f 4702/3217/1281 4459/1685/1281 4458/1684/2986
f 4357/697/518 4356/695/2987 4355/693/514
f 4333/566/387 4345/618/2988 4332/564/2989
f 4436/1357/1037 4443/1397/2990 4442/1396/2991
f 4434/1347/2992 4435/1349/2993 4444/1401/2994
f 4438/1361/2995 4445/1416/2996 4437/1359/2997
f 4439/1375/1055 4440/1377/2998 4441/1379/2999
f 4543/2520/1986 4542/2510/1977 4541/2508/3000
f 4347/635/3001 4348/637/458 4346/633/3002
f 4579/2667/3003 4578/2665/3004 4581/2669/3005
f 4589/2725/3006 4580/2668/3007 4582/2670/2164
f 4364/733/130 4363/731/3008 4415/1186/3009
f 4341/594/3010 4340/592/3011 4342/596/417
f 4329/530/350 4328/529/349 4344/599/3012
f 4330/531/3013 4324/518/338 4325/520/3014
f 4343/598/3015 4327/528/3016 4326/527/3017
f 4361/717/3018 4360/716/3019 4359/715/536
f 4338/590/3020 4339/591/3021 4337/589/545
f 4362/723/544 4336/588/409 4337/589/545
f 4652/2925/3022 4352/679/3023 4351/677/3024
f 4651/2919/3025 4350/669/3026 4349/667/3027
f 4703/1489/206 4303/319/205 4304/321/206
f 4322/499/23 4321/497/23 4704/3218/23
f 4323/516/3028 4324/518/338 4331/534/3029
f 4649/2897/3030 4648/2896/3031 4650/2899/2592
f 4595/2817/3032 4596/2819/2252 4594/2815/3033
f 4401/1057/804 4402/1059/3034 4400/1055/3035
f 4403/1069/816 4399/1052/3036 4398/1051/798
f 4396/1049/3037 4404/1085/3038 4397/1050/3039
f 4407/1105/3040 4409/1107/854 4408/1106/3041
f 4406/1103/850 4405/1102/3042 4410/1108/3043
f 4358/705/3044 4353/687/3045 4354/688/509
f 4584/2690/3046 4587/2698/3047 4583/2688/2182
f 4588/2703/3048 4585/2695/3049 4586/2697/3050
f 4414/1156/23 4413/1155/23 4705/3219/23
f 4706/3220/3051 4707/3221/3051 4708/3222/3051
f 4709/1510/3052 4710/3222/3052 4711/3221/3052
f 4712/3223/3053 4713/3224/3053 4714/3225/3053
f 4715/3226/3054 4427/1313/3055 4428/1315/1010
f 4423/1293/987 4420/1240/3056 4419/1236/942
f 4474/1802/3057 4477/1805/1342 4475/1803/3058
f 4472/1799/1335 4476/1804/3059 4473/1800/3060
f 4716/3227/3053 4717/3225/3053 4718/3224/3053
f 4451/1502/1140 4450/1501/1139 4452/1508/3061
f 4455/1523/3062 4454/1520/1154 4453/1519/3063
f 4647/2876/3064 4646/2871/3065 4645/2874/2550
f 4636/2852/2523 4640/2861/2532 4637/2854/3066
f 4639/2859/2530 4641/2869/3067 4638/2857/3068
f 4642/2870/2541 4644/2877/2548 4643/2871/3069
f 4673/2860/3070 4672/2858/3071 4671/2859/2809
f 4461/1692/1 4460/1690/1 4719/3228/1
f 4720/3225/3072 4721/3221/3072 4722/3223/3072
f 4457/1624/1468 4456/1623/1235 4723/3229/3073
f 4489/1945/3074 4490/1947/3075 4488/1943/1431
f 4491/1958/2 4493/1969/2 4492/1959/3076
f 4724/3230/230 4463/1708/230 4462/1706/230
f 4725/3220/3077 4726/3223/3077 4727/3221/3077
f 4728/3231/1311 4471/1774/1311 4470/1772/3078
f 4729/3222/3079 4730/1510/3079 4731/3232/3079
f 4663/2987/2 4662/2977/3080 4661/2976/2
f 4732/3233/3081 4478/1825/3082 4479/1827/3081
f 4733/3234/3083 4469/1763/1300 4468/1762/3084
f 4734/1509/181 4735/3232/181 4736/1510/181
f 4677/3137/154 4664/3027/154 4674/3132/3085
f 4676/3136/154 4675/3135/3086 4678/3141/154
f 4737/2367/3087 4482/1872/3088 4483/1874/1390
f 4738/3235/3089 4487/1925/3090 4486/1923/3091
f 4739/3236/3092 4485/1909/1409 4484/1907/3093
f 4740/3237/3094 4494/1996/3095 4495/1998/3094
f 4653/2953/2655 4654/2955/3096 4655/2961/3097
f 4656/2964/3098 4654/2955/264 4658/2969/3099
f 4660/2975/3100 4657/2968/3101 4659/2970/2670
f 4531/2297/19 4530/2295/19 4741/3238/19
f 4537/2406/3102 4534/2388/3103 4533/2386/1880
f 4536/2392/3104 4535/2390/3105 4538/2409/1902
f 4567/2539/2106 4551/2540/2029 4552/2563/3106
f 4547/2532/3107 4546/2530/1996 4548/2534/2000
f 4544/2526/3108 4555/2574/3109 4545/2528/3110
f 4556/2591/3111 4554/2570/2036 4553/2568/2034
f 4742/3239/3112 4571/2640/3113 4570/2638/3114
f 4574/2650/2136 4576/2658/2 4575/2652/2
f 4561/2595/2081 4565/2598/3115 4563/2596/2083
f 4560/2569/2080 4562/2570/2082 4559/2568/2078
f 4565/2598/3116 4564/2528/3117 4566/2525/2094
f 4577/2579/3118 4549/2546/2 4550/2548/2011
f 4743/3240/2017 4591/2761/2017 4590/2759/2231
f 4744/3241/154 4593/2784/154 4592/2783/154
f 4745/3242/866 4412/1123/866 4411/1121/1161
f 4746/3243/23 4242/70/23 4241/68/23
f 4747/3244/2 4246/105/2 4245/103/2
f 4748/783/3119 4749/783/3119 4750/3245/3119
f 4751/3246/3120 4248/116/3120 4247/115/3121
f 4752/785/3122 4753/3245/3122 4754/783/3122
f 4755/3208/3123 4756/3209/3123 4757/3208/3123
f 4262/140/62 4254/129/51 4253/127/3124
f 4251/123/3125 4260/138/3126 4252/125/3127
f 4264/146/68 4263/141/3128 4261/139/3129
f 4255/131/3130 4254/129/51 4257/133/55
f 4258/134/56 4259/136/3131 4256/132/3132
f 4758/3247/87 4268/180/87 4267/179/86
f 4265/168/2 4759/3248/2 4266/169/2
f 4760/3246/95 4270/116/95 4269/115/3133
f 4597/2829/1 4598/2831/1 4599/2839/1
f 4272/134/99 4271/135/115 4273/133/3134
f 4276/142/112 4274/129/102 4273/133/100
f 4761/3249/132 4280/201/132 4279/199/230
f 4278/145/109 4275/141/3135 4277/144/2683
f 4762/255/3136 4282/244/3136 4281/242/3137
f 4763/3250/1 4283/252/1 4284/254/1
f 4285/263/2153 4764/3251/3138 4286/265/2494
f 4289/296/3139 4287/292/3140 4288/293/3141
f 4294/285/217 4293/284/229 4295/286/3142
f 4292/296/3143 4290/292/3143 4291/293/3141
f 4297/285/217 4296/284/229 4300/286/3144
f 4299/296/3145 4305/295/245 4298/293/218
f 4302/307/154 4765/423/154 4301/305/154
f 4766/3252/230 4306/330/3146 4307/332/230
f 4767/3253/230 4312/401/230 4313/403/230
f 4768/303/2 4316/305/2 4317/304/2
f 4669/3066/2737 4666/3056/2730 4665/3054/3147
f 4668/3064/154 4667/3062/2736 4670/3067/154
f 4318/486/328 4319/488/3148 4320/490/3149
f 4769/3254/597 4365/800/596 4366/802/597
f 4770/3252/230 4368/332/230 4367/330/3150
f 4771/3255/610 4370/821/610 4369/819/3151
f 4772/426/19 4314/428/19 4315/427/19
f 4773/1130/868 4374/868/868 4373/866/636
f 4381/971/3152 4380/953/3153 4379/952/679
f 4774/1135/230 4383/1002/230 4382/1001/3154
f 4385/76/2 4384/77/2 4386/74/2
f 4775/3256/190 4376/911/190 4375/909/3155
f 4388/1005/154 4387/1004/154 4776/1003/154
f 4389/971/3156 4391/952/772 4390/953/3157
f 4777/912/154 4392/76/154 4395/80/154
f 4394/78/154 4393/77/154 4778/79/154
f 4522/2244/3158 4497/2026/1492 4496/2024/3159
f 4611/2129/3160 4610/2056/3161 4613/2850/3162
f 4517/2173/1650 4525/2260/1770 4516/2171/1648
f 4532/2320/3163 4528/2264/3164 4527/2263/3165
f 4335/585/3166 4334/583/3167 4433/1342/3168
